{"data": "data/wikitext-2", "recepie_id": 1011674, "recepies_list_path": "data/models_recepies.json", "cuda": true, "batch_size": 20, "model": "CustomRNN", "emsize": 400, "nhid": 600, "nlayers": 3, "dropout": 0.1, "dropouth": 0.25, "dropouti": 0.4, "dropoute": 0.0, "wdrop": 0.1, "tied": true, "bptt": 70, "lr": 0.001, "wdecay": 1.2e-06, "epochs": 50, "alpha": 2, "beta": 1, "log_interval": 200, "clip": 0.25, "eval_batch_size": 50, "recepie": "{\"node_3\": {\"op\": \"linear\", \"input\": [\"h_prev_1\", \"x\"]}, \"node_5\": {\"op\": \"linear\", \"input\": [\"x\", \"h_prev_0\"]}, \"node_8\": {\"op\": \"elementwise_prod\", \"input\": [\"node_5\", \"node_3\"]}, \"h_new_0\": {\"op\": \"elementwise_sum\", \"input\": [\"node_8\", \"node_5\"]}, \"h_new_1\": {\"op\": \"activation_sigm\", \"input\": [\"node_3\"]}}", "experiment_id": 999901948, "init_time": "2020-05-06_01-44-36", "num_params": 16787678, "wall_times": [257.1364905834198, 259.1826374530792, 258.2167866230011, 256.1221835613251, 255.07039594650269, 252.59392595291138, 254.22239542007446, 251.34796571731567, 253.78347849845886, 254.4980502128601, 254.5214638710022, 254.64838075637817, 252.71602392196655, 255.16240811347961, 252.62847566604614, 255.01531195640564, 253.46224355697632, 253.82239818572998, 254.2393021583557, 256.11314392089844, 254.93982028961182, 254.87610149383545, 255.52864742279053, 255.67281126976013, 255.3351926803589, 255.79864168167114, 255.87470626831055, 255.16133666038513, 255.92781972885132, 255.8253722190857, 255.58644032478333, 256.1426224708557, 256.2460160255432, 255.00682663917542, 255.35723328590393, 255.99213886260986, 255.34415912628174, 255.55414032936096, 255.900208234787, 255.18092942237854, 255.4576439857483, 256.0810978412628, 254.84235382080078, 255.2900528907776, 255.69235849380493, 255.28850889205933, 254.8467080593109, 256.5223093032837, 255.06789445877075, 255.38537883758545], "train_losses": [5.633035810471129, 5.35245910837403, 5.191179573039356, 5.104089985516614, 5.041034888801111, 4.990789284688308, 4.9526159119745286, 4.9119221607775545, 4.876081391242938, 4.86510401704491, 4.842081717418367, 4.826311958369242, 4.8122325511107915, 4.791906061476587, 4.781641260892464, 4.760331756320023, 4.752288090706694, 4.735822964545629, 4.72626363054199, 4.71975845063679, 4.698999554127167, 4.704378082208177, 4.697879261227617, 4.685206672531839, 4.669983032892847, 4.67980682335057, 4.670046248084842, 4.668965230896294, 4.653302825457244, 4.650176478861439, 4.645385216173513, 4.638428178564589, 4.628589799985637, 4.638020085224552, 4.627102185674614, 4.623621983625395, 4.622514034520732, 4.615011251556067, 4.610332579239682, 4.610497163171503, 4.596495185171886, 4.597799512831561, 4.600167651177823, 4.588981554629895, 4.587747923250024, 4.5929435387340805, 4.597257508019726, 4.586965775519487, 4.573269025902518, 4.574340691731304], "val_losses": [5.5607766544117645, 5.376187492819393, 5.283957088694853, 5.239926506491268, 5.218296275419347, 5.19446922751034, 5.1809853946461395, 5.157329334932215, 5.145309897030101, 5.142814636230469, 5.133464588838465, 5.120355942670037, 5.132775250603171, 5.117851257324219, 5.110317005830653, 5.093298519358916, 5.0946946985581345, 5.0848994535558365, 5.0841365141027115, 5.086969712201287, 5.07486276065602, 5.070556640625, 5.067759794347427, 5.064842672909007, 5.060953476849725, 5.0614000208237595, 5.058490528779871, 5.065365062040441, 5.048492431640625, 5.0491651647231155, 5.04792381735409, 5.042626324821921, 5.044323191923254, 5.0406045352711395, 5.033022263470818, 5.044274722828584, 5.039149116067326, 5.030848783605239, 5.033451753504136, 5.036764705882353, 5.025359209846048, 5.035616257611443, 5.029140248018153, 5.027887680951287, 5.03464687571806, 5.032246309168198, 5.0418862735523895, 5.032738180721507, 5.029734892003677, 5.0221045998966], "test_losses": [5.477713455762574, 5.289092725514152, 5.193695832697006, 5.1480914974037875, 5.124395489716962, 5.105186777769293, 5.092188613571574, 5.07022023264101, 5.060206837965791, 5.056381321904907, 5.0501469119069435, 5.033176876527184, 5.0475666074882914, 5.036414188174506, 5.027557317119731, 5.009061688683568, 5.011129352474038, 5.004080046706373, 5.003672399969457, 5.0099195364996945, 4.999768536194257, 4.987824685654653, 4.989902689752596, 4.985284947057626, 4.979544485593565, 4.978095251730808, 4.979067638337406, 4.987102852652209, 4.972440296655467, 4.975991794568316, 4.967942262904704, 4.963842728695785, 4.964031638159234, 4.964203048640806, 4.958500369069436, 4.967415702631847, 4.962565303018733, 4.9553939020820605, 4.958738593845449, 4.959302538306862, 4.943961101354103, 4.956752459402362, 4.95177996462024, 4.951143638006516, 4.956959663255956, 4.950956319359601, 4.961515761810222, 4.952933704311749, 4.952152613393403, 4.944262163383222], "status": "OK"}