{"data": "data/wikitext-2", "recepie_id": 1000242, "recepies_list_path": "data/models_recepies.json", "cuda": true, "batch_size": 20, "model": "CustomRNN", "emsize": 400, "nhid": 600, "nlayers": 3, "dropout": 0.1, "dropouth": 0.25, "dropouti": 0.4, "dropoute": 0.0, "wdrop": 0.1, "tied": true, "bptt": 70, "lr": 0.001, "wdecay": 1.2e-06, "epochs": 50, "alpha": 2, "beta": 1, "log_interval": 200, "clip": 0.25, "eval_batch_size": 50, "recepie": "{\"node_0\": {\"op\": \"linear\", \"input\": [\"h_prev_0\", \"x\"]}, \"node_1\": {\"op\": \"activation_sigm\", \"input\": [\"node_0\"]}, \"node_4\": {\"op\": \"linear\", \"input\": [\"x\", \"node_1\"]}, \"node_5\": {\"op\": \"activation_sigm\", \"input\": [\"node_4\"]}, \"h_new_0\": {\"op\": \"linear\", \"input\": [\"x\", \"node_5\"]}}", "experiment_id": 999900452, "init_time": "2020-05-06_01-26-07", "num_params": 18509278, "wall_times": [371.99784302711487, 363.94820046424866, 366.2565290927887, 363.4459114074707, 363.20890974998474, 362.13027143478394, 368.0917937755585, 364.0460510253906, 361.9960300922394, 361.67461705207825, 361.80488896369934, 361.6760039329529, 368.0576047897339, 360.59321117401123, 361.8060803413391, 360.9484691619873, 361.9121024608612, 360.84067273139954, 361.52625250816345, 361.1562077999115, 362.45261669158936, 360.62806487083435, 359.8665442466736, 362.13756465911865, 362.4043188095093, 362.0054290294647, 358.8055696487427, 360.37916684150696, 362.9142436981201, 363.2622368335724, 361.4550266265869, 360.96522784233093, 362.28938484191895, 361.92742919921875, 361.8140058517456, 361.34160828590393, 362.30647706985474, 362.9812915325165, 362.6084175109863, 362.24003076553345, 363.2110974788666, 360.6924662590027, 361.4908022880554, 365.2654085159302, 364.0424003601074, 363.30343866348267, 358.19036531448364, 360.59320092201233, 362.3026623725891, 363.82278418540955], "train_losses": [6.05935569879345, 5.855861133055635, 5.759447117686489, 5.743913761012161, 5.689326133534425, 5.662353071435411, 5.66545211206071, 5.6348432412860285, 5.6254178187541894, 5.6246828018768555, 5.6005551715263815, 5.6320060387340805, 5.592924461960164, 5.599505948961027, 5.581154466508666, 5.608491857584028, 5.586412923130326, 5.57448769510677, 5.5840664799387145, 5.560096326486642, 5.576430907665422, 5.576777282031026, 5.560223879033803, 5.557433807335057, 5.562129686153404, 5.562270330604233, 5.561498282342239, 5.549389019558556, 5.54428280307383, 5.54632252166523, 5.539474333883941, 5.53953306042325, 5.517105881331993, 5.532708812122953, 5.533621504835775, 5.528343597385809, 5.529236839270324, 5.536827525016758, 5.531956588743656, 5.519566785167098, 5.531562335416068, 5.522017589533659, 5.515086361677679, 5.530519845829742, 5.513969435267644, 5.531812951857704, 5.519211433496122, 5.513543387316863, 5.514365558867183, 5.507731704251652], "val_losses": [5.961034438189338, 5.81955270206227, 5.770500183105469, 5.7780600155101105, 5.734979517319623, 5.7381300084731155, 5.753118627211627, 5.731163922478171, 5.732555613798254, 5.732525545008042, 5.717453451717601, 5.761346256031709, 5.737788480870864, 5.733244054457721, 5.717381196863511, 5.747996610753677, 5.740945255055147, 5.726241616641774, 5.731225406422334, 5.714748158174403, 5.730443169088924, 5.738595401539522, 5.721042857450597, 5.7172838098862595, 5.722557067871094, 5.726993785184972, 5.733664119944853, 5.719408371869256, 5.7162628173828125, 5.72266746969784, 5.713639652027803, 5.717507755055147, 5.695067461799173, 5.709631527171416, 5.711479635799632, 5.70842518525965, 5.709808349609375, 5.717004663803998, 5.714973449707031, 5.708882948931525, 5.724066341624541, 5.7063140869140625, 5.7022996790268845, 5.725781609030331, 5.706866096047794, 5.723240123075597, 5.710234698127298, 5.704202988568475, 5.707282571231618, 5.701936609604779], "test_losses": [5.882217932320302, 5.738020753792506, 5.687549315312563, 5.694657878996131, 5.646808106164732, 5.65654788039605, 5.668986474877825, 5.647288930462228, 5.6478636129352475, 5.643907252214417, 5.628789324984728, 5.6749818646915084, 5.648003207086133, 5.645051049302586, 5.626982157401751, 5.657360787645082, 5.650126151751171, 5.6375268847994295, 5.642154967801873, 5.624192262904704, 5.638263830558949, 5.648763617389534, 5.6301948113927915, 5.627041415317654, 5.632544049709835, 5.636561259163103, 5.645112295739157, 5.631203389075544, 5.626664789503156, 5.631257079133578, 5.620533782579923, 5.627381452351863, 5.6049779830991655, 5.621218629097943, 5.618851096390755, 5.617119890297292, 5.618717070097739, 5.62729992300448, 5.626503719329057, 5.620352429495012, 5.633244008984931, 5.617399476303197, 5.614126371283852, 5.636444334147831, 5.614889963220322, 5.631328665877621, 5.620934668346569, 5.6114776617542255, 5.616843883628589, 5.6119366123243735], "status": "OK"}