{"data": "data/wikitext-2", "recepie_id": 1004247, "recepies_list_path": "data/models_recepies.json", "cuda": true, "batch_size": 20, "model": "CustomRNN", "emsize": 400, "nhid": 600, "nlayers": 3, "dropout": 0.1, "dropouth": 0.25, "dropouti": 0.4, "dropoute": 0.0, "wdrop": 0.1, "tied": true, "bptt": 70, "lr": 0.001, "wdecay": 1.2e-06, "epochs": 50, "alpha": 2, "beta": 1, "log_interval": 200, "clip": 0.25, "eval_batch_size": 50, "recepie": "{\"node_13\": {\"op\": \"linear\", \"input\": [\"h_prev_0\", \"x\"]}, \"h_new_0\": {\"op\": \"activation_leaky_relu\", \"input\": [\"node_13\"]}}", "experiment_id": 999993659, "init_time": "2020-05-06_00-40-15", "num_params": 15066078, "wall_times": [190.68216729164124, 147.28351497650146, 143.0005521774292, 144.48071694374084, 142.76386284828186, 143.0862317085266, 139.50741291046143, 143.76535058021545, 142.72350931167603, 142.43515992164612, 143.93274855613708, 145.25197958946228, 144.68038845062256, 141.7842469215393, 144.9617862701416, 145.10409140586853, 141.66512155532837, 145.83139157295227, 144.9014859199524, 143.44835257530212, 143.29601502418518, 144.88591527938843, 145.03245615959167, 140.58492398262024, 144.6126573085785, 144.31156659126282, 141.71566796302795, 144.89017391204834, 144.10775661468506, 143.55144548416138, 141.85281562805176, 142.22419452667236, 142.48107028007507, 137.4636950492859, 142.42852926254272, 142.21099281311035, 139.54277443885803, 141.65167880058289, 142.59467101097107, 141.45774817466736, 138.00941157341003, 143.18480491638184, 142.20797038078308, 137.62841629981995, 143.16717958450317, 142.56615018844604, 139.97608041763306, 140.7128677368164, 143.01627612113953, 142.58358192443848], "train_losses": [5.798027835631523, 5.522308229795078, 5.370206118931342, 5.280326085655463, 5.2191816587666375, 5.164742904936321, 5.130460820046921, 5.094051861893134, 5.072653332375754, 5.056580215215934, 5.027286893732644, 5.015961648951451, 4.9921946070334196, 4.987304968040793, 4.971963875323183, 4.965294485540554, 4.9544065103418555, 4.94531998108781, 4.937699745044528, 4.932558741501484, 4.9187613712534715, 4.915361590898209, 4.910941016111271, 4.912996819041463, 4.900014139255961, 4.8926374126208945, 4.8803018469309585, 4.8773505577899074, 4.8647505356458876, 4.857222691037058, 4.848846117016183, 4.847821582040601, 4.8378362000861825, 4.842528338360625, 4.838565606147658, 4.84390710284401, 4.841557667217275, 4.837851162261802, 4.846749916211817, 4.831258079574835, 4.819069143205975, 4.810754288159533, 4.810051814014172, 4.810216023891602, 4.807345156444509, 4.800758432682179, 4.807592406396629, 4.807611483170545, 4.814073272766446, 4.8079428953605285], "val_losses": [5.698000739602482, 5.507945341222427, 5.410806992474725, 5.368175730985754, 5.338712355669807, 5.309462154612822, 5.297185561236213, 5.281318215762868, 5.269911373362822, 5.268988216624541, 5.257426093606388, 5.255139519186581, 5.244324628044577, 5.248847063849954, 5.240768881405101, 5.237788032082951, 5.233702715705423, 5.229428010828355, 5.228405223173254, 5.23020216997932, 5.222051283892463, 5.222909366383272, 5.223671857048483, 5.227422826430377, 5.222074172076057, 5.2218152214499085, 5.209141450769761, 5.210302016314338, 5.19826956356273, 5.196389142204733, 5.190373140222886, 5.193622813505285, 5.185322929831112, 5.197656968060662, 5.19234915340648, 5.193027271943934, 5.194800881778493, 5.192626055549173, 5.200609992532169, 5.197137720444623, 5.184117934283088, 5.178611755371094, 5.180108911850873, 5.178154889275046, 5.174548429601333, 5.175507489372702, 5.176488090963924, 5.17876209932215, 5.185675228343291, 5.182215073529412], "test_losses": [5.623822398060477, 5.436015768173488, 5.333768023951333, 5.286457140220932, 5.258043566101609, 5.228397904576461, 5.215631601888617, 5.197658954388109, 5.185321376756262, 5.18227536079719, 5.168749045510079, 5.1677877946192226, 5.1559191101608635, 5.161900182625738, 5.152742249541845, 5.149504142486255, 5.142829871716555, 5.141757263668295, 5.141232691916107, 5.142482676007941, 5.133830622581959, 5.133449622021992, 5.135745567985135, 5.137308545230096, 5.131555754937895, 5.130284294822847, 5.118473277463857, 5.123364242898595, 5.112448855248422, 5.110826222383425, 5.104545678705966, 5.1092481323813885, 5.100638235593565, 5.110675094812666, 5.106220013108328, 5.107149049964366, 5.112428970041743, 5.109586976303197, 5.117410612018937, 5.1120455832569744, 5.1027237960700464, 5.095464104815719, 5.0971805958562415, 5.096301272016901, 5.093857380116066, 5.09485601519548, 5.093645006108735, 5.09870897284158, 5.104705953471798, 5.099276894344329], "status": "OK"}