{"data": "data/wikitext-2", "recepie_id": 1001960, "recepies_list_path": "data/models_recepies.json", "cuda": true, "batch_size": 20, "model": "CustomRNN", "emsize": 400, "nhid": 600, "nlayers": 3, "dropout": 0.1, "dropouth": 0.25, "dropouti": 0.4, "dropoute": 0.0, "wdrop": 0.1, "tied": true, "bptt": 70, "lr": 0.001, "wdecay": 1.2e-06, "epochs": 50, "alpha": 2, "beta": 1, "log_interval": 200, "clip": 0.25, "eval_batch_size": 50, "recepie": "{\"node_2\": {\"op\": \"linear\", \"input\": [\"h_prev_0\", \"x\"]}, \"node_3\": {\"op\": \"activation_sigm\", \"input\": [\"node_2\"]}, \"node_6\": {\"op\": \"linear\", \"input\": [\"x\", \"node_3\"]}, \"node_7\": {\"op\": \"activation_tanh\", \"input\": [\"node_6\"]}, \"h_new_0\": {\"op\": \"linear\", \"input\": [\"node_7\", \"x\", \"node_3\"]}}", "experiment_id": 999943416, "init_time": "2020-05-06_01-15-49", "num_params": 19389278, "wall_times": [362.76284074783325, 363.5403366088867, 363.6446604728699, 360.7023572921753, 361.5770444869995, 359.88063979148865, 361.3510465621948, 359.78365874290466, 360.17098331451416, 360.09825563430786, 359.5740587711334, 359.52531337738037, 359.3177299499512, 359.9882142543793, 360.0583403110504, 360.91401195526123, 359.25301027297974, 360.0815327167511, 358.85471272468567, 358.8365385532379, 358.0814139842987, 358.5062794685364, 358.97369933128357, 358.5896461009979, 358.57285261154175, 357.7388582229614, 358.3202860355377, 357.7114305496216, 358.56735277175903, 360.2900092601776, 357.3799018859863, 357.2977726459503, 357.6506311893463, 357.3395764827728, 358.421422958374, 358.50904273986816, 359.2075159549713, 358.7627878189087, 359.79959416389465, 359.32011365890503, 359.8800537586212, 359.4793920516968, 360.2068901062012, 358.98557329177856, 359.9732401371002, 359.7164726257324, 360.1319215297699, 359.1906690597534, 359.8060939311981, 359.55697321891785], "train_losses": [6.103449604400077, 5.842434450708609, 5.732762077468161, 5.682611857224935, 5.656694376615915, 5.62342410885282, 5.610367366297998, 5.566828931461266, 5.556672232595997, 5.52923347278081, 5.491643624916212, 5.482840628890166, 5.503004778918893, 5.483190743799675, 5.4512128339557595, 5.4649282862922535, 5.44945028966772, 5.440464006990329, 5.4432177954131955, 5.437192527291009, 5.423733302212008, 5.413269504692138, 5.419265970626257, 5.391525722972326, 5.401844761443072, 5.416453455664081, 5.407866289021354, 5.382995786651345, 5.385622396581442, 5.358681877214402, 5.3717352532797085, 5.38524722002777, 5.359012541295605, 5.368438711936225, 5.341153688475534, 5.3607616196255865, 5.354226889423537, 5.352453123503782, 5.355335960691372, 5.354760665038782, 5.346556530091927, 5.337297561763861, 5.359269516661879, 5.334114358900699, 5.341186979316288, 5.327274026261611, 5.325364852652495, 5.333537567030547, 5.331879009863066, 5.332878857248875], "val_losses": [6.022790796616498, 5.800861134248621, 5.739373599781709, 5.714971654555377, 5.702608893899357, 5.688044379739201, 5.677433238309972, 5.659247454474954, 5.641610089470358, 5.6165636848000915, 5.592287848977482, 5.586812187643612, 5.606748244341682, 5.598081252154182, 5.567345114315257, 5.598612168255975, 5.571619370404412, 5.5685716516831345, 5.581179899327895, 5.570606904871323, 5.567406598259421, 5.547918880687041, 5.560459810144761, 5.542169907513787, 5.5515307258157165, 5.5695787317612595, 5.564947689280791, 5.535087136661305, 5.548807480755975, 5.51823829202091, 5.52584524715648, 5.551673440372243, 5.523177651798024, 5.5232400333180145, 5.5077501184800095, 5.528194651884191, 5.520032097311581, 5.523571238798254, 5.522412917193244, 5.518521477194393, 5.514155668370864, 5.50783359303194, 5.532559563131893, 5.505529067095588, 5.517814636230469, 5.50261463838465, 5.503314747529871, 5.5121011173023895, 5.506726882036994, 5.507281583898208], "test_losses": [5.949103415801263, 5.71303180996742, 5.64958129708817, 5.630759551262472, 5.619031256363266, 5.602993439472613, 5.593132365480554, 5.568693844176339, 5.550781647704134, 5.528764746869273, 5.504545758246793, 5.489841443316025, 5.514389730961108, 5.503322022627774, 5.475733286881491, 5.506892610339035, 5.47957829044492, 5.472155938199959, 5.4876695810425575, 5.4769116842292815, 5.468504218845449, 5.45174655747302, 5.467255030161882, 5.449062849979637, 5.460551726990429, 5.47491282325392, 5.47300861586235, 5.440569082798819, 5.456114541972103, 5.425736309432906, 5.434227292684789, 5.462701715536551, 5.4330966198330275, 5.43379936303706, 5.421753700239258, 5.4429453649969455, 5.432023216376502, 5.435643119400326, 5.434867994043983, 5.428803006006923, 5.423604217572795, 5.419285150682142, 5.442351990429648, 5.415994148976787, 5.430447512599267, 5.416485711285889, 5.4141742548615355, 5.4231560050142535, 5.421214413434128, 5.41678717101914], "status": "OK"}