{"data": "data/wikitext-2", "recepie_id": 1001669, "recepies_list_path": "data/models_recepies.json", "cuda": true, "batch_size": 20, "model": "CustomRNN", "emsize": 400, "nhid": 600, "nlayers": 3, "dropout": 0.1, "dropouth": 0.25, "dropouti": 0.4, "dropoute": 0.0, "wdrop": 0.1, "tied": true, "bptt": 70, "lr": 0.001, "wdecay": 1.2e-06, "epochs": 50, "alpha": 2, "beta": 1, "log_interval": 200, "clip": 0.25, "eval_batch_size": 50, "recepie": "{\"node_0\": {\"op\": \"linear\", \"input\": [\"x\", \"h_prev_0\"]}, \"node_1\": {\"op\": \"activation_leaky_relu\", \"input\": [\"node_0\"]}, \"node_7\": {\"op\": \"linear\", \"input\": [\"h_prev_0\", \"node_1\"]}, \"h_new_0\": {\"op\": \"activation_sigm\", \"input\": [\"node_7\"]}}", "experiment_id": 999965550, "init_time": "2020-05-05_16-57-23", "num_params": 16827678, "wall_times": [233.87587976455688, 231.87328720092773, 233.15638661384583, 229.07109308242798, 230.61194443702698, 230.77180075645447, 229.9967384338379, 230.82389092445374, 230.35720777511597, 229.93804788589478, 230.79842901229858, 229.92101955413818, 230.9068841934204, 230.9323058128357, 229.6326813697815, 231.22919702529907, 230.5637948513031, 231.10308861732483, 231.20538687705994, 229.987233877182, 231.38570380210876, 230.17033886909485, 230.23613047599792, 230.33269596099854, 228.99290561676025, 229.5542769432068, 228.90708661079407, 228.821918964386, 230.23697972297668, 229.84378862380981, 230.8547465801239, 230.18260407447815, 229.81981921195984, 231.28876948356628, 230.26659560203552, 231.09812307357788, 230.88014149665833, 230.038489818573, 231.2147514820099, 230.3040328025818, 230.2618863582611, 230.8791584968567, 230.3856451511383, 231.41132521629333, 229.7802574634552, 230.3426582813263, 230.95654273033142, 229.7745804786682, 230.9355342388153, 230.0560474395752], "train_losses": [6.614397802355645, 6.26971752908647, 6.079348531911328, 5.971965371540745, 5.890971000311214, 5.834234056305659, 5.786696605980082, 5.748540065713875, 5.719225797184717, 5.692353355716748, 5.667570382074117, 5.65019256320023, 5.6330204742411185, 5.602674563702959, 5.587698174016087, 5.576251361557982, 5.556222245164225, 5.542494074978454, 5.522318703318012, 5.508302885305946, 5.4880048238054195, 5.484060046203198, 5.469805207435603, 5.453717128100163, 5.446811709997127, 5.430168533946184, 5.428617704443168, 5.423986911088767, 5.411720171406684, 5.403924129799866, 5.38842930072776, 5.386931961002586, 5.384387268984009, 5.382568616537394, 5.37456721907019, 5.365528194723739, 5.35856068359188, 5.354868766757637, 5.335418312505985, 5.345462046945322, 5.33920935375371, 5.327210437015226, 5.33033566144786, 5.31786206968783, 5.330959584171215, 5.316435426242459, 5.307060501053337, 5.3080659592550035, 5.306543931940055, 5.314849435626735], "val_losses": [6.443564022288603, 6.139217152315028, 5.981834860409007, 5.898683435776654, 5.843164780560662, 5.806208891027114, 5.776094773236443, 5.753796745749081, 5.739384370691636, 5.727326337028952, 5.716372321633732, 5.7044202019186585, 5.697931177475873, 5.677038753733916, 5.67404488956227, 5.668654049144072, 5.660714542164522, 5.653165480669807, 5.63778372371898, 5.632678312413833, 5.621333402745864, 5.6206521426930145, 5.6081085205078125, 5.599709454704733, 5.599829729865579, 5.588395511402803, 5.586665433995864, 5.588787752039292, 5.580147687126608, 5.576600916245404, 5.567753960104549, 5.56733165067785, 5.573161854463465, 5.571593340705423, 5.5663299560546875, 5.560832304113052, 5.552449394674862, 5.548772026510799, 5.538836310891544, 5.548563788918888, 5.545179030474494, 5.540483811322381, 5.541417290182674, 5.536867478314568, 5.545783547794118, 5.5370487886316635, 5.527267007266774, 5.5333700741038605, 5.533424377441406, 5.543579999138327], "test_losses": [6.367343002316229, 6.063132349572388, 5.904064218081857, 5.82186314841682, 5.764508644497047, 5.726704878079821, 5.6977293480197515, 5.674185661016086, 5.657993534921604, 5.642658461234983, 5.63167864551517, 5.619389190083486, 5.611221142588068, 5.590215205660762, 5.585333785125229, 5.578583155161882, 5.569694865480554, 5.560882934992873, 5.545911760588475, 5.540490655543677, 5.529025243076767, 5.526469198610263, 5.515967423259011, 5.507439851226838, 5.504686147805946, 5.496145849241499, 5.494275844405417, 5.496824332493382, 5.488827297775402, 5.485216939650784, 5.475755160608838, 5.476368818086947, 5.480525223986968, 5.479370291183058, 5.474810613291591, 5.468954419924659, 5.461590530187334, 5.457868417201181, 5.451472937029118, 5.458402136148442, 5.4552320364996945, 5.452738033878029, 5.451707184763795, 5.446906895871513, 5.456689224445123, 5.448136597052535, 5.439757368662187, 5.4420179189574425, 5.443794065618, 5.453201359193647], "status": "OK"}