{"data": "data/wikitext-2", "recepie_id": 1007531, "recepies_list_path": "data/models_recepies.json", "cuda": true, "batch_size": 20, "model": "CustomRNN", "emsize": 400, "nhid": 600, "nlayers": 3, "dropout": 0.1, "dropouth": 0.25, "dropouti": 0.4, "dropoute": 0.0, "wdrop": 0.1, "tied": true, "bptt": 70, "lr": 0.001, "wdecay": 1.2e-06, "epochs": 50, "alpha": 2, "beta": 1, "log_interval": 200, "clip": 0.25, "eval_batch_size": 50, "recepie": "{\"node_2\": {\"op\": \"linear\", \"input\": [\"x\", \"h_prev_0\", \"h_prev_1\"]}, \"node_3\": {\"op\": \"activation_leaky_relu\", \"input\": [\"node_2\"]}, \"node_4\": {\"op\": \"linear\", \"input\": [\"h_prev_1\", \"x\", \"node_3\"]}, \"node_9\": {\"op\": \"linear\", \"input\": [\"x\", \"h_prev_0\"]}, \"node_10\": {\"op\": \"activation_sigm\", \"input\": [\"node_9\"]}, \"h_new_0\": {\"op\": \"linear\", \"input\": [\"x\", \"node_10\"]}, \"h_new_1\": {\"op\": \"blend\", \"input\": [\"node_2\", \"node_9\", \"node_4\"]}}", "experiment_id": 999990767, "init_time": "2020-05-06_05-45-47", "num_params": 21990878, "wall_times": [360.47349309921265, 359.6501109600067, 359.93718671798706, 360.5390508174896, 359.8003659248352, 359.61570596694946, 357.56567311286926, 351.47210025787354, 350.80513095855713, 351.4842405319214, 351.7735755443573, 351.03086137771606, 351.49876499176025, 352.05399227142334, 350.74330711364746, 351.03335213661194, 352.10246753692627, 351.4468150138855, 350.894323348999, 352.1453218460083, 351.6740674972534, 350.9795045852661, 352.265257358551, 352.2114243507385, 350.9009952545166, 351.44667172431946, 352.4316449165344, 351.0450565814972, 351.14682126045227, 352.20191836357117, 350.5689516067505, 350.4253442287445, 351.75244998931885, 351.1993532180786, 350.7951662540436, 352.01321744918823, 351.6287429332733, 350.41514229774475, 351.5910995006561, 351.86083006858826, 350.98282957077026, 351.0167269706726, 352.09849429130554, 350.1731324195862, 350.62329173088074, 351.97749376296997, 350.6912763118744, 350.9408688545227, 351.9932987689972, 351.7879524230957], "train_losses": [5.990519965527147, 5.797107287776501, 5.695883306999904, 5.621277036651345, 5.577657057957484, 5.55832517894762, 5.5172536328162405, 5.49622055443838, 5.456597346907019, 5.444657530762233, 5.434267047902901, 5.422445058891123, 5.4006646198410415, 5.379622190103419, 5.393177921215168, 5.367026282557694, 5.362222302020492, 5.3501530630565926, 5.347459123336206, 5.355510270037346, 5.340562308484152, 5.338956492985732, 5.33085073434358, 5.339234789452265, 5.331881254189409, 5.318361432299148, 5.326218818826008, 5.309617536866801, 5.303927047424112, 5.3099208949774965, 5.2993396443790095, 5.309129769941587, 5.282643352604616, 5.297942177176099, 5.278786477784162, 5.270096072129657, 5.281277680024897, 5.275769355070382, 5.273367551828977, 5.264710811069616, 5.257589189528871, 5.267883166355453, 5.269566411112707, 5.272426056928086, 5.260536738126017, 5.247465407449966, 5.260843462726228, 5.253155896892656, 5.268501478262952, 5.256749063367806], "val_losses": [5.896472706514246, 5.7681566126206345, 5.711327945484834, 5.660731147317326, 5.628642362706802, 5.636154623592601, 5.599004857680377, 5.588146434110754, 5.564446841969209, 5.577008864458869, 5.5575085808249085, 5.549789877498851, 5.537276772891774, 5.522461835075827, 5.5406202428481155, 5.518603156594669, 5.522167878992417, 5.511977700626149, 5.513031005859375, 5.5146174711339615, 5.5155024808995865, 5.517061121323529, 5.504878773408778, 5.519928876091452, 5.505803725298713, 5.500797047334559, 5.505167792825138, 5.489963307100184, 5.492021897259881, 5.496689291561351, 5.486674140481388, 5.496209537281709, 5.475516824161305, 5.490017161649816, 5.471425224752987, 5.469037224264706, 5.476618149701287, 5.4694357479319855, 5.47426425709444, 5.466021369485294, 5.467398250804228, 5.47434414134306, 5.477058859432445, 5.470230551326976, 5.463910719927619, 5.448192820829504, 5.461081560920267, 5.4612718469956345, 5.4704141055836395, 5.461778977338006], "test_losses": [5.817905992287722, 5.6843855789299536, 5.62931310132865, 5.575889902769293, 5.545812732259214, 5.549352696752189, 5.51232127176237, 5.499413784107107, 5.473913790470372, 5.493133638133782, 5.471448820250458, 5.462530702759112, 5.4487172450875585, 5.437972074806557, 5.452627472128895, 5.428621652922012, 5.432808682040318, 5.4208206863418855, 5.421023117745877, 5.427460356851965, 5.429072251705355, 5.426279970983506, 5.414641159514355, 5.432902540215842, 5.41532759684891, 5.410163806378538, 5.41702499809102, 5.4017320810425575, 5.4026368579464465, 5.4068012179291385, 5.396281545891876, 5.403674070326818, 5.3850543582009776, 5.40095536486968, 5.380927382406842, 5.378805630854205, 5.384264517791692, 5.380182482564651, 5.385729659819792, 5.375485596747098, 5.37788136644777, 5.384307072133985, 5.386348487451639, 5.378848582900631, 5.3787718260028505, 5.361646686010996, 5.37253105273875, 5.372181073101201, 5.380934143377113, 5.37173962151293], "status": "OK"}