{"data": "data/wikitext-2", "recepie_id": 1001748, "recepies_list_path": "data/models_recepies.json", "cuda": true, "batch_size": 20, "model": "CustomRNN", "emsize": 400, "nhid": 600, "nlayers": 3, "dropout": 0.1, "dropouth": 0.25, "dropouti": 0.4, "dropoute": 0.0, "wdrop": 0.1, "tied": true, "bptt": 70, "lr": 0.001, "wdecay": 1.2e-06, "epochs": 50, "alpha": 2, "beta": 1, "log_interval": 200, "clip": 0.25, "eval_batch_size": 50, "recepie": "{\"node_0\": {\"op\": \"linear\", \"input\": [\"h_prev_0\", \"x\"]}, \"node_1\": {\"op\": \"activation_sigm\", \"input\": [\"node_0\"]}, \"node_7\": {\"op\": \"linear\", \"input\": [\"x\", \"node_1\"]}, \"node_8\": {\"op\": \"activation_leaky_relu\", \"input\": [\"node_7\"]}, \"h_new_0\": {\"op\": \"linear\", \"input\": [\"node_8\", \"x\"]}}", "experiment_id": 999915491, "init_time": "2020-05-06_09-43-11", "num_params": 18509278, "wall_times": [327.40382528305054, 327.4582054615021, 328.94664216041565, 327.2669758796692, 326.93036913871765, 326.56632947921753, 329.0352463722229, 329.5166494846344, 330.63215470314026, 330.0556917190552, 328.35827469825745, 331.5407907962799, 327.78138065338135, 325.6314058303833, 327.90319871902466, 331.126811504364, 327.9575877189636, 323.41648030281067, 323.74989438056946, 323.44077157974243, 322.44202852249146, 324.1549892425537, 323.44380235671997, 322.90756368637085, 323.68556356430054, 322.9351246356964, 322.923898935318, 329.8957188129425, 323.62932682037354, 323.85279965400696, 323.28067111968994, 325.6736059188843, 327.9196586608887, 331.1796250343323, 323.57008624076843, 325.154230594635, 328.723783493042, 323.5211215019226, 325.23874044418335, 327.3404812812805, 330.620454788208, 325.9438328742981, 328.72489833831787, 322.8584222793579, 325.13621068000793, 324.1409206390381, 324.76096868515015, 324.43843126296997, 325.55572843551636, 325.07245993614197], "train_losses": [5.945217116130422, 5.77954693036005, 5.7079701265201575, 5.662133127453797, 5.641046559298094, 5.621320052906253, 5.5977864209278945, 5.599179025423729, 5.581258079574835, 5.581705448625874, 5.562729295341377, 5.556205412716652, 5.56519655810112, 5.551725363281624, 5.540794371828019, 5.545098615699511, 5.535940642056881, 5.534229343220339, 5.53175833991669, 5.51748479842957, 5.515725620631045, 5.514180401943886, 5.513749117231638, 5.50696077815283, 5.499735169491525, 5.501173034568611, 5.505215440366753, 5.496574035837403, 5.494840293737432, 5.492671900435699, 5.478491124437422, 5.485013136790195, 5.485713366609212, 5.4853232278799195, 5.4877029619122855, 5.479798444532222, 5.478420802212008, 5.479743832591209, 5.4774508791774394, 5.469498482835392, 5.468552499281816, 5.4691360241309965, 5.478640746193623, 5.47020656779661, 5.468703617255578, 5.462642439911903, 5.47309688607201, 5.46623261395193, 5.46466420389256, 5.473302241932395], "val_losses": [5.8538665771484375, 5.7676247989430145, 5.739056306726792, 5.73479102639591, 5.722108728745404, 5.7194819730870865, 5.70694912181181, 5.715143989114201, 5.714821759392233, 5.7100825590245865, 5.70560500201057, 5.697881362017463, 5.716664033777573, 5.705216800465303, 5.6924748140222885, 5.7016300874597885, 5.690849304199219, 5.691319633932674, 5.698091843548943, 5.681795008042279, 5.692312352797565, 5.685850255629596, 5.690547718721278, 5.684884912827435, 5.681906307444853, 5.683174133300781, 5.689425300149357, 5.680392097024357, 5.681313458610983, 5.678583032944623, 5.662724214441636, 5.6754599178538605, 5.6755828857421875, 5.680131351246553, 5.68499755859375, 5.6782545201918655, 5.678221758674173, 5.677168453440947, 5.68118600284352, 5.671555014217601, 5.667618246639476, 5.6708970911362595, 5.678821339326746, 5.6686850155101105, 5.665003159466912, 5.662433399873621, 5.677945754107307, 5.675416834214154, 5.6701359468347885, 5.674994075999541], "test_losses": [5.77201570772246, 5.688785777463857, 5.652997973299735, 5.647861226710446, 5.6336806881236, 5.629390255930564, 5.615119040801263, 5.625402078879047, 5.6280678896864185, 5.6222399333129705, 5.6167281517257175, 5.607153027005701, 5.625845518987986, 5.615547765857259, 5.602239790139483, 5.612552656027286, 5.598066680665852, 5.599251043575647, 5.608154843718184, 5.591458031078192, 5.601945091376502, 5.597174630294237, 5.600200363342497, 5.594144522500509, 5.589823864793321, 5.593015042761149, 5.598835442756058, 5.588056865327835, 5.588299067145185, 5.588245377087151, 5.570911442425168, 5.584660472027082, 5.585865117847689, 5.588830399867644, 5.593151057574832, 5.58891550855223, 5.586087832162493, 5.588515020489717, 5.588609674073508, 5.578181473986968, 5.5773514654601914, 5.583703595881694, 5.589481441534311, 5.578429641366321, 5.574127278049277, 5.5706855464772955, 5.5854133259519445, 5.584302140602729, 5.578770473808796, 5.58205352143148], "status": "OK"}