{"data": "data/wikitext-2", "recepie_id": 1010818, "recepies_list_path": "data/models_recepies.json", "cuda": true, "batch_size": 20, "model": "CustomRNN", "emsize": 400, "nhid": 600, "nlayers": 3, "dropout": 0.1, "dropouth": 0.25, "dropouti": 0.4, "dropoute": 0.0, "wdrop": 0.1, "tied": true, "bptt": 70, "lr": 0.001, "wdecay": 1.2e-06, "epochs": 50, "alpha": 2, "beta": 1, "log_interval": 200, "clip": 0.25, "eval_batch_size": 50, "recepie": "{\"node_2\": {\"op\": \"linear\", \"input\": [\"h_prev_1\", \"h_prev_0\"]}, \"node_3\": {\"op\": \"activation_sigm\", \"input\": [\"node_2\"]}, \"h_new_0\": {\"op\": \"activation_sigm\", \"input\": [\"h_new_1\"]}, \"h_new_1\": {\"op\": \"linear\", \"input\": [\"node_3\", \"x\"]}}", "experiment_id": 999990494, "init_time": "2020-05-06_00-42-47", "num_params": 16827678, "wall_times": [256.7443151473999, 255.75270748138428, 253.5027985572815, 252.67859315872192, 252.8764681816101, 253.45027780532837, 253.11018776893616, 252.9539110660553, 253.51329278945923, 253.26144647598267, 253.0553638935089, 252.45543432235718, 252.88987517356873, 252.84089517593384, 252.74428987503052, 252.9212281703949, 251.77872276306152, 252.18221402168274, 252.8228054046631, 253.3261353969574, 252.4413993358612, 252.56635522842407, 253.32784295082092, 252.63435816764832, 252.01900672912598, 252.5445990562439, 252.7089946269989, 252.53611040115356, 239.9127161502838, 240.1010501384735, 240.09869480133057, 240.55440998077393, 239.95848989486694, 239.85204410552979, 240.6126582622528, 240.63355040550232, 240.58982038497925, 240.26470947265625, 240.50349164009094, 239.67046880722046, 239.98476767539978, 240.4335651397705, 240.31479167938232, 240.16696524620056, 240.26402759552002, 240.4425971508026, 239.7642912864685, 240.00567936897278, 240.64031863212585, 240.11181163787842], "train_losses": [6.2221105046442595, 5.97370210607584, 5.821814328377861, 5.742714168581825, 5.681996911806952, 5.642100644570526, 5.60051739203294, 5.569063532390118, 5.529245442521306, 5.49590672280475, 5.474038755027291, 5.455819687829168, 5.438539123096811, 5.4186472846643685, 5.391743796681988, 5.378001786483769, 5.358297349300967, 5.342168872091353, 5.319820244422101, 5.307737913554534, 5.287727125825912, 5.276037552068371, 5.272916068179642, 5.252502423872451, 5.239214141649909, 5.231406878411376, 5.222618096452169, 5.212498803025951, 5.202932736043283, 5.191662477257493, 5.185421753806377, 5.183529038590444, 5.174801975605669, 5.173425829503016, 5.168778951809824, 5.165218702121038, 5.163882579838169, 5.152579778320406, 5.157404331849086, 5.154125745116346, 5.148746468926554, 5.149230869362253, 5.136063032653452, 5.127228242004214, 5.120681168007278, 5.115534927702767, 5.116651106004022, 5.116528042109547, 5.118512026596763, 5.1129315091448815], "val_losses": [6.089821759392233, 5.882055394789752, 5.7745460061466, 5.728938832002528, 5.697344611672794, 5.680514167336857, 5.661459530101103, 5.649028553682215, 5.626578835880055, 5.6135424445657165, 5.6018542121438415, 5.596825543571921, 5.59164742862477, 5.580858567181756, 5.566717708812041, 5.561713274787454, 5.550955828498392, 5.546262404497932, 5.532507054946002, 5.526975743910846, 5.515691869399127, 5.5132957907284, 5.512443542480469, 5.499722649069393, 5.495525584501379, 5.493063982795267, 5.487062790814568, 5.485665265251608, 5.4793252383961395, 5.474991293514476, 5.474037170410156, 5.474736830767463, 5.472982070025275, 5.471894208122702, 5.4724587833180145, 5.4697409237132355, 5.476253733915441, 5.468615812413833, 5.471175698673024, 5.474372414981618, 5.473443424000459, 5.474178089815028, 5.469805549172794, 5.46108694637523, 5.459959142348346, 5.4553662468405335, 5.4571371639476105, 5.4597302605124085, 5.462628084070542, 5.460653866038603], "test_losses": [6.013008106801059, 5.808385750738139, 5.694177452402769, 5.649180013617389, 5.611080355324781, 5.59218145489717, 5.570014221899816, 5.55559347001629, 5.531593218667277, 5.518604201664631, 5.507013512395642, 5.500728196268581, 5.494253175269803, 5.484343979077581, 5.469933169797393, 5.4653484365455105, 5.454668092038282, 5.447758778125636, 5.435259732615557, 5.430606991956831, 5.419739328802688, 5.41613453853594, 5.415525255803299, 5.404694579133578, 5.400330173971696, 5.398108996385665, 5.394950032452657, 5.392140650453064, 5.387802096059866, 5.384002828471798, 5.381603877138057, 5.382877325773773, 5.381119075799226, 5.3817820485899, 5.3816404659183465, 5.379543372021992, 5.384469733124618, 5.37750235440847, 5.3799259633984935, 5.381031978593973, 5.379035901547546, 5.380707452020974, 5.376124309585624, 5.366760763464671, 5.365907688098147, 5.361771167404806, 5.364796900453064, 5.3666513948279375, 5.368358738673386, 5.366097790673997], "status": "OK"}