{"data": "data/wikitext-2", "recepie_id": 1004956, "recepies_list_path": "data/models_recepies.json", "cuda": true, "batch_size": 20, "model": "CustomRNN", "emsize": 400, "nhid": 600, "nlayers": 3, "dropout": 0.1, "dropouth": 0.25, "dropouti": 0.4, "dropoute": 0.0, "wdrop": 0.1, "tied": true, "bptt": 70, "lr": 0.001, "wdecay": 1.2e-06, "epochs": 50, "alpha": 2, "beta": 1, "log_interval": 200, "clip": 0.25, "eval_batch_size": 50, "recepie": "{\"node_0\": {\"op\": \"linear\", \"input\": [\"x\", \"h_prev_0\"]}, \"node_1\": {\"op\": \"activation_sigm\", \"input\": [\"node_0\"]}, \"node_3\": {\"op\": \"linear\", \"input\": [\"h_prev_0\", \"x\"]}, \"node_4\": {\"op\": \"activation_tanh\", \"input\": [\"node_3\"]}, \"node_5\": {\"op\": \"linear\", \"input\": [\"node_4\", \"h_prev_0\"]}, \"node_6\": {\"op\": \"activation_sigm\", \"input\": [\"node_5\"]}, \"node_8\": {\"op\": \"linear\", \"input\": [\"node_6\", \"node_1\"]}, \"node_9\": {\"op\": \"activation_tanh\", \"input\": [\"node_8\"]}, \"node_12\": {\"op\": \"linear\", \"input\": [\"x\", \"node_9\"]}, \"h_new_0\": {\"op\": \"activation_leaky_relu\", \"input\": [\"node_12\"]}}", "experiment_id": 999953439, "init_time": "2020-05-06_02-37-30", "num_params": 22032478, "wall_times": [576.2143907546997, 577.8836855888367, 575.2651517391205, 575.9805347919464, 568.9153151512146, 566.6987791061401, 567.632705450058, 567.0076286792755, 566.5185399055481, 570.0505847930908, 566.9327809810638, 567.2849793434143, 566.9830996990204, 566.074250459671, 567.1260664463043, 566.378693819046, 568.5741310119629, 570.0771927833557, 567.8979449272156, 565.1854765415192, 569.5294334888458, 566.5328195095062, 569.2181460857391, 570.4876616001129, 570.1951727867126, 573.0228612422943, 568.0981819629669, 569.327002286911, 571.1570560932159, 570.2450079917908, 570.2378096580505, 567.0344932079315, 567.9022994041443, 568.0902817249298, 569.8242921829224, 569.2942349910736, 570.0714535713196, 568.5779221057892, 569.3918721675873, 568.7045719623566, 568.3875665664673, 570.2890281677246, 577.9488751888275, 575.1053636074066, 576.2069087028503, 576.5248985290527, 576.1202008724213, 577.3384656906128, 576.2020206451416, 577.3392443656921], "train_losses": [5.993924234535095, 5.814010805683233, 5.704108014938236, 5.639261945801015, 5.595722014746721, 5.56311232703725, 5.534776584793642, 5.5195839916690606, 5.50096356410993, 5.488770139088385, 5.4642976305898685, 5.458574972469597, 5.447569544192282, 5.433672675476395, 5.42527365819209, 5.416156830532414, 5.413174868931342, 5.395370253997894, 5.382108529637078, 5.381583357272814, 5.3717083213635926, 5.367846957890453, 5.345032258450637, 5.358064313415685, 5.3468636287465285, 5.351279340826391, 5.338442916307574, 5.3227906103370675, 5.330620316839031, 5.316218474695969, 5.315650660131189, 5.3132832698937085, 5.30178221954898, 5.31200737036771, 5.3215210697357085, 5.301314651560854, 5.294500876783491, 5.281671185243704, 5.279812508977305, 5.295289383438667, 5.2718956478023555, 5.2761811889543235, 5.2711598828162405, 5.254216715144116, 5.251074658263909, 5.240182194412525, 5.247697321172077, 5.241432284185579, 5.259001244853011, 5.246800712798047], "val_losses": [5.878722246955423, 5.77206735049977, 5.711794236127068, 5.677378486184513, 5.65845848532284, 5.639144448673024, 5.625462251551011, 5.621373344870174, 5.61227102840648, 5.614080990062041, 5.599303301642923, 5.602744158576517, 5.6053933536305145, 5.593301212086397, 5.592465568991268, 5.591897403492647, 5.5919961368336395, 5.585477043600643, 5.580600962919347, 5.582268658806296, 5.577855727251838, 5.579507266773897, 5.563377829159007, 5.5737614351160385, 5.561179217170267, 5.572258893181296, 5.5621436623966, 5.554209989659927, 5.559072606703815, 5.543269886690028, 5.547070222742417, 5.547660378848805, 5.5404667573816635, 5.553645414464614, 5.559389002182904, 5.5448743034811585, 5.5407117955824905, 5.536122041590073, 5.532236884622013, 5.542636646943934, 5.528189715217142, 5.531420090619256, 5.526860854204963, 5.5162182976217835, 5.516923343434053, 5.505911883185892, 5.513448378619025, 5.504409341251149, 5.519310446346507, 5.508482989142923], "test_losses": [5.801295879148849, 5.692812134112197, 5.628950792862961, 5.592161569690491, 5.568549875279984, 5.552001008577683, 5.53825317208817, 5.534304765450011, 5.525318242847689, 5.52404002176237, 5.51121525656689, 5.513972141620851, 5.514800957035227, 5.505649784921604, 5.503332760639381, 5.504288045968234, 5.504944257788638, 5.496389244171248, 5.490623727346772, 5.491857803273264, 5.488579925804316, 5.4897404264660965, 5.474656701791896, 5.485892241269599, 5.471131850055997, 5.478134624440033, 5.471080943926899, 5.4640097644318875, 5.46767063098147, 5.454009096288943, 5.4575283801669725, 5.458699221136225, 5.452578952224598, 5.463923064930768, 5.467847609320912, 5.457676326104663, 5.4512728918499285, 5.446925190261657, 5.44411302433313, 5.45414431569436, 5.440152686570963, 5.441924856190186, 5.435563976277744, 5.425947888031969, 5.428322181709428, 5.418699730197516, 5.424856190185299, 5.414808195250458, 5.428501943977805, 5.421523429545918], "status": "OK"}