{"data": "data/wikitext-2", "recepie_id": 1011161, "recepies_list_path": "data/models_recepies.json", "cuda": true, "batch_size": 20, "model": "CustomRNN", "emsize": 400, "nhid": 600, "nlayers": 3, "dropout": 0.1, "dropouth": 0.25, "dropouti": 0.4, "dropoute": 0.0, "wdrop": 0.1, "tied": true, "bptt": 70, "lr": 0.001, "wdecay": 1.2e-06, "epochs": 50, "alpha": 2, "beta": 1, "log_interval": 200, "clip": 0.25, "eval_batch_size": 50, "recepie": "{\"node_0\": {\"op\": \"linear\", \"input\": [\"h_prev_0\", \"h_prev_1\"]}, \"node_1\": {\"op\": \"activation_leaky_relu\", \"input\": [\"node_0\"]}, \"node_8\": {\"op\": \"linear\", \"input\": [\"node_1\", \"h_prev_1\"]}, \"node_9\": {\"op\": \"activation_leaky_relu\", \"input\": [\"node_8\"]}, \"node_11\": {\"op\": \"linear\", \"input\": [\"node_9\", \"h_prev_0\"]}, \"h_new_0\": {\"op\": \"linear\", \"input\": [\"x\", \"h_new_1\"]}, \"h_new_1\": {\"op\": \"activation_leaky_relu\", \"input\": [\"node_11\"]}}", "experiment_id": 999952983, "init_time": "2020-05-06_11-24-52", "num_params": 20350878, "wall_times": [485.17092967033386, 500.3340001106262, 467.40347719192505, 474.23431515693665, 487.35633182525635, 475.30008482933044, 462.72837924957275, 487.0769691467285, 469.09342336654663, 475.41151094436646, 489.00938391685486, 478.93897223472595, 465.3412871360779, 484.53394865989685, 484.64766240119934, 488.2323007583618, 478.0545485019684, 489.0401496887207, 464.66472840309143, 472.6048095226288, 487.74164843559265, 466.01312923431396, 478.4836149215698, 490.07572865486145, 494.4738972187042, 464.93896293640137, 486.9965627193451, 480.5859978199005, 466.45984506607056, 489.3736550807953, 483.4962418079376, 465.4564633369446, 481.29406237602234, 486.9588212966919, 493.81304717063904, 476.6832025051117, 490.08194732666016, 465.41898131370544, 466.39096117019653, 490.51828837394714, 465.86586451530457, 466.53357195854187, 489.5141758918762, 484.88335037231445, 493.11712408065796, 487.006555557251, 482.7148017883301, 467.0664367675781, 479.3587124347687, 489.2840554714203], "train_losses": [5.802270734582974, 5.57481611486163, 5.442286399980849, 5.371825400387819, 5.327966026884037, 5.285890518768553, 5.2631554929139135, 5.237398107584028, 5.2016833943790095, 5.189900307023843, 5.18482588516231, 5.170220557430815, 5.156180425883367, 5.154119760246098, 5.134646862731016, 5.143893113209805, 5.123031351742794, 5.127722367854065, 5.125900348917935, 5.101106527697979, 5.0868352305372015, 5.106306631834721, 5.097426206549842, 5.0795987742985735, 5.080883277075553, 5.076599606195538, 5.074544177319735, 5.079694906276932, 5.060044706980753, 5.04946719692617, 5.071108861797376, 5.045132654649048, 5.047206038135593, 5.0516101545293495, 5.047998285334674, 5.051544320956622, 5.0338930683232785, 5.044175449463756, 5.032507196806473, 5.0385665038781955, 5.021056643804462, 5.01985966975486, 5.040525052666858, 5.016171867518912, 5.028656680910657, 5.027682269223403, 5.022990879057742, 5.013086292851671, 5.010842714617447, 5.02172694927224], "val_losses": [5.720212599810432, 5.5659036075367645, 5.491615295410156, 5.4615159876206345, 5.448068057789522, 5.42391653621898, 5.419202467974494, 5.407261567957261, 5.385841369628906, 5.386932373046875, 5.38689063577091, 5.378118178423713, 5.3677381627699905, 5.382556242101333, 5.35768710865694, 5.385616526884191, 5.364934135885799, 5.37796334659352, 5.384087057674632, 5.360331367043888, 5.350625430836397, 5.369963702033548, 5.358644822064568, 5.353745853199678, 5.354059555951287, 5.353060105267693, 5.355133056640625, 5.36954543169807, 5.346575568704044, 5.341410468606388, 5.3564892937155335, 5.336266461540671, 5.341192357680377, 5.344734640682445, 5.350038416245404, 5.354152006261489, 5.336009306066177, 5.350475984461167, 5.3405627082375915, 5.352892258588006, 5.336432064280791, 5.33405528349035, 5.351988848517923, 5.337918449850643, 5.3520660400390625, 5.351538714240579, 5.3468188117532165, 5.338450263528263, 5.334338468663833, 5.344337463378906], "test_losses": [5.640113552484219, 5.481468578191814, 5.40506842101914, 5.374337822617593, 5.360762192017919, 5.332891881745062, 5.329487136657503, 5.318270686978212, 5.296286397882305, 5.296552064243535, 5.299308153889228, 5.2891245418448385, 5.277607427840562, 5.29366234600896, 5.268894525682142, 5.300849655110976, 5.2740762128385255, 5.289234308185706, 5.294836766315415, 5.269388076511912, 5.259947773493178, 5.278102967191, 5.271472046171859, 5.263146905543677, 5.266946570835879, 5.264728574882916, 5.266525004454286, 5.282217216452861, 5.261942657427205, 5.258830224877825, 5.266407284030747, 5.2450199488393405, 5.251743932625738, 5.259170261912034, 5.264064011275708, 5.269980655670943, 5.247286066992466, 5.26309719252698, 5.25379290432193, 5.262008278609245, 5.2472236274434945, 5.244829448559357, 5.264466090154754, 5.249896994629403, 5.26544603313989, 5.264967595067196, 5.258122311520057, 5.248648999058236, 5.245993130854205, 5.2546917156638155], "status": "OK"}