{"data": "data/wikitext-2", "recepie_id": 1006417, "recepies_list_path": "data/models_recepies.json", "cuda": true, "batch_size": 20, "model": "CustomRNN", "emsize": 400, "nhid": 600, "nlayers": 3, "dropout": 0.1, "dropouth": 0.25, "dropouti": 0.4, "dropoute": 0.0, "wdrop": 0.1, "tied": true, "bptt": 70, "lr": 0.001, "wdecay": 1.2e-06, "epochs": 50, "alpha": 2, "beta": 1, "log_interval": 200, "clip": 0.25, "eval_batch_size": 50, "recepie": "{\"node_0\": {\"op\": \"linear\", \"input\": [\"h_prev_1\", \"x\"]}, \"node_1\": {\"op\": \"activation_leaky_relu\", \"input\": [\"node_0\"]}, \"node_2\": {\"op\": \"linear\", \"input\": [\"x\", \"h_prev_0\", \"h_prev_1\"]}, \"node_8\": {\"op\": \"linear\", \"input\": [\"h_prev_0\", \"h_prev_1\", \"node_1\"]}, \"node_9\": {\"op\": \"activation_tanh\", \"input\": [\"node_8\"]}, \"node_11\": {\"op\": \"linear\", \"input\": [\"h_prev_1\", \"node_9\"]}, \"h_new_0\": {\"op\": \"activation_sigm\", \"input\": [\"node_2\"]}, \"h_new_1\": {\"op\": \"activation_sigm\", \"input\": [\"node_11\"]}}", "experiment_id": 999926427, "init_time": "2020-05-06_00-40-15", "num_params": 22070878, "wall_times": [519.2549057006836, 517.2820768356323, 517.3267557621002, 517.7566833496094, 517.4871077537537, 517.2293612957001, 520.2441539764404, 500.7850525379181, 498.69418239593506, 498.89736795425415, 498.30601954460144, 498.98543334007263, 498.812860250473, 499.3004150390625, 498.7787687778473, 498.8293330669403, 499.10839009284973, 498.69029784202576, 499.2183973789215, 499.0565333366394, 503.66375207901, 504.2854952812195, 504.2951273918152, 504.20452404022217, 504.1678967475891, 504.30616307258606, 504.08087944984436, 504.31926107406616, 504.2898139953613, 504.85642099380493, 504.9166090488434, 506.06185579299927, 505.6964154243469, 506.0388283729553, 507.71829295158386, 515.1884956359863, 511.2253112792969, 512.077642917633, 520.3642337322235, 511.08390283584595, 512.7283101081848, 511.6756293773651, 510.7681577205658, 511.3358187675476, 511.15013456344604, 511.1115086078644, 512.1112375259399, 510.3653054237366, 511.44089365005493, 510.7579662799835], "train_losses": [6.212765503806377, 5.926118647060232, 5.783225755290625, 5.70241541882122, 5.649286229412047, 5.605525606267356, 5.562673935291583, 5.530116989251173, 5.479320028966772, 5.457808535023461, 5.425072416930001, 5.394943083883941, 5.380170179785503, 5.361267715215934, 5.350634471057168, 5.322474908431485, 5.311097296035622, 5.297185465144116, 5.286175174159724, 5.2648095614287085, 5.2500841622378625, 5.243626113185866, 5.231292791822273, 5.224003593914584, 5.218595515536723, 5.204314492961792, 5.190291193861917, 5.1897360971464135, 5.18293691049028, 5.163607649861151, 5.156185288590444, 5.146325588911233, 5.140785843387915, 5.143201112587379, 5.1281682406875415, 5.131635350833094, 5.125972167360912, 5.113238607799483, 5.116767436919468, 5.12126544096524, 5.110718229316288, 5.106651135928373, 5.11319933208848, 5.102344647730537, 5.102934157449966, 5.100599683998851, 5.08943266422484, 5.079825077204826, 5.0844824284209515, 5.0844094878148045], "val_losses": [6.086846744312959, 5.8446964937097885, 5.741945154526654, 5.691767973058364, 5.665726156795726, 5.639772751752068, 5.620436275706572, 5.606807484346278, 5.576056087718291, 5.570355134851792, 5.553715874167049, 5.538031185374541, 5.532423580394072, 5.527505313648897, 5.523858463062959, 5.508907093721278, 5.506052802590763, 5.499718609978171, 5.497634438907399, 5.4876861572265625, 5.483546088723576, 5.481423770680147, 5.479775372673483, 5.4710594626034, 5.4729102639591, 5.464746363022748, 5.4603442023782165, 5.465196048512178, 5.461940092198989, 5.446101917940028, 5.448444142061121, 5.445545869715073, 5.4428271125344665, 5.445062076344209, 5.436676025390625, 5.441447538488052, 5.440284729003906, 5.430728239171645, 5.433712678797105, 5.444190530215993, 5.438591452205882, 5.435168098000919, 5.443945492015166, 5.434863371007583, 5.444498398724725, 5.442547068876379, 5.432524737189798, 5.425201416015625, 5.43036876005285, 5.432136984432445], "test_losses": [6.012301386555691, 5.769266776751171, 5.665932902540216, 5.612761450697414, 5.582908187614539, 5.554106851964977, 5.531605547495419, 5.516522618229485, 5.48753754327021, 5.479548462634901, 5.463923064930768, 5.447074727015883, 5.441474257406842, 5.43584038065058, 5.4320741225055995, 5.419597746131134, 5.417171353212177, 5.410314138541031, 5.407243464925677, 5.398068032859906, 5.394387678807778, 5.390335471390755, 5.390844134977601, 5.381320314090816, 5.383147366880473, 5.375226293652005, 5.36947191254327, 5.372250273620444, 5.369945975870495, 5.356353243993077, 5.359351933160252, 5.354358757763185, 5.350733684585624, 5.3549175320708615, 5.34459710980452, 5.348615114666056, 5.348548300371615, 5.339602741295052, 5.342869483048259, 5.353795211005905, 5.346108385512116, 5.3438056785787005, 5.352143148035023, 5.344004530645489, 5.352460913637752, 5.35044415597638, 5.341288609117288, 5.33645889011912, 5.340274065872531, 5.339874770922419], "status": "OK"}