{"data": "data/wikitext-2", "recepie_id": 1010953, "recepies_list_path": "data/models_recepies.json", "cuda": true, "batch_size": 20, "model": "CustomRNN", "emsize": 400, "nhid": 600, "nlayers": 3, "dropout": 0.1, "dropouth": 0.25, "dropouti": 0.4, "dropoute": 0.0, "wdrop": 0.1, "tied": true, "bptt": 70, "lr": 0.001, "wdecay": 1.2e-06, "epochs": 50, "alpha": 2, "beta": 1, "log_interval": 200, "clip": 0.25, "eval_batch_size": 50, "recepie": "{\"node_0\": {\"op\": \"linear\", \"input\": [\"h_prev_0\", \"x\"]}, \"node_1\": {\"op\": \"activation_sigm\", \"input\": [\"node_0\"]}, \"node_4\": {\"op\": \"linear\", \"input\": [\"node_1\", \"h_prev_0\"]}, \"node_5\": {\"op\": \"activation_leaky_relu\", \"input\": [\"node_4\"]}, \"node_6\": {\"op\": \"linear\", \"input\": [\"node_5\", \"h_prev_1\"]}, \"node_8\": {\"op\": \"linear\", \"input\": [\"h_prev_1\", \"h_new_1\", \"h_prev_0\"]}, \"h_new_0\": {\"op\": \"activation_sigm\", \"input\": [\"node_8\"]}, \"h_new_1\": {\"op\": \"activation_tanh\", \"input\": [\"node_6\"]}}", "experiment_id": 999978292, "init_time": "2020-05-06_07-43-21", "num_params": 21230878, "wall_times": [545.9533388614655, 538.6501846313477, 540.2362153530121, 533.7591769695282, 541.7345745563507, 541.0049886703491, 555.3995170593262, 558.868893623352, 554.2747888565063, 539.4473087787628, 535.2189445495605, 539.2231938838959, 539.0108819007874, 537.131852388382, 551.0641174316406, 537.5602729320526, 534.3146884441376, 548.5380671024323, 554.4069743156433, 536.9933309555054, 534.4609580039978, 557.019385099411, 540.3335564136505, 534.3252809047699, 536.5392134189606, 536.3734049797058, 558.0794384479523, 538.1031410694122, 535.3311100006104, 531.797164440155, 530.4752354621887, 531.4839124679565, 543.7382972240448, 542.6094374656677, 548.6041760444641, 532.4133675098419, 538.6651465892792, 546.7189934253693, 541.1292958259583, 542.447961807251, 529.5366106033325, 535.0557532310486, 541.2092521190643, 538.966747045517, 547.9849905967712, 542.0703699588776, 539.0151240825653, 543.1134643554688, 544.9943292140961, 553.09490442276], "train_losses": [7.194787327635737, 7.150024238724504, 7.134555593459734, 7.127393948099205, 7.122062176817007, 7.118505667672125, 7.117857805467778, 7.118751047352293, 7.117872767643397, 7.116080299004118, 7.1145885700948, 7.11395342573973, 7.114524980848415, 7.116749856363114, 7.119900142439912, 7.120699122618022, 7.12277437637652, 7.123735696160107, 7.1253403894953555, 7.126892715215934, 7.127939319400555, 7.129768445370105, 7.131920754333046, 7.133588288805899, 7.135305946567079, 7.135703940438571, 7.136193951690127, 7.135495966197452, 7.13644980489323, 7.13646476706885, 7.135337367135881, 7.134996977640525, 7.134857829407259, 7.1357937134922915, 7.1329292049698365, 7.133217974959303, 7.13453015776118, 7.1341396449774965, 7.1360173980178105, 7.137030337307287, 7.138082178253375, 7.140943694340707, 7.140568891841425, 7.140835966676242, 7.1385624640907785, 7.139585128794407, 7.136588205017715, 7.134113461170162, 7.1328424243512405, 7.131486851240065], "val_losses": [6.989772123448989, 6.953602959127987, 6.9411607630112595, 6.935979955336627, 6.9312887752757355, 6.927189995260799, 6.927356495576746, 6.928154440487132, 6.926671196432674, 6.924407958984375, 6.924004049862132, 6.923167509191177, 6.924121632295496, 6.9245461856617645, 6.929347767549403, 6.928790821748621, 6.929638133329504, 6.930483649758732, 6.9299756218405335, 6.9322191126206345, 6.9335340612074905, 6.934181213378906, 6.935795054716222, 6.936467339010799, 6.9382921106675095, 6.937692081227022, 6.9374097936293655, 6.9371777702780335, 6.937323626349954, 6.937783185173483, 6.9361419677734375, 6.935313505284927, 6.934189291561351, 6.93516944436466, 6.933286330279182, 6.933247285730698, 6.933587018181296, 6.934041191549862, 6.9342045503504135, 6.936233071719899, 6.937715418198529, 6.938773211310892, 6.939594941980698, 6.938860276166131, 6.938115288229549, 6.937642265768612, 6.9344015682444855, 6.932180516860065, 6.931991128360524, 6.929240956025965], "test_losses": [6.91528186087355, 6.885277470219915, 6.874436055538587, 6.870167099368764, 6.866221874363673, 6.8627117376807165, 6.8628326397373245, 6.863190573457544, 6.861535328853594, 6.859160239767868, 6.859042519344329, 6.858061780950926, 6.858612203471798, 6.857835089594787, 6.862402323864793, 6.861529760995724, 6.861764406434535, 6.861719068163307, 6.860133024078599, 6.862051548818978, 6.863648728619426, 6.86391041793932, 6.865357265577275, 6.86594586769497, 6.8672885168499285, 6.866242554978619, 6.866356298360823, 6.866408795306455, 6.865569639584606, 6.866240964162085, 6.865118643097129, 6.864114042455712, 6.862645718794543, 6.863698839340256, 6.862292557523926, 6.862425390704541, 6.862462774893097, 6.862718896355121, 6.862138248320098, 6.864006662339646, 6.865679405925474, 6.866092222816127, 6.8671437525453065, 6.866267212634901, 6.8656062283648955, 6.8645093603644876, 6.8616546400936675, 6.859316935196498, 6.859670891875382, 6.856930710395032], "status": "OK"}