{"data": "data/wikitext-2", "recepie_id": 1001729, "recepies_list_path": "data/models_recepies.json", "cuda": true, "batch_size": 20, "model": "CustomRNN", "emsize": 400, "nhid": 600, "nlayers": 3, "dropout": 0.1, "dropouth": 0.25, "dropouti": 0.4, "dropoute": 0.0, "wdrop": 0.1, "tied": true, "bptt": 70, "lr": 0.001, "wdecay": 1.2e-06, "epochs": 50, "alpha": 2, "beta": 1, "log_interval": 200, "clip": 0.25, "eval_batch_size": 50, "recepie": "{\"node_0\": {\"op\": \"linear\", \"input\": [\"h_prev_0\", \"x\"]}, \"node_1\": {\"op\": \"activation_tanh\", \"input\": [\"node_0\"]}, \"node_3\": {\"op\": \"linear\", \"input\": [\"h_prev_0\", \"node_1\"]}, \"h_new_0\": {\"op\": \"activation_sigm\", \"input\": [\"node_3\"]}}", "experiment_id": 999956467, "init_time": "2020-05-06_00-52-58", "num_params": 16827678, "wall_times": [230.92830276489258, 232.14858603477478, 230.1490089893341, 232.6125226020813, 226.98699164390564, 231.11224031448364, 229.8250494003296, 230.5162012577057, 230.67966079711914, 229.29047298431396, 231.41743183135986, 230.39612078666687, 229.83455562591553, 231.7239053249359, 230.10790157318115, 229.5840244293213, 231.4231514930725, 230.08427119255066, 230.60247039794922, 231.67420625686646, 230.51036286354065, 231.4189531803131, 231.52501893043518, 229.67252683639526, 231.45292687416077, 230.90607690811157, 229.83335614204407, 231.178448677063, 230.41272735595703, 229.82680773735046, 231.69858932495117, 229.5740840435028, 230.40555882453918, 231.68505883216858, 230.03095483779907, 230.84560823440552, 231.93040370941162, 230.04436898231506, 231.04925870895386, 230.7326157093048, 229.680095911026, 230.9940905570984, 230.02857875823975, 229.65246868133545, 230.74902176856995, 229.85492300987244, 229.5198540687561, 230.981853723526, 229.51841068267822, 230.37993001937866], "train_losses": [7.19453596308532, 7.153057819831466, 6.656867189744326, 6.433932269223403, 6.283898305084746, 6.163060034233458, 6.063118685961888, 5.988564783228, 5.936813610193431, 5.894121286388011, 5.859228744733314, 5.827977248515753, 5.802740546897443, 5.778422522862204, 5.7576913063774775, 5.736128566982668, 5.720876125155606, 5.7014006092597915, 5.686690546298956, 5.671944574116633, 5.658622252944556, 5.646725453054678, 5.633911845853682, 5.623563631140477, 5.614217134085033, 5.60393737132529, 5.593918324475726, 5.584312981782055, 5.577687730417504, 5.567852718328067, 5.561519603442497, 5.5551969620798625, 5.5497189355309775, 5.544974803696256, 5.541099226156277, 5.536797226611127, 5.533935710523796, 5.5301835709326825, 5.52916651704491, 5.522864822728144, 5.519653191731304, 5.519587358158575, 5.5169338163123625, 5.513406483409939, 5.509777407713301, 5.509198371516805, 5.505100231614478, 5.5025787309681125, 5.500166080149382, 5.496662312673561], "val_losses": [6.989316154928768, 6.954630683450138, 6.472832174862132, 6.275571935317096, 6.148102704216452, 6.048073712517233, 5.9665626077091, 5.9029675651999085, 5.865507238051471, 5.830951466279871, 5.8040618896484375, 5.780726264504826, 5.762492460363052, 5.746815400965073, 5.7338965920841, 5.718557469985065, 5.709515739889706, 5.69759817684398, 5.691280140596278, 5.680622774011948, 5.673307531020221, 5.666274575626149, 5.658584145938649, 5.652744517606847, 5.6466068941004135, 5.644000782686121, 5.637425142176011, 5.6315451229319855, 5.6273197847254135, 5.6226811128504135, 5.6202527214499085, 5.618292864631204, 5.613691890940947, 5.611945657169118, 5.612595950855928, 5.608680725097656, 5.609248441808364, 5.606315164005055, 5.609170352711397, 5.605090421788833, 5.603678535012638, 5.603849074419807, 5.602615805233226, 5.6028761022231155, 5.599287594065947, 5.599480124080882, 5.59841111127068, 5.598579406738281, 5.597245609059053, 5.594965766457951], "test_losses": [6.914921540928527, 6.885527228415802, 6.403524533572592, 6.205449182956628, 6.074124096416209, 5.970918680640399, 5.889142756694156, 5.827179259570352, 5.79032202899104, 5.756852839925677, 5.7310847937029115, 5.70763377176237, 5.689790775809407, 5.673194184611077, 5.660782634010385, 5.643101503639788, 5.635284628894319, 5.62222203662696, 5.613293578828141, 5.604890488189778, 5.597141620851151, 5.5888121054774995, 5.581983923208104, 5.574858655950926, 5.569956554800448, 5.566323527540216, 5.560914751323559, 5.555016799022602, 5.5513658750763595, 5.545337873523723, 5.5433115709631435, 5.54139026229383, 5.536977337227652, 5.534234371818367, 5.533962739895133, 5.530310225132356, 5.529545042379352, 5.526714979764813, 5.5302863628843415, 5.5243697184891065, 5.522291714391162, 5.522462727168601, 5.5213984709071475, 5.5206913529576465, 5.516829645820607, 5.5169286741498675, 5.515266270871513, 5.51489362209835, 5.5137199972001625, 5.511053390984524], "status": "OK"}