{"data": "data/wikitext-2", "recepie_id": 1006801, "recepies_list_path": "data/models_recepies.json", "cuda": true, "batch_size": 20, "model": "CustomRNN", "emsize": 400, "nhid": 600, "nlayers": 3, "dropout": 0.1, "dropouth": 0.25, "dropouti": 0.4, "dropoute": 0.0, "wdrop": 0.1, "tied": true, "bptt": 70, "lr": 0.001, "wdecay": 1.2e-06, "epochs": 50, "alpha": 2, "beta": 1, "log_interval": 200, "clip": 0.25, "eval_batch_size": 50, "recepie": "{\"node_1\": {\"op\": \"linear\", \"input\": [\"h_prev_1\", \"h_prev_0\"]}, \"node_2\": {\"op\": \"activation_tanh\", \"input\": [\"node_1\"]}, \"node_3\": {\"op\": \"linear\", \"input\": [\"h_prev_0\", \"x\", \"node_2\"]}, \"node_4\": {\"op\": \"activation_tanh\", \"input\": [\"node_3\"]}, \"node_5\": {\"op\": \"linear\", \"input\": [\"h_prev_0\", \"h_prev_1\"]}, \"node_6\": {\"op\": \"activation_leaky_relu\", \"input\": [\"node_5\"]}, \"node_8\": {\"op\": \"linear\", \"input\": [\"node_6\", \"node_4\", \"x\"]}, \"node_9\": {\"op\": \"activation_sigm\", \"input\": [\"node_8\"]}, \"node_10\": {\"op\": \"linear\", \"input\": [\"node_2\", \"node_4\", \"node_6\"]}, \"node_12\": {\"op\": \"linear\", \"input\": [\"node_9\", \"node_6\"]}, \"h_new_0\": {\"op\": \"activation_sigm\", \"input\": [\"node_10\"]}, \"h_new_1\": {\"op\": \"activation_sigm\", \"input\": [\"node_12\"]}}", "experiment_id": 999951345, "init_time": "2020-05-05_17-42-18", "num_params": 26474078, "wall_times": [703.9381382465363, 698.5768859386444, 698.2798385620117, 697.6428551673889, 697.9792788028717, 697.4079344272614, 698.7338862419128, 696.741085767746, 697.3301475048065, 695.559766292572, 694.3623778820038, 728.8839731216431, 764.5124740600586, 767.3698630332947, 773.7541117668152, 768.5024337768555, 771.5374765396118, 767.8225557804108, 787.3169853687286, 793.5348942279816, 785.6522302627563, 784.2526390552521, 787.8168966770172, 789.6530652046204, 796.8320791721344, 783.2362861633301, 794.7240552902222, 789.5731012821198, 781.6594169139862, 782.4033722877502, 781.9768104553223, 783.9910886287689, 785.5223450660706, 744.0747556686401, 746.0691251754761, 739.7599587440491, 700.4848258495331, 697.1760730743408, 698.7036426067352, 699.9538598060608, 694.654278755188, 694.7004351615906, 697.5834827423096, 697.2664251327515, 696.254875421524, 696.2864248752594, 695.1576459407806, 699.0794262886047, 700.2904071807861, 695.9501848220825], "train_losses": [7.174007858134636, 7.142472080580293, 7.134992488987839, 7.132059902566312, 7.128695657378148, 6.888867692473427, 6.641944663889687, 6.496978388633535, 6.319119266494303, 6.1895490699511635, 6.1006599067557215, 6.027466065785694, 5.969736381427751, 5.927986674686393, 5.893278915900603, 5.859900920473044, 5.833941919826678, 5.810036477784162, 5.788625604471895, 5.768232159101791, 5.752033359666762, 5.73687704981806, 5.723337028990711, 5.707811153404194, 5.696457480489323, 5.683223810207795, 5.668195801015034, 5.658557541534999, 5.649286229412047, 5.633923441539787, 5.621614433711577, 5.617552951139519, 5.604715404457531, 5.597502139591113, 5.5882057658239965, 5.57644437362348, 5.567456220674136, 5.561874955113473, 5.554686751891219, 5.55022877166523, 5.544102882911998, 5.535936901512975, 5.529589946614958, 5.525293557885665, 5.523353711816528, 5.518822790984392, 5.5122648694101315, 5.509200989897539, 5.5055670514938235, 5.504941632552907], "val_losses": [6.973866182215073, 6.9497815300436585, 6.943841373219209, 6.941294501809513, 6.938250822179458, 6.701884998994715, 6.466970555922565, 6.334262623506434, 6.177397784064798, 6.070303075453815, 5.995733822093291, 5.936010024126838, 5.887547661276424, 5.856011783375459, 5.829830394071691, 5.80438232421875, 5.7865456973805145, 5.771007762235754, 5.756334641400506, 5.740836648380055, 5.729969697840073, 5.720549639533548, 5.7094556023092835, 5.699334986069623, 5.6944741641773895, 5.688516055836397, 5.6793356502757355, 5.6740255916819855, 5.66921189252068, 5.658378152286305, 5.650122698615579, 5.648090586942785, 5.639652476591222, 5.633677763097427, 5.633180954877068, 5.624190835391774, 5.619391946231618, 5.615557053509881, 5.610334059771369, 5.608801897834329, 5.608226102941177, 5.603940178366268, 5.5991224401137405, 5.597115909352022, 5.595045650706572, 5.592488008386948, 5.591311735265395, 5.589618907255285, 5.587797277113971, 5.590186623965993], "test_losses": [6.902975304164121, 6.882912721441661, 6.878452071879455, 6.875971988902464, 6.873602467674608, 6.634558023442272, 6.400458632406842, 6.2682772888668294, 6.106291599852372, 5.997287260104867, 5.922147029627367, 5.861546862273467, 5.8112114386072085, 5.781865645998778, 5.754733872301975, 5.728572496691101, 5.7105159336184075, 5.694798666259418, 5.679626651267562, 5.663989720143555, 5.651687538179597, 5.642723684712889, 5.630940108939116, 5.619259140831806, 5.615125006363266, 5.607477951282834, 5.599500006363266, 5.592779999618204, 5.588059251552637, 5.5763257864996945, 5.569550101175931, 5.565324494756669, 5.558577841834657, 5.5522058262064755, 5.551574669746487, 5.54233958206068, 5.536616619578497, 5.534001317196091, 5.52790729675728, 5.526206713882101, 5.523810944181429, 5.5206837965791085, 5.516304278660151, 5.513305987197109, 5.512325248803706, 5.510692275631236, 5.509637961973121, 5.5062010028507435, 5.504917611611688, 5.5069665833078805], "status": "OK"}