{"data": "data/wikitext-2", "recepie_id": 1008373, "recepies_list_path": "data/models_recepies.json", "cuda": true, "batch_size": 20, "model": "CustomRNN", "emsize": 400, "nhid": 600, "nlayers": 3, "dropout": 0.1, "dropouth": 0.25, "dropouti": 0.4, "dropoute": 0.0, "wdrop": 0.1, "tied": true, "bptt": 70, "lr": 0.001, "wdecay": 1.2e-06, "epochs": 50, "alpha": 2, "beta": 1, "log_interval": 200, "clip": 0.25, "eval_batch_size": 50, "recepie": "{\"node_2\": {\"op\": \"linear\", \"input\": [\"x\", \"h_prev_0\"]}, \"node_3\": {\"op\": \"activation_tanh\", \"input\": [\"node_2\"]}, \"node_5\": {\"op\": \"linear\", \"input\": [\"h_prev_1\", \"node_3\"]}, \"node_11\": {\"op\": \"linear\", \"input\": [\"h_new_1\", \"h_prev_1\"]}, \"h_new_0\": {\"op\": \"activation_leaky_relu\", \"input\": [\"node_11\"]}, \"h_new_1\": {\"op\": \"activation_sigm\", \"input\": [\"node_5\"]}}", "experiment_id": 999990898, "init_time": "2020-05-05_22-45-44", "num_params": 18589278, "wall_times": [417.7511396408081, 401.3357608318329, 399.625363111496, 397.3008327484131, 399.6206543445587, 398.5573318004608, 397.632497549057, 397.5301537513733, 399.95654559135437, 399.5263180732727, 400.69005703926086, 395.5724310874939, 398.10405373573303, 396.6943635940552, 397.90572357177734, 398.6575458049774, 397.40173745155334, 398.9978654384613, 397.01326417922974, 398.03300428390503, 397.9110176563263, 400.4841694831848, 397.92434072494507, 398.1826500892639, 398.8247175216675, 400.89954710006714, 398.60712337493896, 397.3213794231415, 398.69171595573425, 398.4600579738617, 395.3856885433197, 394.2302088737488, 399.3717086315155, 395.3949224948883, 399.6765365600586, 400.86586475372314, 400.6927692890167, 398.64753818511963, 397.81084537506104, 400.4838695526123, 398.83929467201233, 400.0133755207062, 399.0525977611542, 397.609290599823, 397.714040517807, 396.3136508464813, 398.42173194885254, 398.27529859542847, 397.1828980445862, 398.42433643341064], "train_losses": [6.6341867758307, 6.45879416834243, 6.247752307167481, 6.105267508737911, 6.000592502154554, 5.935077249712727, 5.878439056066265, 5.828212154672987, 5.801009797232596, 5.753893158096332, 5.729139734750551, 5.69142158623001, 5.671432119601647, 5.6443187871061955, 5.631318152709949, 5.618653045101982, 5.599669784784066, 5.5797813128411375, 5.566389417552427, 5.552178343148521, 5.537939962774107, 5.528430003950015, 5.523669787776501, 5.509588884300489, 5.49719159963612, 5.486356740160874, 5.483251714665326, 5.479564660538159, 5.4588383067605095, 5.449177229962654, 5.443120915326055, 5.4486438284018, 5.435554543115005, 5.4297080729914775, 5.427329461122283, 5.413952902063583, 5.414611611845255, 5.403465913171503, 5.3915500365077085, 5.39108022419324, 5.385694589078809, 5.377805407928756, 5.377722741908455, 5.376632747414536, 5.362978639998085, 5.358899576869674, 5.355721984822369, 5.346001807430815, 5.344434145480226, 5.346204544910466], "val_losses": [6.484967848833869, 6.343662935144761, 6.158591326545267, 6.0325303919175095, 5.9471570183249085, 5.900769401999081, 5.853111715877757, 5.814459856818704, 5.792660432703355, 5.751206790699678, 5.73833241182215, 5.70610584932215, 5.691375732421875, 5.66572032255285, 5.657390370088465, 5.648769603056066, 5.637459250057445, 5.619472279268153, 5.610348420984605, 5.5985242058249085, 5.5901947021484375, 5.5849510641659, 5.581656960880055, 5.566662956686581, 5.557834400850184, 5.547775717342601, 5.550114351160386, 5.543622185202206, 5.5331887637867645, 5.5240631103515625, 5.523258433622472, 5.530517578125, 5.516704334932215, 5.514639012953815, 5.513003181008732, 5.5012193567612595, 5.506662256577435, 5.496829762178309, 5.48744919720818, 5.487367966595818, 5.4830928129308365, 5.478186214671416, 5.474571228027344, 5.4789904426125915, 5.467215594123392, 5.468496434828815, 5.462857863482307, 5.45551524442785, 5.458445829503677, 5.454304414636948], "test_losses": [6.420053912772348, 6.276685947363062, 6.086703875865404, 5.956752459402362, 5.872145677433313, 5.827432994807575, 5.779379199755651, 5.73850356661067, 5.719925613418855, 5.678557224852372, 5.667838303044187, 5.6315652998371, 5.617937172291794, 5.594111513057422, 5.58563405174608, 5.577528841503767, 5.567348411092445, 5.550400249440033, 5.538841774205864, 5.52697468056404, 5.52048494451232, 5.512411152896559, 5.512268377112604, 5.494503331169823, 5.487341872836489, 5.475924582569742, 5.4800094017257175, 5.472240649180411, 5.458239872861943, 5.450867233633679, 5.451307889813684, 5.457400717140094, 5.442140411830584, 5.441448008934025, 5.439763731928324, 5.42630701486459, 5.4339850908674405, 5.424369002621666, 5.414755698304826, 5.411249538663205, 5.4080265443646915, 5.4033710197770315, 5.400038656841784, 5.4002896081500715, 5.393525058542049, 5.3931778628334355, 5.385887548360823, 5.378705409412543, 5.384425985669925, 5.377707967445531], "status": "OK"}