{"data": "data/wikitext-2", "recepie_id": 1005995, "recepies_list_path": "data/models_recepies.json", "cuda": true, "batch_size": 20, "model": "CustomRNN", "emsize": 400, "nhid": 600, "nlayers": 3, "dropout": 0.1, "dropouth": 0.25, "dropouti": 0.4, "dropoute": 0.0, "wdrop": 0.1, "tied": true, "bptt": 70, "lr": 0.001, "wdecay": 1.2e-06, "epochs": 50, "alpha": 2, "beta": 1, "log_interval": 200, "clip": 0.25, "eval_batch_size": 50, "recepie": "{\"node_0\": {\"op\": \"linear\", \"input\": [\"x\", \"h_prev_0\"]}, \"node_1\": {\"op\": \"activation_sigm\", \"input\": [\"node_0\"]}, \"node_2\": {\"op\": \"linear\", \"input\": [\"x\", \"node_1\"]}, \"node_3\": {\"op\": \"activation_tanh\", \"input\": [\"node_2\"]}, \"node_4\": {\"op\": \"linear\", \"input\": [\"node_3\", \"x\"]}, \"node_5\": {\"op\": \"activation_sigm\", \"input\": [\"node_4\"]}, \"h_new_0\": {\"op\": \"linear\", \"input\": [\"node_1\", \"node_5\"]}}", "experiment_id": 999913951, "init_time": "2020-05-06_02-01-02", "num_params": 20270878, "wall_times": [420.6346867084503, 420.3598144054413, 420.7586319446564, 420.9115982055664, 420.492888212204, 420.635329246521, 420.288782119751, 420.5146040916443, 420.1637587547302, 420.8584244251251, 410.65799927711487, 409.73025918006897, 409.8782513141632, 409.6710481643677, 408.07846188545227, 407.14964270591736, 406.89658284187317, 407.27589082717896, 407.6547486782074, 407.1635012626648, 407.02052760124207, 407.4539837837219, 408.0579123497009, 408.2532410621643, 408.58632135391235, 408.2180507183075, 408.18181848526, 408.27693700790405, 408.48085284233093, 409.09522581100464, 408.4019260406494, 408.4234230518341, 408.52469086647034, 408.3208887577057, 408.5088222026825, 408.05925250053406, 408.43520498275757, 408.7208981513977, 408.2931864261627, 408.3912923336029, 408.04261684417725, 408.688161611557, 408.5226104259491, 408.450487613678, 408.4934606552124, 408.37460803985596, 407.9997248649597, 408.46463441848755, 408.6407504081726, 408.5238013267517], "train_losses": [6.086963531193144, 5.8554986743512405, 5.7485449284209515, 5.670064576749976, 5.6025245678923685, 5.564728990112994, 5.516290442760701, 5.469674288398927, 5.433977903859044, 5.408658162166044, 5.388389650962367, 5.359933463205017, 5.339047388202624, 5.317971667624246, 5.298838785550129, 5.278099713923202, 5.255935495068467, 5.2500071070334196, 5.233636616633151, 5.220462420999713, 5.208197551589581, 5.206279400675093, 5.185420631643206, 5.191586918270612, 5.167914138058987, 5.162690094441253, 5.154239083596668, 5.145574487695106, 5.137070361127071, 5.131897562960835, 5.122677496289381, 5.119229088863354, 5.103772039284689, 5.097870957220147, 5.093457115412238, 5.087574736067222, 5.076715937110984, 5.0792606291295606, 5.072999332686967, 5.072225788207412, 5.0685798800632, 5.0612461696830415, 5.070497282868907, 5.06448697692234, 5.057857610959495, 5.048621085894858, 5.0407360193431, 5.044458234582974, 5.044775058651728, 5.031140402063583], "val_losses": [5.957226023954504, 5.7956861608168655, 5.734262354233685, 5.6805276309742645, 5.635747124167049, 5.6262952019186585, 5.603569928337546, 5.56706776338465, 5.563854890711167, 5.547293270335478, 5.537507001091452, 5.522569992963006, 5.514768263872932, 5.510613834156709, 5.499536850873162, 5.494783738080193, 5.480505999396829, 5.481924169203815, 5.472908020019531, 5.467761769014246, 5.4637742884018845, 5.464192109949448, 5.466500226189108, 5.471133512609145, 5.453092687270221, 5.449087703929228, 5.443813099580653, 5.444510964786305, 5.445978052475873, 5.4361419677734375, 5.443788865033318, 5.4393472110523895, 5.43120350557215, 5.430424858542049, 5.42215279971852, 5.426117840935202, 5.42510986328125, 5.4264050651999085, 5.42213036032284, 5.42576015696806, 5.4270800422219665, 5.430568021886489, 5.4309827019186585, 5.438385009765625, 5.425574807559743, 5.422836752498851, 5.426114699419807, 5.4220262415268845, 5.4205622953527115, 5.413928312413833], "test_losses": [5.876900230350234, 5.71686806403991, 5.65311967076461, 5.597596992084097, 5.5495002449857465, 5.538967448712075, 5.51300492516799, 5.47612224152413, 5.472129292023009, 5.457263509214009, 5.448560151954795, 5.433151105299328, 5.425992430894929, 5.4230470340816535, 5.412699567934229, 5.408349082417023, 5.392272688225412, 5.394867707697006, 5.3852671299124415, 5.37896630332417, 5.376335490480554, 5.375920287365099, 5.377851140933618, 5.383853689421707, 5.366273973605172, 5.363385846187131, 5.3582375661779675, 5.35629915623091, 5.358309550626146, 5.348519665673997, 5.356962924429851, 5.3521244559407455, 5.344814653965588, 5.345858627316229, 5.336633482233761, 5.33931241727754, 5.337168791997557, 5.338009140831806, 5.334259586260436, 5.338886078446345, 5.342194579133578, 5.34278397665954, 5.343217076461006, 5.349072076715537, 5.338628366167787, 5.336966360593565, 5.338066012522908, 5.337776483913663, 5.334826712354918, 5.32766366320505], "status": "OK"}