{"data": "data/wikitext-2", "recepie_id": 1002850, "recepies_list_path": "data/models_recepies.json", "cuda": true, "batch_size": 20, "model": "CustomRNN", "emsize": 400, "nhid": 600, "nlayers": 3, "dropout": 0.1, "dropouth": 0.25, "dropouti": 0.4, "dropoute": 0.0, "wdrop": 0.1, "tied": true, "bptt": 70, "lr": 0.001, "wdecay": 1.2e-06, "epochs": 50, "alpha": 2, "beta": 1, "log_interval": 200, "clip": 0.25, "eval_batch_size": 50, "recepie": "{\"node_0\": {\"op\": \"linear\", \"input\": [\"x\", \"h_prev_0\"]}, \"node_1\": {\"op\": \"activation_sigm\", \"input\": [\"node_0\"]}, \"node_4\": {\"op\": \"linear\", \"input\": [\"node_1\", \"h_prev_0\"]}, \"node_5\": {\"op\": \"activation_tanh\", \"input\": [\"node_4\"]}, \"node_6\": {\"op\": \"linear\", \"input\": [\"x\", \"h_prev_0\"]}, \"node_7\": {\"op\": \"activation_sigm\", \"input\": [\"node_6\"]}, \"node_8\": {\"op\": \"linear\", \"input\": [\"node_7\", \"node_1\", \"x\"]}, \"h_new_0\": {\"op\": \"elementwise_prod\", \"input\": [\"node_5\", \"node_8\"]}}", "experiment_id": 999985317, "init_time": "2020-05-05_22-34-37", "num_params": 21150878, "wall_times": [471.5531213283539, 471.4917824268341, 471.96574568748474, 467.34916973114014, 464.6256465911865, 463.38614559173584, 464.6506917476654, 464.63500595092773, 464.2747075557709, 463.8052701950073, 464.7231080532074, 464.74281120300293, 463.90636563301086, 464.64801120758057, 464.3622725009918, 459.82301664352417, 458.2464394569397, 458.73488759994507, 458.5588004589081, 458.33566451072693, 458.0852372646332, 458.47839546203613, 459.2563154697418, 458.9108827114105, 458.7567210197449, 459.2189235687256, 459.42035150527954, 459.5673499107361, 459.017215013504, 458.95449590682983, 459.02534580230713, 459.30078387260437, 459.51679730415344, 459.0798738002777, 459.14901661872864, 459.1698167324066, 459.0942485332489, 459.4719831943512, 459.3012840747833, 459.2614531517029, 459.3401951789856, 459.24622344970703, 459.553085565567, 459.14901661872864, 459.1697256565094, 457.9528841972351, 458.30823588371277, 459.2704224586487, 458.93212819099426, 459.42329716682434], "train_losses": [5.8434096105046445, 5.487430276261611, 5.2960962187589775, 5.17207661531648, 5.082841825864215, 5.014007214761084, 4.954510871516805, 4.90717615867088, 4.866771177463373, 4.839744251532127, 4.802036950588911, 4.778796951307096, 4.745912707674997, 4.7222900507517, 4.698310545939864, 4.695423968208369, 4.664104394091736, 4.6512814355309775, 4.6441859977975675, 4.629518202982859, 4.616352236546012, 4.595898942473427, 4.598167582351815, 4.583105908263909, 4.581488871133774, 4.563080906468448, 4.556683080173322, 4.545219809322034, 4.530828440701906, 4.535725934836733, 4.5328240208752275, 4.526221586828497, 4.508844516063392, 4.510290236282677, 4.496385886478981, 4.487853331777267, 4.491877034855884, 4.502759025184334, 4.489863874126209, 4.490025465622906, 4.479957791702576, 4.469187643636886, 4.4633613724504455, 4.459666837235469, 4.452630126041368, 4.450105258905487, 4.442666439241597, 4.4573398448721635, 4.435474869529829, 4.439475381236234], "val_losses": [5.729101742015166, 5.466607935288373, 5.33943759693819, 5.262083165785846, 5.224311828613281, 5.190313002642463, 5.156367582433364, 5.1332087797277115, 5.11296620088465, 5.107790329877068, 5.095080656163833, 5.079082713407629, 5.063058740952435, 5.05396629782284, 5.049322689280791, 5.039360495174632, 5.02603463565602, 5.026075026568244, 5.020653219784007, 5.015612882726333, 5.00937697466682, 5.005586960736443, 5.005634981043198, 5.001863367417279, 5.000111299402573, 4.988369212431066, 4.9908276726217835, 4.987303789924173, 4.980104783002068, 4.983182121725643, 4.979420830221737, 4.9776319615981155, 4.973867528578815, 4.964190314797794, 4.969012989717371, 4.961405585793888, 4.957033493939568, 4.968166575712316, 4.959475348977482, 4.9616398530847885, 4.965316323673024, 4.9593057071461395, 4.948003881117877, 4.947579776539522, 4.948878568761489, 4.949556687298943, 4.942039938534007, 4.949533350327435, 4.936292311724494, 4.941133386948529], "test_losses": [5.650912412823254, 5.390822658954388, 5.256429285023417, 5.175419339238444, 5.138754597459784, 5.099193774180411, 5.0708486051720625, 5.046833638770108, 5.027700092903686, 5.021707884723071, 5.00824042964773, 4.99832248396457, 4.981017581704338, 4.971536712863979, 4.968601258654042, 4.957073804342293, 4.944883774944003, 4.946101942705152, 4.942342445530442, 4.937194165521278, 4.931551936978212, 4.926101799531664, 4.92710958180615, 4.924468030950926, 4.921896873727347, 4.911470264457341, 4.915634624440033, 4.9100930150427615, 4.90423682167583, 4.903940929800448, 4.903064389890043, 4.901604418015679, 4.895927191508858, 4.8901461642231725, 4.891875381795968, 4.886085207315211, 4.880719780849114, 4.895893386657503, 4.88471670739157, 4.887480353415802, 4.890590002036245, 4.884859880879658, 4.8719925613418855, 4.875410032961718, 4.874304017766239, 4.875744502138057, 4.868431120825697, 4.87593818405111, 4.860863208867848, 4.867790817170637], "status": "OK"}