{"data": "data/ptb", "recepie_id": 2003556, "recepies_list_path": "data/new_recepies_fix.json", "cuda": true, "batch_size": 20, "model": "CustomRNN", "emsize": 400, "nhid": 600, "nlayers": 3, "dropout": 0.1, "dropouth": 0.25, "dropouti": 0.4, "dropoute": 0.0, "wdrop": 0.1, "tied": true, "bptt": 70, "lr": 0.001, "wdecay": 1.2e-06, "epochs": 50, "alpha": 2, "beta": 1, "log_interval": 200, "clip": 0.25, "eval_batch_size": 50, "recepie": "{\"node_0\": {\"op\": \"linear\", \"input\": [\"h_prev_0\", \"h_prev_1\", \"x\"]}, \"node_1\": {\"op\": \"activation_sigm\", \"input\": [\"node_0\"]}, \"node_2\": {\"op\": \"linear\", \"input\": [\"node_1\", \"x\", \"h_prev_1\"]}, \"node_5\": {\"op\": \"linear\", \"input\": [\"x\", \"h_prev_1\"]}, \"node_6\": {\"op\": \"activation_sigm\", \"input\": [\"node_5\"]}, \"node_14\": {\"op\": \"linear\", \"input\": [\"node_1\", \"h_prev_1\", \"node_6\"]}, \"h_new_0\": {\"op\": \"activation_sigm\", \"input\": [\"node_2\"]}, \"h_new_1\": {\"op\": \"activation_sigm\", \"input\": [\"node_14\"]}}", "experiment_id": 999920282, "init_time": "2020-05-19_03-36-46", "num_params": 13576400, "wall_times": [307.0530016422272, 242.14010620117188, 239.90803623199463, 239.36481165885925, 240.74355053901672, 240.37435173988342, 241.6888837814331, 239.600280046463, 241.83723163604736, 240.3882110118866, 240.29616498947144, 239.74284100532532, 240.6249876022339, 242.34079813957214, 241.8230173587799, 240.69972968101501, 241.36901092529297, 241.0928156375885, 239.99605774879456, 241.4784517288208, 239.75648188591003, 242.80655431747437, 241.28894877433777, 241.0351366996765, 240.3418641090393, 239.69671058654785, 239.37789249420166, 239.91994428634644, 238.72300839424133, 240.92118096351624, 240.13914394378662, 242.7477626800537, 239.63227128982544, 238.3682565689087, 237.37202668190002, 241.50454092025757, 241.90668106079102, 242.0809121131897, 239.98800992965698, 241.2875621318817, 240.81794452667236, 243.08988165855408, 240.84648442268372, 240.42234778404236, 240.10090470314026, 240.44703888893127, 239.92023372650146, 241.43417835235596, 240.58640313148499, 242.04431629180908], "train_losses": [5.964116961836372, 5.716508492012264, 5.578976806653757, 5.477165110133936, 5.401966173148297, 5.335841267279867, 5.2849921500995105, 5.240011127696197, 5.2069087528911835, 5.173753008848368, 5.153355874482276, 5.116244083158517, 5.101582671050508, 5.076807158033457, 5.057272336076596, 5.039768486767791, 5.022391546985101, 5.006769908826851, 4.990448167123877, 4.977444563229519, 4.961749805013178, 4.951963063444677, 4.947161512963262, 4.934093613845409, 4.9221611767790865, 4.913572931794954, 4.897020483701791, 4.888048148297563, 4.878562291565811, 4.875056731079555, 4.867444680893981, 4.857860070060782, 4.85624554555968, 4.845047250685815, 4.843152012398472, 4.840460017616051, 4.836126183368297, 4.8314275892905165, 4.826924402264536, 4.822050151955247, 4.814749492361895, 4.815047015356893, 4.811850744311764, 4.81252353289226, 4.804184904658168, 4.79955186649454, 4.797355323140229, 4.7941771219945135, 4.792837848286806, 4.786081386826959], "val_losses": [5.97734970868644, 5.754261784957627, 5.637698622881356, 5.556674390889831, 5.496579382944915, 5.45003078654661, 5.410493246822034, 5.380695511122881, 5.361024894067796, 5.339907971398305, 5.327233845338983, 5.303742386122881, 5.296523106461865, 5.283418299788136, 5.274441538665254, 5.2671146716101696, 5.255794822563559, 5.248750662076271, 5.241518802966102, 5.236947166313559, 5.233372616525424, 5.229224046610169, 5.227484772245763, 5.224259136652543, 5.218413665254237, 5.215879899364407, 5.206576403601695, 5.204354806673729, 5.201152012711864, 5.204328654661017, 5.2005806408898305, 5.195888837394068, 5.197997219279661, 5.196272510593221, 5.193981064618644, 5.196689949682203, 5.199166445974576, 5.195946106991525, 5.193323953919491, 5.192224245233051, 5.18974907309322, 5.194637844279661, 5.193352754237288, 5.200216167902543, 5.191034163135593, 5.1932762844279665, 5.194501125529661, 5.194629237288136, 5.197920418432203, 5.192471530720339], "test_losses": [5.92841050231341, 5.702954931166565, 5.582652860474818, 5.499006252844357, 5.440718271199939, 5.392200062575849, 5.356050657994539, 5.323742320236651, 5.303388577063107, 5.280474912773058, 5.270694473414745, 5.24311013823574, 5.236488120069781, 5.222433442050971, 5.211782510998179, 5.203203812386226, 5.192677321943265, 5.184041736195389, 5.176127313410194, 5.17175055939017, 5.164528855999697, 5.160482758457221, 5.159235389487257, 5.154692714654126, 5.149959823460255, 5.147015914176274, 5.140030647944478, 5.138745354217233, 5.135669300857099, 5.13604025238926, 5.132915015359527, 5.128245529619235, 5.131308546344053, 5.130289911066444, 5.129432456007281, 5.130474201683859, 5.13299797576608, 5.129628005537015, 5.126588691785497, 5.126812092308859, 5.123113243325243, 5.126704836354672, 5.126034042210255, 5.130257319478155, 5.123199759177791, 5.123581377047937, 5.124664602927791, 5.125644720873787, 5.127869244918083, 5.122588222466626], "status": "OK"}