{"data": "data/ptb", "recepie_id": 2004480, "recepies_list_path": "data/new_recepies_fix.json", "cuda": true, "batch_size": 20, "model": "CustomRNN", "emsize": 400, "nhid": 600, "nlayers": 3, "dropout": 0.1, "dropouth": 0.25, "dropouti": 0.4, "dropoute": 0.0, "wdrop": 0.1, "tied": true, "bptt": 70, "lr": 0.001, "wdecay": 1.2e-06, "epochs": 50, "alpha": 2, "beta": 1, "log_interval": 200, "clip": 0.25, "eval_batch_size": 50, "recepie": "{\"node_0\": {\"op\": \"linear\", \"input\": [\"h_prev_1\", \"h_prev_0\"]}, \"node_1\": {\"op\": \"activation_sigm\", \"input\": [\"node_0\"]}, \"node_3\": {\"op\": \"linear\", \"input\": [\"node_1\", \"h_prev_1\"]}, \"node_4\": {\"op\": \"activation_tanh\", \"input\": [\"node_3\"]}, \"node_8\": {\"op\": \"linear\", \"input\": [\"node_4\", \"h_prev_0\"]}, \"h_new_0\": {\"op\": \"activation_tanh\", \"input\": [\"node_8\"]}, \"h_new_1\": {\"op\": \"linear\", \"input\": [\"x\", \"node_1\"]}}", "experiment_id": 999941155, "init_time": "2020-05-09_16-47-13", "num_params": 11016400, "wall_times": [236.20634174346924, 192.61589670181274, 191.96149230003357, 191.4293806552887, 191.44729709625244, 191.57988595962524, 191.38878226280212, 187.8135621547699, 187.6378412246704, 188.2546844482422, 192.10808944702148, 195.77992582321167, 194.52252435684204, 195.7444725036621, 192.29852843284607, 193.4225196838379, 199.00161004066467, 194.20104837417603, 195.98680186271667, 200.0983316898346, 192.2780055999756, 193.4281086921692, 196.05922508239746, 194.00852942466736, 192.70516395568848, 200.11919498443604, 194.7803258895874, 194.7141513824463, 200.3361954689026, 194.9712405204773, 191.71863985061646, 196.543119430542, 194.92858505249023, 193.1127233505249, 193.30380511283875, 191.53071284294128, 188.99456763267517, 190.89566159248352, 190.9218065738678, 188.52816772460938, 188.37896037101746, 187.66523241996765, 190.9118847846985, 193.11672830581665, 190.04718708992004, 191.88938760757446, 191.05404353141785, 191.755277633667, 192.28688216209412, 192.98353958129883], "train_losses": [6.473910006858157, 6.438894744096606, 6.419372949276531, 6.398499694072401, 6.3771448550373835, 6.364718647463826, 6.3303761732827715, 6.310110150744984, 6.296954423511377, 6.309724379404012, 6.296754814157388, 6.252096108331989, 6.230067220025819, 6.236742577053413, 6.241755923565166, 6.2254022443655535, 6.190042813054704, 6.217655720509924, 6.203106089640149, 6.173274786859233, 6.172860019633156, 6.14621700352321, 6.127835293287075, 6.12051992563606, 6.105099997982895, 6.122057127776881, 6.124964280431391, 6.0907138366682805, 6.09057347977516, 6.090795361330751, 6.0719984636383195, 6.086853181647034, 6.046040002554999, 6.0649537242482925, 6.077077366064224, 6.037214747727395, 6.026696805577968, 6.032963698832768, 6.025391990748211, 6.026579141116669, 6.009336254773816, 6.023342107740304, 6.016542362567909, 6.007624236861923, 5.993670072212361, 5.9932687523532895, 5.9895312247861865, 6.020742143375827, 5.991352082324781, 5.980592087569254], "val_losses": [6.477750264830508, 6.454367717161017, 6.448829449152543, 6.433419623940678, 6.418765227754237, 6.412908501059322, 6.387566207627119, 6.371040783898305, 6.366781647245762, 6.390912341101695, 6.376829978813559, 6.345348252118644, 6.330230402542373, 6.35185248940678, 6.366855137711864, 6.3549364406779665, 6.327286149364407, 6.361877648305085, 6.357735699152542, 6.338314353813559, 6.340504502118644, 6.326990201271187, 6.3145047669491525, 6.317877383474576, 6.31480998411017, 6.339953654661017, 6.343307733050848, 6.320402542372881, 6.3280097987288135, 6.333651350635593, 6.3261328125, 6.3357435116525425, 6.310068855932204, 6.334537208686441, 6.347055746822034, 6.316362552966102, 6.314874205508475, 6.3260368114406775, 6.324558395127118, 6.323554025423729, 6.319366393008474, 6.3363327595338985, 6.337222590042373, 6.328347457627118, 6.332442399364407, 6.337464909957627, 6.333173331567797, 6.363247484110169, 6.335701138771187, 6.333048861228813], "test_losses": [6.423944269569175, 6.403710818985133, 6.392648048771238, 6.387678720418689, 6.374384315268507, 6.362659639525182, 6.341047861043689, 6.331103278595267, 6.330904766193871, 6.352286625834345, 6.346545173126517, 6.310886420092537, 6.300735621776395, 6.320417385656857, 6.336022238129551, 6.326384609185376, 6.304954158449636, 6.339215621207524, 6.333192103117415, 6.318566776016383, 6.324795917399879, 6.305176966398665, 6.298370657615291, 6.297514980279126, 6.294881579945389, 6.317935091777913, 6.321580016497269, 6.298450062575849, 6.299387515169903, 6.308731819819478, 6.305098154012439, 6.316015743514867, 6.28612807190534, 6.307369491429005, 6.329066600614381, 6.292121961278823, 6.293861166944781, 6.302070691747573, 6.303338800819175, 6.304343806887136, 6.299238779012439, 6.313406638728762, 6.314165726448726, 6.309054772830704, 6.307435267179915, 6.311677506826456, 6.306497814585861, 6.340255589161105, 6.316197071260619, 6.31054924529733], "status": "OK"}