{"data": "data/ptb", "recepie_id": 2001218, "recepies_list_path": "data/new_recepies_fix.json", "cuda": true, "batch_size": 20, "model": "CustomRNN", "emsize": 400, "nhid": 600, "nlayers": 3, "dropout": 0.1, "dropouth": 0.25, "dropouti": 0.4, "dropoute": 0.0, "wdrop": 0.1, "tied": true, "bptt": 70, "lr": 0.001, "wdecay": 1.2e-06, "epochs": 50, "alpha": 2, "beta": 1, "log_interval": 200, "clip": 0.25, "eval_batch_size": 50, "recepie": "{\"node_1\": {\"op\": \"linear\", \"input\": [\"h_prev_1\", \"x\"]}, \"node_2\": {\"op\": \"activation_sigm\", \"input\": [\"node_1\"]}, \"node_3\": {\"op\": \"linear\", \"input\": [\"h_prev_1\", \"h_prev_0\", \"node_2\"]}, \"h_new_0\": {\"op\": \"activation_leaky_relu\", \"input\": [\"node_3\"]}, \"h_new_1\": {\"op\": \"blend\", \"input\": [\"node_2\", \"node_3\", \"h_new_0\"]}}", "experiment_id": 999914606, "init_time": "2020-05-15_05-51-44", "num_params": 8373200, "wall_times": [188.8340015411377, 188.41922998428345, 186.56131672859192, 183.30993461608887, 181.13453078269958, 183.59597611427307, 181.730952501297, 182.73979020118713, 181.3282389640808, 181.60358095169067, 182.57249093055725, 184.0855474472046, 181.30082201957703, 180.5827877521515, 180.5300269126892, 174.41044521331787, 178.86889123916626, 182.481951713562, 180.91929388046265, 182.63257122039795, 183.63397336006165, 182.22066259384155, 181.85015678405762, 171.7522988319397, 175.10003304481506, 178.9828634262085, 181.7062475681305, 177.24925637245178, 179.7107810974121, 181.79018473625183, 180.31054091453552, 182.4901421070099, 181.90073776245117, 182.91340708732605, 181.43259167671204, 182.61443829536438, 182.39748549461365, 182.8539764881134, 179.31499981880188, 182.04729580879211, 182.43741273880005, 183.48246479034424, 182.93131518363953, 181.4023675918579, 176.87634181976318, 181.48955702781677, 180.32801842689514, 179.54125237464905, 182.81032490730286, 181.9306788444519], "train_losses": [6.057719461029531, 5.730228588429886, 5.522687809289441, 5.375518564090151, 5.269909247081921, 5.186797375073961, 5.119387405196062, 5.0635610813027805, 5.010910016943682, 4.9720748614921195, 4.9348933119520195, 4.892627396993169, 4.86883438222796, 4.836283349470174, 4.804794658705825, 4.775514277741918, 4.756960273116024, 4.73174856113173, 4.711752326394492, 4.692725562772309, 4.672271697326663, 4.660168646791458, 4.6475041686837715, 4.6273150482760474, 4.60955822037545, 4.595778451266742, 4.580432063901888, 4.569097614437093, 4.558260297321285, 4.544896976359529, 4.534386598354042, 4.526870780888602, 4.512675824323598, 4.499384782959496, 4.499534805147652, 4.48704808442257, 4.477726537706417, 4.463664373890592, 4.458701875235329, 4.454364679145823, 4.446635804959389, 4.442083450997795, 4.427336732155344, 4.422340615082567, 4.417355844225701, 4.414414232693239, 4.399070366709698, 4.39505002420526, 4.385592322898177, 4.384431226803292], "val_losses": [6.07173000529661, 5.7672318591101694, 5.584867584745763, 5.4657296080508475, 5.384621623411017, 5.319961930614407, 5.269416379766949, 5.233276284427966, 5.193595074152542, 5.168557335805085, 5.143767876059322, 5.117187168961864, 5.103854939088983, 5.081045749470339, 5.064301509533898, 5.046004038665254, 5.033621226165255, 5.018464645127119, 5.007476165254237, 4.998106461864407, 4.9869537870762715, 4.981067929025424, 4.973231263241526, 4.96332858845339, 4.955635593220339, 4.947592690677966, 4.9404690810381355, 4.931642611228813, 4.931472788665254, 4.9251632018008475, 4.917584414724576, 4.916039459745763, 4.906996159957627, 4.904617319915254, 4.90296643273305, 4.89668266684322, 4.894893405720339, 4.888172007415254, 4.882303032309322, 4.881499271716102, 4.879103879766949, 4.878507680084746, 4.871409229343221, 4.869086996822034, 4.8690376721398305, 4.865887844279661, 4.859875529661017, 4.859295550847458, 4.855988148834745, 4.853022047139831], "test_losses": [6.022016506750607, 5.722092711809769, 5.539553744121663, 5.416040513121966, 5.329865983388956, 5.26678940856341, 5.216742358161408, 5.17650893128034, 5.139666807304308, 5.113025850462682, 5.089688495524879, 5.060789830476335, 5.047237655491505, 5.025319516080097, 5.008300188675667, 4.990496885429308, 4.979952617756371, 4.965154851524575, 4.954834576949333, 4.944757554137591, 4.932144905756978, 4.927774966341778, 4.920661111479824, 4.910155953712834, 4.901198896389563, 4.894655394322664, 4.886378908620297, 4.879117206462379, 4.876851498501972, 4.87017822265625, 4.864365068454187, 4.862479200640928, 4.853755321317506, 4.850076027286863, 4.849723445559011, 4.842165752521996, 4.840425065420206, 4.834949382300516, 4.83071780899196, 4.829052378830401, 4.825653372459041, 4.825404194952215, 4.818158196014108, 4.817506660535497, 4.816294846025485, 4.813024428284284, 4.806826693340413, 4.807099277533374, 4.803095549055674, 4.800709252218598], "status": "OK"}