{"data": "data/ptb", "recepie_id": 1013324, "recepies_list_path": "data/models_recepies.json", "cuda": true, "batch_size": 20, "model": "CustomRNN", "emsize": 400, "nhid": 600, "nlayers": 3, "dropout": 0.1, "dropouth": 0.25, "dropouti": 0.4, "dropoute": 0.0, "wdrop": 0.1, "tied": true, "bptt": 70, "lr": 0.001, "wdecay": 1.2e-06, "epochs": 50, "alpha": 2, "beta": 1, "log_interval": 200, "clip": 0.25, "eval_batch_size": 50, "recepie": "{\"node_0\": {\"op\": \"linear\", \"input\": [\"h_prev_1\", \"h_prev_2\"]}, \"node_1\": {\"op\": \"activation_leaky_relu\", \"input\": [\"node_0\"]}, \"node_2\": {\"op\": \"linear\", \"input\": [\"node_1\", \"x\"]}, \"node_3\": {\"op\": \"activation_tanh\", \"input\": [\"node_2\"]}, \"node_4\": {\"op\": \"elementwise_sum\", \"input\": [\"node_2\", \"node_1\"]}, \"node_5\": {\"op\": \"linear\", \"input\": [\"h_prev_1\", \"h_prev_0\"]}, \"node_7\": {\"op\": \"linear\", \"input\": [\"h_prev_0\", \"x\"]}, \"node_13\": {\"op\": \"linear\", \"input\": [\"node_3\", \"node_1\"]}, \"h_new_0\": {\"op\": \"elementwise_sum\", \"input\": [\"node_5\", \"node_4\"]}, \"h_new_1\": {\"op\": \"activation_sigm\", \"input\": [\"node_13\"]}, \"h_new_2\": {\"op\": \"activation_leaky_relu\", \"input\": [\"node_7\"]}}", "experiment_id": 999924841, "init_time": "2020-04-23_04-35-06", "num_params": 12738000, "wall_times": [227.96409344673157, 226.46526765823364, 222.45729613304138, 222.69292736053467, 222.76142978668213, 222.71766924858093, 222.71196484565735, 222.493834733963, 222.33596444129944, 222.3323016166687, 222.15420174598694, 222.55582928657532, 222.51321959495544, 222.42001128196716, 222.56870198249817, 222.58137702941895, 222.56470346450806, 222.64324641227722, 222.438782453537, 222.29004502296448, 222.47429728507996, 222.43231058120728, 222.4837555885315, 222.44753623008728, 222.64832210540771, 222.31740713119507, 222.3707423210144, 222.5522656440735, 222.8807020187378, 222.8897430896759, 222.4239890575409, 222.22540068626404, 222.3543884754181, 222.23171424865723, 222.19004249572754, 222.11113452911377, 222.17345023155212, 222.09790444374084, 222.1132800579071, 222.07399678230286, 222.21158623695374, 222.48446989059448, 222.32022666931152, 222.5746295452118, 222.3180570602417, 222.3836693763733, 222.44092869758606, 222.1147849559784, 222.2889666557312, 222.3016812801361], "train_losses": [5.826714707385294, 5.570718022161261, 5.385433475875423, 5.269823099887042, 5.201065871927277, 5.117088325668334, 5.066035817062019, 5.034271455274057, 4.984523761497499, 4.951003677854876, 4.92359206067452, 4.914114188316928, 4.888629746920553, 4.837474281910602, 4.822823795788285, 4.81030303641547, 4.783494869829488, 4.770434955085794, 4.782393026195471, 4.758652960437846, 4.731094682911086, 4.710359263218762, 4.687349137351407, 4.6671848105265985, 4.689456591899306, 4.6586927982626, 4.642907270318972, 4.64138981899844, 4.624225515706525, 4.603266953767952, 4.607219639207143, 4.589752770157603, 4.606186293098811, 4.561624660453983, 4.5690438249690715, 4.545270140793932, 4.54464693937927, 4.5575433845678015, 4.558793569469098, 4.5482621799526655, 4.5272414239416925, 4.530406177720402, 4.516576821445861, 4.500024373352698, 4.492496369210908, 4.48458175326771, 4.500162629094723, 4.4870753993868, 4.4950240539777315, 4.464342205233716], "val_losses": [5.845319120762712, 5.624511387711864, 5.474198225635593, 5.3790413135593225, 5.333847325211864, 5.274568657309322, 5.233459017478814, 5.228293498411017, 5.18835639565678, 5.17046875, 5.143654661016949, 5.1600387314618645, 5.151511520127118, 5.100567730402543, 5.105138373940678, 5.103846332097458, 5.07658798993644, 5.072358315677966, 5.0938138903601695, 5.072997219279661, 5.068092558262712, 5.052347060381356, 5.029539194915254, 5.0218842690677965, 5.04671875, 5.024212129237288, 5.022554952330508, 5.020422404661017, 5.0081955111228815, 4.996614472987289, 5.002957163665254, 4.997576138771186, 5.016174192266949, 4.971499602754237, 4.986964049258474, 4.9658203125, 4.967337129237288, 4.989398503707627, 4.997021318855932, 4.990376721398305, 4.980349245233051, 4.98012546345339, 4.968173662605932, 4.956021914724576, 4.9530419094279665, 4.9468849311440675, 4.969080376059322, 4.9538853945974575, 4.976003376588983, 4.940550516419491], "test_losses": [5.808781003489078, 5.574068236119539, 5.428176435452063, 5.335999720304915, 5.292671277685073, 5.233863015776699, 5.19744873046875, 5.189386756674757, 5.151693695957221, 5.135426345380765, 5.111396863622573, 5.122453708093143, 5.108888496472997, 5.069434897413531, 5.064153874962075, 5.065785232099515, 5.046310869235437, 5.038705177677488, 5.060526727472694, 5.039267530719053, 5.027414266345571, 5.018414247383192, 4.998798851827973, 4.990865466664139, 5.020332410497573, 4.993866263084041, 4.990076157653216, 4.988875009481189, 4.979005091398665, 4.968448379664745, 4.974592190344357, 4.966807245050819, 4.982786900788835, 4.945450273532312, 4.962443231378944, 4.937577034663228, 4.939405422766232, 4.961035274764867, 4.967275971347846, 4.959613688941141, 4.944248532785953, 4.946330838990443, 4.941506691349363, 4.929496691064927, 4.925817100747118, 4.923806792324029, 4.937652291603459, 4.928832711525334, 4.944311938239533, 4.916597532994539], "status": "OK"}