{"data": "data/ptb", "recepie_id": 1011370, "recepies_list_path": "data/models_recepies.json", "cuda": true, "batch_size": 20, "model": "CustomRNN", "emsize": 400, "nhid": 600, "nlayers": 3, "dropout": 0.1, "dropouth": 0.25, "dropouti": 0.4, "dropoute": 0.0, "wdrop": 0.1, "tied": true, "bptt": 70, "lr": 0.001, "wdecay": 1.2e-06, "epochs": 50, "alpha": 2, "beta": 1, "log_interval": 200, "clip": 0.25, "eval_batch_size": 50, "recepie": "{\"node_1\": {\"op\": \"linear\", \"input\": [\"h_prev_0\", \"x\"]}, \"node_2\": {\"op\": \"activation_leaky_relu\", \"input\": [\"node_1\"]}, \"node_3\": {\"op\": \"linear\", \"input\": [\"h_prev_1\", \"x\"]}, \"node_4\": {\"op\": \"activation_sigm\", \"input\": [\"node_3\"]}, \"node_8\": {\"op\": \"linear\", \"input\": [\"h_prev_0\", \"node_2\"]}, \"node_10\": {\"op\": \"linear\", \"input\": [\"node_4\", \"h_new_1\"]}, \"h_new_0\": {\"op\": \"activation_tanh\", \"input\": [\"node_10\"]}, \"h_new_1\": {\"op\": \"activation_sigm\", \"input\": [\"node_8\"]}}", "experiment_id": 999956974, "init_time": "2020-04-15_03-43-08", "num_params": 10976400, "wall_times": [194.02101039886475, 191.19469141960144, 190.83185195922852, 190.67103958129883, 190.65333771705627, 190.57340812683105, 190.61182045936584, 190.5557677745819, 190.64421892166138, 190.74222040176392, 190.65369415283203, 190.70357418060303, 190.7399640083313, 190.76910829544067, 190.67804193496704, 190.71423387527466, 190.72607707977295, 190.7299325466156, 190.68895316123962, 190.67138576507568, 190.75131511688232, 190.54113936424255, 190.7053620815277, 190.77794408798218, 190.4613962173462, 190.7451720237732, 190.51679277420044, 190.552184343338, 190.6564426422119, 190.57377862930298, 190.58383584022522, 190.52311897277832, 190.58183884620667, 190.57392811775208, 190.65101790428162, 190.3447060585022, 190.3234314918518, 190.64949202537537, 190.48503303527832, 190.63813638687134, 190.51025414466858, 190.51423501968384, 190.44528913497925, 190.7666883468628, 190.72430062294006, 190.58011651039124, 190.70913648605347, 190.68285083770752, 190.57555317878723, 190.3041272163391], "train_losses": [5.970585565596256, 5.715826458366951, 5.574627423887903, 5.463010915900167, 5.379192216663977, 5.312567657065246, 5.256287484535528, 5.209554942579743, 5.171010166209456, 5.135428433112796, 5.100289202436663, 5.074542957613899, 5.049804845086332, 5.022726470469582, 5.0037471928621375, 4.980221864746382, 4.9656226467107745, 4.942865499435211, 4.925368794040127, 4.911445306196547, 4.8947054354257435, 4.885405740680975, 4.869166784331128, 4.850806085605939, 4.838150432332849, 4.829861391264591, 4.813271122451724, 4.808066150960142, 4.799617842638911, 4.789864719487924, 4.776818252111236, 4.772887838873649, 4.762441335861438, 4.757201065031467, 4.739979190199559, 4.735298666021193, 4.73034751358184, 4.71885547778495, 4.7106735954225165, 4.704942915927061, 4.69734977610134, 4.687377713006294, 4.681557524474208, 4.677318242025711, 4.667803809639072, 4.6629984770856865, 4.655944492630843, 4.648073580630412, 4.644033067075466, 4.638694462374267], "val_losses": [5.987123940677966, 5.756005693855932, 5.634760328389831, 5.540866326800847, 5.46920219809322, 5.418766220868644, 5.3790558792372885, 5.343714909957627, 5.3197801906779665, 5.293275622351695, 5.269536546610169, 5.2538569253177965, 5.237747947563559, 5.221588320974576, 5.211424788135593, 5.198545749470339, 5.1897351694915255, 5.178338519597458, 5.16869968220339, 5.157491393008475, 5.150123808262712, 5.147920418432204, 5.134090969279661, 5.122704581567796, 5.120136387711864, 5.116859772245762, 5.1083199814618645, 5.1059888109110165, 5.1025708421610165, 5.09975966631356, 5.094207163665255, 5.09169921875, 5.092235169491525, 5.084223715572034, 5.083398106461864, 5.076482719809322, 5.07251953125, 5.070993445444915, 5.064351827330508, 5.063511652542373, 5.062473516949153, 5.060364472987288, 5.054665651483051, 5.053539790783899, 5.048734441207627, 5.046619107521186, 5.044655058262712, 5.04515625, 5.042926046080509, 5.046085474046611], "test_losses": [5.933501308404126, 5.692507845684163, 5.571449650144114, 5.482395209155037, 5.413389928132585, 5.364805943757585, 5.320618860929915, 5.288224007319478, 5.259290380385315, 5.233006745866201, 5.206394825166869, 5.192838502161711, 5.174622174605583, 5.156530287659284, 5.149677165503641, 5.133980464009405, 5.121346186665655, 5.11284926331159, 5.098812955097087, 5.091577622496966, 5.081307716739988, 5.078014188599818, 5.066397953959345, 5.054990898058253, 5.053517165693265, 5.047910819933253, 5.037412773058253, 5.034272721670206, 5.037381959192961, 5.033728738432949, 5.022101244880158, 5.020452703087075, 5.022572934048847, 5.012109256485133, 5.010228425553701, 5.007612802449939, 5.001681725955704, 4.996852837719963, 4.993660639790655, 4.99011704528216, 4.987168395403519, 4.986934921116505, 4.981997591777913, 4.979639738508799, 4.974573820540049, 4.972694174757281, 4.970429059371208, 4.969940185546875, 4.966031268962379, 4.969884779846784], "status": "OK"}