{"data": "data/ptb", "recepie_id": 2003402, "recepies_list_path": "data/new_recepies_fix.json", "cuda": true, "batch_size": 20, "model": "CustomRNN", "emsize": 400, "nhid": 600, "nlayers": 3, "dropout": 0.1, "dropouth": 0.25, "dropouti": 0.4, "dropoute": 0.0, "wdrop": 0.1, "tied": true, "bptt": 70, "lr": 0.001, "wdecay": 1.2e-06, "epochs": 50, "alpha": 2, "beta": 1, "log_interval": 200, "clip": 0.25, "eval_batch_size": 50, "recepie": "{\"node_0\": {\"op\": \"linear\", \"input\": [\"h_prev_1\", \"h_prev_0\"]}, \"node_2\": {\"op\": \"elementwise_prod\", \"input\": [\"h_prev_1\", \"h_prev_0\"]}, \"node_3\": {\"op\": \"elementwise_sum\", \"input\": [\"h_prev_0\", \"node_2\"]}, \"node_4\": {\"op\": \"linear\", \"input\": [\"x\", \"h_prev_2\"]}, \"node_5\": {\"op\": \"activation_sigm\", \"input\": [\"node_4\"]}, \"node_6\": {\"op\": \"linear\", \"input\": [\"node_5\", \"h_prev_1\"]}, \"node_7\": {\"op\": \"activation_tanh\", \"input\": [\"node_6\"]}, \"node_12\": {\"op\": \"linear\", \"input\": [\"h_new_0\", \"node_7\", \"h_prev_1\"]}, \"node_13\": {\"op\": \"activation_tanh\", \"input\": [\"node_12\"]}, \"node_14\": {\"op\": \"linear\", \"input\": [\"h_prev_2\", \"node_13\"]}, \"node_15\": {\"op\": \"activation_leaky_relu\", \"input\": [\"node_14\"]}, \"h_new_0\": {\"op\": \"activation_tanh\", \"input\": [\"node_0\"]}, \"h_new_1\": {\"op\": \"elementwise_prod\", \"input\": [\"node_4\", \"node_5\"]}, \"h_new_2\": {\"op\": \"blend\", \"input\": [\"node_7\", \"node_15\", \"node_3\"]}}", "experiment_id": 999991291, "init_time": "2020-05-06_15-19-27", "num_params": 13658000, "wall_times": [312.3589389324188, 317.2722237110138, 313.4725914001465, 315.4816381931305, 315.0844507217407, 313.2188160419464, 309.3133707046509, 312.27202343940735, 306.82843112945557, 306.2434949874878, 309.21678948402405, 305.9941177368164, 305.9378538131714, 306.245050907135, 311.35962319374084, 307.91577219963074, 305.1164925098419, 304.60639214515686, 305.1562566757202, 305.7710614204407, 305.29258275032043, 305.2467083930969, 305.05926847457886, 305.97056674957275, 307.4356863498688, 307.24289441108704, 305.77467155456543, 305.85084795951843, 308.1050863265991, 306.05474853515625, 309.8863916397095, 309.11331129074097, 306.42669320106506, 310.51523327827454, 312.33438444137573, 309.255268573761, 313.95370054244995, 312.9115138053894, 315.25257110595703, 312.509370803833, 309.9422798156738, 318.04806184768677, 312.4011900424957, 315.26564383506775, 311.08976101875305, 311.5791075229645, 311.3044629096985, 311.8536682128906, 307.13374185562134, 311.0928738117218], "train_losses": [6.428531026437524, 6.389730329863912, 6.330390881340434, 6.274815434887849, 6.234833050938626, 6.202276555187995, 6.163854906271852, 6.143845224167608, 6.124939066618256, 6.0786998749394865, 6.049862836856543, 6.020720711634662, 5.998728803587758, 5.9760838577806465, 5.974071375262223, 5.938703539346996, 5.932490015329998, 5.91076117140014, 5.901351376338013, 5.879852818568124, 5.861415217712872, 5.836725011430262, 5.813361892179011, 5.811969669463719, 5.779577063498467, 5.761940841670701, 5.753375289118391, 5.727430275402076, 5.7338417278521865, 5.720579682373192, 5.708926698402453, 5.698193178150718, 5.686598185950191, 5.677477509278683, 5.669471703377979, 5.650485702087031, 5.656354217094293, 5.636800905007799, 5.633874841993437, 5.62219790490022, 5.617311047684363, 5.616673138212038, 5.6126086715346135, 5.6095132557420255, 5.598908325937281, 5.59366805510731, 5.589851944489269, 5.575532179549244, 5.5702734185896405, 5.559524770050024], "val_losses": [6.4445352224576276, 6.418883077330508, 6.3752330508474575, 6.339243246822034, 6.321753840042373, 6.307142478813559, 6.287570180084746, 6.2838042902542375, 6.301096398305085, 6.264762976694915, 6.259314751059322, 6.253077330508474, 6.252923066737288, 6.251349973516949, 6.266855799788136, 6.252503972457627, 6.267971398305085, 6.2613678495762715, 6.274231991525424, 6.255802436440678, 6.262985963983051, 6.251397643008475, 6.238440148305084, 6.247830376059322, 6.250338983050847, 6.246914724576271, 6.251532044491525, 6.239235963983051, 6.251091101694915, 6.257400688559322, 6.241928628177966, 6.252314618644068, 6.245240995762712, 6.251631355932203, 6.262139830508475, 6.245946769067797, 6.252718485169492, 6.252809189618644, 6.262826403601695, 6.253657309322034, 6.260350238347457, 6.2544829184322035, 6.264193591101695, 6.249783501059322, 6.276344014830508, 6.262532441737288, 6.272752251059322, 6.260564088983051, 6.271483712923729, 6.260547537076271], "test_losses": [6.393388766686893, 6.371287521806735, 6.335211596442658, 6.304974898551274, 6.288199119197512, 6.274854937803398, 6.256984081083131, 6.251711947246663, 6.269113485095571, 6.238840047595571, 6.232766753261529, 6.228709989381068, 6.229825214274879, 6.231812708586165, 6.242178018810679, 6.227702613015777, 6.24389411407767, 6.233506878602852, 6.243622715033374, 6.233478435034891, 6.238770716398665, 6.227974012060073, 6.214814713857706, 6.223235195122876, 6.225290835482403, 6.218542006409284, 6.222025750910194, 6.212478785838895, 6.221210961202973, 6.226162512325546, 6.212889439851335, 6.224262126441141, 6.218729259898361, 6.222496254930219, 6.232954006750607, 6.216129043727245, 6.225120174074636, 6.221053336430522, 6.234828319364381, 6.225430683024879, 6.232013591284891, 6.228163635846481, 6.235660886301578, 6.224545376972087, 6.246725434238471, 6.233949531629247, 6.239638837795813, 6.233248516193871, 6.242228980203277, 6.228916205248787], "status": "OK"}