{"data": "data/ptb", "recepie_id": 2010830, "recepies_list_path": "data/new_recepies_fix.json", "cuda": true, "batch_size": 20, "model": "CustomRNN", "emsize": 400, "nhid": 600, "nlayers": 3, "dropout": 0.1, "dropouth": 0.25, "dropouti": 0.4, "dropoute": 0.0, "wdrop": 0.1, "tied": true, "bptt": 70, "lr": 0.001, "wdecay": 1.2e-06, "epochs": 50, "alpha": 2, "beta": 1, "log_interval": 200, "clip": 0.25, "eval_batch_size": 50, "recepie": "{\"node_0\": {\"op\": \"linear\", \"input\": [\"x\", \"h_prev_1\"]}, \"node_1\": {\"op\": \"activation_sigm\", \"input\": [\"node_0\"]}, \"node_2\": {\"op\": \"elementwise_prod\", \"input\": [\"node_1\", \"h_prev_0\"]}, \"node_10\": {\"op\": \"linear\", \"input\": [\"node_1\", \"h_prev_0\"]}, \"h_new_0\": {\"op\": \"activation_sigm\", \"input\": [\"node_10\"]}, \"h_new_1\": {\"op\": \"elementwise_prod\", \"input\": [\"node_2\", \"h_new_0\"]}}", "experiment_id": 999950375, "init_time": "2020-05-11_18-50-28", "num_params": 7493200, "wall_times": [120.6546037197113, 119.84080672264099, 120.50714826583862, 118.19198536872864, 117.96914649009705, 117.90673875808716, 117.7820417881012, 118.02615332603455, 117.82092690467834, 118.0188148021698, 117.73406338691711, 117.98435235023499, 117.83999443054199, 117.87255477905273, 117.95119309425354, 117.87632393836975, 118.62374520301819, 117.90399384498596, 117.80489182472229, 117.95713305473328, 117.72095608711243, 117.8120219707489, 117.8887107372284, 117.84757041931152, 117.83503556251526, 117.47807359695435, 117.88291788101196, 117.80887770652771, 117.98347520828247, 118.11964774131775, 117.68657922744751, 118.03307962417603, 117.77208614349365, 117.97308826446533, 117.97698831558228, 117.7756781578064, 118.11370825767517, 117.8470094203949, 117.90271496772766, 118.53638958930969, 118.09875154495239, 117.96422171592712, 117.92352151870728, 118.11728954315186, 117.9138593673706, 117.7750792503357, 117.87636756896973, 118.02868342399597, 118.04013252258301, 118.03662490844727], "train_losses": [6.60462976036792, 6.575398966569845, 6.559688239605185, 6.5520929986283685, 6.547628893012748, 6.54534914407509, 6.543728316120704, 6.542863902560379, 6.541979738179764, 6.541620021112366, 6.540996399467485, 6.540332855951805, 6.540485819751493, 6.539789498278737, 6.540263097735464, 6.540869910171589, 6.541177098461621, 6.5411577678715505, 6.540717786832338, 6.541259883814749, 6.540665678285192, 6.54052195955032, 6.540691732558765, 6.540618612500673, 6.540634161018772, 6.541035480877844, 6.541336365714593, 6.542025963503846, 6.542095301489968, 6.542634877091065, 6.544030881878328, 6.545109612850304, 6.545628597170674, 6.54566137512775, 6.546361478672476, 6.546387532946049, 6.547350700607821, 6.546759436689796, 6.547226732693239, 6.5473809571835835, 6.547315401269431, 6.547299432521112, 6.546645134070249, 6.547394404550589, 6.547911287719865, 6.548931186461191, 6.549008929051691, 6.549137519498682, 6.549842665806035, 6.549739709402399], "val_losses": [6.604192266949153, 6.574945709745763, 6.55744968220339, 6.54887844279661, 6.543693723516949, 6.54059719279661, 6.538985037076271, 6.537335805084746, 6.536202330508474, 6.535282706567797, 6.5345603813559325, 6.533565280720339, 6.5332547669491525, 6.532799920550848, 6.532719147245762, 6.532991922669492, 6.533521583686441, 6.532756223516949, 6.533387844279661, 6.533949284957627, 6.533473914194915, 6.533787076271186, 6.534124073093221, 6.534203522245763, 6.5343736758474575, 6.534688824152543, 6.535477356991525, 6.535796477754237, 6.535978548728814, 6.536812102754237, 6.538316340042373, 6.539612023305085, 6.539979475635593, 6.540421080508475, 6.541267876059322, 6.541701536016949, 6.542950211864407, 6.542065677966102, 6.542762844279661, 6.5429369703389835, 6.5425880561440675, 6.542620497881356, 6.542133209745763, 6.542993246822034, 6.543971133474576, 6.544582229872882, 6.545088056144068, 6.545043034957627, 6.545686573093221, 6.546039459745763], "test_losses": [6.523659715374697, 6.497233270441444, 6.484796320350425, 6.478094897223908, 6.474268052184466, 6.47204115784284, 6.470460762097997, 6.469395906022451, 6.469177838668083, 6.468304976676274, 6.467947654353762, 6.46709493988926, 6.467822621169599, 6.466556289820995, 6.466869761642901, 6.467736697891383, 6.467986764259709, 6.467816695426274, 6.467764548885012, 6.468869107440837, 6.467717735512743, 6.46778054839199, 6.468050169713289, 6.467693439965109, 6.467713587492415, 6.467561888463289, 6.467878323156857, 6.468457268279733, 6.468544376706614, 6.469266132243629, 6.471026670585558, 6.47235818511074, 6.472384258381371, 6.472535364836165, 6.472741580703883, 6.472977425288228, 6.47363755309466, 6.473550444667779, 6.473482298619539, 6.473787474400789, 6.473956358085558, 6.473708662014563, 6.473111347087379, 6.473850287280037, 6.47454596954642, 6.475363722125303, 6.476030368249393, 6.475518976600425, 6.476235398968447, 6.476162512325546], "status": "OK"}