{"data": "data/ptb", "recepie_id": 2001905, "recepies_list_path": "data/new_recepies_fix.json", "cuda": true, "batch_size": 20, "model": "CustomRNN", "emsize": 400, "nhid": 600, "nlayers": 3, "dropout": 0.1, "dropouth": 0.25, "dropouti": 0.4, "dropoute": 0.0, "wdrop": 0.1, "tied": true, "bptt": 70, "lr": 0.001, "wdecay": 1.2e-06, "epochs": 50, "alpha": 2, "beta": 1, "log_interval": 200, "clip": 0.25, "eval_batch_size": 50, "recepie": "{\"node_0\": {\"op\": \"linear\", \"input\": [\"h_prev_0\", \"h_prev_1\", \"x\"]}, \"node_1\": {\"op\": \"activation_leaky_relu\", \"input\": [\"node_0\"]}, \"node_2\": {\"op\": \"linear\", \"input\": [\"h_prev_0\", \"h_prev_1\", \"node_1\"]}, \"node_3\": {\"op\": \"activation_tanh\", \"input\": [\"node_2\"]}, \"node_5\": {\"op\": \"linear\", \"input\": [\"h_prev_1\", \"h_prev_0\"]}, \"node_6\": {\"op\": \"activation_leaky_relu\", \"input\": [\"node_5\"]}, \"node_7\": {\"op\": \"linear\", \"input\": [\"h_prev_1\", \"node_6\"]}, \"node_8\": {\"op\": \"activation_leaky_relu\", \"input\": [\"node_7\"]}, \"node_9\": {\"op\": \"linear\", \"input\": [\"h_prev_0\", \"node_3\"]}, \"node_10\": {\"op\": \"activation_leaky_relu\", \"input\": [\"node_9\"]}, \"node_11\": {\"op\": \"elementwise_prod\", \"input\": [\"node_6\", \"node_8\"]}, \"node_14\": {\"op\": \"linear\", \"input\": [\"node_3\", \"h_prev_0\"]}, \"node_15\": {\"op\": \"activation_sigm\", \"input\": [\"node_14\"]}, \"node_19\": {\"op\": \"linear\", \"input\": [\"node_15\", \"node_8\"]}, \"h_new_0\": {\"op\": \"activation_tanh\", \"input\": [\"node_19\"]}, \"h_new_1\": {\"op\": \"blend\", \"input\": [\"node_11\", \"node_10\", \"node_9\"]}}", "experiment_id": 999937820, "init_time": "2020-05-13_06-43-41", "num_params": 18061200, "wall_times": [407.39639711380005, 407.87496542930603, 393.48847675323486, 383.3457193374634, 388.3142251968384, 391.9530072212219, 388.53194975852966, 386.3918454647064, 390.3577833175659, 388.3040108680725, 386.6890375614166, 387.73137068748474, 388.64186787605286, 388.1737117767334, 386.3306384086609, 383.37929344177246, 390.11107110977173, 389.41167879104614, 391.62700033187866, 385.2633535861969, 388.6158244609833, 398.8099467754364, 411.88499331474304, 397.1755337715149, 402.33692264556885, 401.4444100856781, 396.9813573360443, 399.9042251110077, 396.4039468765259, 393.15239572525024, 399.3448021411896, 409.8692545890808, 408.70002603530884, 399.92927050590515, 399.5753400325775, 396.87057542800903, 398.8014998435974, 401.67971777915955, 395.1208472251892, 395.80309534072876, 398.6053273677826, 400.4065308570862, 399.05412006378174, 396.4387710094452, 395.1609547138214, 399.39738726615906, 396.94263315200806, 399.11228227615356, 402.651896238327, 398.20097947120667], "train_losses": [6.546932571539992, 6.521617062691625, 6.2043319011887474, 6.064079225162713, 5.957890830912807, 5.85076238166317, 5.779599755930289, 5.711356469528266, 5.644076350788016, 5.584157825022861, 5.530905831450702, 5.481266557070626, 5.44947614100909, 5.419058196842558, 5.379243064520467, 5.351075032946049, 5.326715127615513, 5.302851514173525, 5.283661280996181, 5.261876966677424, 5.247762694314453, 5.223515410682588, 5.207497495427895, 5.187593291108601, 5.175979388548222, 5.163080842208595, 5.1589428352428595, 5.140522043596364, 5.136190730729923, 5.117826670162982, 5.10683470832661, 5.099913936851165, 5.086400593701253, 5.082338228174923, 5.069972113522672, 5.065085676537034, 5.056954642031091, 5.051384070249045, 5.043583336695175, 5.0373370347211015, 5.0262984273304285, 5.032257291834759, 5.012503950164058, 5.008381911946641, 5.0036509601420045, 5.002810079473939, 4.99785766634393, 4.9859395171050505, 4.982444462374267, 4.978108526975419], "val_losses": [6.541871689618644, 6.517256355932203, 6.218746689618644, 6.091124205508475, 5.991161281779661, 5.891688956567797, 5.831110301906779, 5.774235963983051, 5.711811440677966, 5.66195908368644, 5.617029925847458, 5.575051641949153, 5.548809917902543, 5.5299347854872885, 5.495211533368644, 5.470918299788136, 5.4515717690677965, 5.433627515889831, 5.4208299126059325, 5.399142280190678, 5.39437797934322, 5.374224708686441, 5.359618644067797, 5.344663003177966, 5.335293630826271, 5.327117981991526, 5.320613082627118, 5.307265956038136, 5.305781912076271, 5.291820047669492, 5.283415320444916, 5.279935778601695, 5.270298596398305, 5.2680614406779664, 5.256823027012712, 5.2558299126059325, 5.245831236758475, 5.245685911016949, 5.2356336069915255, 5.230092028601695, 5.2224453787076275, 5.232713188559322, 5.2154594809322035, 5.21106296345339, 5.205408501059322, 5.209025754766949, 5.2076248013771185, 5.195959017478813, 5.1900244968220335, 5.187128575211864], "test_losses": [6.47345681792324, 6.449341412886833, 6.158540892369539, 6.03344963592233, 5.934014477776092, 5.842372857251213, 5.781776206007281, 5.724946549795206, 5.665002915465716, 5.613775456993325, 5.567855094243022, 5.52454324370449, 5.497048979824029, 5.472575067316444, 5.441651575773665, 5.416147769076153, 5.398426833662015, 5.377830727586469, 5.365547254247573, 5.347876095077367, 5.337546339312803, 5.31677720153216, 5.306147010581007, 5.289109313372269, 5.280755200432342, 5.269239110854065, 5.268197957751821, 5.253183309314321, 5.25147195464199, 5.238046590564321, 5.231613603610437, 5.224888477510619, 5.217701736005765, 5.215326105506675, 5.201600898816747, 5.200262865973908, 5.193045903178095, 5.190690420206311, 5.180995311551881, 5.175567923240291, 5.171019322663835, 5.174958756826456, 5.158747108237257, 5.158621482478762, 5.154621605734223, 5.156820056507889, 5.152141089578277, 5.141734891724818, 5.135941885050061, 5.133838246169599], "status": "OK"}