{"data": "data/ptb", "recepie_id": 2005950, "recepies_list_path": "data/new_recepies_fix.json", "cuda": true, "batch_size": 20, "model": "CustomRNN", "emsize": 400, "nhid": 600, "nlayers": 3, "dropout": 0.1, "dropouth": 0.25, "dropouti": 0.4, "dropoute": 0.0, "wdrop": 0.1, "tied": true, "bptt": 70, "lr": 0.001, "wdecay": 1.2e-06, "epochs": 50, "alpha": 2, "beta": 1, "log_interval": 200, "clip": 0.25, "eval_batch_size": 50, "recepie": "{\"node_0\": {\"op\": \"linear\", \"input\": [\"h_prev_1\", \"h_prev_0\"]}, \"node_1\": {\"op\": \"activation_leaky_relu\", \"input\": [\"node_0\"]}, \"node_2\": {\"op\": \"linear\", \"input\": [\"h_prev_0\", \"h_prev_2\"]}, \"node_3\": {\"op\": \"activation_sigm\", \"input\": [\"node_2\"]}, \"node_4\": {\"op\": \"linear\", \"input\": [\"h_prev_0\", \"h_prev_2\"]}, \"node_7\": {\"op\": \"linear\", \"input\": [\"h_prev_1\", \"node_1\", \"node_3\"]}, \"node_8\": {\"op\": \"activation_sigm\", \"input\": [\"node_7\"]}, \"node_10\": {\"op\": \"linear\", \"input\": [\"x\", \"node_8\"]}, \"h_new_0\": {\"op\": \"linear\", \"input\": [\"node_1\", \"node_8\"]}, \"h_new_1\": {\"op\": \"elementwise_sum\", \"input\": [\"node_0\", \"node_4\"]}, \"h_new_2\": {\"op\": \"activation_tanh\", \"input\": [\"node_10\"]}}", "experiment_id": 999965428, "init_time": "2020-05-14_22-28-15", "num_params": 15419600, "wall_times": [306.1680152416229, 307.1054606437683, 300.6500585079193, 296.8318192958832, 301.75645661354065, 300.573114156723, 296.62926626205444, 305.79382967948914, 300.59213757514954, 301.3360176086426, 301.49044823646545, 302.6187324523926, 301.2219340801239, 300.55219864845276, 299.32618522644043, 299.4645314216614, 300.2667751312256, 302.15884709358215, 300.6998269557953, 299.1082923412323, 298.3183228969574, 300.1465394496918, 300.4631543159485, 299.4184651374817, 304.00543665885925, 300.8442602157593, 297.32066655158997, 297.7846872806549, 299.6471321582794, 298.39669728279114, 302.8888576030731, 301.89198112487793, 298.869464635849, 297.4944837093353, 301.42589378356934, 302.40586400032043, 299.8229339122772, 297.4860978126526, 298.06645607948303, 300.87779784202576, 302.1591737270355, 299.9369156360626, 298.5103120803833, 298.1970446109772, 299.33323764801025, 298.7241117954254, 296.8549621105194, 300.76018834114075, 298.80987882614136, 300.5315270423889], "train_losses": [6.560261853854016, 6.46748174519929, 6.447124532703997, 6.427383797939863, 6.421471158759615, 6.420510512479156, 6.415978329568071, 6.4198709220859556, 6.40966437052875, 6.406287400489484, 6.395599685331612, 6.392298356731752, 6.396460316819967, 6.388967612016567, 6.389438269861761, 6.375603870824593, 6.374294853692647, 6.377552478349739, 6.3797540644666775, 6.385503654321984, 6.385499452019794, 6.38678493625948, 6.378780391049433, 6.3682342934753375, 6.364287491259211, 6.356485917244903, 6.339298501290947, 6.324658941154322, 6.325657828384703, 6.325617066053467, 6.316688014361788, 6.30809430638481, 6.30498796460653, 6.294794860416331, 6.29681658799957, 6.292746658329299, 6.282192996611264, 6.305681764697972, 6.280370037921575, 6.273324037840891, 6.260775123043408, 6.258756757301921, 6.256463140767038, 6.25087407885536, 6.251700671695982, 6.256330768248077, 6.234837253240816, 6.232840739470712, 6.230973236377817, 6.227861431606692], "val_losses": [6.556218220338983, 6.477353681144068, 6.466447298728814, 6.45078125, 6.451540651483051, 6.453564618644068, 6.452958818855932, 6.456633342161017, 6.45443061440678, 6.448087923728814, 6.442338453389831, 6.44143935381356, 6.448568591101695, 6.439278336864406, 6.4433176641949155, 6.430723649364407, 6.4311917372881355, 6.438528866525424, 6.438971795550848, 6.442789327330509, 6.441142743644067, 6.44868313029661, 6.441848516949152, 6.429672934322034, 6.43069716631356, 6.424529925847458, 6.407597987288136, 6.399531912076271, 6.401971663135593, 6.403118379237288, 6.401215572033898, 6.392352356991525, 6.392828389830508, 6.387559586864406, 6.398234242584746, 6.391716101694915, 6.388294491525424, 6.410362155720339, 6.393006488347457, 6.387101430084746, 6.37463718220339, 6.376855137711864, 6.374429290254238, 6.370369438559322, 6.377141154661017, 6.380913003177966, 6.367562235169491, 6.366466498940678, 6.366670418432204, 6.365211864406779], "test_losses": [6.489402993211469, 6.418794206045206, 6.409311831576153, 6.394828722314927, 6.395740101638349, 6.395971205628034, 6.397434271655037, 6.397714559314321, 6.399499393203883, 6.39654778045358, 6.387529984261226, 6.387404951077063, 6.394634357933859, 6.386100694971177, 6.392051918992719, 6.378202864267294, 6.377856208282767, 6.3895263671875, 6.391439197132889, 6.396133570995145, 6.399616130347391, 6.404396427487864, 6.402876474324939, 6.391820815003034, 6.389616438486044, 6.385778927108617, 6.368350723414745, 6.362495496435073, 6.361246942316444, 6.363266435641687, 6.360946507129855, 6.355474083168993, 6.354592332562197, 6.350775561286408, 6.358289996397148, 6.355822516876517, 6.351227695502124, 6.374696009367415, 6.354579888501213, 6.348766734299151, 6.335373961809769, 6.336300155491505, 6.339651755916262, 6.335273816747573, 6.340093223793993, 6.348004091133192, 6.327044144417476, 6.332749450091019, 6.334213108692355, 6.329745690799454], "status": "OK"}