{"data": "data/ptb", "recepie_id": 2006423, "recepies_list_path": "data/new_recepies_fix.json", "cuda": true, "batch_size": 20, "model": "CustomRNN", "emsize": 400, "nhid": 600, "nlayers": 3, "dropout": 0.1, "dropouth": 0.25, "dropouti": 0.4, "dropoute": 0.0, "wdrop": 0.1, "tied": true, "bptt": 70, "lr": 0.001, "wdecay": 1.2e-06, "epochs": 50, "alpha": 2, "beta": 1, "log_interval": 200, "clip": 0.25, "eval_batch_size": 50, "recepie": "{\"node_2\": {\"op\": \"linear\", \"input\": [\"x\", \"h_prev_1\"]}, \"node_7\": {\"op\": \"linear\", \"input\": [\"h_prev_1\", \"h_prev_0\"]}, \"h_new_0\": {\"op\": \"activation_leaky_relu\", \"input\": [\"node_2\"]}, \"h_new_1\": {\"op\": \"activation_sigm\", \"input\": [\"node_7\"]}}", "experiment_id": 999989770, "init_time": "2020-05-07_12-59-03", "num_params": 7493200, "wall_times": [163.19838213920593, 157.89247035980225, 156.1517140865326, 160.73815488815308, 156.38801765441895, 154.84388518333435, 156.569340467453, 157.91134428977966, 157.97113871574402, 157.730890750885, 157.59834575653076, 158.85028648376465, 157.87140893936157, 157.55842685699463, 157.51959538459778, 159.48366475105286, 158.12493133544922, 155.5707836151123, 158.08040595054626, 157.20851588249207, 157.10588240623474, 158.12228178977966, 156.8847575187683, 156.3228783607483, 155.33762001991272, 154.6305332183838, 155.57563090324402, 154.94994854927063, 156.86631035804749, 155.6767098903656, 154.87441992759705, 155.06036806106567, 155.55560874938965, 157.4611794948578, 156.95152735710144, 157.66821479797363, 156.6211314201355, 158.01171112060547, 161.36562037467957, 156.4914481639862, 156.25950837135315, 156.01787877082825, 157.94367957115173, 156.09957432746887, 156.65504121780396, 157.27788281440735, 155.28084063529968, 154.25104808807373, 159.49063801765442, 155.73805499076843], "train_losses": [5.738525613872304, 5.508826515518262, 5.390951098649884, 5.289296148001721, 5.23605297926416, 5.212323419262009, 5.158897870609435, 5.125433257355709, 5.092846505029315, 5.0843729828949495, 5.0623890592222045, 5.040500527809155, 5.0128359320370075, 5.000207173497929, 4.980081087623043, 4.97224673565166, 4.949734582593728, 4.944310671158087, 4.936034236996396, 4.925279705233716, 4.911013309531493, 4.9040950594373625, 4.888677232935291, 4.889620649776774, 4.877499949572374, 4.872302962454952, 4.865801160507773, 4.858879128341671, 4.855243716717767, 4.849931586520359, 4.84398028615997, 4.845980161771825, 4.841132385966328, 4.829344508095315, 4.825797765047604, 4.824262664057877, 4.815374374697434, 4.811456988596633, 4.813034953068689, 4.803794931015007, 4.801360537356786, 4.795945870985961, 4.796131192512506, 4.793255136894196, 4.790690471868108, 4.785975068581572, 4.785509453499005, 4.77872903891668, 4.7763429717336345, 4.777496923914797], "val_losses": [5.775428363347458, 5.5741280455508475, 5.4797666181144065, 5.406873013771186, 5.3715105270127115, 5.363343485169492, 5.3270746159957625, 5.3100238347457624, 5.296170219809322, 5.2939946371822035, 5.2823662605932205, 5.272836996822034, 5.25798298463983, 5.254932799258475, 5.24609970868644, 5.246305945444916, 5.2341343352754235, 5.236604872881356, 5.234845736228814, 5.233640757415254, 5.227336798199152, 5.225321769067796, 5.218385195974577, 5.222819451800848, 5.217913797669492, 5.218905256885593, 5.220910354872881, 5.216836599576271, 5.219778535487288, 5.217961467161017, 5.218873808262712, 5.221094412076271, 5.2202664856991525, 5.215635593220339, 5.214812301377119, 5.218768538135593, 5.216074549788136, 5.215528998940678, 5.218102158368644, 5.216482719809322, 5.215548861228814, 5.216471795550848, 5.217330839512712, 5.218398768538136, 5.225120497881356, 5.222861824682203, 5.220162208686441, 5.221977621822034, 5.2211129502118645, 5.228072695974577], "test_losses": [5.725002844356796, 5.521858881978155, 5.429931640625, 5.349452935376213, 5.316451878223605, 5.305924202631978, 5.270212117908071, 5.249722675212379, 5.231367685262439, 5.230755555976942, 5.218847182190534, 5.20886941557949, 5.192880574939321, 5.188910326911408, 5.179778163872876, 5.178003996321299, 5.166753380043993, 5.168429180256371, 5.167497653405643, 5.16668701171875, 5.161016075356493, 5.159231241466929, 5.15185783904733, 5.158070388349515, 5.153567415996663, 5.153883258115898, 5.152433228724211, 5.151302596897755, 5.151725694971177, 5.150428549757281, 5.151406297405947, 5.153680005119842, 5.15289069610892, 5.150785872079794, 5.149162218408677, 5.151335188486044, 5.150065894265777, 5.148160175212379, 5.151816951418386, 5.148621198043083, 5.147628636036105, 5.147584192961165, 5.149661758570995, 5.149034814927185, 5.151675918727245, 5.14996100860892, 5.149157477814017, 5.148873634708738, 5.148052326683859, 5.152209235626517], "status": "OK"}