{"data": "data/ptb", "recepie_id": 2009147, "recepies_list_path": "data/new_recepies_fix.json", "cuda": true, "batch_size": 20, "model": "CustomRNN", "emsize": 400, "nhid": 600, "nlayers": 3, "dropout": 0.1, "dropouth": 0.25, "dropouti": 0.4, "dropoute": 0.0, "wdrop": 0.1, "tied": true, "bptt": 70, "lr": 0.001, "wdecay": 1.2e-06, "epochs": 50, "alpha": 2, "beta": 1, "log_interval": 200, "clip": 0.25, "eval_batch_size": 50, "recepie": "{\"node_0\": {\"op\": \"linear\", \"input\": [\"h_prev_0\", \"x\"]}, \"node_1\": {\"op\": \"activation_tanh\", \"input\": [\"node_0\"]}, \"node_3\": {\"op\": \"linear\", \"input\": [\"h_prev_0\", \"node_1\"]}, \"node_4\": {\"op\": \"activation_tanh\", \"input\": [\"node_3\"]}, \"node_11\": {\"op\": \"linear\", \"input\": [\"node_4\", \"x\"]}, \"node_12\": {\"op\": \"activation_leaky_relu\", \"input\": [\"node_11\"]}, \"node_14\": {\"op\": \"linear\", \"input\": [\"h_prev_0\", \"x\", \"node_12\"]}, \"h_new_0\": {\"op\": \"activation_tanh\", \"input\": [\"node_14\"]}}", "experiment_id": 999933956, "init_time": "2020-05-19_03-34-55", "num_params": 11816400, "wall_times": [210.7147536277771, 208.831640958786, 206.65946316719055, 206.42934489250183, 206.89368224143982, 206.78258156776428, 206.90142846107483, 207.14415431022644, 206.6913938522339, 206.94636702537537, 206.96875524520874, 206.76866102218628, 206.96373867988586, 206.45086336135864, 206.97647285461426, 206.5280270576477, 207.05140900611877, 206.9334900379181, 206.79413866996765, 206.75984477996826, 206.79229736328125, 206.71883916854858, 206.8882622718811, 206.81828498840332, 207.16046595573425, 206.93581414222717, 206.82783246040344, 206.98575687408447, 206.9344506263733, 206.8065505027771, 206.92262387275696, 206.76885867118835, 206.95907425880432, 206.68154001235962, 206.86624002456665, 206.74148964881897, 206.84764623641968, 207.06955909729004, 206.83869862556458, 206.69107055664062, 206.28771901130676, 206.7176411151886, 206.30751752853394, 206.56240010261536, 206.51058840751648, 206.42005038261414, 206.54830718040466, 206.4127655029297, 206.58908820152283, 206.57756567001343], "train_losses": [5.449037840890753, 5.15648785030391, 5.002041898633747, 4.89210000806842, 4.801763538136733, 4.732775603786779, 4.677702332445807, 4.634603100962831, 4.595041367462751, 4.553485221343661, 4.526386255446184, 4.499128022295735, 4.469502632322091, 4.463663533430155, 4.437503361841752, 4.420506310176967, 4.405957939997848, 4.398777466247108, 4.366960575681781, 4.36545489080738, 4.357803759211446, 4.34035874213329, 4.324080284142865, 4.317457035662417, 4.294717117825829, 4.298333198859663, 4.2888515444301, 4.2736871167500405, 4.255587801221021, 4.255270527405734, 4.249243165375719, 4.244250410144693, 4.236476151094616, 4.213654708595557, 4.225423676106718, 4.224687012532946, 4.214616615566672, 4.2034191611532465, 4.200712878543381, 4.190455479129686, 4.1853055577967835, 4.18358597574095, 4.173906813108493, 4.168908594884622, 4.17039620985961, 4.157644323866387, 4.1567609999462105, 4.155686891506643, 4.143477102495831, 4.1382208629175405], "val_losses": [5.500508474576272, 5.263682468220339, 5.143554356461864, 5.065291975635593, 5.009406117584746, 4.966021252648305, 4.932069981461864, 4.908264367055085, 4.893032309322034, 4.869699417372881, 4.862238810911017, 4.8482229872881355, 4.830725966631356, 4.835717359639831, 4.825166181144068, 4.81688327595339, 4.817874404131356, 4.814014830508475, 4.79783732786017, 4.795453522245762, 4.800397576800847, 4.7933074020127115, 4.779399165783898, 4.783776483050848, 4.768640095338983, 4.775730270127118, 4.766172206038136, 4.76328952595339, 4.753031647245763, 4.756825344279661, 4.7544806011652545, 4.754595471398305, 4.751409560381356, 4.742470868644068, 4.753140889830508, 4.750792174258475, 4.745208885063559, 4.739057865466101, 4.742087857521186, 4.736101363877118, 4.729484573622881, 4.737038863877118, 4.730205243644067, 4.732617518538135, 4.736621755826271, 4.7279512049788135, 4.725741525423729, 4.726934917902542, 4.722020325741526, 4.721202992584746], "test_losses": [5.469950555597694, 5.223568814472087, 5.106716118969963, 5.034446938523969, 4.978885983957828, 4.935714277248938, 4.901515923657463, 4.879438678037773, 4.856708415503641, 4.836653922368022, 4.824234156932645, 4.814257871757433, 4.801029242358162, 4.807976583832676, 4.794286635315534, 4.786135775371663, 4.783153941330401, 4.780688832107099, 4.762631610759254, 4.765907065382281, 4.771104238565686, 4.758801802848149, 4.752887022148058, 4.750184290617415, 4.737454608806129, 4.741898323725728, 4.735382376365291, 4.73294422927412, 4.721392288948726, 4.72145539811514, 4.721935383324484, 4.720055441254551, 4.717623219906705, 4.707635675819175, 4.719171616637591, 4.719805374886226, 4.715922235285194, 4.707967221158222, 4.710562104160346, 4.702180732801122, 4.69902053388577, 4.703021595778974, 4.699753548335103, 4.7002927909777, 4.704185708055219, 4.696475130840413, 4.695813521598149, 4.695721080002276, 4.68948482772679, 4.689627638140928], "status": "OK"}