{"data": "data/ptb", "recepie_id": 2000179, "recepies_list_path": "data/new_recepies_fix.json", "cuda": true, "batch_size": 20, "model": "CustomRNN", "emsize": 400, "nhid": 600, "nlayers": 3, "dropout": 0.1, "dropouth": 0.25, "dropouti": 0.4, "dropoute": 0.0, "wdrop": 0.1, "tied": true, "bptt": 70, "lr": 0.001, "wdecay": 1.2e-06, "epochs": 50, "alpha": 2, "beta": 1, "log_interval": 200, "clip": 0.25, "eval_batch_size": 50, "recepie": "{\"node_0\": {\"op\": \"linear\", \"input\": [\"x\", \"h_prev_0\"]}, \"node_1\": {\"op\": \"activation_leaky_relu\", \"input\": [\"node_0\"]}, \"node_3\": {\"op\": \"linear\", \"input\": [\"h_prev_0\", \"x\"]}, \"node_4\": {\"op\": \"activation_sigm\", \"input\": [\"node_3\"]}, \"node_6\": {\"op\": \"linear\", \"input\": [\"node_4\", \"node_1\", \"h_prev_0\"]}, \"node_7\": {\"op\": \"activation_tanh\", \"input\": [\"node_6\"]}, \"node_13\": {\"op\": \"linear\", \"input\": [\"h_prev_0\", \"x\", \"node_7\"]}, \"h_new_0\": {\"op\": \"activation_sigm\", \"input\": [\"node_13\"]}}", "experiment_id": 999998772, "init_time": "2020-05-11_09-20-53", "num_params": 12696400, "wall_times": [229.38439202308655, 226.57404041290283, 224.60807371139526, 225.5831322669983, 227.0041642189026, 227.23030877113342, 224.6723804473877, 221.60650634765625, 226.45823407173157, 224.99212527275085, 224.02967619895935, 225.32643294334412, 227.17580032348633, 223.1807246208191, 222.8743691444397, 222.34201383590698, 222.45592951774597, 227.3277223110199, 225.31847023963928, 222.315434217453, 224.81116390228271, 221.93388605117798, 226.4512631893158, 226.12364983558655, 226.7116527557373, 225.1060471534729, 225.723623752594, 224.17249369621277, 226.58475804328918, 224.25653219223022, 226.45034503936768, 225.52454161643982, 225.69709587097168, 224.31558322906494, 225.0886354446411, 226.1579568386078, 221.57243371009827, 223.07277011871338, 221.966712474823, 224.98035955429077, 229.14407348632812, 223.98170447349548, 224.7395372390747, 221.36214017868042, 224.51700925827026, 226.4850628376007, 225.13335347175598, 226.1402428150177, 227.31092882156372, 223.89657950401306], "train_losses": [5.991687005809262, 5.698174688021085, 5.529402667957614, 5.3968763447367, 5.313702278656339, 5.245406463476951, 5.1865393537195414, 5.1400744984132105, 5.097743027540208, 5.064049809047389, 5.029420737857028, 5.0045658013286, 4.9834273808563285, 4.963993414152009, 4.945486475310634, 4.929975357699963, 4.908931489026949, 4.897199922005272, 4.880922304475284, 4.865086348905384, 4.852660141331827, 4.8394052397665535, 4.831184696223979, 4.816127007019525, 4.807546746409553, 4.798102492469474, 4.780839014845893, 4.772031829917702, 4.758297445672637, 4.752863868941962, 4.746580586708623, 4.734560741756764, 4.7206973468344895, 4.7135786469259315, 4.705137482518423, 4.6966551355494595, 4.688864067290624, 4.682138702866979, 4.677978843929859, 4.666321237426712, 4.659085713517293, 4.6524712898714435, 4.645201727314292, 4.63626216986714, 4.628884187913506, 4.6217713712280135, 4.615330502662578, 4.610728561535152, 4.6063833810714865, 4.604460407589694], "val_losses": [6.004428628177966, 5.732740333686441, 5.5867789989406775, 5.47842326536017, 5.41491657838983, 5.367164989406779, 5.3258775820974575, 5.298579846398305, 5.268182931673729, 5.252861824682204, 5.231640293961864, 5.2191889565677965, 5.2058070709745765, 5.195902409957627, 5.186174192266949, 5.176866393008474, 5.170968948622881, 5.161423795021187, 5.154841101694915, 5.148477886652542, 5.144356792902542, 5.138951271186441, 5.136162605932204, 5.129697100105933, 5.123315677966102, 5.120295617055085, 5.11343452065678, 5.111794557733051, 5.104136652542373, 5.100968617584746, 5.102417902542373, 5.098052833686441, 5.093559653072034, 5.089181011652542, 5.08529892743644, 5.08252251059322, 5.080507481461864, 5.081349311440678, 5.080248940677966, 5.076597590042373, 5.072570511122882, 5.072085871292373, 5.07139797404661, 5.069084679555084, 5.067772444385593, 5.063651019597458, 5.0617733712923725, 5.060426046080509, 5.058935381355933, 5.062969743114407], "test_losses": [5.958896081424454, 5.685073408108313, 5.537512325546117, 5.425902135163835, 5.361191240329187, 5.310462136870449, 5.269317923240291, 5.238155031667172, 5.208411948194781, 5.188964251175667, 5.167405804384102, 5.153269351107403, 5.139565477093447, 5.130056436779429, 5.118719897223908, 5.111098798733313, 5.101791826266687, 5.095086255119842, 5.087547524461469, 5.080124938372269, 5.075152054573726, 5.070385979217233, 5.065649532577367, 5.059554312993022, 5.054371657880765, 5.050963170320085, 5.043883684769417, 5.04027609223301, 5.034022062727549, 5.030156700356493, 5.029608569098908, 5.025694023058253, 5.020458036256068, 5.017850709192961, 5.014422666679308, 5.011574161862864, 5.009202086809769, 5.009719996776395, 5.007093114760315, 5.004744150106189, 5.002203191368325, 5.000074071791565, 4.999525940533981, 4.996725434238471, 4.994623573081007, 4.991171235019721, 4.990616585444478, 4.988563907956614, 4.988240954945389, 4.992124687120753], "status": "OK"}