{"data": "data/ptb", "recepie_id": 2009651, "recepies_list_path": "data/new_recepies_fix.json", "cuda": true, "batch_size": 20, "model": "CustomRNN", "emsize": 400, "nhid": 600, "nlayers": 3, "dropout": 0.1, "dropouth": 0.25, "dropouti": 0.4, "dropoute": 0.0, "wdrop": 0.1, "tied": true, "bptt": 70, "lr": 0.001, "wdecay": 1.2e-06, "epochs": 50, "alpha": 2, "beta": 1, "log_interval": 200, "clip": 0.25, "eval_batch_size": 50, "recepie": "{\"node_0\": {\"op\": \"linear\", \"input\": [\"h_prev_0\", \"x\"]}, \"node_1\": {\"op\": \"activation_tanh\", \"input\": [\"node_0\"]}, \"node_3\": {\"op\": \"linear\", \"input\": [\"h_prev_0\", \"x\"]}, \"node_4\": {\"op\": \"activation_sigm\", \"input\": [\"node_3\"]}, \"h_new_0\": {\"op\": \"linear\", \"input\": [\"node_4\", \"node_1\"]}}", "experiment_id": 999991584, "init_time": "2020-05-10_09-50-08", "num_params": 9214800, "wall_times": [136.49479985237122, 136.65871047973633, 136.75621366500854, 136.81424283981323, 135.41053986549377, 134.32971835136414, 134.52264094352722, 134.0765404701233, 135.15511441230774, 134.27572226524353, 134.0079424381256, 134.3761966228485, 134.1961760520935, 135.60095357894897, 134.3629596233368, 134.2319779396057, 134.3442451953888, 134.71366143226624, 135.40690970420837, 134.29161763191223, 134.45838141441345, 134.11819696426392, 133.90055656433105, 134.02287483215332, 135.75043416023254, 135.15744280815125, 134.72985696792603, 134.87888407707214, 134.48880410194397, 135.02055883407593, 134.79661774635315, 134.967435836792, 134.7499668598175, 134.66294717788696, 134.77863669395447, 135.03116512298584, 134.90347337722778, 134.6126832962036, 134.7761127948761, 134.93349647521973, 135.55656242370605, 134.8632574081421, 134.91557955741882, 135.0832324028015, 134.48412346839905, 135.72390818595886, 134.38079595565796, 134.3255832195282, 134.5465009212494, 135.17933130264282], "train_losses": [5.663321634124038, 5.420528162148352, 5.232808381743855, 5.114547193534506, 5.046720355279437, 4.97638306169652, 4.926902634339196, 4.884961977569792, 4.852804700527137, 4.82555319106019, 4.791751553170889, 4.7516809208756925, 4.744853020278629, 4.708500164730246, 4.685148391694906, 4.666361999757948, 4.6530831450701955, 4.64994402533484, 4.608404268194287, 4.601140168629982, 4.594357652896563, 4.573944129551934, 4.5707839983056315, 4.544099379404012, 4.543187059598731, 4.527850337528911, 4.532656090312517, 4.537562698348664, 4.510636867301383, 4.49301493330106, 4.4984598562476465, 4.4699031117207255, 4.484363653784089, 4.461185435829164, 4.458672879350223, 4.456894044833522, 4.428764674439245, 4.432906463476951, 4.441509416518746, 4.42696356772094, 4.434109582593728, 4.418802276639234, 4.427300172126298, 4.414631071486203, 4.410881357242752, 4.388512922919692, 4.394971441154322, 4.382312426039482, 4.3913112359475015, 4.373401444247216], "val_losses": [5.691208951271187, 5.490662407309322, 5.341896848516949, 5.25048530190678, 5.204139962923729, 5.155503840042373, 5.12529594809322, 5.098062102754238, 5.074767942266949, 5.062070643538136, 5.043742717161017, 5.013563625529661, 5.013862552966102, 4.982978019067796, 4.976826006355933, 4.966140757415254, 4.960576337394068, 4.956388373940678, 4.93856892213983, 4.933487155720339, 4.939053893008475, 4.92676906779661, 4.927113678495763, 4.913877780720339, 4.912646649894068, 4.904235963983051, 4.906845206567796, 4.916423463983051, 4.904751390360169, 4.883667240466102, 4.892209017478813, 4.876655190677966, 4.883564949682204, 4.875222457627118, 4.876986890889831, 4.874582891949153, 4.866044425317797, 4.867522841631356, 4.878564949682203, 4.861792902542373, 4.875475039724576, 4.863892677436441, 4.8745557468220335, 4.862012049788135, 4.858907905190678, 4.852766816737288, 4.852570180084745, 4.84980766684322, 4.853282905190678, 4.846929290254237], "test_losses": [5.646739774537318, 5.447230663114381, 5.2891845703125, 5.196116623369235, 5.151767767748787, 5.101169030643204, 5.073235669182342, 5.047504906515473, 5.021444079945389, 5.00879143279733, 4.990559105734223, 4.961574517407463, 4.964815306432039, 4.936180336961469, 4.925928208434466, 4.918409032729065, 4.911405692980128, 4.908350083434466, 4.888406994273361, 4.884605629930219, 4.89059803786787, 4.8752195487902, 4.878341230373938, 4.864996456405492, 4.860670367490898, 4.856433757300516, 4.858577394948422, 4.868876929422027, 4.854518853344963, 4.838975628602852, 4.841009639999242, 4.828292698536105, 4.839611757148817, 4.822286661388804, 4.827305469698119, 4.821841341777913, 4.812334968048392, 4.812599256200698, 4.822355103724211, 4.807943695957221, 4.819866291527609, 4.814534307683556, 4.818986318643811, 4.809994892009254, 4.808438199237712, 4.801294715659132, 4.799137152514412, 4.797078549283222, 4.80348190752048, 4.791708936969053], "status": "OK"}