{"data": "data/ptb", "recepie_id": 2008345, "recepies_list_path": "data/new_recepies_fix.json", "cuda": true, "batch_size": 20, "model": "CustomRNN", "emsize": 400, "nhid": 600, "nlayers": 3, "dropout": 0.1, "dropouth": 0.25, "dropouti": 0.4, "dropoute": 0.0, "wdrop": 0.1, "tied": true, "bptt": 70, "lr": 0.001, "wdecay": 1.2e-06, "epochs": 50, "alpha": 2, "beta": 1, "log_interval": 200, "clip": 0.25, "eval_batch_size": 50, "recepie": "{\"node_1\": {\"op\": \"linear\", \"input\": [\"x\", \"h_prev_2\"]}, \"node_2\": {\"op\": \"activation_sigm\", \"input\": [\"node_1\"]}, \"node_3\": {\"op\": \"linear\", \"input\": [\"node_2\", \"h_prev_1\"]}, \"node_4\": {\"op\": \"activation_tanh\", \"input\": [\"node_3\"]}, \"node_5\": {\"op\": \"linear\", \"input\": [\"h_prev_1\", \"node_4\"]}, \"node_7\": {\"op\": \"linear\", \"input\": [\"node_2\", \"h_new_2\"]}, \"node_10\": {\"op\": \"linear\", \"input\": [\"h_prev_0\", \"node_4\"]}, \"h_new_0\": {\"op\": \"activation_sigm\", \"input\": [\"node_10\"]}, \"h_new_1\": {\"op\": \"activation_tanh\", \"input\": [\"node_7\"]}, \"h_new_2\": {\"op\": \"activation_leaky_relu\", \"input\": [\"node_5\"]}}", "experiment_id": 999917794, "init_time": "2020-05-18_11-34-13", "num_params": 12778000, "wall_times": [248.53181838989258, 248.93389105796814, 247.34705066680908, 247.7639660835266, 245.2081916332245, 243.53627681732178, 246.44476962089539, 245.96591472625732, 243.7867946624756, 244.790198802948, 246.1954391002655, 244.43159198760986, 243.7670702934265, 244.88124704360962, 242.44043016433716, 244.53847289085388, 244.89481163024902, 243.27699398994446, 244.8248519897461, 244.10472536087036, 244.80229926109314, 244.64073777198792, 243.19564270973206, 243.88230419158936, 245.12579655647278, 243.43395256996155, 244.76011657714844, 245.61892342567444, 243.30459094047546, 246.57492351531982, 243.71083307266235, 244.18737649917603, 243.0953447818756, 243.0476267337799, 243.14301252365112, 243.92642164230347, 247.42782044410706, 247.46095180511475, 248.4724314212799, 243.95762848854065, 243.02239227294922, 245.06001830101013, 243.9836781024933, 246.91352033615112, 245.72505354881287, 244.19229650497437, 242.64368891716003, 245.54226779937744, 246.07336020469666, 245.88036608695984], "train_losses": [6.599930746059921, 6.570753321499651, 6.557174422435587, 6.5505452907320745, 6.547110328922597, 6.544794440186111, 6.543580815313861, 6.542342817088914, 6.541772984912054, 6.541438061427573, 6.540999761309235, 6.540666518745629, 6.540097947259427, 6.540080717820451, 6.539822276235813, 6.5398819489269, 6.539884050077995, 6.5396243478027, 6.53959703283847, 6.539536519686945, 6.539470543542574, 6.539614682507665, 6.53972982558765, 6.539618884809855, 6.539798743343553, 6.539536099456726, 6.539480629067828, 6.539094437496638, 6.539179744231079, 6.538581756629552, 6.538671685896402, 6.539178063310204, 6.538995263164972, 6.538704884083696, 6.539054095395621, 6.538592262385025, 6.5385393133774405, 6.537935442552848, 6.538530068312625, 6.5381909425259535, 6.538310708138346, 6.53859016123393, 6.538338863563014, 6.538389291189286, 6.537861902264536, 6.537918633344091, 6.537424442606637, 6.538362816685493, 6.539041068258835, 6.538946936689796], "val_losses": [6.599445180084746, 6.569685513771186, 6.554527277542373, 6.547471530720339, 6.543221001059322, 6.540160222457627, 6.538222325211865, 6.536726032838983, 6.535032441737288, 6.534834480932203, 6.5339612023305085, 6.533356726694915, 6.5328032309322035, 6.532545683262712, 6.532306673728813, 6.531961731991525, 6.532049126059322, 6.531795550847457, 6.532136520127119, 6.531720074152543, 6.531393670550847, 6.53087592690678, 6.531298993644068, 6.531287738347458, 6.531095736228814, 6.530919623940678, 6.530621689618644, 6.530386652542373, 6.530463453389831, 6.530376721398305, 6.530181408898305, 6.530997748940678, 6.530438956567797, 6.530154925847458, 6.530539592161017, 6.530385328389831, 6.529954978813559, 6.529851694915254, 6.530571371822034, 6.530170815677966, 6.529884136652543, 6.530152939618644, 6.5300059586864405, 6.530143008474576, 6.529811308262712, 6.529784825211864, 6.529057865466101, 6.529674920550847, 6.530274099576271, 6.530152939618644], "test_losses": [6.520062196601942, 6.49444106018659, 6.482579499772451, 6.47717996245449, 6.474281088819781, 6.471792869197512, 6.470315581386529, 6.469858706576153, 6.468746444554005, 6.46881814604824, 6.468079205855583, 6.467964246435073, 6.467513297368022, 6.467448114191444, 6.46727804535801, 6.467173159701153, 6.467010201759709, 6.467058792854976, 6.467065903746966, 6.466779690344357, 6.466642805673544, 6.466577029922633, 6.467241898323726, 6.466968721556432, 6.46704575621966, 6.46648695862409, 6.466476884860437, 6.466095266990291, 6.466072156591323, 6.465942975386833, 6.46575690704642, 6.466297927412015, 6.466203708093143, 6.465919272413531, 6.466609621510922, 6.46611837738926, 6.466288446222694, 6.465544765435376, 6.466134969470571, 6.465554839199029, 6.464997819326456, 6.465714834268811, 6.465378252047937, 6.465590986233313, 6.465138852017597, 6.465614096632281, 6.464494131143811, 6.465287588175061, 6.466152746700546, 6.465694094167172], "status": "OK"}