{"data": "data/ptb", "recepie_id": 1008344, "recepies_list_path": "data/models_recepies.json", "cuda": true, "batch_size": 20, "model": "CustomRNN", "emsize": 400, "nhid": 600, "nlayers": 3, "dropout": 0.1, "dropouth": 0.25, "dropouti": 0.4, "dropoute": 0.0, "wdrop": 0.1, "tied": true, "bptt": 70, "lr": 0.001, "wdecay": 1.2e-06, "epochs": 50, "alpha": 2, "beta": 1, "log_interval": 200, "clip": 0.25, "eval_batch_size": 50, "recepie": "{\"node_1\": {\"op\": \"linear\", \"input\": [\"h_prev_0\", \"h_prev_1\"]}, \"node_2\": {\"op\": \"activation_sigm\", \"input\": [\"node_1\"]}, \"node_4\": {\"op\": \"linear\", \"input\": [\"node_2\", \"x\", \"h_prev_1\"]}, \"node_5\": {\"op\": \"activation_tanh\", \"input\": [\"node_4\"]}, \"node_7\": {\"op\": \"linear\", \"input\": [\"x\", \"h_prev_1\"]}, \"node_8\": {\"op\": \"activation_tanh\", \"input\": [\"node_7\"]}, \"h_new_0\": {\"op\": \"elementwise_prod\", \"input\": [\"node_1\", \"node_5\"]}, \"h_new_1\": {\"op\": \"elementwise_prod\", \"input\": [\"node_8\", \"node_4\"]}}", "experiment_id": 999967053, "init_time": "2020-04-19_09-56-32", "num_params": 10094800, "wall_times": [192.51851344108582, 191.70617389678955, 191.20871448516846, 190.15416598320007, 189.0184187889099, 188.88125371932983, 188.9734525680542, 189.1334090232849, 188.99129939079285, 189.0755524635315, 188.28052067756653, 188.67822456359863, 188.99188590049744, 189.05285692214966, 189.18714833259583, 181.73275327682495, 188.72990536689758, 188.71122097969055, 188.71400356292725, 188.95872497558594, 188.99921894073486, 188.8402235507965, 188.40333437919617, 188.7519452571869, 189.1285319328308, 188.60473489761353, 188.89269542694092, 188.73661756515503, 188.64529538154602, 189.05974960327148, 188.76771998405457, 188.80737566947937, 189.206871509552, 182.6824245452881, 189.0241048336029, 188.6151032447815, 188.8669250011444, 188.90615153312683, 189.10070657730103, 188.62247848510742, 189.0568654537201, 189.05974173545837, 188.85232377052307, 189.01202273368835, 188.82308149337769, 188.74223566055298, 188.77521562576294, 188.88480710983276, 188.6216859817505, 188.93958592414856], "train_losses": [5.946678248211501, 5.506648042063364, 5.255080583346781, 5.090234353988489, 4.96446155061589, 4.867182457237373, 4.78941759453499, 4.722795136087354, 4.6665405976009895, 4.616281903878221, 4.57242373661987, 4.5262042957613895, 4.490772164622667, 4.455752699558927, 4.426047886073906, 4.3971242805658655, 4.372063851460384, 4.340993289763865, 4.326912635818407, 4.301115122908935, 4.283176335323543, 4.263211617852725, 4.244235281856812, 4.226177989349686, 4.20629773815287, 4.1934168414824375, 4.178976890699801, 4.169296047146469, 4.158426792534022, 4.147017542090259, 4.134282885536012, 4.1231883875262225, 4.108470664568878, 4.101904567398203, 4.088719003819052, 4.078172486014738, 4.072437604217094, 4.0592490990264105, 4.055357346968964, 4.043238327685439, 4.035197642676564, 4.029459819267387, 4.026319018611156, 4.013973495239632, 4.008091953095584, 4.006244621053198, 3.9916701966005057, 3.989622834973912, 3.9821381145446724, 3.976132184255823], "val_losses": [5.96342624470339, 5.5627138506355935, 5.357860500529661, 5.236370828919491, 5.146515492584745, 5.083722854872882, 5.039285950741525, 4.998068061440678, 4.968331236758474, 4.941639962923729, 4.91975139036017, 4.896611493644068, 4.882733712923729, 4.865713056144068, 4.8520977886652545, 4.842919756355932, 4.827868776483051, 4.821224510063559, 4.8158517611228815, 4.801871027542373, 4.793655985169491, 4.790897775423729, 4.784885129766949, 4.775151946504237, 4.774778535487288, 4.771257282838983, 4.7637870762711865, 4.760459811970339, 4.75683891684322, 4.750825609110169, 4.748739406779661, 4.745708752648305, 4.745092690677966, 4.741635659427966, 4.737180548199152, 4.738951602224576, 4.732399695444915, 4.727196769067796, 4.726574086334746, 4.724533567266949, 4.72602092161017, 4.721128509004237, 4.716145391949152, 4.715912010063559, 4.7133272643008475, 4.711352952860169, 4.716432402012712, 4.712868114406779, 4.712775092690678, 4.711612155720339], "test_losses": [5.923614205665959, 5.530347509291565, 5.319469266724818, 5.19341566956159, 5.103963611195389, 5.040905406174151, 4.994406098300971, 4.954693544258192, 4.927193650921572, 4.901359780320844, 4.878803734640473, 4.856468422898969, 4.843638892312652, 4.827125623388198, 4.813451081803701, 4.80689187651699, 4.792451728894872, 4.78573489883571, 4.780318176862106, 4.767549977719205, 4.759560890568113, 4.755629159871814, 4.74961393782236, 4.740647399309769, 4.740210672026699, 4.736378493818265, 4.72935263624469, 4.728662879721632, 4.724260941292476, 4.715991566482099, 4.711289192866353, 4.710378702404429, 4.708549129152761, 4.706410232099515, 4.701241798771238, 4.701165949256675, 4.696455872174606, 4.694301568188713, 4.690567164745145, 4.689303203693871, 4.69028539565003, 4.685223033127276, 4.682238828788683, 4.681528628451153, 4.679834754721632, 4.677606675231341, 4.681179898456462, 4.676943880840413, 4.677188614039745, 4.673323844243022], "status": "OK"}