{"data": "data/ptb", "recepie_id": 2007345, "recepies_list_path": "data/new_recepies_fix.json", "cuda": true, "batch_size": 20, "model": "CustomRNN", "emsize": 400, "nhid": 600, "nlayers": 3, "dropout": 0.1, "dropouth": 0.25, "dropouti": 0.4, "dropoute": 0.0, "wdrop": 0.1, "tied": true, "bptt": 70, "lr": 0.001, "wdecay": 1.2e-06, "epochs": 50, "alpha": 2, "beta": 1, "log_interval": 200, "clip": 0.25, "eval_batch_size": 50, "recepie": "{\"node_0\": {\"op\": \"linear\", \"input\": [\"x\", \"h_prev_1\"]}, \"node_1\": {\"op\": \"activation_leaky_relu\", \"input\": [\"node_0\"]}, \"node_2\": {\"op\": \"linear\", \"input\": [\"h_prev_1\", \"x\", \"node_1\"]}, \"node_3\": {\"op\": \"activation_leaky_relu\", \"input\": [\"node_2\"]}, \"node_5\": {\"op\": \"linear\", \"input\": [\"node_1\", \"node_3\"]}, \"node_9\": {\"op\": \"linear\", \"input\": [\"h_prev_0\", \"node_1\"]}, \"node_10\": {\"op\": \"activation_tanh\", \"input\": [\"node_9\"]}, \"node_18\": {\"op\": \"linear\", \"input\": [\"node_10\", \"h_prev_0\"]}, \"node_19\": {\"op\": \"activation_leaky_relu\", \"input\": [\"node_18\"]}, \"h_new_0\": {\"op\": \"activation_leaky_relu\", \"input\": [\"node_5\"]}, \"h_new_1\": {\"op\": \"blend\", \"input\": [\"node_9\", \"node_3\", \"node_19\"]}}", "experiment_id": 999970160, "init_time": "2020-05-11_13-27-41", "num_params": 13618000, "wall_times": [289.88221502304077, 287.5592758655548, 282.87302112579346, 284.03658628463745, 284.8790578842163, 284.1741123199463, 282.9577045440674, 285.25889921188354, 287.18710494041443, 282.5179316997528, 285.96522426605225, 284.5817496776581, 284.79310941696167, 286.09562373161316, 285.59147000312805, 284.6827726364136, 284.24123787879944, 286.2153203487396, 281.7119081020355, 285.76168513298035, 285.48605585098267, 285.73616456985474, 283.7699444293976, 286.9748344421387, 284.56842947006226, 286.906724691391, 284.96924591064453, 286.0450174808502, 284.74237418174744, 284.05585503578186, 284.87771821022034, 284.6155641078949, 286.06275391578674, 285.7254581451416, 285.0356936454773, 287.4374680519104, 284.50097918510437, 284.33278608322144, 285.10410356521606, 281.95128989219666, 288.5894134044647, 282.20302391052246, 283.5472733974457, 282.5765824317932, 284.4059753417969, 286.14470624923706, 284.4454712867737, 286.6621992588043, 283.95941042900085, 284.02005314826965], "train_losses": [5.756994731993975, 5.461208128260987, 5.295478154752299, 5.181991622290355, 5.085721501667473, 5.008805083777096, 4.944908238529396, 4.895718610483567, 4.848299832580281, 4.807084072938519, 4.772014600478726, 4.741825261551289, 4.709082603813673, 4.680749421763219, 4.657577087031359, 4.6378947642676565, 4.614203445215427, 4.600518648136195, 4.577560210585768, 4.55934701266742, 4.5453613307514384, 4.527604502850842, 4.513513343149911, 4.501798165106772, 4.485855050831047, 4.475081188478296, 4.462604553278468, 4.4505111680382985, 4.441771219945135, 4.431801678231403, 4.422254047657469, 4.41077293784627, 4.403265104754989, 4.393995246355764, 4.38778424372008, 4.378223165779141, 4.370401420714324, 4.3650031433220375, 4.355098737292238, 4.349166347291701, 4.342772544510785, 4.333742637566565, 4.3288061931848745, 4.324969071055888, 4.315211745602711, 4.313983832903018, 4.3056258740788556, 4.297842369963961, 4.2943574007584315, 4.289043589640149], "val_losses": [5.776705508474576, 5.513634136652542, 5.375596530720339, 5.287523503707627, 5.217355667372881, 5.163814221398305, 5.1212165651483055, 5.089587526483051, 5.059154528601695, 5.036401615466102, 5.013864870233051, 4.999274695444916, 4.979427966101695, 4.964718948622881, 4.955092690677966, 4.944209811970339, 4.933991657838983, 4.928513307733051, 4.9199880826271185, 4.9081048066737285, 4.907769465042373, 4.894962923728814, 4.889663003177966, 4.885521716101695, 4.8767713850635594, 4.875550516419492, 4.871191737288136, 4.862961467161017, 4.863846663135593, 4.865033103813559, 4.8562735037076274, 4.852639036016949, 4.849733183262712, 4.844422669491525, 4.847213652012712, 4.845540916313559, 4.842307666843221, 4.839353482521187, 4.841441671080508, 4.830420418432204, 4.83306110963983, 4.827348715572034, 4.829400820974576, 4.824591167902542, 4.817889631885593, 4.821206634004238, 4.81975205243644, 4.8183322298728815, 4.822932004766949, 4.818916843220339], "test_losses": [5.727201887704794, 5.465891421419903, 5.328379214388653, 5.239385808555825, 5.166157842839806, 5.110594517976335, 5.066215441064927, 5.03393080628034, 5.003893805939017, 4.977570468939624, 4.958536685091778, 4.939952665162318, 4.920562744140625, 4.90451405349287, 4.89363794419372, 4.885207685452063, 4.872202160288986, 4.866617147204946, 4.856314353572512, 4.844533679554764, 4.844139025049302, 4.831065353837985, 4.827684717270935, 4.824438002503034, 4.814817854501669, 4.810211181640625, 4.807117351050516, 4.799896536521541, 4.798168886055067, 4.799601138216778, 4.792161367471936, 4.787942830798696, 4.784334053113622, 4.78111044874469, 4.780828383362409, 4.777698405738016, 4.777054573725728, 4.772951292760164, 4.774419691956159, 4.764327558498938, 4.766787334553246, 4.761532089085255, 4.761272245240443, 4.759833474761074, 4.7531492362902, 4.758035604236196, 4.75350359574105, 4.754692299852094, 4.756750014221784, 4.751924385144872], "status": "OK"}