{"data": "data/ptb", "recepie_id": 2010966, "recepies_list_path": "data/new_recepies_fix.json", "cuda": true, "batch_size": 20, "model": "CustomRNN", "emsize": 400, "nhid": 600, "nlayers": 3, "dropout": 0.1, "dropouth": 0.25, "dropouti": 0.4, "dropoute": 0.0, "wdrop": 0.1, "tied": true, "bptt": 70, "lr": 0.001, "wdecay": 1.2e-06, "epochs": 50, "alpha": 2, "beta": 1, "log_interval": 200, "clip": 0.25, "eval_batch_size": 50, "recepie": "{\"node_0\": {\"op\": \"blend\", \"input\": [\"h_prev_2\", \"h_prev_0\", \"h_prev_1\"]}, \"node_1\": {\"op\": \"linear\", \"input\": [\"h_prev_1\", \"h_prev_0\", \"x\"]}, \"node_3\": {\"op\": \"elementwise_prod\", \"input\": [\"node_0\", \"h_prev_2\"]}, \"node_4\": {\"op\": \"blend\", \"input\": [\"h_new_1\", \"node_3\", \"node_0\"]}, \"node_6\": {\"op\": \"elementwise_prod\", \"input\": [\"node_4\", \"h_prev_0\"]}, \"node_13\": {\"op\": \"linear\", \"input\": [\"h_prev_0\", \"h_prev_1\", \"h_new_1\"]}, \"node_14\": {\"op\": \"activation_leaky_relu\", \"input\": [\"node_13\"]}, \"h_new_0\": {\"op\": \"elementwise_prod\", \"input\": [\"node_6\", \"node_14\"]}, \"h_new_1\": {\"op\": \"activation_sigm\", \"input\": [\"node_1\"]}, \"h_new_2\": {\"op\": \"linear\", \"input\": [\"x\", \"h_new_1\"]}}", "experiment_id": 999957771, "init_time": "2020-05-09_07-23-05", "num_params": 10974800, "wall_times": [254.0517339706421, 253.05287623405457, 252.93594551086426, 252.84938859939575, 252.6910059452057, 247.4196093082428, 247.89394760131836, 247.36533975601196, 251.91868710517883, 247.40675163269043, 247.3384985923767, 247.2947494983673, 247.36533331871033, 247.35870599746704, 247.49685263633728, 247.36443042755127, 247.18308806419373, 247.4479808807373, 247.39734077453613, 248.1684639453888, 248.27758598327637, 248.06184101104736, 248.1876425743103, 248.34657859802246, 248.1687479019165, 247.75168228149414, 247.22737002372742, 247.37130618095398, 247.4379527568817, 247.28610944747925, 247.18262600898743, 247.1996943950653, 247.33658266067505, 247.40142011642456, 247.45570707321167, 247.42135167121887, 247.398850440979, 247.2146179676056, 247.27191948890686, 247.34273314476013, 247.03313946723938, 247.55958127975464, 247.85750007629395, 247.2703926563263, 247.19651985168457, 247.43887662887573, 247.38399147987366, 247.3794229030609, 247.4454526901245, 247.326664686203], "train_losses": [8.580038728416977, 8.058177511968157, 7.624874771394761, 7.276166895271905, 7.007835612662041, 6.812542443252111, 6.681754612446883, 6.604588998036684, 6.566356032488839, 6.550425104889463, 6.543809420552956, 6.540306381448013, 6.538022850438384, 6.536401602253779, 6.535196381985907, 6.534285743101501, 6.533585639556775, 6.533035137969986, 6.5325926355494595, 6.532239642165564, 6.531948842854069, 6.531711833010596, 6.531513064117046, 6.531340349497069, 6.531196630762197, 6.531081067451993, 6.530979791969233, 6.530892804313916, 6.530816742644291, 6.530745723737292, 6.530687731967081, 6.530629319966651, 6.53058645648432, 6.530547795304179, 6.530515017347104, 6.530482239390027, 6.5304553446560165, 6.530424667850035, 6.530404076569308, 6.530387687590769, 6.530363734468291, 6.53034482410844, 6.530331376741434, 6.530320030525523, 6.530305742698079, 6.530287252568447, 6.530279268194287, 6.53027044335969, 6.530261198294874, 6.530254474611371], "val_losses": [8.572073622881357, 8.048666578389831, 7.6139512711864406, 7.264304157838983, 6.995636917372881, 6.800476694915254, 6.670029131355932, 6.593089247881356, 6.554846398305084, 6.53875, 6.531997484110169, 6.528362685381356, 6.526057335805085, 6.524367717161017, 6.523229608050848, 6.5224046610169495, 6.52171875, 6.521276483050848, 6.520867981991525, 6.520530985169492, 6.520355534957627, 6.520180084745762, 6.520023172669491, 6.519915254237288, 6.51977092161017, 6.519711996822034, 6.5196265889830505, 6.519498808262711, 6.519466366525424, 6.5194650423728815, 6.519494835805085, 6.519467028601695, 6.519429290254237, 6.519403469279661, 6.51939684851695, 6.519385593220339, 6.51935778601695, 6.5193471927966105, 6.519357123940678, 6.51932468220339, 6.519331302966101, 6.51929157838983, 6.519289592161017, 6.519275688559322, 6.519271054025424, 6.5192445709745765, 6.519267743644067, 6.519290916313559, 6.519267743644067, 6.519268405720339], "test_losses": [8.564167504171722, 8.032994538834952, 7.59130385315534, 7.235238380802488, 6.960587881143811, 6.759866362636529, 6.624350538531553, 6.543079561400182, 6.501407956614078, 6.48302748596784, 6.474871885429308, 6.470438836847694, 6.46759033203125, 6.465537654543386, 6.463958443947209, 6.462799368552791, 6.461884433783374, 6.461179862902003, 6.460607436096784, 6.460128043461772, 6.459744055294296, 6.459374881485133, 6.459080372041869, 6.458866452707828, 6.458648385353459, 6.458459946715716, 6.458284544713289, 6.458176103610437, 6.458069440230583, 6.457982331803701, 6.457863816937197, 6.457789152571299, 6.457747079793689, 6.457670637704794, 6.457623824332524, 6.457595973338895, 6.457530197587985, 6.457459088668083, 6.457412275295813, 6.457379683707524, 6.457387387173847, 6.457318648551274, 6.457286649537318, 6.457304426767294, 6.45721672576608, 6.457230947550061, 6.457238651016383, 6.457188874772451, 6.457184726752124, 6.457213762894417], "status": "OK"}