{"data": "data/ptb", "recepie_id": 2000089, "recepies_list_path": "data/new_recepies_fix.json", "cuda": true, "batch_size": 20, "model": "CustomRNN", "emsize": 400, "nhid": 600, "nlayers": 3, "dropout": 0.1, "dropouth": 0.25, "dropouti": 0.4, "dropoute": 0.0, "wdrop": 0.1, "tied": true, "bptt": 70, "lr": 0.001, "wdecay": 1.2e-06, "epochs": 50, "alpha": 2, "beta": 1, "log_interval": 200, "clip": 0.25, "eval_batch_size": 50, "recepie": "{\"node_0\": {\"op\": \"linear\", \"input\": [\"x\", \"h_prev_0\"]}, \"node_1\": {\"op\": \"activation_sigm\", \"input\": [\"node_0\"]}, \"node_4\": {\"op\": \"linear\", \"input\": [\"x\", \"h_prev_0\"]}, \"node_5\": {\"op\": \"activation_tanh\", \"input\": [\"node_4\"]}, \"node_6\": {\"op\": \"linear\", \"input\": [\"node_5\", \"node_1\", \"h_prev_0\"]}, \"h_new_0\": {\"op\": \"activation_tanh\", \"input\": [\"node_6\"]}}", "experiment_id": 999941731, "init_time": "2020-05-13_06-00-02", "num_params": 10094800, "wall_times": [167.57997703552246, 166.16530871391296, 165.821692943573, 164.66803359985352, 163.42951798439026, 164.55009698867798, 164.96312713623047, 165.09028816223145, 163.6527009010315, 165.26849794387817, 164.28631830215454, 164.46746969223022, 165.05930089950562, 163.92738819122314, 165.20182061195374, 164.6658251285553, 164.8640377521515, 163.7548279762268, 163.2203130722046, 163.94608426094055, 165.51340627670288, 163.36416816711426, 164.3041524887085, 164.55423593521118, 165.15663266181946, 163.5557734966278, 164.52024793624878, 165.01518273353577, 165.23205971717834, 163.85657000541687, 164.94568634033203, 164.87327027320862, 163.5926501750946, 163.1637942790985, 164.24231338500977, 164.88738489151, 165.08581066131592, 163.66227078437805, 164.07294869422913, 163.20373964309692, 164.0612132549286, 163.3800687789917, 164.76282024383545, 164.27482223510742, 165.45024609565735, 162.27974891662598, 162.3716197013855, 164.53522872924805, 164.77487206459045, 164.29335951805115], "train_losses": [5.696496708756926, 5.382272924398903, 5.195680621671777, 5.0584418367758595, 4.975882987736001, 4.901484169087193, 4.839143436340165, 4.790118958770373, 4.75664972298424, 4.715078868807487, 4.663166569173256, 4.627750406782852, 4.602666444785111, 4.575348959173794, 4.567700348959174, 4.525229361653488, 4.511446650933247, 4.491544967995266, 4.473410353127858, 4.454841640444301, 4.4377109555699, 4.424035823785703, 4.407951091926201, 4.412072709913399, 4.391005728578344, 4.378862756172341, 4.358548827389597, 4.361284105884568, 4.341591277365392, 4.320723064923888, 4.315850915765693, 4.3115595247700504, 4.298873194690979, 4.285690572723361, 4.287833746839869, 4.27131869923619, 4.26048558442257, 4.251504424183745, 4.246108668172772, 4.235792856758646, 4.239663597305148, 4.230886668952719, 4.222210595852832, 4.220860816389651, 4.221687409230273, 4.210250003361842, 4.208511931176376, 4.194694761578183, 4.203009436689796, 4.190268896912484], "val_losses": [5.729889433262712, 5.464251853813559, 5.304697762182204, 5.20569186970339, 5.142026284427966, 5.092829382944915, 5.047180548199153, 5.017301708156779, 5.000603151483051, 4.972487751588983, 4.944317399364407, 4.928283236228814, 4.922349708686441, 4.901615135063559, 4.90269762976695, 4.885260858050848, 4.880065214512712, 4.874923199152542, 4.865867319915254, 4.860950079449153, 4.857055746822034, 4.844506422139831, 4.842385129766949, 4.842855865995762, 4.834411745233051, 4.827863148834746, 4.825268471927966, 4.8273202462923726, 4.815997748940678, 4.807219941737288, 4.805763704978814, 4.802119306144068, 4.79590671345339, 4.7928313691737285, 4.793881753177966, 4.795129766949152, 4.787682070974577, 4.787954846398305, 4.7839956302966105, 4.783558659957627, 4.784302833686441, 4.778998278601695, 4.774309454449153, 4.780442597987288, 4.774402476165254, 4.774940744173729, 4.768203125, 4.766491657838983, 4.768444451800847, 4.76657375529661], "test_losses": [5.681913209192961, 5.414532411445692, 5.256617870145631, 5.162842982023665, 5.10375739532767, 5.049766170168386, 5.008391445122876, 4.978160672974818, 4.959744944155795, 4.935763460918538, 4.90851304137591, 4.888197519246814, 4.880890781439624, 4.8673341621473, 4.865943686476031, 4.847420997989988, 4.838620972864836, 4.833016108540655, 4.823875056887136, 4.81533457931963, 4.810462729444781, 4.803877154600273, 4.802379126687652, 4.802787706689927, 4.796706412602397, 4.790677857630461, 4.779027846253034, 4.789124127730583, 4.774735237788228, 4.764828283809921, 4.765406932645631, 4.762506873862257, 4.758016641857554, 4.749997925989836, 4.756004851998635, 4.753720181659587, 4.745741760846481, 4.749127138008192, 4.744564611934921, 4.740280003223605, 4.744806678549757, 4.738456652002427, 4.735132606284132, 4.737558605601486, 4.737212542191292, 4.73404760268128, 4.731360870657615, 4.729395894170965, 4.728920945843447, 4.72411872345267], "status": "OK"}