{"data": "data/ptb", "recepie_id": 1009345, "recepies_list_path": "data/models_recepies.json", "cuda": true, "batch_size": 20, "model": "CustomRNN", "emsize": 400, "nhid": 600, "nlayers": 3, "dropout": 0.1, "dropouth": 0.25, "dropouti": 0.4, "dropoute": 0.0, "wdrop": 0.1, "tied": true, "bptt": 70, "lr": 0.001, "wdecay": 1.2e-06, "epochs": 50, "alpha": 2, "beta": 1, "log_interval": 200, "clip": 0.25, "eval_batch_size": 50, "recepie": "{\"node_0\": {\"op\": \"linear\", \"input\": [\"h_prev_1\", \"x\"]}, \"node_2\": {\"op\": \"linear\", \"input\": [\"h_new_0\", \"h_prev_0\"]}, \"node_3\": {\"op\": \"activation_sigm\", \"input\": [\"node_2\"]}, \"node_9\": {\"op\": \"linear\", \"input\": [\"h_new_0\", \"x\"]}, \"node_10\": {\"op\": \"activation_tanh\", \"input\": [\"node_9\"]}, \"h_new_0\": {\"op\": \"activation_tanh\", \"input\": [\"node_0\"]}, \"h_new_1\": {\"op\": \"linear\", \"input\": [\"node_3\", \"node_10\"]}}", "experiment_id": 999922105, "init_time": "2020-04-20_13-51-44", "num_params": 10976400, "wall_times": [188.06150698661804, 187.04482293128967, 184.71711945533752, 184.71368765830994, 184.57487630844116, 184.60430765151978, 184.41653108596802, 184.64184761047363, 184.47471070289612, 184.56815433502197, 184.5337963104248, 184.62717866897583, 184.6964557170868, 184.60440516471863, 184.42312860488892, 184.48292517662048, 184.5734555721283, 184.73297882080078, 184.49329495429993, 184.52548336982727, 184.55837082862854, 184.5779573917389, 184.57962560653687, 184.50794744491577, 184.50463724136353, 184.45393180847168, 184.66464567184448, 184.54849004745483, 184.5833559036255, 184.5701470375061, 184.582439661026, 184.63696789741516, 184.5919771194458, 184.51076889038086, 184.55039238929749, 184.54818511009216, 184.72236824035645, 184.57376861572266, 184.57889676094055, 184.65063285827637, 184.66490077972412, 184.65521454811096, 184.64254307746887, 184.6224660873413, 184.58156657218933, 184.7490577697754, 184.947283744812, 184.8066017627716, 184.30798268318176, 184.55874156951904], "train_losses": [5.607478080791781, 5.337043966166425, 5.1723910427088375, 5.081017024366629, 5.00251675878113, 4.940875289118391, 4.895211392609327, 4.84615791915443, 4.803731056021731, 4.775007900328116, 4.7547591072293045, 4.739182433704481, 4.705184968533161, 4.68236436649454, 4.658373843526437, 4.636017595879727, 4.626367429132376, 4.608809370125329, 4.600690522295735, 4.586493464579635, 4.584056969770319, 4.555624613388199, 4.532629615808725, 4.539228490936475, 4.520926204211715, 4.516099439917165, 4.501095960410952, 4.496769690307138, 4.474184417191114, 4.47367846000753, 4.458004293071917, 4.463122276908181, 4.449270648432037, 4.445403689957506, 4.43754286348233, 4.428215433543112, 4.420812658006563, 4.412235339008122, 4.410150997122264, 4.396446028992523, 4.396279617825829, 4.389868165375719, 4.389049556909257, 4.384183290974128, 4.3805167823140225, 4.371241040691732, 4.365723838147491, 4.362255678150718, 4.359370797697811, 4.349150378543381], "val_losses": [5.64726032838983, 5.425685579978814, 5.301383077330509, 5.245040055614407, 5.196341366525424, 5.160266485699153, 5.133327595338983, 5.107647643008475, 5.087229541843221, 5.0747954184322035, 5.071633011122882, 5.076267876059322, 5.055234706038136, 5.04497219279661, 5.035815677966101, 5.024182335805085, 5.027561242055085, 5.021427767478814, 5.025412142478814, 5.017830376059322, 5.02487155720339, 5.005652145127119, 4.991805481991525, 5.010698490466102, 5.001067597987288, 4.999452793961864, 4.994995696504238, 4.992897576800847, 4.980854409427966, 4.987660553495763, 4.978161414194915, 4.988188559322034, 4.980564751059322, 4.982137844279661, 4.9751393670550845, 4.976883938029661, 4.971831634004237, 4.97012248411017, 4.970275092690678, 4.9649198887711865, 4.972081236758474, 4.967301708156779, 4.966404925847457, 4.967164658368644, 4.971480071504237, 4.962561242055084, 4.962051112288136, 4.961750860699152, 4.964350172139831, 4.954193260063559], "test_losses": [5.606601752123787, 5.382287479141383, 5.256718015207828, 5.199147641080097, 5.147917219736044, 5.112660824673847, 5.089526722732099, 5.062305043044599, 5.043228890131978, 5.033997174605583, 5.031152225235133, 5.029530941861347, 5.01215073668841, 5.001178037773058, 4.993687305635619, 4.981197616429005, 4.987371055825243, 4.980815998558859, 4.981835818985133, 4.978215782387743, 4.984503588630158, 4.966534364570692, 4.952912858388956, 4.969993517236802, 4.960621657880765, 4.960888316330401, 4.953219219318871, 4.953170331936438, 4.941996157748028, 4.945439903481493, 4.937031866277306, 4.949237712378641, 4.939898148323726, 4.939979034720115, 4.937506222030492, 4.93762681090716, 4.932829921685376, 4.932500746643659, 4.93218520081159, 4.925930875018962, 4.930993533828883, 4.93320531752503, 4.929542319288531, 4.930082154505461, 4.930329850576456, 4.925143343731038, 4.924720838231948, 4.922669345892749, 4.922590237219357, 4.915524677165504], "status": "OK"}