{"data": "data/ptb", "recepie_id": 2001990, "recepies_list_path": "data/new_recepies_fix.json", "cuda": true, "batch_size": 20, "model": "CustomRNN", "emsize": 400, "nhid": 600, "nlayers": 3, "dropout": 0.1, "dropouth": 0.25, "dropouti": 0.4, "dropoute": 0.0, "wdrop": 0.1, "tied": true, "bptt": 70, "lr": 0.001, "wdecay": 1.2e-06, "epochs": 50, "alpha": 2, "beta": 1, "log_interval": 200, "clip": 0.25, "eval_batch_size": 50, "recepie": "{\"node_1\": {\"op\": \"linear\", \"input\": [\"h_prev_1\", \"h_prev_2\"]}, \"node_2\": {\"op\": \"activation_sigm\", \"input\": [\"node_1\"]}, \"node_3\": {\"op\": \"linear\", \"input\": [\"h_prev_1\", \"h_prev_0\", \"node_2\"]}, \"node_4\": {\"op\": \"activation_tanh\", \"input\": [\"node_3\"]}, \"node_6\": {\"op\": \"linear\", \"input\": [\"x\", \"h_prev_1\"]}, \"node_7\": {\"op\": \"activation_tanh\", \"input\": [\"node_6\"]}, \"node_8\": {\"op\": \"linear\", \"input\": [\"h_prev_1\", \"x\"]}, \"node_15\": {\"op\": \"linear\", \"input\": [\"node_2\", \"node_7\"]}, \"h_new_0\": {\"op\": \"activation_sigm\", \"input\": [\"node_15\"]}, \"h_new_1\": {\"op\": \"activation_tanh\", \"input\": [\"node_8\"]}, \"h_new_2\": {\"op\": \"linear\", \"input\": [\"x\", \"node_4\", \"node_2\"]}}", "experiment_id": 999944440, "init_time": "2020-05-11_23-01-43", "num_params": 16219600, "wall_times": [313.76801347732544, 313.2797300815582, 313.3507833480835, 304.70881271362305, 304.2149920463562, 304.20013451576233, 304.1271724700928, 304.0323100090027, 304.20609641075134, 311.6363937854767, 319.2455630302429, 320.3945667743683, 321.1546070575714, 320.87081480026245, 321.223046541214, 319.69047451019287, 321.8044352531433, 320.8346381187439, 320.80852365493774, 319.8642702102661, 319.05491876602173, 321.0416293144226, 319.97381353378296, 320.4234809875488, 318.7593774795532, 319.46483421325684, 321.7844157218933, 317.74724984169006, 319.70961451530457, 319.3132507801056, 319.51385593414307, 318.8297607898712, 318.8704192638397, 321.42124342918396, 321.7632703781128, 318.489444732666, 320.59064650535583, 321.24927592277527, 319.7337362766266, 320.1044776439667, 320.83702325820923, 321.7950644493103, 320.4826772212982, 320.45548963546753, 320.64575958251953, 321.2577602863312, 318.89106822013855, 320.4856674671173, 320.14622926712036, 321.5890443325043], "train_losses": [6.582955546366521, 6.5648806041902, 6.555760767979129, 6.550537306357915, 6.548641647840353, 6.546192546124469, 6.545869809316335, 6.544255705045452, 6.544437664730246, 6.544257385966328, 6.5444212757517075, 6.543301362218278, 6.5420814338927435, 6.543308926362219, 6.542462162471089, 6.541455290866549, 6.542589071997203, 6.543234545613469, 6.543322373729223, 6.545543710666451, 6.547082593728148, 6.547682262250551, 6.54664471384003, 6.547401548464311, 6.548280670082298, 6.549444707788715, 6.550674301409284, 6.550746581006939, 6.5508339888924745, 6.356293872034856, 6.212387714485503, 6.134664874805013, 6.055381720321661, 5.933338039911785, 5.840041888548222, 5.76149623809908, 5.692716317707493, 5.63586421184982, 5.578202742590501, 5.531504239282448, 5.482468415496745, 5.43200548988758, 5.3932388319617015, 5.357086005997526, 5.318153777365392, 5.283596565542466, 5.25445275939971, 5.229171709429294, 5.199401340030122, 5.177104765074499], "val_losses": [6.583066075211865, 6.563239539194916, 6.552954184322034, 6.546524761652543, 6.544312764830509, 6.541073225635593, 6.540291313559322, 6.538908898305085, 6.5386235434322035, 6.538375264830509, 6.5381667108050845, 6.536823358050848, 6.535802436440678, 6.537208686440678, 6.536580376059322, 6.535138373940678, 6.5363512976694915, 6.53679157838983, 6.537325873940678, 6.539638506355932, 6.541529396186441, 6.54199814618644, 6.540526350635593, 6.541117584745763, 6.541680349576271, 6.543192531779661, 6.544387579449152, 6.54509533898305, 6.545045021186441, 6.357309984110169, 6.223538797669492, 6.152296080508474, 6.078396451271186, 5.963011122881356, 5.87915717690678, 5.808927436440678, 5.74982653601695, 5.702999205508474, 5.652059719279661, 5.6102654925847455, 5.57548000529661, 5.530679290254238, 5.499746424788135, 5.470362486758474, 5.4390019200211865, 5.414362420550847, 5.389463387182204, 5.369746755826271, 5.347296080508475, 5.32764499470339], "test_losses": [6.504862072398361, 6.490469627010012, 6.48278097504551, 6.478219930408071, 6.476688718332828, 6.474504489343143, 6.474215905643204, 6.47240499848301, 6.472522328200849, 6.472243225690231, 6.472962018355583, 6.471446805787318, 6.470147290276092, 6.471975974666262, 6.470744012628944, 6.469270872838289, 6.470719717081311, 6.470804455210861, 6.470850676008799, 6.472404405908677, 6.474264496738471, 6.474106279391687, 6.473902433821299, 6.474049392255765, 6.474418566064927, 6.475396906287925, 6.476353913834951, 6.476939377275485, 6.477235664441747, 6.292187144455401, 6.162483289403823, 6.093553857895935, 6.021159644265777, 5.904924411218143, 5.821809935338289, 5.752283188903216, 5.692805910573422, 5.644822203997269, 5.593423491542779, 5.55243631011074, 5.514458813713592, 5.469887742718447, 5.438321900599211, 5.409410198915352, 5.37750718200091, 5.349775888387439, 5.327960856909891, 5.30817124450091, 5.284823815799454, 5.266126317885315], "status": "OK"}