{"data": "data/ptb", "recepie_id": 2007265, "recepies_list_path": "data/new_recepies_fix.json", "cuda": true, "batch_size": 20, "model": "CustomRNN", "emsize": 400, "nhid": 600, "nlayers": 3, "dropout": 0.1, "dropouth": 0.25, "dropouti": 0.4, "dropoute": 0.0, "wdrop": 0.1, "tied": true, "bptt": 70, "lr": 0.001, "wdecay": 1.2e-06, "epochs": 50, "alpha": 2, "beta": 1, "log_interval": 200, "clip": 0.25, "eval_batch_size": 50, "recepie": "{\"node_1\": {\"op\": \"linear\", \"input\": [\"h_prev_1\", \"x\"]}, \"node_2\": {\"op\": \"activation_tanh\", \"input\": [\"node_1\"]}, \"node_6\": {\"op\": \"linear\", \"input\": [\"node_2\", \"h_prev_1\", \"h_prev_0\"]}, \"node_7\": {\"op\": \"activation_leaky_relu\", \"input\": [\"node_6\"]}, \"node_8\": {\"op\": \"linear\", \"input\": [\"h_prev_2\", \"h_prev_1\"]}, \"node_9\": {\"op\": \"activation_leaky_relu\", \"input\": [\"node_8\"]}, \"node_13\": {\"op\": \"linear\", \"input\": [\"h_prev_2\", \"node_9\", \"x\"]}, \"node_14\": {\"op\": \"activation_sigm\", \"input\": [\"node_13\"]}, \"node_16\": {\"op\": \"linear\", \"input\": [\"h_prev_0\", \"node_9\", \"node_7\"]}, \"node_18\": {\"op\": \"linear\", \"input\": [\"h_prev_2\", \"node_2\"]}, \"node_19\": {\"op\": \"activation_leaky_relu\", \"input\": [\"node_18\"]}, \"node_20\": {\"op\": \"linear\", \"input\": [\"node_19\", \"node_14\"]}, \"h_new_0\": {\"op\": \"linear\", \"input\": [\"node_2\", \"x\"]}, \"h_new_1\": {\"op\": \"activation_tanh\", \"input\": [\"node_16\"]}, \"h_new_2\": {\"op\": \"activation_sigm\", \"input\": [\"node_20\"]}}", "experiment_id": 999998821, "init_time": "2020-05-17_17-09-20", "num_params": 20622800, "wall_times": [437.51142501831055, 434.04161763191223, 425.77940344810486, 424.61377573013306, 430.66166043281555, 433.62492084503174, 429.8626787662506, 433.47438192367554, 432.9611985683441, 433.31957507133484, 432.44911456108093, 434.6658844947815, 431.2630670070648, 430.3715879917145, 434.07377004623413, 430.01766538619995, 421.5692002773285, 424.70765018463135, 424.5704288482666, 429.3625907897949, 433.3821086883545, 431.98006200790405, 431.5556743144989, 431.2764768600464, 434.95735788345337, 432.6909382343292, 435.82499980926514, 434.2369029521942, 416.08645272254944, 420.45829725265503, 430.93368792533875, 432.476847410202, 431.09429812431335, 432.8036801815033, 434.50293731689453, 434.2791233062744, 430.27390456199646, 433.0281538963318, 430.81137895584106, 432.82733702659607, 434.10566425323486, 414.9127175807953, 423.879269361496, 430.7265160083771, 431.20942306518555, 432.15124320983887, 432.131662607193, 434.11126589775085, 431.23965978622437, 431.20765018463135], "train_losses": [5.575381316900651, 5.347985080146307, 5.214070316282072, 5.1233241218869345, 5.066111038271207, 5.002470533457049, 4.965884450137163, 4.9398806041902, 4.898283695739874, 4.867524524635576, 4.845077927491797, 4.833611945968479, 4.794923030633102, 4.7850560250927865, 4.78450846511753, 4.7551784969877895, 4.751031244957237, 4.733097079904255, 4.706268322037545, 4.708821220617503, 4.692918868673014, 4.683647329352913, 4.683765834274649, 4.666959146899037, 4.663729677666613, 4.655254474611371, 4.63847846404174, 4.633412168522403, 4.619037773653918, 4.609359871712119, 4.612039679818191, 4.604330136221828, 4.594223179226508, 4.597855649238879, 4.587673891264591, 4.578930581329676, 4.576708824162229, 4.578558257355709, 4.563972486687106, 4.567306593244043, 4.559765982195686, 4.571380304986284, 4.549405206148136, 4.556116282744338, 4.553781063417783, 4.540542971061266, 4.554508481926739, 4.522262536307891, 4.530878936716691, 4.52701618054435], "val_losses": [5.615280058262712, 5.437822762182203, 5.333964512711864, 5.27091498940678, 5.234971861758474, 5.190100966631356, 5.167904197563559, 5.164169756355932, 5.133119703389831, 5.112694319385593, 5.095694186970339, 5.100546212923729, 5.07096828654661, 5.07101860434322, 5.0730045021186445, 5.054814287605932, 5.056491988877118, 5.052112354343221, 5.030665055614406, 5.0381031514830505, 5.028990995762712, 5.0237271583686445, 5.029223384533898, 5.017426178495763, 5.023947298728814, 5.011843551377119, 5.006800185381356, 5.00081501588983, 4.993715572033898, 4.990210871292373, 4.997881355932203, 4.989134666313559, 4.98583156779661, 4.986377780720339, 4.985556144067797, 4.982200410487288, 4.9823579846398305, 4.983892346398305, 4.972867783368644, 4.984295550847458, 4.973796014300848, 4.989378310381356, 4.972036877648305, 4.975950741525423, 4.976885924258474, 4.969055548199153, 4.986357918432203, 4.950265823622881, 4.966780323093221, 4.960935844809322], "test_losses": [5.57183600860892, 5.394463696526092, 5.291871894910497, 5.228872354748179, 5.189673562651699, 5.148364613357099, 5.130374056621663, 5.126375957600121, 5.095423429915049, 5.077649755385315, 5.061463587492415, 5.065017848338895, 5.037669357744235, 5.039379527267901, 5.038609180635619, 5.019194075204794, 5.023237209875607, 5.017403315571905, 4.994947118666565, 5.004131428246359, 4.992893256030037, 4.989893644758799, 4.990885021617111, 4.982226918044599, 4.987631788531553, 4.976783530226031, 4.96793669172861, 4.967029164138349, 4.958928376725576, 4.953121740841171, 4.962229312044903, 4.954776800951912, 4.948656989532767, 4.952345764752731, 4.95096654799378, 4.948794466777913, 4.942719394720874, 4.947020299226335, 4.938608410288986, 4.948119228326001, 4.937797768602094, 4.948727209591171, 4.933171540788076, 4.938476858787166, 4.938512709534284, 4.929734905946602, 4.947563986176426, 4.914722924093598, 4.928259692145783, 4.924699505555977], "status": "OK"}