{"data": "data/ptb", "recepie_id": 2001724, "recepies_list_path": "data/new_recepies_fix.json", "cuda": true, "batch_size": 20, "model": "CustomRNN", "emsize": 400, "nhid": 600, "nlayers": 3, "dropout": 0.1, "dropouth": 0.25, "dropouti": 0.4, "dropoute": 0.0, "wdrop": 0.1, "tied": true, "bptt": 70, "lr": 0.001, "wdecay": 1.2e-06, "epochs": 50, "alpha": 2, "beta": 1, "log_interval": 200, "clip": 0.25, "eval_batch_size": 50, "recepie": "{\"node_0\": {\"op\": \"elementwise_prod\", \"input\": [\"h_prev_0\", \"h_prev_1\"]}, \"node_1\": {\"op\": \"elementwise_sum\", \"input\": [\"node_0\", \"h_prev_0\"]}, \"node_2\": {\"op\": \"linear\", \"input\": [\"x\", \"h_prev_1\"]}, \"node_3\": {\"op\": \"activation_tanh\", \"input\": [\"node_2\"]}, \"node_4\": {\"op\": \"linear\", \"input\": [\"h_prev_1\", \"x\"]}, \"node_5\": {\"op\": \"activation_sigm\", \"input\": [\"node_4\"]}, \"node_11\": {\"op\": \"linear\", \"input\": [\"node_5\", \"node_3\"]}, \"h_new_0\": {\"op\": \"elementwise_prod\", \"input\": [\"node_4\", \"node_1\"]}, \"h_new_1\": {\"op\": \"activation_sigm\", \"input\": [\"node_11\"]}}", "experiment_id": 999908860, "init_time": "2020-05-13_07-30-31", "num_params": 9214800, "wall_times": [174.43245553970337, 172.86905169487, 172.80045771598816, 171.59103226661682, 171.81680560112, 170.75087666511536, 171.14738941192627, 169.6600866317749, 171.02369451522827, 172.8387153148651, 170.30473113059998, 171.5594289302826, 170.3966624736786, 169.70205688476562, 170.4499113559723, 171.27639245986938, 171.58700442314148, 171.19809579849243, 169.57687067985535, 170.22882175445557, 171.21454405784607, 172.32497572898865, 170.73242139816284, 169.6920871734619, 170.44463968276978, 171.92294335365295, 170.81250834465027, 172.4760880470276, 170.7183895111084, 169.8813750743866, 169.95896077156067, 173.45625519752502, 172.8639953136444, 169.19689083099365, 171.05550265312195, 171.84542083740234, 170.88129806518555, 170.42316269874573, 171.37639546394348, 170.68781995773315, 167.40423798561096, 169.13030409812927, 169.01135396957397, 170.92557859420776, 171.18133807182312, 171.3492887020111, 169.97320127487183, 170.75050377845764, 169.7825767993927, 169.52049040794373], "train_losses": [8.580222789252865, 8.058244748803185, 7.624298215534399, 7.275845839384648, 7.007705761524393, 6.812642458044215, 6.681753771986445, 6.604607067936098, 6.566361495481685, 6.550480995508579, 6.54388212038083, 6.540355548383626, 6.538054787935022, 6.536418831692755, 6.5352169732666345, 6.53431726036792, 6.533610433139692, 6.533058250632026, 6.532615748211501, 6.532258132295197, 6.531962710451293, 6.531721918535851, 6.531525250793394, 6.531354217094293, 6.531209657898984, 6.531084429293744, 6.5309831538109835, 6.530891123393039, 6.530819684255823, 6.530748245118605, 6.530687731967081, 6.530638144801248, 6.530591499246947, 6.530554518987683, 6.530511235275133, 6.530485601231779, 6.530456605346673, 6.530424667850035, 6.530401134957775, 6.530385586439675, 6.530367096310043, 6.530350287101285, 6.53033683973428, 6.530322972137055, 6.530306583158517, 6.530295657172825, 6.530287252568447, 6.530275486122317, 6.530259517373998, 6.530256575762466], "val_losses": [8.572214645127119, 8.04864936440678, 7.613251456567797, 7.263869835805084, 6.995430349576271, 6.800448887711864, 6.669868246822034, 6.592997881355932, 6.5547782044491525, 6.538753310381356, 6.531907441737288, 6.528240863347458, 6.525918961864407, 6.524329978813559, 6.523124337923729, 6.522279528601695, 6.521632680084746, 6.521183792372882, 6.520854740466102, 6.520594544491526, 6.5204071769067795, 6.520204581567796, 6.520070842161017, 6.519895391949152, 6.519757018008475, 6.519710672669492, 6.519596795550847, 6.5195583951271185, 6.519580905720339, 6.519545815677966, 6.519519332627119, 6.519500132415255, 6.519474311440678, 6.519421345338983, 6.519422007415254, 6.519349179025424, 6.519414724576271, 6.519364406779661, 6.519337923728814, 6.5192929025423725, 6.519290916313559, 6.5192935646186445, 6.519300185381356, 6.5192935646186445, 6.519316075211864, 6.519306144067796, 6.519338585805085, 6.519232653601695, 6.519239936440678, 6.51928032309322], "test_losses": [8.564410459648059, 8.033126682911105, 7.590714834268811, 7.234877503033981, 6.960393516762743, 6.759909027988471, 6.624259874658677, 6.54303689604824, 6.501373587302791, 6.483053559238471, 6.474928772565231, 6.470526537848908, 6.467657292930825, 6.46557854217233, 6.464018886529126, 6.462838478458738, 6.461874360019721, 6.461173937158677, 6.460628768772755, 6.460163005347391, 6.459757684503944, 6.459388510694781, 6.459097556697512, 6.458851638349515, 6.458630015549151, 6.458458761567051, 6.458257286293993, 6.458156548657463, 6.458071810527913, 6.458001294182342, 6.457912408032463, 6.457806337226942, 6.457688414934769, 6.457677748596784, 6.457540271351639, 6.457511235209345, 6.457499976297027, 6.457464421837075, 6.457406942126821, 6.457400423809163, 6.45739272034284, 6.457319833699939, 6.457315685679611, 6.45728250151699, 6.457258798543689, 6.457233317847391, 6.457264724287015, 6.457184726752124, 6.457168134670813, 6.457167542096481], "status": "OK"}