{"data": "data/ptb", "recepie_id": 2010583, "recepies_list_path": "data/new_recepies_fix.json", "cuda": true, "batch_size": 20, "model": "CustomRNN", "emsize": 400, "nhid": 600, "nlayers": 3, "dropout": 0.1, "dropouth": 0.25, "dropouti": 0.4, "dropoute": 0.0, "wdrop": 0.1, "tied": true, "bptt": 70, "lr": 0.001, "wdecay": 1.2e-06, "epochs": 50, "alpha": 2, "beta": 1, "log_interval": 200, "clip": 0.25, "eval_batch_size": 50, "recepie": "{\"node_0\": {\"op\": \"linear\", \"input\": [\"x\", \"h_prev_0\"]}, \"node_1\": {\"op\": \"activation_sigm\", \"input\": [\"node_0\"]}, \"node_3\": {\"op\": \"linear\", \"input\": [\"node_1\", \"h_prev_0\"]}, \"node_10\": {\"op\": \"linear\", \"input\": [\"h_prev_1\", \"h_prev_0\"]}, \"node_11\": {\"op\": \"activation_tanh\", \"input\": [\"node_10\"]}, \"h_new_0\": {\"op\": \"elementwise_sum\", \"input\": [\"node_11\", \"node_1\"]}, \"h_new_1\": {\"op\": \"activation_tanh\", \"input\": [\"node_3\"]}}", "experiment_id": 999956274, "init_time": "2020-05-09_04-11-33", "num_params": 9254800, "wall_times": [155.3395459651947, 155.0370478630066, 155.1174817085266, 157.67414450645447, 152.99609756469727, 152.8294460773468, 152.94407105445862, 152.91006445884705, 152.75412034988403, 152.8390715122223, 152.97519898414612, 153.0242154598236, 152.9819118976593, 152.94842863082886, 153.03558945655823, 153.04201221466064, 152.93284678459167, 152.92604088783264, 153.01249384880066, 152.7881577014923, 153.0034909248352, 152.9539647102356, 153.01208329200745, 153.06538796424866, 153.03955388069153, 152.9260756969452, 152.93094110488892, 153.05306792259216, 153.05758452415466, 153.0224404335022, 153.08903646469116, 153.10729122161865, 152.89042210578918, 152.98981952667236, 152.9214141368866, 152.86851859092712, 152.98961544036865, 152.93098092079163, 152.91256713867188, 153.01834726333618, 152.93693089485168, 152.98300337791443, 152.91200995445251, 152.82614517211914, 153.04957389831543, 152.75771164894104, 152.89985060691833, 152.67739939689636, 152.88839673995972, 152.83158326148987], "train_losses": [5.928068773196708, 5.583146330885913, 5.390571630762197, 5.251806989941369, 5.135797395245011, 5.047298592060675, 4.9693005015867895, 4.913422069146361, 4.853772070491098, 4.808303160803614, 4.763480985423054, 4.723127117960304, 4.684917685304717, 4.646276676214297, 4.61334365418751, 4.589244711822925, 4.557647181431876, 4.5354388548222255, 4.503553886961433, 4.471954675649508, 4.453443954736163, 4.429162212226346, 4.40614830428702, 4.392558899467485, 4.369413459469635, 4.3606588033188105, 4.333070269216288, 4.326610070060782, 4.306128049190469, 4.293357252837394, 4.284805567882309, 4.271801543757732, 4.249416720456135, 4.255498712414609, 4.234957439083427, 4.226031329003281, 4.217627985315476, 4.203436810822441, 4.194994385724275, 4.19270959402399, 4.170467228766608, 4.167190273519445, 4.157372014684524, 4.145808959980636, 4.132302760744446, 4.132616672717981, 4.117202628287881, 4.105834980635792, 4.102581138050669, 4.101280945753322], "val_losses": [5.944909295550848, 5.630961996822034, 5.475914327330509, 5.363680813029661, 5.279362751588983, 5.217466234110169, 5.160887844279661, 5.12843220338983, 5.0840436308262715, 5.057749602754237, 5.030664724576271, 5.008619902012712, 4.98631984904661, 4.971126191737288, 4.943845007944915, 4.933571901483051, 4.918730137711864, 4.908140227754237, 4.890598185911017, 4.876882613877119, 4.868673861228814, 4.860911679025424, 4.850358183262712, 4.840584613347458, 4.833218021716101, 4.8274450476694915, 4.816154992055084, 4.811655852754237, 4.812827065677966, 4.807037870762712, 4.80470703125, 4.795901747881356, 4.793420617055085, 4.7930670683262715, 4.79081501588983, 4.785402873411017, 4.779357454978814, 4.776958752648305, 4.776126191737288, 4.771185116525424, 4.761111957097458, 4.761986559851695, 4.757902542372881, 4.755626986228814, 4.75162407309322, 4.7496222854872885, 4.747282176906779, 4.750106925317796, 4.747115333686441, 4.743953588453389], "test_losses": [5.902417229217233, 5.600050842877731, 5.440541091474515, 5.326340166110437, 5.238919452556129, 5.170867031060376, 5.118933223983617, 5.087528562082828, 5.044439519493325, 5.022635154353762, 4.995958643052185, 4.979168049340109, 4.95715569060983, 4.935413545775182, 4.912349960179005, 4.903999402685073, 4.886868078731796, 4.878027758552033, 4.862908224457676, 4.845285063808404, 4.837453305142597, 4.830054422026699, 4.820453236403974, 4.811195447606948, 4.800126159075394, 4.797109659435679, 4.785128695293538, 4.781864203295662, 4.779511090621208, 4.776862283354824, 4.775659950034132, 4.768778384310528, 4.762956045206311, 4.768306398854672, 4.762865085046268, 4.756668535251062, 4.748919144417476, 4.746513292627427, 4.746380259689776, 4.743861226202215, 4.731720266990291, 4.733550432816292, 4.729578703352549, 4.726087847959648, 4.720691569800516, 4.71664784255537, 4.71481678786787, 4.715724611745297, 4.713930000379247, 4.710457514790655], "status": "OK"}