{"data": "data/ptb", "recepie_id": 2008897, "recepies_list_path": "data/new_recepies_fix.json", "cuda": true, "batch_size": 20, "model": "CustomRNN", "emsize": 400, "nhid": 600, "nlayers": 3, "dropout": 0.1, "dropouth": 0.25, "dropouti": 0.4, "dropoute": 0.0, "wdrop": 0.1, "tied": true, "bptt": 70, "lr": 0.001, "wdecay": 1.2e-06, "epochs": 50, "alpha": 2, "beta": 1, "log_interval": 200, "clip": 0.25, "eval_batch_size": 50, "recepie": "{\"node_1\": {\"op\": \"linear\", \"input\": [\"h_prev_0\", \"h_prev_1\"]}, \"node_2\": {\"op\": \"activation_tanh\", \"input\": [\"node_1\"]}, \"node_3\": {\"op\": \"linear\", \"input\": [\"h_prev_1\", \"h_prev_2\", \"h_prev_0\"]}, \"node_4\": {\"op\": \"activation_leaky_relu\", \"input\": [\"node_3\"]}, \"node_6\": {\"op\": \"linear\", \"input\": [\"x\", \"h_prev_2\"]}, \"node_7\": {\"op\": \"activation_tanh\", \"input\": [\"node_6\"]}, \"node_8\": {\"op\": \"linear\", \"input\": [\"h_prev_0\", \"node_7\", \"x\"]}, \"node_9\": {\"op\": \"activation_sigm\", \"input\": [\"node_8\"]}, \"node_10\": {\"op\": \"linear\", \"input\": [\"h_prev_1\", \"h_prev_2\"]}, \"node_11\": {\"op\": \"activation_tanh\", \"input\": [\"node_10\"]}, \"node_12\": {\"op\": \"linear\", \"input\": [\"h_prev_2\", \"node_2\", \"node_9\"]}, \"node_13\": {\"op\": \"activation_sigm\", \"input\": [\"node_12\"]}, \"node_15\": {\"op\": \"linear\", \"input\": [\"node_11\", \"node_13\"]}, \"node_17\": {\"op\": \"linear\", \"input\": [\"node_2\", \"node_11\", \"h_new_2\"]}, \"node_22\": {\"op\": \"linear\", \"input\": [\"node_4\", \"h_prev_1\", \"h_prev_0\"]}, \"h_new_0\": {\"op\": \"activation_leaky_relu\", \"input\": [\"node_17\"]}, \"h_new_1\": {\"op\": \"activation_tanh\", \"input\": [\"node_22\"]}, \"h_new_2\": {\"op\": \"activation_sigm\", \"input\": [\"node_15\"]}}", "experiment_id": 999936739, "init_time": "2020-05-16_22-19-10", "num_params": 24184400, "wall_times": [523.7789368629456, 515.4864830970764, 514.0907649993896, 521.0450608730316, 521.4591810703278, 518.5262784957886, 521.5619049072266, 520.34845495224, 518.8586101531982, 518.4545567035675, 523.6049156188965, 525.8998293876648, 517.0091848373413, 517.0043556690216, 514.3234920501709, 517.3284211158752, 523.5767390727997, 520.9319038391113, 526.148583650589, 519.3818137645721, 519.1904392242432, 520.363537311554, 518.8338658809662, 517.1026999950409, 525.7402596473694, 527.6991531848907, 524.5491626262665, 522.0997014045715, 525.5895991325378, 520.3414821624756, 516.5816473960876, 520.5792667865753, 521.1871190071106, 515.6761567592621, 518.8077070713043, 523.8200151920319, 521.7195134162903, 517.0739915370941, 514.9073774814606, 519.6811065673828, 518.0004634857178, 520.3559482097626, 518.8531000614166, 519.421156167984, 517.8228645324707, 519.6788816452026, 521.7689263820648, 522.396909236908, 527.017591714859, 524.152284860611], "train_losses": [6.609405676805982, 6.635591482437738, 6.6778435297993655, 6.694339246812974, 6.653054989645527, 6.709266244419343, 6.661288560324889, 6.66366075991071, 6.681034337851648, 6.6079937032704, 6.651553086843096, 6.6119564742348444, 6.620627084341886, 6.685301775724813, 6.70976673861008, 6.625161368404067, 6.685745118605777, 6.629930561158625, 6.602669806626863, 6.61905668401377, 6.614496345678016, 6.623186286375128, 6.634215648700985, 6.639458861142488, 6.637652291431338, 6.593007453203163, 6.5937647080576625, 6.596773976655371, 6.598451115459093, 6.600342991904685, 6.612577994728632, 6.601467948200742, 6.590989927922113, 6.582194929670271, 6.583359807837126, 6.572723780996181, 6.574477401699747, 6.57645458487978, 6.571524023721155, 6.5775278528589105, 6.591201303722231, 6.5723144767629496, 6.572265309827336, 6.584615035501049, 6.580364406836641, 6.57048815623151, 6.57287632456565, 6.565584489806896, 6.574034479049002, 6.571734559060836], "val_losses": [6.603440810381356, 6.630320444915254, 6.671826006355932, 6.688691737288136, 6.646397643008474, 6.703108448093221, 6.655767346398305, 6.658368644067797, 6.6756461864406775, 6.602051112288136, 6.646162605932203, 6.606441340042373, 6.615539592161017, 6.681440677966101, 6.706521451271186, 6.621636652542373, 6.682514565677966, 6.625958686440678, 6.598810248940678, 6.615882547669491, 6.611790254237288, 6.619960275423729, 6.630186705508475, 6.636108315677966, 6.633490466101695, 6.588573225635593, 6.589212791313559, 6.592612552966101, 6.595179422669491, 6.597419226694916, 6.6109527277542375, 6.59940876588983, 6.588528204449153, 6.578947298728814, 6.58064155190678, 6.5687639036016945, 6.571087129237288, 6.573385858050847, 6.569641816737288, 6.575294623940678, 6.588930746822034, 6.569421345338983, 6.569967558262712, 6.582428495762712, 6.57842094809322, 6.567958156779661, 6.570558792372881, 6.56244968220339, 6.5718511652542375, 6.5695444915254235], "test_losses": [6.543730208017294, 6.572507987902003, 6.617404382205704, 6.635018654239988, 6.590849348642294, 6.650525139373483, 6.59990743988926, 6.602028855999697, 6.619652016648969, 6.543142374279429, 6.588712525599211, 6.547043883684769, 6.555748800629551, 6.623998549378034, 6.650654320577973, 6.561034563675667, 6.625519095115291, 6.566486247534891, 6.537077375986044, 6.554813125758495, 6.549205002275485, 6.559177435717537, 6.57025620543841, 6.575995287848908, 6.573901722732099, 6.525201593787925, 6.526066159739078, 6.529686788910801, 6.531790427791262, 6.534183242945995, 6.547839118439017, 6.535117732668386, 6.523073066785497, 6.513429512097997, 6.5152587890625, 6.502396963175061, 6.504902960027306, 6.507752057418083, 6.502301558707524, 6.50934548979824, 6.52489523285801, 6.503071905339806, 6.503255010808556, 6.516949996207524, 6.512256807493932, 6.500173031705097, 6.503478411331917, 6.494513354255158, 6.504897034283981, 6.501489731871966], "status": "OK"}