{"data": "data/ptb", "recepie_id": 1005964, "recepies_list_path": "data/models_recepies.json", "cuda": true, "batch_size": 20, "model": "CustomRNN", "emsize": 400, "nhid": 600, "nlayers": 3, "dropout": 0.1, "dropouth": 0.25, "dropouti": 0.4, "dropoute": 0.0, "wdrop": 0.1, "tied": true, "bptt": 70, "lr": 0.001, "wdecay": 1.2e-06, "epochs": 50, "alpha": 2, "beta": 1, "log_interval": 200, "clip": 0.25, "eval_batch_size": 50, "recepie": "{\"node_0\": {\"op\": \"linear\", \"input\": [\"h_prev_0\", \"x\"]}, \"node_1\": {\"op\": \"activation_tanh\", \"input\": [\"node_0\"]}, \"node_3\": {\"op\": \"linear\", \"input\": [\"node_1\", \"h_prev_0\"]}, \"node_4\": {\"op\": \"activation_sigm\", \"input\": [\"node_3\"]}, \"node_7\": {\"op\": \"linear\", \"input\": [\"x\", \"node_4\"]}, \"h_new_0\": {\"op\": \"activation_leaky_relu\", \"input\": [\"node_7\"]}}", "experiment_id": 999995870, "init_time": "2020-04-20_05-29-27", "num_params": 9214800, "wall_times": [196.54836106300354, 146.2105975151062, 146.3388752937317, 148.53801202774048, 147.07714366912842, 145.0080246925354, 144.52021861076355, 145.25714492797852, 144.51628708839417, 144.26269364356995, 144.0644495487213, 143.8249156475067, 143.26870584487915, 143.78028345108032, 144.6190550327301, 144.0832896232605, 144.15778398513794, 144.98609733581543, 144.21612215042114, 143.68808507919312, 144.88359379768372, 144.5709192752838, 144.57544231414795, 144.45059871673584, 145.1647675037384, 144.15304708480835, 144.2927131652832, 144.33745574951172, 143.74455308914185, 144.20846271514893, 144.9610722064972, 144.59962630271912, 144.03862404823303, 143.4411325454712, 141.09200620651245, 140.0063955783844, 144.47973561286926, 143.08285188674927, 144.84771537780762, 143.69331622123718, 144.42842841148376, 145.28091859817505, 145.0796253681183, 144.92557382583618, 145.17151832580566, 144.39916968345642, 143.67685389518738, 143.7276315689087, 144.47243404388428, 144.39909315109253], "train_losses": [5.710321442499058, 5.4758023035339685, 5.342908699101716, 5.264443312624389, 5.2152549452692165, 5.148015168629982, 5.106667876929698, 5.073908409983325, 5.051746308697757, 5.011389499623474, 4.991729449061374, 4.975562772309182, 4.949350492173632, 4.926497532408154, 4.91503029019418, 4.892669420015061, 4.879061945296111, 4.86709000658921, 4.849433193480716, 4.839029974181055, 4.825664552068205, 4.818378600532515, 4.80944828815018, 4.7968006192512505, 4.792599157522457, 4.786383532354365, 4.7793614853961595, 4.765111058442257, 4.758637832149965, 4.748659045371416, 4.754067408288957, 4.742736320665913, 4.726239763191867, 4.720292244903448, 4.710027281345813, 4.704310889677801, 4.69818855561831, 4.695108688343822, 4.695406631569039, 4.688041256521973, 4.680224554219784, 4.6748565334032595, 4.671965769727287, 4.673638706228821, 4.66793366077672, 4.664366326448281, 4.656861855198752, 4.651724540772417, 4.649692727663924, 4.645149198536926], "val_losses": [5.734226032838983, 5.539520325741526, 5.439621292372881, 5.382823424258475, 5.352582428495762, 5.307645987817796, 5.280743180614407, 5.2627836996822035, 5.252730071504237, 5.2265625, 5.219055217161017, 5.212998543432203, 5.199175715042373, 5.186514168432203, 5.18370497881356, 5.171884269067797, 5.165888837394068, 5.160269796080509, 5.154361096398305, 5.150729939088983, 5.142835341631356, 5.1393564618644065, 5.138576867055085, 5.1306187102754235, 5.132216962394068, 5.130685248940678, 5.129076403601695, 5.123185248940678, 5.119995034427966, 5.115294292902543, 5.124845405190678, 5.109917571504237, 5.1042300052966105, 5.104176046080508, 5.099774231991526, 5.095764036016949, 5.091423463983051, 5.094940744173729, 5.095785222457627, 5.091164261122882, 5.090507481461865, 5.086292041843221, 5.088049192266949, 5.087990598516949, 5.089461069915254, 5.084078389830508, 5.085167836334746, 5.084861957097457, 5.0832286149364405, 5.080882547669492], "test_losses": [5.683922628754551, 5.489510841739988, 5.384446820009102, 5.329218299643507, 5.297290394607099, 5.249551421230279, 5.223032534701153, 5.202531833093143, 5.193599960179005, 5.164371823801578, 5.155649722201153, 5.150057598225121, 5.133550255043993, 5.121120415844963, 5.116846769758799, 5.105520303966929, 5.100655268696905, 5.094933963516383, 5.086413929763349, 5.083400689282463, 5.077349912773058, 5.071826527419599, 5.069729406856796, 5.062994206993325, 5.061960164783071, 5.061381219660194, 5.05920884215716, 5.052832149764867, 5.050586885618932, 5.045064685414139, 5.051305678284284, 5.043343256978155, 5.034511529126213, 5.034979662848908, 5.029314652229976, 5.027234123748483, 5.025371070047027, 5.023109213819781, 5.024896418006675, 5.020655363508799, 5.019609469811893, 5.016337866922027, 5.015764254968143, 5.016826740746359, 5.014548885012136, 5.010916404353762, 5.010783075128944, 5.00976799529733, 5.007020820691747, 5.006945563751517], "status": "OK"}