{"data": "data/ptb", "recepie_id": 1013965, "recepies_list_path": "data/models_recepies.json", "cuda": true, "batch_size": 20, "model": "CustomRNN", "emsize": 400, "nhid": 600, "nlayers": 3, "dropout": 0.1, "dropouth": 0.25, "dropouti": 0.4, "dropoute": 0.0, "wdrop": 0.1, "tied": true, "bptt": 70, "lr": 0.001, "wdecay": 1.2e-06, "epochs": 50, "alpha": 2, "beta": 1, "log_interval": 200, "clip": 0.25, "eval_batch_size": 50, "recepie": "{\"node_0\": {\"op\": \"linear\", \"input\": [\"x\", \"h_prev_0\", \"h_prev_1\"]}, \"node_1\": {\"op\": \"activation_leaky_relu\", \"input\": [\"node_0\"]}, \"node_4\": {\"op\": \"linear\", \"input\": [\"h_prev_2\", \"h_prev_1\", \"node_1\"]}, \"node_10\": {\"op\": \"linear\", \"input\": [\"h_prev_2\", \"node_1\"]}, \"h_new_0\": {\"op\": \"linear\", \"input\": [\"node_1\", \"h_new_2\"]}, \"h_new_1\": {\"op\": \"activation_sigm\", \"input\": [\"node_10\"]}, \"h_new_2\": {\"op\": \"activation_tanh\", \"input\": [\"node_4\"]}}", "experiment_id": 999967208, "init_time": "2020-04-21_23-48-16", "num_params": 12776400, "wall_times": [228.77041673660278, 227.8634216785431, 222.15274000167847, 221.93621492385864, 222.133065700531, 221.936940908432, 222.0394265651703, 221.94687938690186, 222.00970244407654, 223.35726404190063, 222.5627417564392, 222.50881171226501, 222.45771956443787, 222.4988169670105, 222.55581307411194, 222.52969598770142, 222.53564524650574, 222.65369510650635, 222.57155919075012, 222.5140118598938, 222.31162118911743, 222.58767414093018, 222.51004719734192, 222.4385952949524, 222.55580830574036, 222.35543727874756, 222.36228275299072, 222.5545690059662, 222.64781618118286, 222.4383885860443, 222.41774153709412, 222.67234659194946, 222.47664833068848, 222.59159755706787, 222.60419487953186, 222.54859519004822, 222.39017844200134, 222.2601034641266, 222.51616287231445, 222.36273550987244, 222.41174626350403, 222.2990379333496, 222.23685932159424, 222.32755708694458, 222.21222019195557, 222.31232619285583, 222.39052987098694, 222.53265142440796, 222.43459486961365, 222.39042901992798], "train_losses": [5.777552814533914, 5.4456432211822925, 5.254701955919531, 5.122097890108117, 5.024586829648754, 4.9431869755526865, 4.9008492012264, 4.84184551664784, 4.796482925205745, 4.752906312194073, 4.72354986956054, 4.6883505459631, 4.660701498709053, 4.621871386020117, 4.607131390861169, 4.586631300091442, 4.583094642568985, 4.556811343526437, 4.530853302673337, 4.513397779839708, 4.496889035689312, 4.483189530552417, 4.472989282448497, 4.4630357094830835, 4.4482028434457535, 4.439571734979291, 4.422198577268571, 4.4137893503577, 4.412891318379861, 4.4068866487816685, 4.39321235745791, 4.381189991124738, 4.380134372814803, 4.36874445296111, 4.359467450648163, 4.351612087165833, 4.34460474826529, 4.344498850250121, 4.332539938680006, 4.3307863179764405, 4.3238693285729655, 4.315634076972729, 4.313923319751493, 4.3097525348286805, 4.306247394572643, 4.293676627803776, 4.291771724221397, 4.28339233365607, 4.280540651390457, 4.281317657065246], "val_losses": [5.799986758474576, 5.504999006885593, 5.347698622881356, 5.2443812897245765, 5.17070014565678, 5.111223847987288, 5.083962526483051, 5.04206733315678, 5.017070974576272, 4.9920034427966105, 4.973087592690678, 4.950531978283898, 4.934230336334746, 4.9201939883474575, 4.913951602224576, 4.895126456567796, 4.8969455111228815, 4.888688426906779, 4.882462923728814, 4.865592558262712, 4.85751423463983, 4.854993379237288, 4.844990068855933, 4.847107719809322, 4.838637115995763, 4.828955574682204, 4.826512182203389, 4.826317200741525, 4.8204008871822035, 4.822765492584746, 4.812806210275424, 4.81323920815678, 4.8116287076271185, 4.806384732521186, 4.804747086864407, 4.807056408898305, 4.804820908368644, 4.803573887711864, 4.79280124470339, 4.79749172404661, 4.791439022775424, 4.793125662076271, 4.78826469809322, 4.777367253707627, 4.78078125, 4.781229144597457, 4.778337857521186, 4.775249933792373, 4.777659891419492, 4.773956898834745], "test_losses": [5.751898015587075, 5.457065619311287, 5.295997989987864, 5.191134850955704, 5.116615073194781, 5.05645277893659, 5.028416902116201, 4.985321933783374, 4.960626991049757, 4.934864821943265, 4.920286900788835, 4.898218840071299, 4.884082090507433, 4.865621918613471, 4.861158648740898, 4.842904100140322, 4.841504735854065, 4.832720413948726, 4.824987911483617, 4.810254439566899, 4.804777571298544, 4.798145479368932, 4.792703869273361, 4.790993996036863, 4.785099066576912, 4.776030605279126, 4.771892362427943, 4.772956033354824, 4.769229037090413, 4.772339756048999, 4.761993704490291, 4.760522934996966, 4.757949977245145, 4.754085800022755, 4.75250718200091, 4.75132055190003, 4.750226955969357, 4.747977247515928, 4.742267201247724, 4.744145661881826, 4.736452861896996, 4.739859868021845, 4.735470966228004, 4.728282447000152, 4.728677101505613, 4.728096378659739, 4.723794881579946, 4.724284644265777, 4.726273323725728, 4.722131821715716], "status": "OK"}