{"data": "data/ptb", "recepie_id": 1011864, "recepies_list_path": "data/models_recepies.json", "cuda": true, "batch_size": 20, "model": "CustomRNN", "emsize": 400, "nhid": 600, "nlayers": 3, "dropout": 0.1, "dropouth": 0.25, "dropouti": 0.4, "dropoute": 0.0, "wdrop": 0.1, "tied": true, "bptt": 70, "lr": 0.001, "wdecay": 1.2e-06, "epochs": 50, "alpha": 2, "beta": 1, "log_interval": 200, "clip": 0.25, "eval_batch_size": 50, "recepie": "{\"node_1\": {\"op\": \"linear\", \"input\": [\"h_prev_0\", \"h_prev_1\"]}, \"node_2\": {\"op\": \"activation_tanh\", \"input\": [\"node_1\"]}, \"node_3\": {\"op\": \"linear\", \"input\": [\"x\", \"node_2\"]}, \"node_4\": {\"op\": \"activation_tanh\", \"input\": [\"node_3\"]}, \"node_5\": {\"op\": \"linear\", \"input\": [\"node_2\", \"h_prev_0\"]}, \"node_6\": {\"op\": \"activation_sigm\", \"input\": [\"node_5\"]}, \"node_7\": {\"op\": \"linear\", \"input\": [\"h_prev_1\", \"node_6\", \"node_4\"]}, \"node_14\": {\"op\": \"linear\", \"input\": [\"node_4\", \"x\"]}, \"h_new_0\": {\"op\": \"activation_sigm\", \"input\": [\"node_7\"]}, \"h_new_1\": {\"op\": \"activation_sigm\", \"input\": [\"node_14\"]}}", "experiment_id": 999956277, "init_time": "2020-04-21_01-51-40", "num_params": 13618000, "wall_times": [316.2059054374695, 270.1686632633209, 281.70856189727783, 283.4102041721344, 282.54825592041016, 281.62863206863403, 281.909113407135, 282.0640079975128, 281.1818470954895, 272.63999223709106, 277.63488364219666, 283.88790345191956, 282.4667024612427, 279.1085162162781, 268.0714781284332, 282.521169424057, 284.4550213813782, 287.26022720336914, 286.07118558883667, 286.48316860198975, 285.0772445201874, 285.0841152667999, 269.8515739440918, 286.9267466068268, 284.7961230278015, 280.34440302848816, 281.865665435791, 272.5721666812897, 275.8923740386963, 284.0961244106293, 283.57726097106934, 284.22870683670044, 285.4130892753601, 284.7869141101837, 286.451598405838, 270.81410360336304, 278.2225022315979, 285.36379408836365, 285.2353518009186, 287.4791843891144, 281.8805911540985, 269.7921886444092, 280.6769196987152, 282.3457329273224, 281.7023255825043, 282.44999980926514, 280.95850801467896, 279.7210988998413, 273.01851439476013, 273.3889012336731], "train_losses": [6.579901733365607, 6.5620306028454625, 6.554165574068097, 6.548709725135819, 6.547597375746329, 6.545314685197138, 6.545465127615513, 6.544770487063633, 6.5441103053897045, 6.5447830939702, 6.544195612124146, 6.5438661516325105, 6.544828058603626, 6.5456752427249745, 6.546387532946049, 6.547852455489215, 6.547484754047657, 6.5486197958689685, 6.550475952745952, 6.549608597574095, 6.5496590252003655, 6.550128842585122, 6.5494787464364475, 6.549835521892313, 6.410577110564252, 6.232939913802378, 6.132233842988543, 6.043373221585713, 5.931578115754935, 5.855660585094938, 5.787477391614222, 5.714669984804475, 5.643358177343876, 5.581481798988758, 5.524259050077995, 5.477073079715992, 5.4309166733903504, 5.392492082862676, 5.357372603006831, 5.332883686999086, 5.295960579043623, 5.271431320934861, 5.2402989853961595, 5.217872979533108, 5.199707687859717, 5.1731953633478565, 5.158088086977569, 5.136766025899629, 5.122322713275241, 5.102176456349847], "val_losses": [6.580501191737288, 6.560058262711864, 6.55090969279661, 6.544847722457627, 6.543222987288136, 6.540352224576271, 6.540231064618644, 6.539005561440678, 6.53826469809322, 6.538940677966102, 6.538243511652542, 6.537994570974576, 6.539130693855932, 6.539709348516949, 6.540942796610169, 6.542274894067797, 6.542110037076271, 6.543347457627118, 6.545681276483051, 6.545216498940678, 6.544220736228813, 6.545210540254237, 6.544424655720339, 6.544530587923729, 6.409833156779661, 6.24388373940678, 6.148319650423729, 6.0663201800847455, 5.961800185381356, 5.892493379237288, 5.834265095338983, 5.767564883474576, 5.707700609110169, 5.652157044491525, 5.604943723516949, 5.566050715042373, 5.528095868644068, 5.497324549788136, 5.47034626588983, 5.454014830508474, 5.423005164194915, 5.403887380826271, 5.37803561970339, 5.362261652542373, 5.350800119173729, 5.328595405190678, 5.3189506091101695, 5.300811374470339, 5.289647444385594, 5.273020391949153], "test_losses": [6.502900058783374, 6.487463497421117, 6.481280576835558, 6.47618917817051, 6.475950963288835, 6.472867206462379, 6.473719920926881, 6.472852984678398, 6.472158487560679, 6.472974462416565, 6.472185745979976, 6.471444435489988, 6.47283224457676, 6.473026016383495, 6.474202869007889, 6.475295576077063, 6.474077835823726, 6.475924297443871, 6.478171931887136, 6.476954191633799, 6.47589348357858, 6.476855824294599, 6.475720451873483, 6.476785900523361, 6.343979326266687, 6.183948702025182, 6.091394517028216, 6.008015160421723, 5.902745515397451, 5.834499914669296, 5.775717133457221, 5.708632978420813, 5.647500639980279, 5.592417300326153, 5.543906202594053, 5.503566704907463, 5.465340327290655, 5.434456538228155, 5.406094745524879, 5.390197161331917, 5.357290323498179, 5.340138852017597, 5.314617860664442, 5.298451840298847, 5.284771076683859, 5.262326138690837, 5.25329826873483, 5.23559096253034, 5.223855620449029, 5.210281520213895], "status": "OK"}