{"data": "data/ptb", "recepie_id": 2003572, "recepies_list_path": "data/new_recepies_fix.json", "cuda": true, "batch_size": 20, "model": "CustomRNN", "emsize": 400, "nhid": 600, "nlayers": 3, "dropout": 0.1, "dropouth": 0.25, "dropouti": 0.4, "dropoute": 0.0, "wdrop": 0.1, "tied": true, "bptt": 70, "lr": 0.001, "wdecay": 1.2e-06, "epochs": 50, "alpha": 2, "beta": 1, "log_interval": 200, "clip": 0.25, "eval_batch_size": 50, "recepie": "{\"node_0\": {\"op\": \"linear\", \"input\": [\"x\", \"h_prev_0\"]}, \"node_1\": {\"op\": \"activation_tanh\", \"input\": [\"node_0\"]}, \"node_4\": {\"op\": \"linear\", \"input\": [\"node_1\", \"h_prev_0\"]}, \"node_5\": {\"op\": \"activation_leaky_relu\", \"input\": [\"node_4\"]}, \"node_18\": {\"op\": \"linear\", \"input\": [\"h_prev_0\", \"node_5\"]}, \"h_new_0\": {\"op\": \"activation_sigm\", \"input\": [\"node_18\"]}}", "experiment_id": 999916366, "init_time": "2020-05-11_11-31-16", "num_params": 9254800, "wall_times": [149.71884608268738, 148.89010190963745, 149.80617666244507, 148.82018637657166, 147.16212725639343, 148.22023630142212, 146.71539425849915, 148.47217845916748, 147.192791223526, 146.20815801620483, 147.05426716804504, 147.5012137889862, 147.6000542640686, 147.79365873336792, 147.75263237953186, 147.20528936386108, 148.53562927246094, 148.4368007183075, 147.2192738056183, 147.03911805152893, 146.97911429405212, 147.53081703186035, 146.9965741634369, 146.73736023902893, 147.64576125144958, 147.44259786605835, 147.76687383651733, 146.52821278572083, 146.0181667804718, 145.62223434448242, 146.3401255607605, 146.3908019065857, 145.08881068229675, 145.0923981666565, 144.8856499195099, 146.35324144363403, 146.4508023262024, 146.37693643569946, 144.90551328659058, 143.86089491844177, 145.58403062820435, 142.79583406448364, 144.23142957687378, 142.9036204814911, 145.59430146217346, 147.7028272151947, 145.88004875183105, 146.2803235054016, 146.1854510307312, 148.26507377624512], "train_losses": [6.604339801516863, 6.573225956107794, 6.557376973401108, 6.55092938115217, 6.546914501640579, 6.546091270641709, 6.544180483836265, 6.543047543166048, 6.543348007772578, 6.5422860860093595, 6.541480924909902, 6.540354707923188, 6.540635841939649, 6.540707281076865, 6.539976920956377, 6.540402193937927, 6.539257907051799, 6.538882641466301, 6.539532737614975, 6.5388704547899525, 6.538676308428809, 6.538576293636706, 6.53857083064386, 6.538712027997418, 6.538451905491905, 6.5381421958205586, 6.537494621053198, 6.537460162175246, 6.537729949975795, 6.537811894868485, 6.536878983782476, 6.537559336506912, 6.537937543703943, 6.537487477139476, 6.537622791269969, 6.53665878314776, 6.537159277338497, 6.537137005136894, 6.5370088349201225, 6.536321338281964, 6.536997068473993, 6.536271751116131, 6.5368558711204345, 6.53601457022215, 6.536538177074929, 6.536815949249637, 6.537463524016998, 6.536886547926416, 6.536240654079931, 6.536848306976494], "val_losses": [6.603642743644068, 6.5725033103813555, 6.554907309322034, 6.54724907309322, 6.543082627118644, 6.541334745762712, 6.539078389830508, 6.53714247881356, 6.537356329449152, 6.535934851694916, 6.534780190677966, 6.5334851694915255, 6.53332560911017, 6.532950873940678, 6.532325873940678, 6.532862155720339, 6.531602224576271, 6.530917637711864, 6.531543961864407, 6.530587923728813, 6.5302072298728815, 6.530231064618644, 6.530099311440678, 6.530475370762712, 6.530331038135593, 6.529733183262712, 6.529061837923729, 6.528922139830509, 6.52916247351695, 6.529459083686441, 6.528397113347458, 6.528832759533898, 6.529235963983051, 6.528893008474577, 6.52917439088983, 6.528181276483051, 6.5284699417372885, 6.5288671875, 6.528827462923728, 6.528099841101695, 6.52860500529661, 6.528218352754237, 6.528731461864407, 6.527737023305085, 6.528450741525424, 6.528428893008474, 6.529319385593221, 6.528411679025424, 6.527960805084746, 6.528360037076271], "test_losses": [6.523790081727852, 6.497515335823726, 6.483796054877124, 6.477691946677791, 6.474399603686287, 6.474248497231493, 6.472139525182039, 6.470565055180522, 6.471169480999697, 6.47003410857858, 6.469199171344053, 6.467883656325849, 6.468486896996359, 6.468400381143811, 6.467706476600425, 6.468316828162925, 6.466734062120753, 6.466294964540352, 6.467356265169903, 6.466292001668689, 6.466133784321905, 6.465919272413531, 6.466061490253337, 6.466271261567051, 6.466271261567051, 6.465809646162015, 6.464850268317658, 6.464813528709041, 6.465335586695995, 6.465784758040049, 6.46399636870449, 6.464982412393811, 6.465759869918083, 6.464982412393811, 6.465302995107706, 6.463973258305522, 6.464309840526395, 6.464650570767597, 6.464805232668386, 6.463896816216626, 6.464711013349515, 6.463652083017294, 6.464583609868022, 6.463443496852245, 6.464503019758799, 6.464715753944175, 6.465500322360437, 6.464693236119539, 6.463855928587682, 6.464226880119842], "status": "OK"}