{"data": "data/ptb", "recepie_id": 2003697, "recepies_list_path": "data/new_recepies_fix.json", "cuda": true, "batch_size": 20, "model": "CustomRNN", "emsize": 400, "nhid": 600, "nlayers": 3, "dropout": 0.1, "dropouth": 0.25, "dropouti": 0.4, "dropoute": 0.0, "wdrop": 0.1, "tied": true, "bptt": 70, "lr": 0.001, "wdecay": 1.2e-06, "epochs": 50, "alpha": 2, "beta": 1, "log_interval": 200, "clip": 0.25, "eval_batch_size": 50, "recepie": "{\"node_1\": {\"op\": \"linear\", \"input\": [\"h_prev_0\", \"x\"]}, \"node_2\": {\"op\": \"activation_sigm\", \"input\": [\"node_1\"]}, \"node_3\": {\"op\": \"linear\", \"input\": [\"h_prev_2\", \"x\", \"h_prev_1\"]}, \"node_4\": {\"op\": \"activation_sigm\", \"input\": [\"node_3\"]}, \"node_6\": {\"op\": \"linear\", \"input\": [\"node_4\", \"x\"]}, \"node_15\": {\"op\": \"linear\", \"input\": [\"node_2\", \"h_prev_0\"]}, \"h_new_0\": {\"op\": \"activation_leaky_relu\", \"input\": [\"node_6\"]}, \"h_new_1\": {\"op\": \"activation_tanh\", \"input\": [\"node_15\"]}, \"h_new_2\": {\"op\": \"linear\", \"input\": [\"node_2\", \"node_4\"]}}", "experiment_id": 999942298, "init_time": "2020-05-11_20-49-44", "num_params": 13578000, "wall_times": [340.87543988227844, 257.2208979129791, 253.59464764595032, 254.03862643241882, 253.54663038253784, 253.76792693138123, 257.8245105743408, 254.6652753353119, 256.39426279067993, 254.87396025657654, 254.17407941818237, 255.21686029434204, 252.85848379135132, 254.34680485725403, 253.05593347549438, 254.43079900741577, 253.18872785568237, 254.06557250022888, 253.1558346748352, 255.07686948776245, 253.25582075119019, 256.39255356788635, 254.87312579154968, 254.49995684623718, 253.45928120613098, 253.96207284927368, 252.9762887954712, 253.53952598571777, 253.87926697731018, 254.96438241004944, 256.3185715675354, 254.98434448242188, 249.1999409198761, 252.53203058242798, 254.45637154579163, 253.69746017456055, 254.84769129753113, 253.68404817581177, 253.90085864067078, 253.11773920059204, 254.33716940879822, 253.30075526237488, 255.66371035575867, 254.2822141647339, 255.6142132282257, 254.04856181144714, 253.80998492240906, 253.87423658370972, 253.85055994987488, 253.44478106498718], "train_losses": [5.689634349281911, 5.413868773869076, 5.275059168414824, 5.175033870555645, 5.105941719111398, 5.0455991810553495, 4.99369402533484, 4.9608904342154805, 4.920085239497606, 4.895351329272229, 4.863879447716637, 4.837473021219945, 4.813735897073853, 4.796093792023022, 4.777793186219139, 4.755948358748857, 4.740492291296864, 4.725679596310043, 4.712302827981281, 4.700832644155774, 4.685898082405465, 4.666743989026949, 4.663220778871497, 4.65471279785918, 4.6436288056048625, 4.635406581141413, 4.628582882846539, 4.617718670996719, 4.611476991555054, 4.604054465198214, 4.598162417298693, 4.59308645648432, 4.585439947420795, 4.577541300225915, 4.569891429320639, 4.568194539696627, 4.563183714566188, 4.556192344413963, 4.551376085874885, 4.546218600398042, 4.5404274077510625, 4.540034912726588, 4.533575554031521, 4.532379578828466, 4.525466371496961, 4.521227089048464, 4.514845893174116, 4.509090420095745, 4.506980444166532, 4.500926607632725], "val_losses": [5.713642743644068, 5.4767578125, 5.372127582097457, 5.298533501059322, 5.251954449152542, 5.213248146186441, 5.177379833156779, 5.16063625529661, 5.136777674788136, 5.125795484639831, 5.106245365466101, 5.091737950211864, 5.080631620762712, 5.0700916975635595, 5.06137844279661, 5.052838652012712, 5.0444998013771185, 5.037619835805085, 5.032606925317797, 5.026813095868644, 5.022832693326271, 5.012726430084745, 5.013535487288135, 5.0114244570974575, 5.007087857521187, 5.003330243644068, 5.0042869438559325, 4.994693458686441, 4.996057335805085, 4.994428628177966, 4.992201403601695, 4.992200741525424, 4.9907521186440675, 4.98831435381356, 4.988051509533898, 4.990232057733051, 4.990716366525424, 4.985412473516949, 4.988484507415254, 4.98677734375, 4.984223053495763, 4.983201800847458, 4.980356197033898, 4.977552966101695, 4.978937367584746, 4.977140823622881, 4.978413334216102, 4.975292306673729, 4.974421014300847, 4.976821371822034], "test_losses": [5.66717292267142, 5.428488129550971, 5.318217749734527, 5.242265719811893, 5.192693914024575, 5.153064320388349, 5.115281188372269, 5.097813874772451, 5.072289327973301, 5.058490049491808, 5.038204452366505, 5.025440993818265, 5.012948934314321, 5.002825394417476, 4.993590716019417, 4.983740945464199, 4.974534118059769, 4.967892248653671, 4.963565863451912, 4.958261434314321, 4.953200256940231, 4.943127085861651, 4.945276945540049, 4.942533622667628, 4.937346819535042, 4.934630458794751, 4.933644415105431, 4.926158719849818, 4.927915999032919, 4.924178632717688, 4.922552016174909, 4.921370422955856, 4.919010791963744, 4.91751217147679, 4.91516824370449, 4.917644908127276, 4.916193693586924, 4.912652765662925, 4.915106319686742, 4.912725652305825, 4.910281875758495, 4.90783928435983, 4.908060907160194, 4.90423583984375, 4.904707232725273, 4.903156169409891, 4.902662554990898, 4.901616661293993, 4.900393291584496, 4.899303843674151], "status": "OK"}