{"data": "data/ptb", "recepie_id": 2004800, "recepies_list_path": "data/new_recepies_fix.json", "cuda": true, "batch_size": 20, "model": "CustomRNN", "emsize": 400, "nhid": 600, "nlayers": 3, "dropout": 0.1, "dropouth": 0.25, "dropouti": 0.4, "dropoute": 0.0, "wdrop": 0.1, "tied": true, "bptt": 70, "lr": 0.001, "wdecay": 1.2e-06, "epochs": 50, "alpha": 2, "beta": 1, "log_interval": 200, "clip": 0.25, "eval_batch_size": 50, "recepie": "{\"node_0\": {\"op\": \"linear\", \"input\": [\"h_prev_0\", \"x\"]}, \"node_1\": {\"op\": \"activation_sigm\", \"input\": [\"node_0\"]}, \"node_5\": {\"op\": \"linear\", \"input\": [\"node_1\", \"x\"]}, \"node_6\": {\"op\": \"activation_leaky_relu\", \"input\": [\"node_5\"]}, \"node_13\": {\"op\": \"linear\", \"input\": [\"h_prev_0\", \"node_6\"]}, \"h_new_0\": {\"op\": \"activation_sigm\", \"input\": [\"node_13\"]}}", "experiment_id": 999983849, "init_time": "2020-05-08_03-50-26", "num_params": 9214800, "wall_times": [150.83572030067444, 148.50696206092834, 150.7284905910492, 147.5814163684845, 146.6420934200287, 151.47946763038635, 151.86129307746887, 151.7327094078064, 151.04635167121887, 145.7860813140869, 145.10400938987732, 147.77814841270447, 149.4430286884308, 150.53432989120483, 149.16660952568054, 150.44386434555054, 149.76251769065857, 149.57714772224426, 150.27435851097107, 150.40489315986633, 150.13701725006104, 148.4444420337677, 148.80771732330322, 148.45229268074036, 149.3412208557129, 150.87503361701965, 150.83649969100952, 151.17326474189758, 146.93890047073364, 147.14504623413086, 147.03615045547485, 147.19984316825867, 147.1581416130066, 147.06873202323914, 146.83606052398682, 146.8703954219818, 146.86320972442627, 146.84948205947876, 146.77471494674683, 146.88716173171997, 147.1721887588501, 147.2104570865631, 147.28781986236572, 147.11840772628784, 146.93712782859802, 147.073312997818, 146.98386406898499, 147.0213267803192, 146.85057067871094, 146.53237056732178], "train_losses": [6.334854566725835, 6.059146983083212, 5.905728494298317, 5.775357952100479, 5.674088352563068, 5.606366571862729, 5.548142834570491, 5.484875073960518, 5.430143029557312, 5.385698220913345, 5.347229926442902, 5.3139712259964496, 5.282689708730031, 5.252561303184336, 5.226630157065246, 5.203326710505083, 5.188593859259857, 5.1685967840621805, 5.146325002689474, 5.130520984616212, 5.114755207492873, 5.101176308428809, 5.086084160346404, 5.077452211419504, 5.0660274124576405, 5.052332109622935, 5.042945847453069, 5.031019293609811, 5.023268567451993, 5.013235570975203, 5.0081877655854985, 4.997770678688613, 4.988342393496853, 4.981208985530633, 4.975045468909688, 4.967077903958905, 4.966418562745415, 4.952831259076973, 4.950418717390135, 4.9454234407777955, 4.93874850398042, 4.934564691920822, 4.925049839303965, 4.920379820881071, 4.9157606503146685, 4.908332660964983, 4.90391646159432, 4.8950630513420474, 4.890563226157818, 4.881338752622237], "val_losses": [6.347382150423729, 6.082068988347458, 5.939373675847458, 5.818967161016949, 5.730582627118644, 5.6698066737288135, 5.624164459745763, 5.572280190677966, 5.528429555084746, 5.4916207627118645, 5.4610013903601695, 5.438357719809322, 5.415729939088983, 5.392287804555084, 5.37464016154661, 5.357783037605932, 5.350668697033898, 5.337580442266949, 5.322659560381356, 5.312958487817797, 5.299697762182204, 5.293300119173729, 5.284328654661017, 5.281336731991526, 5.270846795550847, 5.267423199152542, 5.262038863877119, 5.252619173728814, 5.250575013241526, 5.242780720338983, 5.240173795021186, 5.234688493114406, 5.230274430614407, 5.228915188029661, 5.223171014300847, 5.221560513771187, 5.22277873411017, 5.216589976165254, 5.212949549788136, 5.213098847987288, 5.209763307733051, 5.208405058262712, 5.2026661811440675, 5.202208355402543, 5.200382680084746, 5.195079780190678, 5.192773768538135, 5.189261784957627, 5.188703985699153, 5.183477555614407], "test_losses": [6.289333306469963, 6.023657345077367, 5.883694843181129, 5.762647906553398, 5.673199996207524, 5.614315292210255, 5.564984664176274, 5.512026888652913, 5.467169011680825, 5.433383386111954, 5.401579329111044, 5.377828949863471, 5.356645602624393, 5.333081884291565, 5.315810120221481, 5.299544547368022, 5.288750805901092, 5.276309115215413, 5.261011216246966, 5.249754081652003, 5.237613418727245, 5.231119396617111, 5.22143080628034, 5.216648138842537, 5.209074446298544, 5.202361764259709, 5.195922258988167, 5.186269223111347, 5.18407492035801, 5.175761102472694, 5.174399366656553, 5.167645204414442, 5.163738361840109, 5.159385310793386, 5.155233735019721, 5.151661104368932, 5.153736892255765, 5.145876986309163, 5.143560020668993, 5.142970409208131, 5.138853795320085, 5.138469807152609, 5.132376365291262, 5.129678374355279, 5.127458590905643, 5.121397148058253, 5.119560167627427, 5.115779543385922, 5.114190851600425, 5.109490551994842], "status": "OK"}