{"data": "data/ptb", "recepie_id": 1004652, "recepies_list_path": "data/models_recepies.json", "cuda": true, "batch_size": 20, "model": "CustomRNN", "emsize": 400, "nhid": 600, "nlayers": 3, "dropout": 0.1, "dropouth": 0.25, "dropouti": 0.4, "dropoute": 0.0, "wdrop": 0.1, "tied": true, "bptt": 70, "lr": 0.001, "wdecay": 1.2e-06, "epochs": 50, "alpha": 2, "beta": 1, "log_interval": 200, "clip": 0.25, "eval_batch_size": 50, "recepie": "{\"node_0\": {\"op\": \"linear\", \"input\": [\"h_prev_0\", \"x\"]}, \"node_1\": {\"op\": \"activation_tanh\", \"input\": [\"node_0\"]}, \"node_5\": {\"op\": \"linear\", \"input\": [\"node_1\", \"x\"]}, \"h_new_0\": {\"op\": \"activation_sigm\", \"input\": [\"node_5\"]}}", "experiment_id": 999979134, "init_time": "2020-04-20_19-32-34", "num_params": 7453200, "wall_times": [103.14941740036011, 101.78929257392883, 102.92379331588745, 101.82140183448792, 102.10429310798645, 101.80339884757996, 101.95604538917542, 101.55567789077759, 101.88660097122192, 101.85424518585205, 101.33599066734314, 101.27139902114868, 101.31494975090027, 101.06602048873901, 101.34597778320312, 101.1476218700409, 101.27575659751892, 101.1072826385498, 101.35821962356567, 101.11722373962402, 101.33928942680359, 101.21445894241333, 101.2856810092926, 101.1372880935669, 101.30600476264954, 101.17481660842896, 101.25094509124756, 101.25538635253906, 101.29970598220825, 101.12611937522888, 100.78059196472168, 101.082364320755, 100.9713122844696, 101.24560880661011, 100.96950960159302, 101.20052599906921, 101.11502647399902, 101.13994240760803, 101.31424903869629, 101.0979208946228, 101.26308083534241, 100.91966724395752, 101.15440344810486, 101.07687020301819, 101.15706968307495, 101.14845705032349, 101.01509165763855, 101.18184018135071, 100.62169122695923, 101.0301513671875], "train_losses": [5.951137731294713, 5.688789266311656, 5.565727788311548, 5.468471807595073, 5.384206823866387, 5.3274803668441715, 5.276899776773708, 5.239036193588295, 5.203422102764779, 5.169858315179388, 5.140940592894411, 5.1182800985692, 5.097665284949707, 5.070849554219784, 5.052822518288419, 5.027609965843688, 5.012170287370233, 4.993086792668495, 4.980330284142865, 4.961295115916304, 4.948278905115378, 4.936377565085256, 4.920642464767899, 4.912988391560432, 4.904162716502609, 4.891989067290624, 4.881419857054489, 4.87388765061051, 4.8649880150341565, 4.8610609636383195, 4.851947430880534, 4.847582919826798, 4.839758233150449, 4.8321508054972835, 4.830463160938089, 4.824236609784304, 4.818582832418913, 4.814379689769243, 4.812338631595933, 4.803756269834866, 4.799804004625894, 4.796748510704104, 4.7924987225001345, 4.782416138857512, 4.78193665617772, 4.775696237426712, 4.774596915174009, 4.766139782018181, 4.763345671292561, 4.761308395191222], "val_losses": [5.965208554025423, 5.7294921875, 5.627247748940678, 5.549048265360169, 5.487388771186441, 5.449702727754238, 5.41095703125, 5.389377648305085, 5.3639069120762715, 5.3431686970338985, 5.325975900423729, 5.313434189618644, 5.300511784957627, 5.287094147245763, 5.2778836731991525, 5.263581501588983, 5.257309653072034, 5.248993313029661, 5.243355402542373, 5.233740068855933, 5.227004104872881, 5.222271914724576, 5.216314221398305, 5.216511851165254, 5.210717028601695, 5.208307733050847, 5.202319253177966, 5.202827396716102, 5.198092889300847, 5.196936904131356, 5.195595537605932, 5.194625264830509, 5.193744372351695, 5.195781912076272, 5.196951800847458, 5.193548066737288, 5.196536347987288, 5.192452992584745, 5.19452529131356, 5.191705839512712, 5.193385195974576, 5.192549324682203, 5.192863810911017, 5.187807865466102, 5.190870299258474, 5.186933924788136, 5.186263903601695, 5.18440876588983, 5.183483514300847, 5.185172470868644], "test_losses": [5.915726448725728, 5.673435840791869, 5.572002521996359, 5.492242609412925, 5.427559565571905, 5.388572322512136, 5.351036293992719, 5.327566794978762, 5.301839587757889, 5.281631025295813, 5.263408771996359, 5.251423956121056, 5.240182821033071, 5.223728809541869, 5.215121074787621, 5.200484488774272, 5.191312030681129, 5.181797657198119, 5.176981805597694, 5.165484678398058, 5.159510936551881, 5.154739528026395, 5.148311874241505, 5.146786587909587, 5.142759452745753, 5.137683461013349, 5.134040906591323, 5.135477899347694, 5.129420011946299, 5.128131162773058, 5.12584975159284, 5.125879972883799, 5.124916447019114, 5.124596456879551, 5.126956680445995, 5.123549970608313, 5.126001450621966, 5.122792068037015, 5.124902817809466, 5.121713582751821, 5.123005987371056, 5.122405116997876, 5.122075645668993, 5.118092361005765, 5.121122786142294, 5.117716668878944, 5.117465417361954, 5.112509718219053, 5.112190320653823, 5.112091360740291], "status": "OK"}