{"data": "data/ptb", "recepie_id": 2002724, "recepies_list_path": "data/new_recepies_fix.json", "cuda": true, "batch_size": 20, "model": "CustomRNN", "emsize": 400, "nhid": 600, "nlayers": 3, "dropout": 0.1, "dropouth": 0.25, "dropouti": 0.4, "dropoute": 0.0, "wdrop": 0.1, "tied": true, "bptt": 70, "lr": 0.001, "wdecay": 1.2e-06, "epochs": 50, "alpha": 2, "beta": 1, "log_interval": 200, "clip": 0.25, "eval_batch_size": 50, "recepie": "{\"node_0\": {\"op\": \"linear\", \"input\": [\"h_prev_0\", \"x\"]}, \"node_1\": {\"op\": \"activation_tanh\", \"input\": [\"node_0\"]}, \"node_2\": {\"op\": \"linear\", \"input\": [\"h_prev_0\", \"node_1\"]}, \"node_3\": {\"op\": \"activation_sigm\", \"input\": [\"node_2\"]}, \"node_4\": {\"op\": \"linear\", \"input\": [\"h_prev_0\", \"node_3\"]}, \"node_5\": {\"op\": \"activation_leaky_relu\", \"input\": [\"node_4\"]}, \"h_new_0\": {\"op\": \"linear\", \"input\": [\"node_5\", \"x\"]}}", "experiment_id": 999977261, "init_time": "2020-05-08_23-15-04", "num_params": 10976400, "wall_times": [240.0557701587677, 234.76241326332092, 220.07820630073547, 225.43086290359497, 225.50114679336548, 227.5534348487854, 224.9238395690918, 226.67264318466187, 225.84698605537415, 226.13975882530212, 223.02848029136658, 224.82913279533386, 228.42499041557312, 223.0964949131012, 226.33921790122986, 223.40205121040344, 224.24455571174622, 225.40194058418274, 223.95506620407104, 227.22469925880432, 225.90307140350342, 223.90793776512146, 223.98768496513367, 223.38299465179443, 223.19286394119263, 224.15311884880066, 226.33002138137817, 226.5952591896057, 225.04690885543823, 226.6398732662201, 229.01180243492126, 226.52796125411987, 224.6981337070465, 225.89765787124634, 222.50996160507202, 224.55367422103882, 225.04230737686157, 225.0088655948639, 225.3787181377411, 224.05166220664978, 228.71068668365479, 229.25861120224, 225.57304430007935, 225.68206191062927, 224.68952131271362, 222.21445298194885, 224.60260391235352, 224.9865198135376, 223.602459192276, 228.5714099407196], "train_losses": [5.599703401511484, 5.346821882900328, 5.208988472244634, 5.11549397221774, 5.0639884554354255, 5.009052179145823, 4.949945538163628, 4.907107269646604, 4.885156544161153, 4.852262603544726, 4.838078993195633, 4.811623399763326, 4.799445548249153, 4.780555779678339, 4.752316729196923, 4.7469798054166, 4.737203149373353, 4.724978652304879, 4.719180735974396, 4.701477697541821, 4.698654170700877, 4.69334960464741, 4.673537850976279, 4.666217020332419, 4.663100172798666, 4.65452495495132, 4.653006663170351, 4.655112436797375, 4.627536089371201, 4.618526353477489, 4.638690680302297, 4.609729674304771, 4.610253281157549, 4.596859283389812, 4.5993041828035075, 4.598867143375827, 4.580846831127965, 4.582005405841536, 4.577420273922866, 4.575796084126728, 4.577610638212038, 4.5746051516863, 4.563550575547308, 4.565388662524878, 4.546618659566457, 4.551044944462374, 4.541248537598838, 4.5419751156473565, 4.532689708730031, 4.540475734226239], "val_losses": [5.637518538135593, 5.4292263638771185, 5.329738148834746, 5.265894465042373, 5.238542108050847, 5.203770524364407, 5.16555515095339, 5.137061043432204, 5.129926178495762, 5.110848450741526, 5.11002251059322, 5.092684388241525, 5.0942631091101696, 5.07627780720339, 5.061941538665255, 5.067626787605932, 5.0596020921610165, 5.059200211864407, 5.06075046345339, 5.044873212394068, 5.056621755826272, 5.04710639565678, 5.036729674258474, 5.0380097987288135, 5.038149496822034, 5.044315744173729, 5.035895789194916, 5.052090836864407, 5.02807766154661, 5.024778204449152, 5.0484451138771185, 5.022329846398305, 5.022821106991525, 5.0097407971398304, 5.022585407838983, 5.020115532309322, 5.007786347987288, 5.013374602754237, 5.010728945974576, 5.013810579978814, 5.018243842690678, 5.016365863347458, 5.0134702727754235, 5.010143670550847, 4.990640558792373, 5.000150953389831, 4.99950046345339, 5.0024043299788135, 4.990227754237288, 5.00626953125], "test_losses": [5.593112982592537, 5.386074029126213, 5.281010007395328, 5.217339673088592, 5.183493012363471, 5.154657752768507, 5.114351439244539, 5.085557659852852, 5.079649101183253, 5.06085916167324, 5.060817681469963, 5.042222106341019, 5.042978823763653, 5.027069388084041, 5.013051449673847, 5.017050141269721, 5.016391198611954, 5.010913441482099, 5.011932669334041, 4.998289237902003, 5.006107071070995, 5.001587506636833, 4.992708965412621, 4.990483848793993, 4.990436442847391, 4.992567932721481, 4.989420770441444, 5.00030517578125, 4.976650201001213, 4.972899205476335, 4.997486892255765, 4.972503365822209, 4.974183906629247, 4.964383616030795, 4.972894464881675, 4.974656188372269, 4.961901025864685, 4.964995449029126, 4.962005318947209, 4.965737352093447, 4.969147617377124, 4.968533710368629, 4.964757530434618, 4.965400473585406, 4.949290451494235, 4.95726027997952, 4.952753752180674, 4.953678760713744, 4.945769967384709, 4.959019040598453], "status": "OK"}