{"data": "data/ptb", "recepie_id": 2005952, "recepies_list_path": "data/new_recepies_fix.json", "cuda": true, "batch_size": 20, "model": "CustomRNN", "emsize": 400, "nhid": 600, "nlayers": 3, "dropout": 0.1, "dropouth": 0.25, "dropouti": 0.4, "dropoute": 0.0, "wdrop": 0.1, "tied": true, "bptt": 70, "lr": 0.001, "wdecay": 1.2e-06, "epochs": 50, "alpha": 2, "beta": 1, "log_interval": 200, "clip": 0.25, "eval_batch_size": 50, "recepie": "{\"node_2\": {\"op\": \"linear\", \"input\": [\"x\", \"h_prev_0\"]}, \"node_4\": {\"op\": \"linear\", \"input\": [\"h_prev_1\", \"h_prev_0\"]}, \"node_5\": {\"op\": \"activation_leaky_relu\", \"input\": [\"node_4\"]}, \"node_7\": {\"op\": \"linear\", \"input\": [\"x\", \"h_prev_1\"]}, \"node_8\": {\"op\": \"activation_tanh\", \"input\": [\"node_7\"]}, \"node_9\": {\"op\": \"linear\", \"input\": [\"x\", \"node_5\", \"node_8\"]}, \"h_new_0\": {\"op\": \"activation_sigm\", \"input\": [\"node_2\"]}, \"h_new_1\": {\"op\": \"activation_tanh\", \"input\": [\"node_9\"]}}", "experiment_id": 999947777, "init_time": "2020-05-11_10-47-07", "num_params": 11816400, "wall_times": [160.96679782867432, 157.10596656799316, 150.80711722373962, 150.70287775993347, 153.13666892051697, 153.6992118358612, 152.94007778167725, 152.93814039230347, 152.93796801567078, 154.32501006126404, 152.30556201934814, 155.04647660255432, 152.59649181365967, 153.7092046737671, 153.32965850830078, 152.2039179801941, 152.76578950881958, 153.11933636665344, 152.69994807243347, 154.7005968093872, 153.26892757415771, 155.16383695602417, 154.5813410282135, 154.9869511127472, 151.6887776851654, 154.89177203178406, 152.8487105369568, 153.56696033477783, 153.56879258155823, 152.4020836353302, 153.22668838500977, 155.30505919456482, 152.1026473045349, 153.12740516662598, 152.27131962776184, 153.74188899993896, 154.56712770462036, 152.6354043483734, 153.2696018218994, 155.1883749961853, 155.88749051094055, 153.2364821434021, 151.1312391757965, 150.99586296081543, 153.01880955696106, 156.07230401039124, 153.30606484413147, 154.20781087875366, 154.70281505584717, 154.83158111572266], "train_losses": [5.984457785353128, 5.714666202732505, 5.557369409257167, 5.435945568420204, 5.341766093136464, 5.276318598380937, 5.21751284223549, 5.172573842854069, 5.1322124112473775, 5.097901034102523, 5.0668691335861435, 5.042268016109945, 5.014613505863052, 4.9927648963208, 4.969872434914744, 4.953364951455005, 4.933743141842827, 4.91907290490022, 4.902948251169921, 4.8904199276531655, 4.872829931149481, 4.861652227556345, 4.847517363912646, 4.837934013770104, 4.826456686030875, 4.814212438142111, 4.803881078209886, 4.796402241003712, 4.785524581786886, 4.779459399037169, 4.7730521488892474, 4.765652735194449, 4.754805752783605, 4.752012062288204, 4.744951354149857, 4.739602243693185, 4.729945353262331, 4.727307147947932, 4.719974550857942, 4.714024090957991, 4.713990052310257, 4.70515429172718, 4.703035911193588, 4.69709175474692, 4.688501828841913, 4.683256095019095, 4.682066003039105, 4.679015131649723, 4.671322817492335, 4.66668095449411], "val_losses": [5.997247748940678, 5.751108977754237, 5.615280058262712, 5.516809123411017, 5.441986559851695, 5.393057799258474, 5.351119902012712, 5.3210851430084745, 5.2942495365466105, 5.277224907309322, 5.258801310911017, 5.242475503177966, 5.2270656779661016, 5.2153667902542376, 5.203039261122881, 5.195404528601695, 5.180540254237288, 5.176405587923729, 5.171050384004237, 5.163146186440678, 5.155523702330508, 5.152213652012712, 5.149516684322034, 5.145286016949153, 5.141012314618644, 5.135873278601695, 5.13152112023305, 5.127542703919492, 5.125866326800847, 5.124488877118644, 5.123644729872882, 5.120115201271187, 5.117731726694915, 5.117855534957627, 5.112977688029661, 5.113508011122882, 5.109952330508475, 5.11172702595339, 5.108468948622881, 5.110489605402543, 5.112302039194915, 5.108123013771187, 5.109545153601695, 5.1082686705508475, 5.103566273834746, 5.104146914724576, 5.105045021186441, 5.105043365995763, 5.100273106461865, 5.10033203125], "test_losses": [5.948205447891383, 5.702595238546723, 5.564553862636529, 5.462133315003034, 5.388568174491808, 5.339325840033374, 5.297155880233617, 5.264972575659891, 5.237864670244235, 5.217190344356796, 5.196874525940534, 5.181922097807949, 5.163782804915049, 5.152195013842537, 5.138527286862864, 5.130529903671117, 5.117260386642901, 5.112609270706917, 5.106219541679308, 5.098626886756675, 5.090471286218143, 5.085877057418083, 5.082017620790352, 5.078174776243932, 5.072435693833435, 5.068015089312803, 5.063740850652306, 5.061296481530643, 5.057588151357706, 5.055707913000607, 5.055258741656553, 5.052682228458738, 5.049045599780037, 5.050211193492111, 5.045711776585255, 5.044156268962379, 5.041585681507889, 5.043542361953883, 5.040124985778216, 5.040263648172027, 5.042242253868325, 5.037399736422937, 5.039904548126517, 5.038311708320692, 5.033901177563713, 5.035271801994842, 5.035196545054611, 5.036326584306735, 5.031700356492719, 5.03167013520176], "status": "OK"}