{"data": "data/ptb", "recepie_id": 1004277, "recepies_list_path": "data/models_recepies.json", "cuda": true, "batch_size": 20, "model": "CustomRNN", "emsize": 400, "nhid": 600, "nlayers": 3, "dropout": 0.1, "dropouth": 0.25, "dropouti": 0.4, "dropoute": 0.0, "wdrop": 0.1, "tied": true, "bptt": 70, "lr": 0.001, "wdecay": 1.2e-06, "epochs": 50, "alpha": 2, "beta": 1, "log_interval": 200, "clip": 0.25, "eval_batch_size": 50, "recepie": "{\"node_0\": {\"op\": \"linear\", \"input\": [\"h_prev_0\", \"x\"]}, \"node_1\": {\"op\": \"activation_sigm\", \"input\": [\"node_0\"]}, \"node_4\": {\"op\": \"linear\", \"input\": [\"x\", \"node_1\"]}, \"node_5\": {\"op\": \"activation_tanh\", \"input\": [\"node_4\"]}, \"node_6\": {\"op\": \"linear\", \"input\": [\"node_1\", \"node_5\"]}, \"h_new_0\": {\"op\": \"activation_leaky_relu\", \"input\": [\"node_6\"]}}", "experiment_id": 999976611, "init_time": "2020-04-13_07-17-45", "num_params": 9214800, "wall_times": [143.6073088645935, 142.3237943649292, 142.28359818458557, 142.3260359764099, 142.3490617275238, 142.3142077922821, 142.37656378746033, 142.2384581565857, 142.23355746269226, 142.4697241783142, 142.18715500831604, 142.2735755443573, 142.2536120414734, 142.425119638443, 142.2317135334015, 142.24626183509827, 142.4476661682129, 142.3459494113922, 142.2493453025818, 142.23165774345398, 142.14102172851562, 142.45982718467712, 141.96121668815613, 141.87593007087708, 141.952134847641, 141.78027176856995, 141.92036724090576, 141.9965786933899, 141.98846888542175, 141.9065613746643, 141.96606492996216, 141.86042189598083, 141.95881056785583, 142.0357048511505, 141.93467569351196, 141.91708755493164, 142.08795309066772, 141.96839475631714, 142.02560830116272, 141.9029450416565, 142.11283087730408, 142.09285473823547, 141.82701516151428, 142.0812349319458, 142.10968828201294, 141.9000723361969, 141.92453837394714, 142.02522134780884, 142.02630162239075, 141.89164423942566], "train_losses": [5.766386877386908, 5.531167214646872, 5.399441009762788, 5.313158080522833, 5.239458945188532, 5.187023038701522, 5.138395678688613, 5.1018343889516435, 5.069898993464579, 5.049641375531171, 5.019878990506159, 5.001710336991017, 4.9777076273465655, 4.960016775590339, 4.945802908665483, 4.931552901941799, 4.917508808025389, 4.90258979479318, 4.888843644101985, 4.8819930510731, 4.8662571102953045, 4.856723347318595, 4.846207506320263, 4.836937227690818, 4.828306539454575, 4.818060066026572, 4.811472537114733, 4.803584815905546, 4.7917431485665105, 4.790092064036362, 4.782704416787693, 4.773791754074552, 4.768024094319832, 4.764368931875639, 4.756940102065515, 4.751743114948093, 4.749381421117745, 4.742529987628422, 4.732827292103706, 4.730998870421171, 4.729453263675972, 4.723821338281964, 4.720587666747351, 4.713609323731913, 4.712047328008176, 4.711935126539723, 4.7072894814695285, 4.703248547684363, 4.7009578727610135, 4.695844091226938], "val_losses": [5.7898205773305085, 5.583779793432203, 5.479923530190678, 5.418155124470339, 5.368746358580508, 5.335551509533898, 5.309065810381356, 5.288715240995763, 5.265656448622881, 5.258767876059322, 5.242866790254237, 5.235608117055085, 5.22403171345339, 5.21547702595339, 5.211076204978814, 5.206347987288136, 5.202602952860169, 5.197894266419492, 5.192857521186441, 5.191354277012712, 5.1879932468220336, 5.1830170815677965, 5.181308924788135, 5.184327992584746, 5.178391816737288, 5.176086467161017, 5.174989406779661, 5.172549655720339, 5.171108315677966, 5.173028336864407, 5.169075741525424, 5.166385063559322, 5.168969478283898, 5.1670752780720335, 5.166142412605932, 5.167916445974576, 5.170049986758475, 5.166770391949153, 5.164226694915254, 5.167932997881356, 5.166683328919492, 5.169755362817797, 5.166260593220339, 5.166826337394068, 5.167966101694915, 5.1690651483050845, 5.168612950211864, 5.167211996822034, 5.168365002648305, 5.1651006355932205], "test_losses": [5.737011955779733, 5.531329404960558, 5.429360398968447, 5.363580500037925, 5.310518431432039, 5.27613015776699, 5.243795154164139, 5.223755475386833, 5.203651798581614, 5.19475844299909, 5.177332017028216, 5.170216977017597, 5.157060641686893, 5.147955144493325, 5.141939329869539, 5.138472177449939, 5.131654609754247, 5.12786154145176, 5.123174871055825, 5.119868898854672, 5.115375407691141, 5.112113878564927, 5.10851813751517, 5.110521038759102, 5.105052170244235, 5.103616362636529, 5.102306773361651, 5.099867144834648, 5.097162635581007, 5.099353975462682, 5.096093038910801, 5.09337904846784, 5.094823152116201, 5.093034170206311, 5.094107914896845, 5.092812547405947, 5.092001905719053, 5.090852904088289, 5.086339857971784, 5.090852311513956, 5.090794239229369, 5.093126019227852, 5.089788048012743, 5.089905970304915, 5.090556616922027, 5.093954438144721, 5.090224182721481, 5.091450219015473, 5.093827627237561, 5.089544499962075], "status": "OK"}