{"data": "data/ptb", "recepie_id": 2004054, "recepies_list_path": "data/new_recepies_fix.json", "cuda": true, "batch_size": 20, "model": "CustomRNN", "emsize": 400, "nhid": 600, "nlayers": 3, "dropout": 0.1, "dropouth": 0.25, "dropouti": 0.4, "dropoute": 0.0, "wdrop": 0.1, "tied": true, "bptt": 70, "lr": 0.001, "wdecay": 1.2e-06, "epochs": 50, "alpha": 2, "beta": 1, "log_interval": 200, "clip": 0.25, "eval_batch_size": 50, "recepie": "{\"node_0\": {\"op\": \"linear\", \"input\": [\"h_prev_0\", \"x\"]}, \"node_1\": {\"op\": \"activation_tanh\", \"input\": [\"node_0\"]}, \"node_3\": {\"op\": \"linear\", \"input\": [\"node_1\", \"h_prev_0\"]}, \"node_4\": {\"op\": \"activation_leaky_relu\", \"input\": [\"node_3\"]}, \"node_7\": {\"op\": \"linear\", \"input\": [\"node_4\", \"x\"]}, \"h_new_0\": {\"op\": \"activation_leaky_relu\", \"input\": [\"node_7\"]}}", "experiment_id": 999931814, "init_time": "2020-05-09_08-57-26", "num_params": 9214800, "wall_times": [148.69905638694763, 149.94916200637817, 151.13536524772644, 148.97882533073425, 149.92348885536194, 148.99075365066528, 150.01251363754272, 148.2307529449463, 147.70453357696533, 147.4381947517395, 148.79446268081665, 145.92132687568665, 148.64189743995667, 147.72869348526, 146.38236284255981, 145.54787230491638, 146.61956071853638, 147.04178714752197, 146.6996624469757, 148.23469376564026, 147.1741907596588, 148.21216773986816, 145.04424023628235, 146.09474897384644, 147.7539381980896, 148.7516803741455, 146.52733635902405, 147.00317859649658, 149.13696384429932, 146.22920083999634, 146.48287153244019, 146.96492266654968, 147.7002809047699, 147.40501594543457, 147.9865162372589, 147.14856123924255, 148.67331957817078, 148.96200132369995, 149.57966327667236, 148.36620116233826, 147.66543912887573, 150.14214754104614, 146.4825050830841, 148.55220079421997, 147.4050600528717, 149.1847779750824, 148.42309999465942, 146.63594222068787, 147.47191500663757, 148.10194897651672], "train_losses": [5.629243904980905, 5.333905686891507, 5.192371728927976, 5.09654789279759, 5.029454356274542, 4.971669339330859, 4.928009100505621, 4.889367250954763, 4.852539535258996, 4.833822901538379, 4.798709304905599, 4.775256256387499, 4.755168831692755, 4.736977485745791, 4.716900566806519, 4.695918051745468, 4.688893903636168, 4.668666962508741, 4.660560721585713, 4.649489756468183, 4.636953028347049, 4.625833736754344, 4.616992933408638, 4.603533379726749, 4.594630382308644, 4.58846224315529, 4.579868955408531, 4.57271243478027, 4.571547556613415, 4.561941093808832, 4.553602045344522, 4.545165083239202, 4.542252047361627, 4.53943314305309, 4.5316941833414015, 4.52658292318864, 4.524200217847345, 4.515432534559733, 4.512381242940132, 4.512593038970469, 4.50682916128772, 4.507200644801248, 4.50248566174493, 4.504359888521328, 4.505795394949169, 4.509449296702706, 4.4983585807648865, 4.495427054757679, 4.497425249448658, 4.490341008418052], "val_losses": [5.654699417372881, 5.4060437632415255, 5.300805746822034, 5.235450211864407, 5.1911364539194915, 5.153603350105932, 5.129088652012712, 5.105150291313559, 5.083090572033898, 5.074276681673729, 5.055971596927966, 5.041359573622882, 5.034414393538135, 5.025636586334746, 5.01920749470339, 5.008799986758475, 5.00743544756356, 4.995672007415254, 4.993516287076271, 4.98979939088983, 4.984947364936441, 4.978174324682203, 4.973524894067797, 4.969325344279661, 4.968697695974576, 4.970797801906779, 4.964091300317796, 4.966929290254237, 4.9646351959745765, 4.962470537605932, 4.959532905190678, 4.954941075211864, 4.955073821504238, 4.951852158368644, 4.949809322033898, 4.950598516949152, 4.952952860169492, 4.949025423728814, 4.94688327595339, 4.953512976694915, 4.952679422669491, 4.952567531779661, 4.95368544756356, 4.954930813029661, 4.961949483580509, 4.962032905190678, 4.96329780190678, 4.958174986758475, 4.962042836334746, 4.9561308262711865], "test_losses": [5.613920045130461, 5.359333519796723, 5.251862461127124, 5.181030866011833, 5.136849116353155, 5.097617140094053, 5.070415015359527, 5.045816069667779, 5.022374421647451, 5.015034795964806, 4.994009073498179, 4.980724149537318, 4.971654799378034, 4.963278168613471, 4.955573813429156, 4.945788929763349, 4.946857933859223, 4.93298576873483, 4.930439476827973, 4.927756003963137, 4.922084771313713, 4.91664108720798, 4.916225100026547, 4.907842543518659, 4.905431358559618, 4.905259808290352, 4.899681906098301, 4.899710645953428, 4.898933484716323, 4.897126725576456, 4.89414281752503, 4.889930502882281, 4.890510929440989, 4.888385661597391, 4.885936848168234, 4.884332453162925, 4.886909855222239, 4.883654548126517, 4.88078322919827, 4.885749594679156, 4.88350847855355, 4.886154915522603, 4.885003839881675, 4.885800259784587, 4.894116744254399, 4.894966495847239, 4.892957372572815, 4.888761650011378, 4.892798266364533, 4.885960254854369], "status": "OK"}