{"data": "data/ptb", "recepie_id": 2009065, "recepies_list_path": "data/new_recepies_fix.json", "cuda": true, "batch_size": 20, "model": "CustomRNN", "emsize": 400, "nhid": 600, "nlayers": 3, "dropout": 0.1, "dropouth": 0.25, "dropouti": 0.4, "dropoute": 0.0, "wdrop": 0.1, "tied": true, "bptt": 70, "lr": 0.001, "wdecay": 1.2e-06, "epochs": 50, "alpha": 2, "beta": 1, "log_interval": 200, "clip": 0.25, "eval_batch_size": 50, "recepie": "{\"node_1\": {\"op\": \"linear\", \"input\": [\"h_prev_1\", \"h_prev_0\", \"x\"]}, \"node_2\": {\"op\": \"activation_leaky_relu\", \"input\": [\"node_1\"]}, \"node_3\": {\"op\": \"linear\", \"input\": [\"node_2\", \"h_prev_0\"]}, \"node_4\": {\"op\": \"activation_sigm\", \"input\": [\"node_3\"]}, \"node_6\": {\"op\": \"linear\", \"input\": [\"h_prev_0\", \"h_prev_2\"]}, \"node_13\": {\"op\": \"activation_tanh\", \"input\": [\"h_new_2\"]}, \"node_14\": {\"op\": \"linear\", \"input\": [\"h_new_0\", \"h_prev_1\"]}, \"node_15\": {\"op\": \"activation_tanh\", \"input\": [\"node_14\"]}, \"node_16\": {\"op\": \"linear\", \"input\": [\"node_15\", \"node_13\"]}, \"h_new_0\": {\"op\": \"activation_sigm\", \"input\": [\"node_6\"]}, \"h_new_1\": {\"op\": \"activation_leaky_relu\", \"input\": [\"node_16\"]}, \"h_new_2\": {\"op\": \"linear\", \"input\": [\"node_4\", \"x\", \"node_2\"]}}", "experiment_id": 999971586, "init_time": "2020-05-17_00-16-01", "num_params": 16259600, "wall_times": [321.80525302886963, 314.09126591682434, 312.3773090839386, 312.4939663410187, 312.1898283958435, 312.3819603919983, 312.4830334186554, 312.17897486686707, 312.1911265850067, 312.40700912475586, 312.25292134284973, 312.21839475631714, 312.3614435195923, 312.21482729911804, 312.44166898727417, 312.0705864429474, 312.0693955421448, 312.1310966014862, 312.32780361175537, 312.42873883247375, 312.3403196334839, 312.46779346466064, 312.5798285007477, 312.043142080307, 312.2666919231415, 312.293922662735, 312.1855499744415, 311.9689738750458, 311.8351798057556, 311.9490416049957, 312.3222825527191, 312.3051407337189, 312.0164487361908, 314.57088899612427, 315.1497468948364, 315.3614983558655, 314.85624718666077, 315.26921939849854, 315.111754655838, 315.71619153022766, 314.34539461135864, 314.4088616371155, 314.7120487689972, 314.6259241104126, 314.0403208732605, 314.3654615879059, 314.0420219898224, 314.2056143283844, 312.4513394832611, 312.2590708732605], "train_losses": [6.822406507180894, 6.775359633021354, 6.7339329178096925, 6.6079281473562475, 6.612161546581679, 6.577877484401054, 6.52341018503577, 6.491927797724705, 6.4671279113549565, 6.4654251385078805, 6.463061343526437, 6.463808092625464, 6.453027086358991, 6.460423138212038, 6.452277815878651, 6.460148727879082, 6.456049382093486, 6.45622755970631, 6.450374172986929, 6.450125396697326, 6.453427145527406, 6.469502212091872, 6.434103279140444, 6.463082775267603, 6.448627696197085, 6.449740465816793, 6.441034136141144, 6.438395090366306, 6.437039007449841, 6.446144976063687, 6.453109871712119, 6.412437049513206, 6.414659226910871, 6.4404743894895375, 6.417016718439029, 6.436796114383304, 6.439617119842935, 6.425661274272497, 6.430937684901297, 6.426699663143457, 6.415034492496369, 6.424139200419558, 6.437856775455866, 6.405142693373137, 6.387298457587004, 6.391243158652036, 6.3991136504222474, 6.384055120757356, 6.377347826233123, 6.376676718573504], "val_losses": [6.820749470338983, 6.776197033898305, 6.740671345338983, 6.618985699152542, 6.626235434322034, 6.591516154661017, 6.543613612288135, 6.5126953125, 6.490007282838983, 6.493003177966101, 6.492028601694916, 6.49728813559322, 6.482749602754238, 6.493007150423729, 6.487734375, 6.495124470338983, 6.493350768008475, 6.491611493644068, 6.4871875, 6.487060381355932, 6.491570444915254, 6.50900688559322, 6.475734904661017, 6.505554819915254, 6.494361758474576, 6.494471663135593, 6.486867717161017, 6.487092161016949, 6.487599311440678, 6.501681673728814, 6.508245497881356, 6.469416710805085, 6.471660487288136, 6.499446504237288, 6.476698225635594, 6.495064221398305, 6.500170153601695, 6.488749337923728, 6.495706435381356, 6.49169094279661, 6.477999205508475, 6.492356991525424, 6.507282838983051, 6.473952595338983, 6.461594279661017, 6.463170683262712, 6.47515095338983, 6.461442002118644, 6.462457627118644, 6.464427304025424], "test_losses": [6.772095911711165, 6.734261818302488, 6.692222817430219, 6.576832002806432, 6.582385016876517, 6.552689339350728, 6.490665769114078, 6.466882205703883, 6.439852520100121, 6.437054976676274, 6.434427502085861, 6.441134258381371, 6.434592237750303, 6.438151831765777, 6.434343949104976, 6.44128654998483, 6.434740381333435, 6.434797861043689, 6.430764800136529, 6.429552393052185, 6.435755461165049, 6.448259372155643, 6.419486925439927, 6.448062637477245, 6.436249668158374, 6.438384713478459, 6.431192046230279, 6.436351590943568, 6.43340353363926, 6.443820397830704, 6.450409824408374, 6.417916603458738, 6.417741201456311, 6.441473210899575, 6.423606502199636, 6.441431138121966, 6.44629617339199, 6.435117851183253, 6.441920011946299, 6.440011330021238, 6.431113826418386, 6.441900456993325, 6.453730018393507, 6.424007675022755, 6.413629328162925, 6.415437865025789, 6.424857426615595, 6.414923510505158, 6.413753768772755, 6.415769706652003], "status": "OK"}