{"data": "data/ptb", "recepie_id": 2002415, "recepies_list_path": "data/new_recepies_fix.json", "cuda": true, "batch_size": 20, "model": "CustomRNN", "emsize": 400, "nhid": 600, "nlayers": 3, "dropout": 0.1, "dropouth": 0.25, "dropouti": 0.4, "dropoute": 0.0, "wdrop": 0.1, "tied": true, "bptt": 70, "lr": 0.001, "wdecay": 1.2e-06, "epochs": 50, "alpha": 2, "beta": 1, "log_interval": 200, "clip": 0.25, "eval_batch_size": 50, "recepie": "{\"node_0\": {\"op\": \"linear\", \"input\": [\"h_prev_1\", \"x\"]}, \"node_1\": {\"op\": \"activation_sigm\", \"input\": [\"node_0\"]}, \"node_6\": {\"op\": \"blend\", \"input\": [\"node_0\", \"h_prev_0\", \"node_1\"]}, \"node_7\": {\"op\": \"linear\", \"input\": [\"h_prev_2\", \"x\", \"node_1\"]}, \"node_8\": {\"op\": \"activation_tanh\", \"input\": [\"node_7\"]}, \"node_10\": {\"op\": \"linear\", \"input\": [\"x\", \"h_prev_0\"]}, \"node_12\": {\"op\": \"linear\", \"input\": [\"node_8\", \"node_1\", \"x\"]}, \"h_new_0\": {\"op\": \"activation_sigm\", \"input\": [\"node_12\"]}, \"h_new_1\": {\"op\": \"elementwise_sum\", \"input\": [\"node_6\", \"node_7\"]}, \"h_new_2\": {\"op\": \"activation_leaky_relu\", \"input\": [\"node_10\"]}}", "experiment_id": 999975324, "init_time": "2020-05-10_09-49-27", "num_params": 12656400, "wall_times": [405.1812150478363, 395.7610146999359, 381.4364593029022, 388.8782305717468, 382.5293984413147, 373.944016456604, 379.2636716365814, 380.1500475406647, 378.69534134864807, 380.57579255104065, 383.8902220726013, 383.56866550445557, 382.1791763305664, 392.99661445617676, 385.51708340644836, 377.92115330696106, 388.8058068752289, 384.9165983200073, 396.3073003292084, 389.48247480392456, 381.87925243377686, 378.05148816108704, 378.37474036216736, 390.1677269935608, 384.4040665626526, 377.18554496765137, 382.13486909866333, 389.19619512557983, 385.00938963890076, 383.16318678855896, 381.50515937805176, 379.8314287662506, 375.820100069046, 377.3261408805847, 383.1445155143738, 376.85905265808105, 377.61505603790283, 375.9887228012085, 381.5728290081024, 379.73484659194946, 385.67688179016113, 378.01021337509155, 387.38172721862793, 390.0717797279358, 385.0481925010681, 387.1013295650482, 393.272497177124, 387.9914035797119, 383.2699089050293, 381.62378311157227], "train_losses": [5.924221145312248, 5.609555698994137, 5.443882036334785, 5.308764573583992, 5.206085101662095, 5.134154295089021, 5.0666371665052985, 5.007048521461997, 4.959693618551987, 4.917845832660965, 4.883060015598946, 4.845775089424991, 4.817884409795062, 4.779030343983648, 4.752705442149427, 4.729269623070302, 4.706515417406272, 4.682088275240708, 4.6652298995481685, 4.6459480561831, 4.623611559356678, 4.606048457587004, 4.596734054784573, 4.570188952315637, 4.560389603840568, 4.550899965036845, 4.527792765988919, 4.520634564439782, 4.516863838685385, 4.483457637432091, 4.482420929482007, 4.4695383518907, 4.458226174627508, 4.441420747942553, 4.43588043273627, 4.419428419665429, 4.414386917729009, 4.40826332297886, 4.403327719057608, 4.395276948523479, 4.383245337125491, 4.367941393012748, 4.361105087811307, 4.353037928298639, 4.355040745522027, 4.34928359152278, 4.339106456080899, 4.3318053762573285, 4.322478786778548, 4.317131357242752], "val_losses": [5.937499337923729, 5.650713056144068, 5.5091843220338985, 5.399534560381356, 5.317836996822034, 5.268902277542373, 5.218363347457627, 5.177631091101695, 5.148254435911017, 5.124097590042373, 5.101295352224576, 5.077309322033899, 5.0642031912076275, 5.037672470868644, 5.024481594279661, 5.013232256355932, 5.002614539194915, 4.986214578919491, 4.98112453654661, 4.9703376588983055, 4.9595901747881355, 4.951519796080508, 4.951171212923729, 4.936728019067797, 4.933137910487289, 4.932068657309322, 4.920215174788136, 4.9199635858050845, 4.920232719809322, 4.89760593220339, 4.903753310381356, 4.897945246292373, 4.895179753707627, 4.886236096398305, 4.88463122351695, 4.876030852754237, 4.879142611228813, 4.874225701800848, 4.8752651615466105, 4.872828720868644, 4.867919756355932, 4.863765227754238, 4.860361162605932, 4.85895888506356, 4.862311639300848, 4.860917306673729, 4.858289856991526, 4.852817134533899, 4.851810778601695, 4.8508358712923725], "test_losses": [5.89447021484375, 5.604201233502731, 5.463429867642597, 5.349697076001213, 5.267530719053398, 5.215352771351639, 5.165619192771541, 5.123464047330097, 5.091018824901395, 5.065346727093447, 5.042130257319478, 5.017959742870145, 5.001670467043386, 4.975484014714806, 4.961176011168841, 4.947554801274272, 4.936332035990595, 4.922106400276851, 4.914191088630158, 4.903747262306584, 4.893363878564927, 4.885777149385619, 4.885532416186287, 4.871349445824484, 4.867285571052033, 4.866064867927033, 4.853922130992111, 4.854734846689169, 4.854937210823726, 4.835544030643204, 4.839599609375, 4.833917117813258, 4.832751524101183, 4.823847502180674, 4.821847563808404, 4.814097580400485, 4.816360029202063, 4.812902950546117, 4.814440088364685, 4.811101524575243, 4.805846575394417, 4.801731146655037, 4.797692752578883, 4.796995588876669, 4.800332374943113, 4.797732455059163, 4.797319134462227, 4.791687308005916, 4.790247944952215, 4.787925942430219], "status": "OK"}