{"data": "data/ptb", "recepie_id": 1011307, "recepies_list_path": "data/models_recepies.json", "cuda": true, "batch_size": 20, "model": "CustomRNN", "emsize": 400, "nhid": 600, "nlayers": 3, "dropout": 0.1, "dropouth": 0.25, "dropouti": 0.4, "dropoute": 0.0, "wdrop": 0.1, "tied": true, "bptt": 70, "lr": 0.001, "wdecay": 1.2e-06, "epochs": 50, "alpha": 2, "beta": 1, "log_interval": 200, "clip": 0.25, "eval_batch_size": 50, "recepie": "{\"node_1\": {\"op\": \"linear\", \"input\": [\"h_prev_0\", \"h_prev_1\"]}, \"node_2\": {\"op\": \"activation_leaky_relu\", \"input\": [\"node_1\"]}, \"node_3\": {\"op\": \"linear\", \"input\": [\"node_2\", \"h_prev_0\", \"h_prev_1\"]}, \"node_4\": {\"op\": \"activation_tanh\", \"input\": [\"node_3\"]}, \"node_5\": {\"op\": \"linear\", \"input\": [\"node_2\", \"h_prev_0\"]}, \"node_6\": {\"op\": \"activation_leaky_relu\", \"input\": [\"node_5\"]}, \"node_7\": {\"op\": \"linear\", \"input\": [\"node_4\", \"node_6\"]}, \"node_8\": {\"op\": \"activation_sigm\", \"input\": [\"node_7\"]}, \"node_10\": {\"op\": \"activation_tanh\", \"input\": [\"h_new_0\"]}, \"h_new_0\": {\"op\": \"linear\", \"input\": [\"x\", \"node_8\"]}, \"h_new_1\": {\"op\": \"linear\", \"input\": [\"node_6\", \"node_10\"]}}", "experiment_id": 999902472, "init_time": "2020-04-18_08-17-18", "num_params": 15419600, "wall_times": [293.8362874984741, 290.19079637527466, 286.01323556900024, 287.12638807296753, 287.0572118759155, 286.9833228588104, 287.30231761932373, 287.46961522102356, 288.68324184417725, 287.20636439323425, 286.9915199279785, 286.96027159690857, 287.13816595077515, 287.03464698791504, 287.06758642196655, 286.9998469352722, 286.84607696533203, 286.4231667518616, 285.90065336227417, 286.0265929698944, 285.67588806152344, 286.2316188812256, 286.113676071167, 285.8541543483734, 286.165244102478, 286.00390815734863, 286.1711392402649, 286.00342297554016, 285.94814825057983, 286.14661383628845, 286.0243194103241, 285.88428711891174, 285.66821336746216, 285.7452290058136, 285.6807930469513, 285.2847590446472, 285.77261447906494, 285.8753695487976, 285.70909452438354, 285.64368176460266, 285.8428883552551, 285.99554920196533, 286.00860047340393, 285.95175218582153, 286.06443905830383, 285.9905171394348, 285.75667929649353, 285.78491830825806, 285.9676353931427, 285.8221821784973], "train_losses": [5.8285519539024255, 5.511010031735786, 5.371130099913937, 5.292744136947985, 5.235627286052391, 5.186733920310903, 5.1492271125813565, 5.116388642353827, 5.103002628960249, 5.077930433408638, 5.0703990674250985, 5.050239783362917, 5.026517367274487, 5.0175525960142, 5.003226947851111, 4.99199629525039, 4.983893836399333, 4.963335333629176, 4.967140098031305, 4.969246712118768, 4.947352717712872, 4.94386102482384, 4.931769740734764, 4.938977949679953, 4.918255136894196, 4.9273795956376745, 4.91557658947878, 4.918701421386692, 4.905635203189715, 4.9160644767629496, 4.915460605938358, 4.890588439970954, 4.894506666532193, 4.888940717282556, 4.8896643537195414, 4.886053315448335, 4.887535467430477, 4.88618400704642, 4.867192962992846, 4.86874067088914, 4.878444206874294, 4.872926163869614, 4.855869019283524, 4.868199414367167, 4.863447871281803, 4.853136682400086, 4.873206457425636, 4.8640622478618685, 4.8482842840621805, 4.86821748426658], "val_losses": [5.849948358050847, 5.572250397245763, 5.4613181938559325, 5.411840903072034, 5.367519200211865, 5.341010990466102, 5.315023834745762, 5.293244835805084, 5.2975817664194915, 5.278770524364407, 5.283416644597458, 5.266823027012712, 5.254411083156779, 5.249735169491525, 5.247432799258474, 5.2403105137711865, 5.23670219809322, 5.220749470338983, 5.231293034957627, 5.243995961334746, 5.221114274364407, 5.219178363347457, 5.216632018008474, 5.2243932070974575, 5.209042637711865, 5.2125175450211865, 5.213074351165254, 5.215576337394068, 5.207317597987288, 5.217382150423729, 5.217337460275424, 5.199922206038136, 5.20125297934322, 5.202989274364406, 5.203427237817797, 5.202552635063559, 5.210450542902542, 5.212554290254237, 5.193292174258475, 5.196900489936441, 5.208913863877119, 5.202627118644068, 5.1852671477754235, 5.203149165783898, 5.196105667372882, 5.195779594809322, 5.215176443326271, 5.206717425847458, 5.186411877648305, 5.215075476694915], "test_losses": [5.80767348206159, 5.520804099666262, 5.409445753375303, 5.364398252616808, 5.316474988622573, 5.290629859109527, 5.258205376782463, 5.241062201342537, 5.24487541717233, 5.223422448611954, 5.222852392104065, 5.210262557835255, 5.195944776812803, 5.196482241732403, 5.188782923429915, 5.181113826418386, 5.179327214805825, 5.1671142578125, 5.173235550667476, 5.182090388918386, 5.162044191823422, 5.163917911862864, 5.156200223756068, 5.164601742642597, 5.154138657653216, 5.156980644152003, 5.151060826570085, 5.158110090829794, 5.150138188334345, 5.160247506447209, 5.161938713592233, 5.141548230810073, 5.145585439737561, 5.145620401623179, 5.14661355620449, 5.145754915996663, 5.152157089085255, 5.153335719432645, 5.134170087795813, 5.136490608881978, 5.149673017483313, 5.145812395706917, 5.131899935527913, 5.142827598793993, 5.138048486802185, 5.133966834799757, 5.152269678208435, 5.145408260012136, 5.129792741201456, 5.151418148892597], "status": "OK"}