{"data": "data/ptb", "recepie_id": 2011563, "recepies_list_path": "data/new_recepies_fix.json", "cuda": true, "batch_size": 20, "model": "CustomRNN", "emsize": 400, "nhid": 600, "nlayers": 3, "dropout": 0.1, "dropouth": 0.25, "dropouti": 0.4, "dropoute": 0.0, "wdrop": 0.1, "tied": true, "bptt": 70, "lr": 0.001, "wdecay": 1.2e-06, "epochs": 50, "alpha": 2, "beta": 1, "log_interval": 200, "clip": 0.25, "eval_batch_size": 50, "recepie": "{\"node_1\": {\"op\": \"linear\", \"input\": [\"x\", \"h_prev_1\"]}, \"node_2\": {\"op\": \"activation_sigm\", \"input\": [\"node_1\"]}, \"node_3\": {\"op\": \"linear\", \"input\": [\"x\", \"h_prev_0\"]}, \"node_4\": {\"op\": \"activation_sigm\", \"input\": [\"node_3\"]}, \"node_5\": {\"op\": \"linear\", \"input\": [\"node_2\", \"x\"]}, \"node_6\": {\"op\": \"activation_sigm\", \"input\": [\"node_5\"]}, \"node_7\": {\"op\": \"linear\", \"input\": [\"node_4\", \"node_2\"]}, \"node_8\": {\"op\": \"activation_tanh\", \"input\": [\"node_7\"]}, \"h_new_0\": {\"op\": \"linear\", \"input\": [\"node_8\", \"node_6\"]}, \"h_new_1\": {\"op\": \"linear\", \"input\": [\"node_2\", \"node_4\"]}}", "experiment_id": 999924656, "init_time": "2020-05-15_09-03-24", "num_params": 14459600, "wall_times": [272.31954860687256, 270.5112280845642, 266.76454043388367, 266.5594084262848, 266.32888102531433, 266.48615527153015, 266.4404151439667, 266.6441743373871, 266.68094205856323, 266.6319987773895, 266.6886465549469, 266.6518654823303, 266.66146659851074, 266.70634174346924, 266.669486284256, 266.6102695465088, 266.66068053245544, 266.3111741542816, 266.61195039749146, 266.61752700805664, 266.5923795700073, 266.54491090774536, 266.5938010215759, 266.6542720794678, 266.3079960346222, 266.5210692882538, 266.51446771621704, 266.4973385334015, 266.473748922348, 266.48985600471497, 266.5562150478363, 266.3840320110321, 266.426931142807, 266.70539355278015, 266.51530170440674, 266.4803431034088, 266.51492834091187, 266.5853588581085, 266.60153579711914, 266.5276880264282, 266.12707328796387, 267.83055329322815, 269.457638502121, 269.7644872665405, 269.64234232902527, 269.78355979919434, 269.7532172203064, 269.7955267429352, 269.70704102516174, 268.06872630119324], "train_losses": [5.908140615754935, 5.6676193285729655, 5.531919846968964, 5.431160406917326, 5.351109071593782, 5.2779200957452534, 5.230157149292668, 5.183684729842397, 5.144548689554085, 5.113249522618471, 5.079845002286052, 5.056974813081599, 5.029381656446668, 5.014034848851595, 4.986592975095476, 4.970230891291485, 4.9617371981066105, 4.93697303130547, 4.92030628059276, 4.897920196600506, 4.888924748534237, 4.8708435029046315, 4.864214371201119, 4.848103585068044, 4.832748793098811, 4.826209590662148, 4.812835343714701, 4.809721017562262, 4.789847069818729, 4.780866329810123, 4.769687785756549, 4.761239897665537, 4.755328519175945, 4.744718546608574, 4.743478027002313, 4.738184386934538, 4.7317523432037, 4.719827470281319, 4.7176960626109405, 4.704726917594535, 4.701934067559572, 4.69435647625195, 4.6834935250927865, 4.678627259157657, 4.667628573637781, 4.666788113199935, 4.659624028427734, 4.660642666478403, 4.64757896966274, 4.639726127561723], "val_losses": [5.926598252118644, 5.711920683262712, 5.5978548728813555, 5.516271517478813, 5.454242915783898, 5.398386520127119, 5.363562632415254, 5.3317836334745765, 5.3059583554025425, 5.281962725105932, 5.2587053098516945, 5.2456326138771185, 5.232079581567796, 5.220230402542373, 5.20612983315678, 5.196230137711864, 5.190950741525424, 5.177088188559322, 5.169468683792373, 5.162152740995762, 5.154444849046611, 5.146987884004237, 5.143125993114407, 5.135162208686441, 5.127891949152542, 5.123353747351695, 5.117631422139831, 5.1169521318855935, 5.107763837394068, 5.104851032838983, 5.10447265625, 5.094829846398305, 5.090484970868644, 5.093132282838983, 5.090544888771187, 5.085290320444916, 5.086299324682203, 5.081808461334746, 5.079033699682204, 5.075546543961864, 5.077268935381356, 5.07231892213983, 5.0711861096398305, 5.071084480932203, 5.063397444385593, 5.060004965572034, 5.06191935911017, 5.062322563559322, 5.060585606461864, 5.056629700741525], "test_losses": [5.863236214350728, 5.653762372952063, 5.541464203769721, 5.460960017824636, 5.398116917286105, 5.339646422747269, 5.299946905339806, 5.270100713933556, 5.239149963971481, 5.216739395289745, 5.192493623900182, 5.181486555673544, 5.166869524613167, 5.155088554308253, 5.142696047292172, 5.130552421495753, 5.127027196791565, 5.111385012135922, 5.10332540863926, 5.092317155263956, 5.086464298581614, 5.078058039100425, 5.074819027798847, 5.066310252958131, 5.059035810452063, 5.055199484223301, 5.048609465071299, 5.048787237371056, 5.036615760581007, 5.034771669258192, 5.030437580590109, 5.025800093863774, 5.021022759594963, 5.019785464388653, 5.019595840602245, 5.016770446184769, 5.015874473793993, 5.008966834799757, 5.008821654088289, 5.002851467688107, 5.004301497079794, 4.998808333017294, 4.997653405643204, 4.993903002692658, 4.989356772413531, 4.987481274651092, 4.984818245600728, 4.986209610133495, 4.98663093048392, 4.981388425364078], "status": "OK"}