{"data": "data/ptb", "recepie_id": 2005851, "recepies_list_path": "data/new_recepies_fix.json", "cuda": true, "batch_size": 20, "model": "CustomRNN", "emsize": 400, "nhid": 600, "nlayers": 3, "dropout": 0.1, "dropouth": 0.25, "dropouti": 0.4, "dropoute": 0.0, "wdrop": 0.1, "tied": true, "bptt": 70, "lr": 0.001, "wdecay": 1.2e-06, "epochs": 50, "alpha": 2, "beta": 1, "log_interval": 200, "clip": 0.25, "eval_batch_size": 50, "recepie": "{\"node_0\": {\"op\": \"linear\", \"input\": [\"h_prev_0\", \"x\"]}, \"node_1\": {\"op\": \"activation_sigm\", \"input\": [\"node_0\"]}, \"node_2\": {\"op\": \"linear\", \"input\": [\"x\", \"h_prev_1\"]}, \"node_3\": {\"op\": \"activation_leaky_relu\", \"input\": [\"node_2\"]}, \"node_4\": {\"op\": \"linear\", \"input\": [\"node_1\", \"x\", \"h_prev_0\"]}, \"node_5\": {\"op\": \"activation_tanh\", \"input\": [\"node_4\"]}, \"node_9\": {\"op\": \"activation_sigm\", \"input\": [\"h_new_1\"]}, \"h_new_0\": {\"op\": \"linear\", \"input\": [\"node_5\", \"node_9\"]}, \"h_new_1\": {\"op\": \"linear\", \"input\": [\"node_1\", \"node_3\"]}}", "experiment_id": 999910939, "init_time": "2020-05-10_16-48-42", "num_params": 13578000, "wall_times": [256.2673943042755, 255.02797389030457, 253.7799551486969, 252.4887719154358, 254.98983669281006, 254.34262609481812, 254.71144008636475, 253.2332799434662, 253.9472098350525, 256.16154623031616, 252.77311897277832, 255.56994605064392, 254.14477229118347, 254.1483452320099, 252.15787935256958, 255.07555603981018, 254.8770091533661, 255.00376391410828, 256.2006106376648, 253.59996342658997, 255.13669228553772, 254.59321212768555, 255.78503704071045, 254.97640228271484, 254.79617762565613, 255.5343632698059, 252.45307660102844, 253.8635287284851, 254.5510516166687, 254.57631468772888, 256.1548447608948, 255.02642178535461, 254.01414561271667, 256.80704283714294, 253.26636910438538, 254.67167568206787, 254.11566710472107, 253.46145939826965, 254.78382849693298, 255.15915751457214, 254.43866419792175, 255.2333173751831, 254.18135285377502, 252.5539631843567, 253.4904327392578, 255.15626645088196, 254.48803734779358, 253.2471513748169, 250.5510663986206, 256.69999504089355], "train_losses": [5.694953203162821, 5.416968812194073, 5.251838507207789, 5.148388333064386, 5.081896145984616, 5.000817768006025, 4.951906752595342, 4.9022141089774625, 4.850332486149212, 4.8332862675488135, 4.804758098676779, 4.765221999220053, 4.749248208138346, 4.730013430557797, 4.714673766876445, 4.690021381313539, 4.677543485423054, 4.65912605561831, 4.654543024850734, 4.647453320827282, 4.627159142864827, 4.603898980017212, 4.597021912484536, 4.578057342934754, 4.571814402802431, 4.5622113018396, 4.556909677397665, 4.549092134635038, 4.541397719326556, 4.538152281345813, 4.5251852374805015, 4.522421803560863, 4.505524766688183, 4.506765286294444, 4.489464408181378, 4.4780732276370285, 4.4737877198644505, 4.471183973428003, 4.463895500511, 4.459384749341079, 4.450332149965037, 4.450703213248346, 4.44737709106557, 4.438284149588511, 4.433417463423162, 4.425039333548491, 4.4347302626270775, 4.419754938545533, 4.419517088241622, 4.410125363078909], "val_losses": [5.719819253177966, 5.480050648834745, 5.348363678495763, 5.2691558527542375, 5.22264499470339, 5.1637582759533895, 5.13675483315678, 5.1003062102754235, 5.064617319915254, 5.0586308262711865, 5.049688162076271, 5.017820113877119, 5.008149827860169, 5.00089545815678, 4.991798530190678, 4.9804369703389835, 4.975760063559322, 4.962599642478813, 4.964471663135593, 4.959345537605932, 4.95595703125, 4.939584878177966, 4.938322960805085, 4.9208368644067795, 4.919552105402542, 4.913542108050848, 4.916441671080508, 4.917435447563559, 4.910197298728813, 4.913847325211864, 4.907158368644068, 4.905394266419491, 4.9015092028601694, 4.90388969809322, 4.890643207097457, 4.8874208818855935, 4.884795749470339, 4.879745762711864, 4.880231726694915, 4.878845007944915, 4.875951403601695, 4.8788400423728815, 4.874515360169491, 4.876073887711865, 4.870974907309322, 4.86377780720339, 4.8748083289194915, 4.863156448622881, 4.863257746292373, 4.863014764300847], "test_losses": [5.675083790010619, 5.433383978686287, 5.301082277760922, 5.222466626213592, 5.175153713781857, 5.113742865405037, 5.077254508305522, 5.049903054839199, 5.011243505385315, 5.003648480165352, 4.994740902798847, 4.963771190458131, 4.955558702783677, 4.946625348433708, 4.937420595039442, 4.924302777040352, 4.91783956879551, 4.905985711847694, 4.909887221253034, 4.905377138008192, 4.900995050819175, 4.883555291925819, 4.882207481606493, 4.868883744026851, 4.868449979615443, 4.859122859621511, 4.861978475329946, 4.860990357630461, 4.857645275523361, 4.858241701589047, 4.850592752104824, 4.849340938827367, 4.844067027267901, 4.848636367945995, 4.835916463611196, 4.832018805939017, 4.828154925003792, 4.82559322616429, 4.823328407065382, 4.822641613413986, 4.820213243799302, 4.819748961809769, 4.819264828580097, 4.82140639221784, 4.813177905036408, 4.8070068359375, 4.819598744216474, 4.8075925956652, 4.809713715488471, 4.804420841550364], "status": "OK"}