{"data": "data/ptb", "recepie_id": 1000975, "recepies_list_path": "data/models_recepies.json", "cuda": true, "batch_size": 20, "model": "CustomRNN", "emsize": 400, "nhid": 600, "nlayers": 3, "dropout": 0.1, "dropouth": 0.25, "dropouti": 0.4, "dropoute": 0.0, "wdrop": 0.1, "tied": true, "bptt": 70, "lr": 0.001, "wdecay": 1.2e-06, "epochs": 50, "alpha": 2, "beta": 1, "log_interval": 200, "clip": 0.25, "eval_batch_size": 50, "recepie": "{\"node_10\": {\"op\": \"linear\", \"input\": [\"x\", \"h_prev_0\"]}, \"h_new_0\": {\"op\": \"activation_sigm\", \"input\": [\"node_10\"]}}", "experiment_id": 999959474, "init_time": "2020-04-21_21-08-52", "num_params": 5731600, "wall_times": [57.28781580924988, 56.844244718551636, 56.866493225097656, 56.8570818901062, 56.55245065689087, 56.87362837791443, 56.90440392494202, 56.90750455856323, 56.97937870025635, 56.85476994514465, 56.86571288108826, 56.64913606643677, 56.62505578994751, 56.50423455238342, 56.72627353668213, 56.67889094352722, 56.841956615448, 56.8293616771698, 56.674712896347046, 56.84084391593933, 56.653074979782104, 56.7315468788147, 56.646809577941895, 56.846487045288086, 56.71973919868469, 56.61530661582947, 56.74619007110596, 56.786691665649414, 56.73427391052246, 56.61059808731079, 56.75319194793701, 56.62793040275574, 56.741326570510864, 56.72787880897522, 56.56528067588806, 56.75434136390686, 56.66983985900879, 56.77733755111694, 56.48361682891846, 56.749619007110596, 56.757872104644775, 56.53198981285095, 56.571054458618164, 56.554582595825195, 56.557425022125244, 56.45068049430847, 56.673333168029785, 56.664891719818115, 56.779590129852295, 56.71090030670166], "train_losses": [5.970464119062988, 5.695059941638427, 5.552517010919262, 5.429048750067237, 5.343314641493196, 5.27394471787424, 5.2210528615996985, 5.175972244634501, 5.136408830213544, 5.105835821096229, 5.074380328519176, 5.048213853477489, 5.027276303049863, 5.008331904550589, 4.98778558845678, 4.968718062503362, 4.951765975472003, 4.932480770265182, 4.917085215964714, 4.900085222688397, 4.884063525361734, 4.872332378570276, 4.861595076246571, 4.8489558119520195, 4.835231513232209, 4.826167987870475, 4.81316732558765, 4.806058711204346, 4.79522811777204, 4.785449780807918, 4.782512371577645, 4.77452211419504, 4.76445844091227, 4.759547630573934, 4.750240791915443, 4.7458111451777745, 4.740344370259803, 4.731684686138454, 4.727745448066269, 4.723712918885482, 4.718897080576623, 4.71451618054435, 4.705179925770534, 4.698183933085902, 4.695024222069819, 4.689732683153139, 4.683512855682857, 4.677998174519929, 4.673336560701415, 4.6683547314560805], "val_losses": [5.9842353019067795, 5.732427171610169, 5.609010858050848, 5.509129369703389, 5.443692730402542, 5.3925433659957624, 5.353602356991526, 5.322908170021186, 5.301103019067797, 5.2837744968220335, 5.266602886652542, 5.250674324682203, 5.2386619438559325, 5.2314280985169495, 5.218275291313559, 5.207442068326271, 5.200566737288136, 5.189549788135594, 5.1852747616525425, 5.175208885063559, 5.167450344279661, 5.161296345338983, 5.156945511122881, 5.149414724576271, 5.14601032838983, 5.141527078919491, 5.135529992055084, 5.135480667372882, 5.13180283368644, 5.12796875, 5.129205508474576, 5.1247593352754235, 5.1200486626059325, 5.121769729872882, 5.1190055614406775, 5.116834944385594, 5.1165740863347455, 5.114005561440678, 5.112984970868644, 5.112456302966102, 5.1145153601694915, 5.1133183262711865, 5.107642346398305, 5.107862155720339, 5.106416512182204, 5.10617485434322, 5.102580442266949, 5.101708487817796, 5.104431607521186, 5.102701602224577], "test_losses": [5.932328011225728, 5.680956201645935, 5.557730369197512, 5.453948678322209, 5.388123743742415, 5.335095451873483, 5.297973040238167, 5.266618154581311, 5.241066349362864, 5.222976832713895, 5.203888828314624, 5.186994534094357, 5.174805872648665, 5.167288474666262, 5.154058660118325, 5.143497800364078, 5.134375711089199, 5.124329798429915, 5.117786592650182, 5.10907456481341, 5.101061182114685, 5.096617467195085, 5.091278372459041, 5.085666100955704, 5.081378233085558, 5.078895346632281, 5.072024447246663, 5.070747449560073, 5.066783127275485, 5.062264747989988, 5.062676587151092, 5.059632532804915, 5.053345911711165, 5.055636211506371, 5.052751559655643, 5.049801132054005, 5.047899561020935, 5.045979620183556, 5.044423519986347, 5.042680758874393, 5.044979947284587, 5.043894351107403, 5.039774774347694, 5.03961655700091, 5.038577774195995, 5.038871098490595, 5.03490973907767, 5.033956286976639, 5.035190619311287, 5.033475709192961], "status": "OK"}