{"data": "data/ptb", "recepie_id": 2011396, "recepies_list_path": "data/new_recepies_fix.json", "cuda": true, "batch_size": 20, "model": "CustomRNN", "emsize": 400, "nhid": 600, "nlayers": 3, "dropout": 0.1, "dropouth": 0.25, "dropouti": 0.4, "dropoute": 0.0, "wdrop": 0.1, "tied": true, "bptt": 70, "lr": 0.001, "wdecay": 1.2e-06, "epochs": 50, "alpha": 2, "beta": 1, "log_interval": 200, "clip": 0.25, "eval_batch_size": 50, "recepie": "{\"node_2\": {\"op\": \"linear\", \"input\": [\"h_prev_0\", \"h_prev_1\"]}, \"node_4\": {\"op\": \"linear\", \"input\": [\"h_prev_1\", \"h_new_1\"]}, \"node_5\": {\"op\": \"activation_sigm\", \"input\": [\"node_4\"]}, \"node_7\": {\"op\": \"linear\", \"input\": [\"node_5\", \"x\"]}, \"h_new_0\": {\"op\": \"activation_sigm\", \"input\": [\"node_7\"]}, \"h_new_1\": {\"op\": \"activation_leaky_relu\", \"input\": [\"node_2\"]}}", "experiment_id": 999941633, "init_time": "2020-05-19_08-57-40", "num_params": 9254800, "wall_times": [152.36170411109924, 151.78311562538147, 151.54990768432617, 151.63378810882568, 150.19566702842712, 151.63182592391968, 149.5593078136444, 149.44558668136597, 149.57692289352417, 149.52219462394714, 149.33726263046265, 149.93727350234985, 150.20314073562622, 150.02211141586304, 150.03451776504517, 150.1949622631073, 150.3833703994751, 150.3182406425476, 150.4855408668518, 150.29139399528503, 150.53443908691406, 150.6205759048462, 150.2846336364746, 150.54720973968506, 150.43438577651978, 150.66697764396667, 150.70285177230835, 150.55507397651672, 150.50649738311768, 150.3924491405487, 150.31902408599854, 150.43615221977234, 150.34607648849487, 150.3060908317566, 150.48347282409668, 150.2247347831726, 150.26579427719116, 150.35057520866394, 150.30664896965027, 150.40831017494202, 150.53687620162964, 150.36158680915833, 150.39482808113098, 150.58574295043945, 150.39830112457275, 150.29252767562866, 150.4496669769287, 150.36323976516724, 150.71542501449585, 150.54587316513062], "train_losses": [5.9814522988273895, 5.7572073684847505, 5.611633737426712, 5.508528572293045, 5.43872539131838, 5.37801641251143, 5.334196486203002, 5.29758140699801, 5.262400993760422, 5.235115025415523, 5.209278010865472, 5.182054656823194, 5.162657250147921, 5.145888803722231, 5.128595489753106, 5.117549318218493, 5.104929804744231, 5.092590164595772, 5.0880012506051315, 5.078008175999139, 5.066434195309558, 5.059855071002098, 5.048456326313808, 5.042421400139853, 5.0335083171964925, 5.028519344037438, 5.019428083481254, 5.014281103759884, 5.004755325157334, 4.992262300978968, 4.9871275079339465, 4.980113025119682, 4.971211708622452, 4.965441527486418, 4.959309948362111, 4.9534880789091496, 4.945654567398203, 4.938856082916465, 4.932353440508848, 4.930019902103168, 4.922833124899145, 4.92225362742725, 4.91816772900866, 4.914307494217632, 4.912955193373137, 4.912263914663009, 4.90693287410575, 4.904589670405035, 4.902657872088645, 4.898396737668764], "val_losses": [5.995509798728814, 5.7940850105932205, 5.666921345338983, 5.584716631355932, 5.530134401483051, 5.4857415254237285, 5.457022311970339, 5.431589314088983, 5.413130627648305, 5.398661943855932, 5.381066273834746, 5.365126125529661, 5.355741856461864, 5.346483050847458, 5.339658368644068, 5.337084878177966, 5.3325811043432205, 5.328439155190678, 5.328884070444915, 5.326503244173729, 5.3220156912076275, 5.322932004766949, 5.3192084878177965, 5.31595703125, 5.315217823093221, 5.312933990995763, 5.308321967690678, 5.308318988347458, 5.302810182733051, 5.299266419491525, 5.298609308792373, 5.295365797139831, 5.29407673463983, 5.295504502118644, 5.293406382415254, 5.292765823622881, 5.290101628707627, 5.288387844279661, 5.2870233050847455, 5.287213983050847, 5.286978614936441, 5.290060579978814, 5.288736427436441, 5.290970934851695, 5.293767876059322, 5.296926310911017, 5.297719147245763, 5.296853482521186, 5.298486824682203, 5.29688625529661], "test_losses": [5.941940159473605, 5.741005314206614, 5.615069046761226, 5.527266715336772, 5.473467484261226, 5.427835112636529, 5.398329651471481, 5.371531662431735, 5.351410800970874, 5.336694217422633, 5.319142758267597, 5.303371392407463, 5.291784786483617, 5.284605155870753, 5.276344669675364, 5.274028296609527, 5.268302250834345, 5.263716318074939, 5.262595760012136, 5.26007317107858, 5.255611678929005, 5.256936675136529, 5.252198450773665, 5.249968000986044, 5.248952921154429, 5.247690737826153, 5.243399314510012, 5.242724964919599, 5.23773667418841, 5.233995159852852, 5.232997264676881, 5.230785184693568, 5.229328044409891, 5.229519445919296, 5.227049003527003, 5.225626232554611, 5.223802881333435, 5.222872539631371, 5.222368851448726, 5.221000004740595, 5.220693051236347, 5.223101273323726, 5.222010343977549, 5.222047083586165, 5.225410535497573, 5.226937599552488, 5.227276552070692, 5.225106544864988, 5.228247188827367, 5.226397171761226], "status": "OK"}