{"data": "data/ptb", "recepie_id": 2001356, "recepies_list_path": "data/new_recepies_fix.json", "cuda": true, "batch_size": 20, "model": "CustomRNN", "emsize": 400, "nhid": 600, "nlayers": 3, "dropout": 0.1, "dropouth": 0.25, "dropouti": 0.4, "dropoute": 0.0, "wdrop": 0.1, "tied": true, "bptt": 70, "lr": 0.001, "wdecay": 1.2e-06, "epochs": 50, "alpha": 2, "beta": 1, "log_interval": 200, "clip": 0.25, "eval_batch_size": 50, "recepie": "{\"node_0\": {\"op\": \"linear\", \"input\": [\"x\", \"h_prev_0\"]}, \"node_1\": {\"op\": \"activation_sigm\", \"input\": [\"node_0\"]}, \"node_2\": {\"op\": \"linear\", \"input\": [\"x\", \"node_1\"]}, \"node_3\": {\"op\": \"activation_sigm\", \"input\": [\"node_2\"]}, \"node_5\": {\"op\": \"linear\", \"input\": [\"node_1\", \"node_3\"]}, \"node_6\": {\"op\": \"activation_leaky_relu\", \"input\": [\"node_5\"]}, \"h_new_0\": {\"op\": \"linear\", \"input\": [\"x\", \"node_6\"]}}", "experiment_id": 999926605, "init_time": "2020-05-11_07-31-33", "num_params": 10936400, "wall_times": [176.9226315021515, 177.61208367347717, 177.58899664878845, 176.6448221206665, 173.20463943481445, 173.23017477989197, 173.24173665046692, 173.31249976158142, 173.19482803344727, 172.89679741859436, 172.7791690826416, 172.5372724533081, 172.51100969314575, 172.686288356781, 172.4790551662445, 172.61030197143555, 172.5873692035675, 172.83297896385193, 172.6161403656006, 172.53417348861694, 172.57413792610168, 172.48744106292725, 172.50621676445007, 172.54726934432983, 172.55089950561523, 172.55559158325195, 172.6042606830597, 172.5716371536255, 172.3919849395752, 172.534686088562, 172.60676407814026, 172.4952163696289, 172.06837224960327, 172.6419222354889, 172.8385579586029, 172.85361766815186, 172.84526348114014, 172.85017824172974, 173.58688116073608, 173.6740918159485, 173.71397066116333, 173.6900279521942, 173.66624903678894, 173.562997341156, 173.091468334198, 173.2397062778473, 173.3075611591339, 173.24345111846924, 173.12023496627808, 173.0576467514038], "train_losses": [5.712286859232962, 5.51082891251143, 5.388717154806089, 5.32184213799688, 5.274312419315798, 5.258216761470604, 5.213217248937658, 5.188170687429401, 5.161111223172503, 5.156162592114464, 5.136089875477381, 5.115667107067936, 5.117930887257275, 5.103994792507127, 5.098438928782745, 5.085495838039912, 5.083331652412458, 5.0830370710289925, 5.071458467807004, 5.0705045452100475, 5.071590420095745, 5.066406039884891, 5.046733382416223, 5.049601873890592, 5.034190771072024, 5.03983152130063, 5.0296358957291165, 5.031766883169276, 5.018648976655371, 5.017921558146415, 5.009010996584369, 5.011228131219407, 5.005133112124146, 4.996412074390834, 4.989199663143457, 4.977472298423969, 4.969839236727449, 4.976263716314346, 4.968676459711689, 4.970585565596256, 4.963557635414986, 4.966190377736539, 4.975835501721263, 4.973090978161476, 4.971085219326556, 4.9593032246786075, 4.956948674761982, 4.953861243343553, 4.94274489336238, 4.947573338577807], "val_losses": [5.742359639830508, 5.581182468220339, 5.494460407838983, 5.4476142081567795, 5.4213695047669495, 5.422205707097458, 5.388711930614407, 5.374063493114407, 5.358096199682203, 5.36119372351695, 5.353735103283898, 5.338171676377119, 5.3451195047669495, 5.337666181144068, 5.338400754766949, 5.331645590572034, 5.332345405190678, 5.336108315677966, 5.3317935646186445, 5.333367319915254, 5.336199020127118, 5.333463652012711, 5.324175384004238, 5.325947100105933, 5.315069186970339, 5.322890625, 5.319651747881356, 5.319235632944915, 5.311284096927966, 5.313068723516949, 5.308971795550847, 5.30998046875, 5.311431408898305, 5.300698821504238, 5.294883805614407, 5.281951138771187, 5.279899695444915, 5.281996159957627, 5.279376324152542, 5.280662076271186, 5.273524563029661, 5.274618975105932, 5.289264433262712, 5.282393405720339, 5.2788456700211865, 5.267543034957627, 5.261700873940678, 5.262492386122881, 5.254100900423729, 5.257801906779661], "test_losses": [5.68596701020176, 5.531497696070995, 5.439725709192961, 5.388946829490291, 5.363963303056735, 5.367127649992415, 5.331531117263349, 5.315875895972391, 5.299056266118022, 5.305075043613471, 5.293930498141687, 5.27770759064017, 5.289927065951153, 5.280920528671117, 5.28149177032767, 5.273206396010315, 5.273961928284284, 5.281663024309769, 5.276734583586165, 5.278534824408374, 5.281949237712379, 5.282185082296723, 5.269441771275789, 5.270611513008192, 5.260646190458131, 5.267950854255158, 5.264670955324636, 5.265096423695389, 5.26006606018659, 5.262007926274272, 5.25579596954642, 5.255794784397755, 5.259106089767901, 5.247513558100728, 5.243551606113471, 5.233388956310679, 5.22545675629551, 5.231261614456917, 5.227282477814017, 5.227489878830401, 5.220297804156553, 5.222432256902306, 5.236655226031553, 5.229024646351639, 5.226160734602549, 5.214349543006675, 5.210117969698119, 5.208940524499393, 5.201342536407767, 5.206393640018204], "status": "OK"}