{"data": "data/ptb", "recepie_id": 2001123, "recepies_list_path": "data/new_recepies_fix.json", "cuda": true, "batch_size": 20, "model": "CustomRNN", "emsize": 400, "nhid": 600, "nlayers": 3, "dropout": 0.1, "dropouth": 0.25, "dropouti": 0.4, "dropoute": 0.0, "wdrop": 0.1, "tied": true, "bptt": 70, "lr": 0.001, "wdecay": 1.2e-06, "epochs": 50, "alpha": 2, "beta": 1, "log_interval": 200, "clip": 0.25, "eval_batch_size": 50, "recepie": "{\"node_0\": {\"op\": \"linear\", \"input\": [\"x\", \"h_prev_0\"]}, \"node_1\": {\"op\": \"activation_leaky_relu\", \"input\": [\"node_0\"]}, \"node_2\": {\"op\": \"linear\", \"input\": [\"h_prev_0\", \"node_1\"]}, \"node_3\": {\"op\": \"activation_tanh\", \"input\": [\"node_2\"]}, \"h_new_0\": {\"op\": \"linear\", \"input\": [\"node_3\", \"node_1\"]}}", "experiment_id": 999924663, "init_time": "2020-05-15_06-09-10", "num_params": 9254800, "wall_times": [139.7648663520813, 137.84480214118958, 136.46928429603577, 136.53474187850952, 136.09541368484497, 136.35500860214233, 136.22908568382263, 136.21526288986206, 136.36646437644958, 136.39214873313904, 136.36250853538513, 136.32761573791504, 136.3507809638977, 136.45291233062744, 136.37613558769226, 136.10394930839539, 136.354163646698, 136.32305026054382, 136.47682571411133, 136.43906378746033, 136.365962266922, 136.40641331672668, 136.43557739257812, 136.3640308380127, 136.5273241996765, 136.34724974632263, 136.34839463233948, 136.4286551475525, 136.3842511177063, 136.53650903701782, 136.39882612228394, 136.38137221336365, 136.4878969192505, 136.39838647842407, 136.4347207546234, 136.3978033065796, 136.4247887134552, 136.45914149284363, 136.35697841644287, 136.42299389839172, 136.49634885787964, 136.4573061466217, 136.39467787742615, 136.25232815742493, 136.4400703907013, 136.5032811164856, 136.29565834999084, 136.29583024978638, 136.33444690704346, 136.30165576934814], "train_losses": [5.614816981335054, 5.29604756669894, 5.129955354741542, 5.013267508471841, 4.91551397517616, 4.851368773869076, 4.799325362406541, 4.74647636961433, 4.709392733715238, 4.677917070087677, 4.635695279301813, 4.620316534210102, 4.593570141466301, 4.558822985584422, 4.548918999784842, 4.519193595019095, 4.509929619842935, 4.499907969582056, 4.470374610026357, 4.474305863724383, 4.448769734011081, 4.44263941557743, 4.421382910413641, 4.428284771529235, 4.40871212885267, 4.396038405680168, 4.395251314480125, 4.380676049566995, 4.377831090984885, 4.364844296299284, 4.362831393550643, 4.347142938787585, 4.339280851621752, 4.338568141170459, 4.327282438411059, 4.330406009628315, 4.326604186837717, 4.3187946284492496, 4.30802034586628, 4.308602364719488, 4.302379175407455, 4.294388497794632, 4.299283339384648, 4.285160662417299, 4.2790971605884565, 4.274796104297779, 4.275899208622452, 4.280047721343661, 4.2681131831262435, 4.266223828061966], "val_losses": [5.64286811440678, 5.371770060911017, 5.241568127648305, 5.154619968220339, 5.08450873940678, 5.044863943326271, 5.008609639830508, 4.977559586864407, 4.9525360831567795, 4.934810646186441, 4.910229078389831, 4.904133011122881, 4.886510527012712, 4.873745365466101, 4.8680710407838985, 4.854738810911017, 4.848587129237288, 4.845498212394068, 4.832380495233051, 4.831868710275423, 4.826179157838983, 4.824041975635593, 4.817135527012712, 4.816288069385593, 4.812790982521187, 4.807542372881356, 4.802671808792373, 4.797716167902542, 4.799108183262712, 4.79508938029661, 4.793765558792373, 4.789174059851695, 4.786317200741525, 4.788588122351695, 4.780165188029661, 4.779669623940678, 4.7792697298728815, 4.779590836864407, 4.770294954978813, 4.773884401483051, 4.770512447033898, 4.768455707097457, 4.76823987023305, 4.767366591631356, 4.764308461334746, 4.769600105932203, 4.764240598516949, 4.765021186440678, 4.7611811440677965, 4.762261321504237], "test_losses": [5.600226244880158, 5.323505883077973, 5.188858772944478, 5.102614912014563, 5.033301492339199, 4.991260121169599, 4.956653780150182, 4.925341559845267, 4.903861629152761, 4.884450671742264, 4.863301693814472, 4.85183834335179, 4.839352209591171, 4.821971708131068, 4.817413033790959, 4.804083963042324, 4.800413261339503, 4.797650679801274, 4.783947102074484, 4.782391298164442, 4.773754527267901, 4.77199250749014, 4.767854857213289, 4.762502725841929, 4.756859936760467, 4.754358384215716, 4.752769396143052, 4.745410215507433, 4.744590981492719, 4.741124125360285, 4.739898977927791, 4.736241016573119, 4.73132798278216, 4.732114625208586, 4.728016381124848, 4.728041565533981, 4.725808152874697, 4.724088798448878, 4.718479786104369, 4.719352648096177, 4.716796578712834, 4.715502396370601, 4.716025935793386, 4.711806806545813, 4.710766246017901, 4.712693297747269, 4.710367147204946, 4.711302822076001, 4.708347357592537, 4.709393843863774], "status": "OK"}