{"data": "data/ptb", "recepie_id": 2001073, "recepies_list_path": "data/new_recepies_fix.json", "cuda": true, "batch_size": 20, "model": "CustomRNN", "emsize": 400, "nhid": 600, "nlayers": 3, "dropout": 0.1, "dropouth": 0.25, "dropouti": 0.4, "dropoute": 0.0, "wdrop": 0.1, "tied": true, "bptt": 70, "lr": 0.001, "wdecay": 1.2e-06, "epochs": 50, "alpha": 2, "beta": 1, "log_interval": 200, "clip": 0.25, "eval_batch_size": 50, "recepie": "{\"node_1\": {\"op\": \"linear\", \"input\": [\"x\", \"h_prev_0\"]}, \"node_3\": {\"op\": \"linear\", \"input\": [\"h_new_0\", \"h_prev_1\", \"x\"]}, \"h_new_0\": {\"op\": \"activation_tanh\", \"input\": [\"node_1\"]}, \"h_new_1\": {\"op\": \"activation_sigm\", \"input\": [\"node_3\"]}}", "experiment_id": 999988752, "init_time": "2020-05-16_19-55-38", "num_params": 8333200, "wall_times": [104.17814040184021, 100.1634292602539, 97.34362530708313, 101.08148837089539, 100.58188986778259, 94.50628423690796, 96.69339275360107, 99.09470725059509, 101.25234794616699, 95.72103786468506, 101.54194641113281, 101.50515031814575, 100.8143482208252, 95.73000192642212, 101.26193904876709, 102.02355217933655, 101.51574397087097, 100.07501864433289, 100.5778112411499, 97.94591164588928, 97.32085704803467, 101.48549890518188, 94.90100908279419, 99.8702483177185, 100.31505227088928, 96.71653079986572, 92.80328440666199, 103.0366952419281, 103.17023158073425, 102.30613374710083, 103.21163845062256, 92.03666591644287, 102.345050573349, 103.10118389129639, 102.06368708610535, 101.78111815452576, 94.69479632377625, 102.01745343208313, 102.63680529594421, 95.7087790966034, 101.83349251747131, 99.87284207344055, 101.73484492301941, 100.88124012947083, 98.19520306587219, 102.54819297790527, 103.05164957046509, 102.60546350479126, 98.87017035484314, 99.89683628082275], "train_losses": [5.5035202685439195, 5.253631629551934, 5.114711923780324, 5.020727855548383, 4.952354297778495, 4.881991370152225, 4.830516109945672, 4.791841482437738, 4.7610583582109625, 4.7281547522995, 4.690663493088054, 4.674487571271045, 4.643291780969286, 4.623705270695498, 4.616086076596202, 4.590451613011672, 4.562964774622129, 4.561882261578183, 4.540704759695552, 4.525355010488946, 4.5224230642515195, 4.498738889113012, 4.499263756656447, 4.47999662134904, 4.475173639126459, 4.469852684094454, 4.461166105239094, 4.444640972110161, 4.443487019928998, 4.437015474557581, 4.425783141035986, 4.421996446533269, 4.426345829299123, 4.414052414474746, 4.401076125544618, 4.392706400274326, 4.395901410628799, 4.395333679603033, 4.383067999973106, 4.377702080307675, 4.3770364356409015, 4.372842117825829, 4.363345335108386, 4.359098068285729, 4.352968590312517, 4.350294665429509, 4.347372384487118, 4.343056199908558, 4.340192751196816, 4.3316746846592435], "val_losses": [5.551399629237288, 5.354652409957627, 5.252994239936441, 5.190844809322034, 5.144276681673729, 5.101230799788135, 5.0800218485169495, 5.061034494173729, 5.047116657838983, 5.037146120233051, 5.019518008474576, 5.018296146716102, 5.006369504766949, 4.999356461864407, 5.002162010063559, 4.994119107521186, 4.980796808792373, 4.981747550317797, 4.978282905190678, 4.969051906779661, 4.973376257944915, 4.961102356991526, 4.965453191207627, 4.960180084745763, 4.9559739141949155, 4.958599377648305, 4.956627383474577, 4.949694782838983, 4.954676575741526, 4.952179886122881, 4.948302105402543, 4.95546875, 4.960538930084746, 4.959342558262712, 4.9470150291313555, 4.945129766949153, 4.948024033368644, 4.953046212923729, 4.947455309851695, 4.944963254766949, 4.944788797669491, 4.94597954184322, 4.940576337394067, 4.939752714512712, 4.94181938559322, 4.942271252648305, 4.944927502648305, 4.944512049788136, 4.942595670021187, 4.936456898834746], "test_losses": [5.512502725841929, 5.312057939547937, 5.20904066956159, 5.149295547633495, 5.106853596215109, 5.063976102662318, 5.042030112257281, 5.021256826456311, 5.012099775295813, 4.999183432569781, 4.980718816368325, 4.981343389714806, 4.965694686741505, 4.960566252180674, 4.963904519682949, 4.953939493420054, 4.941585800022755, 4.945836335709951, 4.939225280169144, 4.932431415446754, 4.936912758836469, 4.924100116618629, 4.92945047026699, 4.920724220646238, 4.921534269758799, 4.923051852624393, 4.923229624924151, 4.915323794466778, 4.919611069762591, 4.920310011187803, 4.914759663702215, 4.920047797045662, 4.928361022356644, 4.921322128147755, 4.914378342119235, 4.91147680190003, 4.914761441425212, 4.915107801122573, 4.914557299567658, 4.90915746596253, 4.908926954547178, 4.911720053663531, 4.904789007983162, 4.902749663417779, 4.905063962473453, 4.90597415664821, 4.90613029998483, 4.905819198460255, 4.904610643109072, 4.897713670452822], "status": "OK"}