{"data": "data/ptb", "recepie_id": 2005246, "recepies_list_path": "data/new_recepies_fix.json", "cuda": true, "batch_size": 20, "model": "CustomRNN", "emsize": 400, "nhid": 600, "nlayers": 3, "dropout": 0.1, "dropouth": 0.25, "dropouti": 0.4, "dropoute": 0.0, "wdrop": 0.1, "tied": true, "bptt": 70, "lr": 0.001, "wdecay": 1.2e-06, "epochs": 50, "alpha": 2, "beta": 1, "log_interval": 200, "clip": 0.25, "eval_batch_size": 50, "recepie": "{\"node_0\": {\"op\": \"linear\", \"input\": [\"h_prev_2\", \"x\"]}, \"node_2\": {\"op\": \"linear\", \"input\": [\"h_prev_1\", \"h_prev_0\"]}, \"node_4\": {\"op\": \"linear\", \"input\": [\"h_prev_1\", \"h_prev_2\"]}, \"node_5\": {\"op\": \"activation_tanh\", \"input\": [\"node_4\"]}, \"node_6\": {\"op\": \"linear\", \"input\": [\"h_new_1\", \"h_new_0\"]}, \"node_7\": {\"op\": \"activation_sigm\", \"input\": [\"node_6\"]}, \"node_8\": {\"op\": \"linear\", \"input\": [\"x\", \"node_7\"]}, \"node_9\": {\"op\": \"activation_tanh\", \"input\": [\"node_8\"]}, \"h_new_0\": {\"op\": \"activation_tanh\", \"input\": [\"node_0\"]}, \"h_new_1\": {\"op\": \"activation_leaky_relu\", \"input\": [\"node_2\"]}, \"h_new_2\": {\"op\": \"linear\", \"input\": [\"node_9\", \"node_5\"]}}", "experiment_id": 999997305, "init_time": "2020-05-15_15-33-16", "num_params": 14499600, "wall_times": [339.8159327507019, 334.4085385799408, 332.35354948043823, 336.2871413230896, 337.08381485939026, 334.3623447418213, 336.7277581691742, 338.8365821838379, 333.13240909576416, 335.63522815704346, 331.51983666419983, 332.86746072769165, 333.9577510356903, 333.36307764053345, 334.29554438591003, 335.2891745567322, 337.3974688053131, 334.69956064224243, 336.22767210006714, 333.9057548046112, 333.58213996887207, 332.9372560977936, 333.24494981765747, 334.5833704471588, 330.96181631088257, 337.4212284088135, 332.53596568107605, 335.5181357860565, 333.93995451927185, 331.8392376899719, 334.40045976638794, 333.6630160808563, 332.0332221984863, 334.60376930236816, 333.8240439891815, 334.065687417984, 332.8939881324768, 331.68214106559753, 332.0911295413971, 333.3243770599365, 334.6434051990509, 332.88073897361755, 333.88569808006287, 333.40391778945923, 330.8652620315552, 332.99994373321533, 335.3761100769043, 333.6995508670807, 336.94697189331055, 334.07450437545776], "train_losses": [5.530242287935022, 5.272535685950191, 5.118796141278038, 5.035804455112689, 4.9631592571674465, 4.90320627252434, 4.8519965978161474, 4.799947303130547, 4.783457049109784, 4.73451535689312, 4.699475300548652, 4.673399595234253, 4.645055487198107, 4.622395413103114, 4.606292611344199, 4.581458266096498, 4.568965662148352, 4.549593889516433, 4.5342344750147925, 4.514139065945888, 4.513064117045882, 4.486042473508687, 4.482267125221882, 4.489214791431338, 4.460963974503792, 4.447370367382066, 4.430059403743747, 4.435763188505191, 4.430820020439998, 4.417542006212684, 4.405523001721263, 4.4029352240331345, 4.390460269754182, 4.380365499435211, 4.377743262869131, 4.363468042332311, 4.364789666370824, 4.346107911758378, 4.343949189123769, 4.349008340729386, 4.326382725512345, 4.323236882093486, 4.316532949411005, 4.319410685950191, 4.306983637916196, 4.301438279947286, 4.299855272712603, 4.282863263810446, 4.279961994379001, 4.278493289763865], "val_losses": [5.57063029661017, 5.368315015889831, 5.261062301377119, 5.205629303495763, 5.163811242055084, 5.129572298728814, 5.1027889962923725, 5.069475304555085, 5.080527674788136, 5.046613810911017, 5.029255495233051, 5.01928032309322, 5.007286480402542, 5.001277145127118, 4.998076006355932, 4.987521848516949, 4.98365532309322, 4.979072100105932, 4.97269233315678, 4.96456501588983, 4.976668101165254, 4.958797338453389, 4.959844743114407, 4.9812069650423725, 4.9526837261652545, 4.956100039724577, 4.944023768538136, 4.951920352224576, 4.960036745233051, 4.950194319385593, 4.947728747351695, 4.9500969941737285, 4.941385725635593, 4.945464446504237, 4.944884136652543, 4.939105865995763, 4.943497086864407, 4.931043101165254, 4.934989075741526, 4.945010593220339, 4.927978681144068, 4.9219580905720335, 4.920465439618644, 4.935098318326271, 4.924869239936441, 4.92839314088983, 4.925321769067796, 4.912432468220339, 4.916479409427966, 4.917474841101695], "test_losses": [5.528824593256978, 5.323998904922633, 5.211628441671723, 5.161800051198422, 5.123263164631371, 5.087354937803398, 5.062988873824333, 5.031988347618325, 5.039636111953883, 5.011090028633192, 4.993323464995449, 4.983943605885922, 4.973242898589199, 4.967398337947512, 4.967158049055674, 4.951955850841929, 4.947901160971632, 4.943748992623635, 4.938561893203883, 4.930337850329946, 4.939159504418234, 4.923225773190989, 4.927427717782919, 4.943373004209648, 4.919945874260467, 4.916696196620904, 4.90812223860361, 4.919098789252124, 4.922796453087075, 4.911800347485588, 4.911264364001821, 4.914666333244842, 4.906887017407463, 4.909150947644872, 4.907737361574636, 4.902838549567658, 4.907442555844205, 4.894128892028216, 4.895755212283829, 4.90978766876517, 4.888921348793993, 4.889746508552033, 4.885678189472087, 4.896940360948878, 4.887694719925667, 4.89012160810452, 4.889102676539745, 4.877870133779581, 4.876585728913835, 4.88118203172406], "status": "OK"}