{"data": "data/ptb", "recepie_id": 2003865, "recepies_list_path": "data/new_recepies_fix.json", "cuda": true, "batch_size": 20, "model": "CustomRNN", "emsize": 400, "nhid": 600, "nlayers": 3, "dropout": 0.1, "dropouth": 0.25, "dropouti": 0.4, "dropoute": 0.0, "wdrop": 0.1, "tied": true, "bptt": 70, "lr": 0.001, "wdecay": 1.2e-06, "epochs": 50, "alpha": 2, "beta": 1, "log_interval": 200, "clip": 0.25, "eval_batch_size": 50, "recepie": "{\"node_0\": {\"op\": \"linear\", \"input\": [\"x\", \"h_prev_1\"]}, \"node_6\": {\"op\": \"linear\", \"input\": [\"h_new_1\", \"h_prev_1\"]}, \"node_7\": {\"op\": \"activation_leaky_relu\", \"input\": [\"node_6\"]}, \"node_8\": {\"op\": \"linear\", \"input\": [\"h_prev_0\", \"node_7\"]}, \"h_new_0\": {\"op\": \"activation_sigm\", \"input\": [\"node_8\"]}, \"h_new_1\": {\"op\": \"activation_leaky_relu\", \"input\": [\"node_0\"]}}", "experiment_id": 999941318, "init_time": "2020-05-08_06-16-01", "num_params": 9254800, "wall_times": [208.8524718284607, 153.7740752696991, 155.02022171020508, 156.62092351913452, 155.0526237487793, 153.5106225013733, 154.2080943584442, 154.72735381126404, 153.3544638156891, 155.63328647613525, 157.78154492378235, 153.32508301734924, 154.25336050987244, 153.64035487174988, 154.3224458694458, 154.65686678886414, 155.3287913799286, 155.34738612174988, 154.16037678718567, 155.07605743408203, 154.9328534603119, 154.20385265350342, 154.7178647518158, 146.4539613723755, 148.73648405075073, 146.02307534217834, 147.22690844535828, 146.00611782073975, 149.95353436470032, 149.97164726257324, 150.0632507801056, 149.68960809707642, 151.74743151664734, 152.03312158584595, 150.90995573997498, 152.16237211227417, 151.7614598274231, 151.95813632011414, 152.63277459144592, 150.85882830619812, 150.00276398658752, 148.8008999824524, 152.64072608947754, 150.26360297203064, 148.8487479686737, 151.66619610786438, 150.13690519332886, 150.4048731327057, 151.4486963748932, 150.9346058368683], "train_losses": [6.592598569200151, 6.571055887257275, 6.4338641681458775, 6.201277247727395, 6.093872707223926, 6.013517125221882, 5.9314495253079444, 5.842903656339089, 5.764997176052929, 5.687445790301759, 5.609302720402345, 5.54003407226615, 5.477113842047227, 5.424807786697865, 5.376627131407671, 5.3346263817169595, 5.29618456175031, 5.258172637297617, 5.2332420593297835, 5.200044712495293, 5.175525539911785, 5.154636736189554, 5.127288994002474, 5.1038775482760474, 5.080084533510838, 5.0625693379861225, 5.045095325022861, 5.0395785427088375, 5.00819112742725, 4.993125453848636, 4.980163452745952, 4.964179996369211, 4.954104136410091, 4.933067831881018, 4.920086079958044, 4.9060356825883495, 4.896317438545533, 4.892619412619009, 4.874623893954063, 4.867639247485342, 4.850995609434673, 4.840626849012963, 4.831226719245872, 4.821041599429831, 4.812058338039912, 4.806132251492658, 4.798889583669517, 4.789160833871228, 4.777291851567963, 4.77601309101178], "val_losses": [6.592396716101695, 6.569289592161017, 6.4346484375, 6.219050582627118, 6.121784295550848, 6.047749602754237, 5.974627913135593, 5.895645524364407, 5.823086599576271, 5.756527409957627, 5.688524231991526, 5.629617319915254, 5.578781117584746, 5.537665519067796, 5.498385858050847, 5.466809785487288, 5.439625264830508, 5.415425384004237, 5.389588850635593, 5.3710129766949155, 5.350452198093221, 5.336292703919492, 5.316761453919492, 5.300614075741525, 5.28736626059322, 5.271936242055085, 5.2609629899364405, 5.263107123940678, 5.240887844279661, 5.230838188559322, 5.224169425317797, 5.212343418961864, 5.2047219279661014, 5.190376059322034, 5.1850390625, 5.174137976694915, 5.167654263771187, 5.165656117584746, 5.152713188559322, 5.150712394067797, 5.1377247748940675, 5.13593452065678, 5.127695643538136, 5.1217194120762715, 5.117712526483051, 5.112146782309322, 5.106506554555085, 5.105978217690678, 5.095102621822034, 5.093674192266949], "test_losses": [6.516182019872573, 6.495815832638046, 6.364429066482099, 6.162501659208131, 6.068646773551274, 5.994854084496359, 5.922411279770935, 5.842498483009709, 5.772579452366505, 5.705712772110133, 5.637951304611651, 5.578186627730583, 5.525135225462682, 5.483146000834345, 5.443809731492719, 5.411907307152609, 5.382103781098301, 5.356988703162925, 5.336069644076153, 5.312532591588289, 5.293837463971481, 5.280420395934466, 5.260295386453277, 5.242663337189017, 5.227396252085861, 5.214046737522755, 5.203859199597997, 5.205558110209345, 5.181022569971177, 5.171819890587075, 5.163613328655947, 5.152831438675667, 5.147207908260012, 5.133075603003641, 5.124928298505765, 5.114890089312803, 5.109613214881675, 5.10979987579642, 5.095066700166869, 5.092916247914139, 5.080527888918386, 5.077729160345874, 5.071544462037318, 5.065177843408677, 5.059579201114988, 5.056698697284587, 5.050338004399272, 5.046592934617719, 5.037077968560376, 5.037109375], "status": "OK"}