{"data": "data/ptb", "recepie_id": 2008704, "recepies_list_path": "data/new_recepies_fix.json", "cuda": true, "batch_size": 20, "model": "CustomRNN", "emsize": 400, "nhid": 600, "nlayers": 3, "dropout": 0.1, "dropouth": 0.25, "dropouti": 0.4, "dropoute": 0.0, "wdrop": 0.1, "tied": true, "bptt": 70, "lr": 0.001, "wdecay": 1.2e-06, "epochs": 50, "alpha": 2, "beta": 1, "log_interval": 200, "clip": 0.25, "eval_batch_size": 50, "recepie": "{\"node_0\": {\"op\": \"linear\", \"input\": [\"x\", \"h_prev_1\"]}, \"node_1\": {\"op\": \"activation_tanh\", \"input\": [\"node_0\"]}, \"node_2\": {\"op\": \"linear\", \"input\": [\"h_prev_2\", \"node_1\"]}, \"node_3\": {\"op\": \"activation_sigm\", \"input\": [\"node_2\"]}, \"node_5\": {\"op\": \"elementwise_prod\", \"input\": [\"node_2\", \"node_0\"]}, \"node_6\": {\"op\": \"linear\", \"input\": [\"node_3\", \"h_prev_0\", \"h_prev_2\"]}, \"node_8\": {\"op\": \"linear\", \"input\": [\"x\", \"h_new_1\"]}, \"node_9\": {\"op\": \"activation_sigm\", \"input\": [\"node_8\"]}, \"h_new_0\": {\"op\": \"linear\", \"input\": [\"node_9\", \"h_new_1\"]}, \"h_new_1\": {\"op\": \"activation_tanh\", \"input\": [\"node_6\"]}, \"h_new_2\": {\"op\": \"elementwise_prod\", \"input\": [\"node_9\", \"node_5\"]}}", "experiment_id": 999953904, "init_time": "2020-05-09_05-30-58", "num_params": 13618000, "wall_times": [332.21227765083313, 285.07505321502686, 279.9130835533142, 274.0829815864563, 274.21998167037964, 273.4707942008972, 273.652544260025, 275.1144287586212, 272.9963712692261, 272.88372898101807, 274.4806799888611, 273.02472472190857, 273.8940029144287, 270.73610281944275, 270.96918869018555, 273.268235206604, 272.97331523895264, 277.0339255332947, 273.13945508003235, 272.5374369621277, 277.17961955070496, 273.8897578716278, 271.05047845840454, 274.5282618999481, 275.06456446647644, 273.38006949424744, 271.6910231113434, 274.0346748828888, 275.979439496994, 275.66217160224915, 273.2948703765869, 275.3609564304352, 274.24858355522156, 275.7360575199127, 274.2842769622803, 271.6336226463318, 272.39575362205505, 275.8552095890045, 277.242627620697, 272.1185624599457, 275.5400011539459, 276.4121787548065, 273.60914182662964, 274.29403376579285, 273.15936040878296, 271.37659215927124, 273.69913625717163, 274.5219986438751, 273.69387316703796, 273.2647511959076], "train_losses": [5.887823745360659, 5.569264866064224, 5.369421023613577, 5.229979812140283, 5.147597039562154, 5.048110476843634, 4.9849355871120435, 4.931265464472056, 4.874841573207466, 4.835105444166532, 4.792058321230703, 4.756256807729547, 4.72478702732505, 4.6996320464203105, 4.669435563579151, 4.640838056720994, 4.61756990949922, 4.592117825829702, 4.584491067586467, 4.565794604916357, 4.532464465332688, 4.516404106825884, 4.497487443521059, 4.490694422032166, 4.470725922489376, 4.450093038970469, 4.437276857753752, 4.4306746207842505, 4.408288536791996, 4.398472799338389, 4.386929075224571, 4.3755059571835835, 4.3722109320370075, 4.363700009413157, 4.350339630062933, 4.338073950433005, 4.337453270399656, 4.321305083777096, 4.3129370394276805, 4.30742698079716, 4.304205075708676, 4.290574908557905, 4.276676634527459, 4.271479227179818, 4.269785699397558, 4.265423709725136, 4.24849347466516, 4.250649255688236, 4.2409705132859985, 4.2285249751223715], "val_losses": [5.904130693855932, 5.615297272245763, 5.445606130826271, 5.3332339115466105, 5.274231660487288, 5.194677568855933, 5.148634798728813, 5.111018273305085, 5.073888373940678, 5.044766618114407, 5.017938625529661, 4.9977992584745765, 4.976143405720339, 4.965358845338983, 4.944848384533898, 4.931583686440678, 4.918882415254237, 4.910292637711865, 4.903542439088983, 4.890204581567796, 4.876134136652542, 4.86345703125, 4.859868908898305, 4.859341234110169, 4.849833818855932, 4.83848483845339, 4.835328058792373, 4.838531514830509, 4.823154793432203, 4.814297868114407, 4.813698689088983, 4.811699549788136, 4.805346927966101, 4.807379171080508, 4.802262976694915, 4.796593617584746, 4.8018653998940675, 4.791352952860169, 4.786320842161017, 4.787715836864407, 4.785501191737288, 4.786539658368644, 4.781561506885593, 4.778907243114407, 4.775665717690678, 4.771268869173729, 4.768549390889831, 4.766775688559322, 4.764756686970339, 4.762245100635593], "test_losses": [5.865441183442051, 5.576882964199029, 5.405244993932039, 5.284189761263653, 5.22319845551426, 5.147015914176274, 5.099735000758495, 5.065642421685376, 5.029317615101639, 5.002780951342537, 4.976450503451153, 4.955273970816899, 4.935906271332676, 4.92875686201077, 4.907012050591626, 4.891180242149575, 4.880558347239078, 4.871545884215716, 4.863435319326456, 4.852732834306735, 4.840152777514412, 4.828480544599515, 4.824664662185224, 4.822785905263956, 4.814580824768659, 4.804269438808404, 4.797875265473301, 4.801416785971632, 4.78766106170358, 4.7799318183973, 4.777441524764867, 4.778053654050364, 4.770756101145328, 4.77224375900713, 4.764039567373331, 4.760491528557342, 4.767350280169144, 4.75459274736423, 4.747250751384254, 4.751073744690534, 4.752188377010012, 4.746550032236044, 4.741819215052336, 4.742477861422937, 4.735490817468143, 4.733475472163228, 4.729627294447815, 4.72409176132054, 4.725317797614533, 4.723057126535953], "status": "OK"}