{"data": "data/ptb", "recepie_id": 1003293, "recepies_list_path": "data/models_recepies.json", "cuda": true, "batch_size": 20, "model": "CustomRNN", "emsize": 400, "nhid": 600, "nlayers": 3, "dropout": 0.1, "dropouth": 0.25, "dropouti": 0.4, "dropoute": 0.0, "wdrop": 0.1, "tied": true, "bptt": 70, "lr": 0.001, "wdecay": 1.2e-06, "epochs": 50, "alpha": 2, "beta": 1, "log_interval": 200, "clip": 0.25, "eval_batch_size": 50, "recepie": "{\"node_0\": {\"op\": \"linear\", \"input\": [\"h_prev_0\", \"x\"]}, \"node_1\": {\"op\": \"activation_sigm\", \"input\": [\"node_0\"]}, \"node_4\": {\"op\": \"linear\", \"input\": [\"node_1\", \"h_prev_0\"]}, \"node_5\": {\"op\": \"activation_leaky_relu\", \"input\": [\"node_4\"]}, \"node_6\": {\"op\": \"linear\", \"input\": [\"node_5\", \"h_prev_0\"]}, \"node_7\": {\"op\": \"activation_tanh\", \"input\": [\"node_6\"]}, \"node_8\": {\"op\": \"linear\", \"input\": [\"node_7\", \"h_prev_0\"]}, \"h_new_0\": {\"op\": \"activation_sigm\", \"input\": [\"node_8\"]}}", "experiment_id": 999900457, "init_time": "2020-04-21_02-13-45", "num_params": 11016400, "wall_times": [188.3020739555359, 186.16334462165833, 184.8903250694275, 184.91041326522827, 186.75306582450867, 184.66136026382446, 184.59110736846924, 184.40508198738098, 184.61020493507385, 184.62659335136414, 184.6100697517395, 184.6842725276947, 184.55112099647522, 184.38287663459778, 184.64747142791748, 184.76528477668762, 184.67584824562073, 184.54202032089233, 184.80117297172546, 184.45575284957886, 184.4185652732849, 184.5900571346283, 184.65646147727966, 184.47253441810608, 184.7015311717987, 184.42458629608154, 184.51784086227417, 184.49418258666992, 184.49450945854187, 184.51637935638428, 184.5557255744934, 184.60871052742004, 184.6208577156067, 184.58707332611084, 184.6506905555725, 184.56503415107727, 184.7350561618805, 184.5645010471344, 184.62769627571106, 184.6591567993164, 184.4337661266327, 184.4971787929535, 184.54857230186462, 184.65184354782104, 184.78691720962524, 185.07998752593994, 184.38649654388428, 184.16081166267395, 184.33468914031982, 184.3493254184723], "train_losses": [6.600307272336076, 6.571511416814587, 6.5575240539777315, 6.550868027540208, 6.547259930880534, 6.544733086574149, 6.542989551395837, 6.542511329406702, 6.541343509628315, 6.541222483325265, 6.540788805739337, 6.54030722190845, 6.539781093674359, 6.53940582808886, 6.539132258216341, 6.538720432601797, 6.538525445780216, 6.538264482814265, 6.538098912108009, 6.538045963100425, 6.538080421978377, 6.5378039104943255, 6.537910648969932, 6.538315750900973, 6.537995955704373, 6.538087145661879, 6.538111519014577, 6.538247673605508, 6.538195565058362, 6.538132530525523, 6.53781735786133, 6.537823661314615, 6.537952251761605, 6.537851816739282, 6.53781399601958, 6.537620269888656, 6.537295011699209, 6.537550511672315, 6.5372479459146895, 6.537083635899091, 6.537266436044322, 6.536730222284977, 6.536767622774461, 6.536687358802647, 6.536547001909526, 6.536694922946587, 6.536557927895218, 6.536454551261363, 6.536652059464257, 6.536164592410306], "val_losses": [6.599682865466102, 6.570366128177966, 6.554950344279661, 6.547550317796611, 6.543057468220339, 6.540006620762711, 6.5377992584745765, 6.536938559322034, 6.535308527542373, 6.534637844279661, 6.533706965042373, 6.533213056144068, 6.532419888771186, 6.531921345338983, 6.531537341101695, 6.530746159957627, 6.530597854872881, 6.530152277542373, 6.529992717161017, 6.530116525423729, 6.530062235169492, 6.5299079713983055, 6.529783501059322, 6.530328389830508, 6.529636520127118, 6.529730534957627, 6.529885460805085, 6.529708686440678, 6.529867584745762, 6.529794094279661, 6.529557733050847, 6.529454449152542, 6.529665651483051, 6.529292240466102, 6.529105534957627, 6.529128045550848, 6.528741393008475, 6.528864539194915, 6.52859904661017, 6.528542108050847, 6.528994968220339, 6.528005164194915, 6.528405720338983, 6.528252118644068, 6.528152145127119, 6.52800251588983, 6.528505031779661, 6.528074020127119, 6.52839247881356, 6.527872086864407], "test_losses": [6.519816278253944, 6.494821492908071, 6.483104520631068, 6.477035374317355, 6.474443454186893, 6.471853904353762, 6.470058404126213, 6.470060774423544, 6.468366604406857, 6.468411047481796, 6.468131352396845, 6.467489594394721, 6.466716284890777, 6.466466811096784, 6.466022972921723, 6.465742685262439, 6.465719574863471, 6.465302402533374, 6.465032188637743, 6.465468915920813, 6.464897081689927, 6.464877526736954, 6.465299439661711, 6.465560764942355, 6.464900637135922, 6.465176776774879, 6.465205812917172, 6.465487285725121, 6.465361659966626, 6.465358104520631, 6.464974708927488, 6.46477560395176, 6.465158406970571, 6.464903600007585, 6.465074853989685, 6.464791010884405, 6.464204362295206, 6.464859156932645, 6.464399319250607, 6.464084662280037, 6.464657089085255, 6.463663934503944, 6.463792523134102, 6.463714895896541, 6.46332261168841, 6.463603491922027, 6.463760524120145, 6.463602306773361, 6.463838151357706, 6.463138913645328], "status": "OK"}