{"data": "data/ptb", "recepie_id": 2009859, "recepies_list_path": "data/new_recepies_fix.json", "cuda": true, "batch_size": 20, "model": "CustomRNN", "emsize": 400, "nhid": 600, "nlayers": 3, "dropout": 0.1, "dropouth": 0.25, "dropouti": 0.4, "dropoute": 0.0, "wdrop": 0.1, "tied": true, "bptt": 70, "lr": 0.001, "wdecay": 1.2e-06, "epochs": 50, "alpha": 2, "beta": 1, "log_interval": 200, "clip": 0.25, "eval_batch_size": 50, "recepie": "{\"node_0\": {\"op\": \"linear\", \"input\": [\"h_prev_0\", \"x\"]}, \"node_1\": {\"op\": \"activation_sigm\", \"input\": [\"node_0\"]}, \"node_2\": {\"op\": \"linear\", \"input\": [\"h_prev_0\", \"x\", \"node_1\"]}, \"h_new_0\": {\"op\": \"activation_leaky_relu\", \"input\": [\"node_2\"]}}", "experiment_id": 999968616, "init_time": "2020-05-08_06-31-35", "num_params": 8333200, "wall_times": [157.97802996635437, 156.36545062065125, 158.74245047569275, 158.43745064735413, 149.14548993110657, 149.1324279308319, 147.3037359714508, 148.87333631515503, 149.98489499092102, 148.21069812774658, 147.83079504966736, 148.23234724998474, 148.72460556030273, 149.03080987930298, 149.7564079761505, 147.50755167007446, 148.37929391860962, 147.37593746185303, 149.1244695186615, 148.9018795490265, 147.3561556339264, 149.431321144104, 149.03620409965515, 147.481139421463, 145.02855944633484, 147.66599798202515, 148.25335693359375, 147.16889071464539, 149.68733310699463, 145.38578534126282, 146.7597107887268, 147.9051911830902, 148.59321808815002, 146.61340832710266, 146.55237746238708, 146.95943236351013, 148.87000513076782, 148.79809308052063, 148.3511083126068, 147.40778923034668, 149.0301022529602, 149.81986808776855, 149.16384029388428, 147.89762115478516, 145.26578831672668, 149.1401891708374, 148.57285928726196, 144.53301692008972, 145.18479371070862, 147.57825779914856], "train_losses": [5.6597500974934105, 5.3168619896724225, 5.148781668549298, 5.0355350875423595, 4.958033709187241, 4.893869597520306, 4.846574787531601, 4.792600418213114, 4.759017720267871, 4.723330509386262, 4.695217107740304, 4.664345314937335, 4.639487436797375, 4.624764671077403, 4.597697642676564, 4.583657751062342, 4.55756355561831, 4.542320544887311, 4.538768759076973, 4.516300309961809, 4.495190044914206, 4.485572235893712, 4.473969259319025, 4.466779960733688, 4.4540827046689255, 4.44669001465763, 4.447773788392233, 4.430267837932333, 4.425253230729923, 4.407090460437846, 4.404724984535528, 4.402621732289818, 4.392647568043677, 4.385591902667958, 4.380411304529074, 4.377398674089613, 4.368662928298639, 4.361624912592115, 4.3617791370824595, 4.348671736324028, 4.356025765155183, 4.349040698456243, 4.341044137620354, 4.339303964283793, 4.3307863179764405, 4.327137038755311, 4.332521448550374, 4.321861468586951, 4.3208184571835835, 4.31150111276962], "val_losses": [5.683194518008475, 5.389993710275424, 5.257166313559322, 5.174230998411017, 5.120029793432203, 5.080378707627118, 5.053663268008474, 5.01972954184322, 5.000502184851695, 4.979038003177966, 4.967958156779661, 4.950682600635593, 4.935813691737288, 4.9339767611228815, 4.916120233050847, 4.913173331567797, 4.899557733050847, 4.896091763771186, 4.899200542902542, 4.886737950211864, 4.878604674258475, 4.8745166843220336, 4.873074351165254, 4.869566340042373, 4.865477688029661, 4.8632464909957624, 4.863185579978814, 4.855237685381356, 4.857897907838983, 4.850660090042373, 4.850248940677966, 4.8486722060381355, 4.848339512711864, 4.8417015360169495, 4.84182468220339, 4.843292174258474, 4.837420881885593, 4.8373046875, 4.840145325741525, 4.834156514830508, 4.837156382415254, 4.834941075211864, 4.8282524496822035, 4.831549589512712, 4.82983249470339, 4.829778535487288, 4.827890956038136, 4.823185248940678, 4.827020656779661, 4.825006620762712], "test_losses": [5.646660962151092, 5.342378782994539, 5.208375208586165, 5.125328878754551, 5.072028002692658, 5.030841123710558, 5.000820122876213, 4.967115679990898, 4.94769761168841, 4.926759886510164, 4.913534812556887, 4.897150132262591, 4.882861683669599, 4.878218271199939, 4.86529303985892, 4.860145642919448, 4.846561172633495, 4.842266193871359, 4.846698353591474, 4.832651971613319, 4.824578442619842, 4.820972035232099, 4.817490957315686, 4.81509754958662, 4.811319591929611, 4.808190503166717, 4.808328869273361, 4.802333498464047, 4.800677253204642, 4.79498291015625, 4.794605440306432, 4.794203971196147, 4.792783866808253, 4.787193816842385, 4.787001526471481, 4.788197045187348, 4.78035906449105, 4.779736565154733, 4.784567527400637, 4.779014513330552, 4.781332071545054, 4.78106452423392, 4.775952089180067, 4.777511448536105, 4.774331398380613, 4.772828926160497, 4.777303158658222, 4.771070461828732, 4.772200204793689, 4.770890911805977], "status": "OK"}