{"data": "data/ptb", "recepie_id": 2002659, "recepies_list_path": "data/new_recepies_fix.json", "cuda": true, "batch_size": 20, "model": "CustomRNN", "emsize": 400, "nhid": 600, "nlayers": 3, "dropout": 0.1, "dropouth": 0.25, "dropouti": 0.4, "dropoute": 0.0, "wdrop": 0.1, "tied": true, "bptt": 70, "lr": 0.001, "wdecay": 1.2e-06, "epochs": 50, "alpha": 2, "beta": 1, "log_interval": 200, "clip": 0.25, "eval_batch_size": 50, "recepie": "{\"node_0\": {\"op\": \"linear\", \"input\": [\"x\", \"h_prev_1\"]}, \"node_1\": {\"op\": \"activation_sigm\", \"input\": [\"node_0\"]}, \"node_2\": {\"op\": \"linear\", \"input\": [\"node_1\", \"h_prev_0\"]}, \"node_5\": {\"op\": \"linear\", \"input\": [\"node_1\", \"h_prev_1\"]}, \"h_new_0\": {\"op\": \"activation_tanh\", \"input\": [\"node_2\"]}, \"h_new_1\": {\"op\": \"activation_leaky_relu\", \"input\": [\"node_5\"]}}", "experiment_id": 999972103, "init_time": "2020-05-14_06-47-32", "num_params": 9254800, "wall_times": [154.37162566184998, 153.5276162624359, 153.24265599250793, 151.38942766189575, 150.5064754486084, 150.73911213874817, 150.35869908332825, 151.00267004966736, 152.40113234519958, 153.049418926239, 150.87438654899597, 150.70602560043335, 151.24726009368896, 152.6033592224121, 151.89083886146545, 152.8081476688385, 151.8263771533966, 150.49723529815674, 149.62452340126038, 153.2739381790161, 150.34276151657104, 150.996657371521, 151.9413230419159, 150.48741507530212, 152.4473397731781, 151.99580645561218, 153.34067487716675, 149.80016708374023, 151.4212770462036, 151.8492076396942, 150.4122531414032, 151.20767736434937, 152.60381364822388, 152.39623355865479, 150.9713954925537, 151.35464477539062, 150.4503104686737, 150.5213270187378, 150.97020721435547, 152.14012503623962, 150.59827065467834, 151.1106116771698, 150.13945031166077, 150.4736430644989, 152.45315742492676, 149.1814591884613, 152.96051478385925, 154.19475173950195, 151.90464782714844, 149.0494191646576], "train_losses": [5.939970533457049, 5.604458306438599, 5.4093176805981384, 5.281584923484481, 5.189187224328976, 5.108280720509924, 5.0396920048679466, 4.979561683072454, 4.930580489215211, 4.9008181041902, 4.847507698617611, 4.817519229734818, 4.781753015572051, 4.7609722110160835, 4.7267625295842075, 4.703802411112904, 4.6755532751062345, 4.65446654295089, 4.630630664703351, 4.619030629740197, 4.592674210639557, 4.5796428715507504, 4.5661803762573285, 4.546936773842182, 4.5261404207681135, 4.510161166693561, 4.500696741702974, 4.485531053332258, 4.473243101500726, 4.462920566403098, 4.440510109058146, 4.43834676389113, 4.430650667661772, 4.416418310607283, 4.40315542466785, 4.395252575170781, 4.388579739524501, 4.378592127911355, 4.366077671991824, 4.355913143456511, 4.349492445941585, 4.34629071190361, 4.330246322145124, 4.320661291081707, 4.320025902990694, 4.315690808052284, 4.311852005002421, 4.301200849873595, 4.296661943279006, 4.292004111532462], "val_losses": [5.9559739141949155, 5.655252913135593, 5.489479939088983, 5.386615466101695, 5.319806011652543, 5.255631951800847, 5.205623675847457, 5.16589545815678, 5.133284229343221, 5.114033699682204, 5.078785421080508, 5.058154131355932, 5.04236626059322, 5.028575873940678, 5.005889499470339, 4.997654263771186, 4.97779594809322, 4.968103482521187, 4.956826999470339, 4.946724708686441, 4.935321438029661, 4.9256829316737285, 4.924594478283899, 4.913654329978813, 4.901653204449152, 4.896936242055085, 4.893307402012712, 4.8878939353813555, 4.883975436970339, 4.877803561970339, 4.8690085407838986, 4.8666085143008475, 4.863941671080508, 4.863910222457627, 4.850643538135593, 4.848637447033898, 4.8453300450211865, 4.844592492055085, 4.836985897775424, 4.835070511122882, 4.8275139036016945, 4.827441075211865, 4.825176112288136, 4.820930879237288, 4.814155852754237, 4.815672007415254, 4.818837394067796, 4.814763969809322, 4.808178628177966, 4.804441538665254], "test_losses": [5.908239272034284, 5.608730871700546, 5.441490395555219, 5.335760912848908, 5.268591427108617, 5.208178473907767, 5.159314794447815, 5.118391018469357, 5.083533425932949, 5.065451612750303, 5.030482023665049, 5.011214469243022, 4.994146550743325, 4.982011813561893, 4.960459885087985, 4.954279334799757, 4.934002922576608, 4.923450062575849, 4.911953824237712, 4.903135133021086, 4.891254610228307, 4.883272041394872, 4.882995012894417, 4.869146254456159, 4.860366080571147, 4.854797066994084, 4.850973481113471, 4.845058996700546, 4.840657650845722, 4.834629984735285, 4.823883649214958, 4.823385294201304, 4.819807922955856, 4.820211762363471, 4.809148103288076, 4.805648359280188, 4.803903524158071, 4.800350152173088, 4.793870648134102, 4.791849673373028, 4.784391236536711, 4.787140188865291, 4.783140312120753, 4.77905510467233, 4.771956064168689, 4.774717756845419, 4.776045715924606, 4.774075998843295, 4.767881819345419, 4.764298818643811], "status": "OK"}