{"data": "data/ptb", "recepie_id": 1001478, "recepies_list_path": "data/models_recepies.json", "cuda": true, "batch_size": 20, "model": "CustomRNN", "emsize": 400, "nhid": 600, "nlayers": 3, "dropout": 0.1, "dropouth": 0.25, "dropouti": 0.4, "dropoute": 0.0, "wdrop": 0.1, "tied": true, "bptt": 70, "lr": 0.001, "wdecay": 1.2e-06, "epochs": 50, "alpha": 2, "beta": 1, "log_interval": 200, "clip": 0.25, "eval_batch_size": 50, "recepie": "{\"node_0\": {\"op\": \"linear\", \"input\": [\"x\", \"h_prev_0\"]}, \"node_1\": {\"op\": \"activation_sigm\", \"input\": [\"node_0\"]}, \"node_3\": {\"op\": \"linear\", \"input\": [\"h_prev_0\", \"node_1\"]}, \"node_4\": {\"op\": \"activation_sigm\", \"input\": [\"node_3\"]}, \"node_5\": {\"op\": \"linear\", \"input\": [\"x\", \"node_4\", \"node_1\"]}, \"node_6\": {\"op\": \"activation_sigm\", \"input\": [\"node_5\"]}, \"node_8\": {\"op\": \"linear\", \"input\": [\"h_prev_0\", \"x\"]}, \"node_9\": {\"op\": \"activation_sigm\", \"input\": [\"node_8\"]}, \"node_12\": {\"op\": \"linear\", \"input\": [\"node_9\", \"node_6\"]}, \"h_new_0\": {\"op\": \"activation_leaky_relu\", \"input\": [\"node_12\"]}}", "experiment_id": 999906587, "init_time": "2020-04-17_04-17-50", "num_params": 13578000, "wall_times": [311.5105197429657, 251.3588671684265, 251.011399269104, 247.96316242218018, 247.65612292289734, 246.40602564811707, 246.67644715309143, 246.99599814414978, 246.35098814964294, 245.05726766586304, 245.97861552238464, 249.8421607017517, 246.3699266910553, 246.11741042137146, 245.59880709648132, 240.20857882499695, 245.08666896820068, 246.69057703018188, 245.11162447929382, 245.88945412635803, 245.61079740524292, 246.0670771598816, 246.3921570777893, 245.70789122581482, 245.92461156845093, 247.84949922561646, 247.178701877594, 247.3370006084442, 245.06835460662842, 244.9727897644043, 244.16822266578674, 246.59969758987427, 244.7410068511963, 247.03459763526917, 246.47846007347107, 246.64961695671082, 245.79045367240906, 247.60267734527588, 246.77458500862122, 246.09460186958313, 245.10201358795166, 245.47005939483643, 245.36446714401245, 247.04671621322632, 245.420551776886, 246.6118140220642, 245.68007636070251, 246.16514658927917, 244.70815539360046, 246.0467541217804], "train_losses": [5.924123651901458, 5.711923780323812, 5.573428507073315, 5.475811128368566, 5.395263080926255, 5.329277691490506, 5.277295633639933, 5.226885657038352, 5.194968331450702, 5.154887193400032, 5.125447545183153, 5.101641923511377, 5.079376865822172, 5.0568416001022, 5.036099456726373, 5.02001934739928, 5.007567085552149, 4.987600687160454, 4.975011430261954, 4.963680342638911, 4.949167271798182, 4.9354959220859556, 4.924564893631327, 4.916325019498682, 4.904934259184552, 4.894793263541499, 4.886139042412996, 4.8741385280512075, 4.869141150287773, 4.858589589720832, 4.850670771475445, 4.842428796191705, 4.834195645742564, 4.8297483493357, 4.822213621510408, 4.815052478349739, 4.809813047980206, 4.805360288580496, 4.80164377252434, 4.796677071566887, 4.790406816470335, 4.782583810714862, 4.778477741245764, 4.775723552390942, 4.774149369990856, 4.767631599295358, 4.763409126055619, 4.759105128153408, 4.761260488946264, 4.752216294174601], "val_losses": [5.942760858050847, 5.751615466101695, 5.633121689618644, 5.5561129502118645, 5.493526218220339, 5.442701271186441, 5.406233779131356, 5.373546080508475, 5.352195444915254, 5.3254773569915255, 5.313258408368644, 5.299770590572034, 5.286477423199153, 5.274743776483051, 5.261737619173728, 5.2544263109110165, 5.250034096927966, 5.239009864936441, 5.231154661016949, 5.226984242584746, 5.223033633474576, 5.216252979343221, 5.2094041313559325, 5.2053287208686445, 5.200396583686441, 5.194580574682203, 5.196311242055085, 5.187932997881356, 5.182174258474577, 5.1831494968220335, 5.180067862817797, 5.176388704978813, 5.174323689088983, 5.173212063029661, 5.169728548728814, 5.169296543961864, 5.165502184851695, 5.166188757944915, 5.162580111228814, 5.168234904661017, 5.1594349179025425, 5.159950675317797, 5.159591167902542, 5.1583428230932205, 5.1572215969279664, 5.156280455508474, 5.155947762182203, 5.153732786016949, 5.157093816207627, 5.153115399894068], "test_losses": [5.883143749051881, 5.693681142862561, 5.57372572815534, 5.494512169106493, 5.433698635656857, 5.382208666755158, 5.34491203826608, 5.310716351259102, 5.290995477472694, 5.264396593408677, 5.247953840829794, 5.233034004285497, 5.21906228667324, 5.205736475083435, 5.193799065154733, 5.185832495828277, 5.180987608085558, 5.169081012022148, 5.163157046419903, 5.157221229331007, 5.151953243514867, 5.142835894834648, 5.136707491087682, 5.136064547936893, 5.128173828125, 5.122363636794599, 5.122662294258192, 5.113989376327367, 5.110627109564624, 5.109420628223605, 5.105731260429308, 5.103184968522451, 5.098475187727549, 5.098770289745145, 5.095377801691444, 5.094519161483617, 5.089156956348605, 5.090381807493932, 5.088079656212075, 5.093183498938107, 5.082895223376821, 5.083561276926578, 5.083072403102245, 5.083290470456614, 5.08104994690534, 5.079697692278519, 5.079971461620145, 5.078286180218447, 5.082116580703883, 5.077965004930219], "status": "OK"}