{"data": "data/ptb", "recepie_id": 2009708, "recepies_list_path": "data/new_recepies_fix.json", "cuda": true, "batch_size": 20, "model": "CustomRNN", "emsize": 400, "nhid": 600, "nlayers": 3, "dropout": 0.1, "dropouth": 0.25, "dropouti": 0.4, "dropoute": 0.0, "wdrop": 0.1, "tied": true, "bptt": 70, "lr": 0.001, "wdecay": 1.2e-06, "epochs": 50, "alpha": 2, "beta": 1, "log_interval": 200, "clip": 0.25, "eval_batch_size": 50, "recepie": "{\"node_0\": {\"op\": \"linear\", \"input\": [\"x\", \"h_prev_0\"]}, \"node_1\": {\"op\": \"activation_leaky_relu\", \"input\": [\"node_0\"]}, \"node_4\": {\"op\": \"linear\", \"input\": [\"h_prev_0\", \"node_1\"]}, \"node_5\": {\"op\": \"activation_tanh\", \"input\": [\"node_4\"]}, \"node_16\": {\"op\": \"linear\", \"input\": [\"x\", \"node_5\"]}, \"node_17\": {\"op\": \"activation_leaky_relu\", \"input\": [\"node_16\"]}, \"node_19\": {\"op\": \"linear\", \"input\": [\"node_1\", \"node_17\"]}, \"node_20\": {\"op\": \"activation_sigm\", \"input\": [\"node_19\"]}, \"h_new_0\": {\"op\": \"linear\", \"input\": [\"node_5\", \"node_20\"]}}", "experiment_id": 999936747, "init_time": "2020-05-13_21-28-41", "num_params": 12738000, "wall_times": [234.0755796432495, 233.84844946861267, 235.61389589309692, 227.7509412765503, 229.80418968200684, 225.8499400615692, 230.84023904800415, 229.51551699638367, 228.76886630058289, 229.51453304290771, 227.55248594284058, 228.97776985168457, 227.29512977600098, 229.12213039398193, 227.67935872077942, 228.18871927261353, 229.1791799068451, 231.56429171562195, 228.64457631111145, 228.17478132247925, 227.7269492149353, 227.9607653617859, 228.69385647773743, 225.62249374389648, 230.91095328330994, 226.6343457698822, 226.69420909881592, 228.62998938560486, 229.34816980361938, 227.46041917800903, 227.93849515914917, 229.29366302490234, 227.2515184879303, 229.79279351234436, 226.2043993473053, 229.5461506843567, 230.911456823349, 228.2905135154724, 228.99504399299622, 229.2990198135376, 228.08552742004395, 226.45892310142517, 229.55244135856628, 228.7214879989624, 228.39044094085693, 229.3092119693756, 229.93876147270203, 229.82994771003723, 227.85537266731262, 229.34420680999756], "train_losses": [5.821895087004465, 5.52584121685224, 5.3531845886450435, 5.214300602442042, 5.11906466838793, 5.046520745925448, 4.974243249421764, 4.924640955300952, 4.876961214431715, 4.836602304206337, 4.800484357350331, 4.765841838792964, 4.735816389650906, 4.710214283793233, 4.6860611317304075, 4.670167604620516, 4.637468650825668, 4.61975510663762, 4.610065018019472, 4.585884971222635, 4.577018113603357, 4.551695040611048, 4.536528511779894, 4.518346831127965, 4.505668485423054, 4.495628345032543, 4.483224409660589, 4.4747903891668015, 4.460807228632134, 4.451917258350815, 4.442243138480985, 4.430715803345705, 4.4265227462212895, 4.417881972459792, 4.4041791054811466, 4.390631723683502, 4.3894424721639504, 4.3796233728685925, 4.370101376338013, 4.361319825453176, 4.362535551476521, 4.347592164891614, 4.346175989053843, 4.3363451233123556, 4.32725470321661, 4.331247730756818, 4.314944058953257, 4.309765561965468, 4.306180577967834, 4.2994543730837504], "val_losses": [5.841879634533898, 5.579976165254237, 5.434906647245763, 5.320007282838983, 5.243311705508474, 5.196374470338983, 5.140526350635593, 5.106782640360169, 5.077610566737288, 5.04954780190678, 5.030556144067797, 5.008197166313559, 4.997698953919492, 4.9751883606991525, 4.96796279131356, 4.958698358050848, 4.938034957627119, 4.93067233845339, 4.925882878707627, 4.915721001059322, 4.910227423199153, 4.898648702330508, 4.891657507944915, 4.886050715042373, 4.877739340572034, 4.868295815677966, 4.87333454713983, 4.858325940148305, 4.857919425317797, 4.857273569915254, 4.85140625, 4.841240730932204, 4.842963784427966, 4.843300450211864, 4.836530389300847, 4.832514896716102, 4.826044094279661, 4.82408434851695, 4.824562367584746, 4.819925847457627, 4.820790850105932, 4.814684189618644, 4.81350436970339, 4.811513506355932, 4.809076403601695, 4.809245895127119, 4.802967756885593, 4.80045451536017, 4.802495034427966, 4.801153667902542], "test_losses": [5.791699455779733, 5.525358625986044, 5.377693842915655, 5.267587013614988, 5.191601799529733, 5.141897257091929, 5.086349931735437, 5.050004385050061, 5.020897133836469, 4.993155173885012, 4.968996807209496, 4.949014608142446, 4.939006323953277, 4.914475524309769, 4.907993649973453, 4.895448851353914, 4.878224789517597, 4.87019570359906, 4.867543044599515, 4.856180135486196, 4.849948327518204, 4.838062175269266, 4.829079637249697, 4.823838317278519, 4.816466988869084, 4.806877062158677, 4.813186793651395, 4.798148442240595, 4.798467543518659, 4.79669426482858, 4.790827482649424, 4.780021593408677, 4.781925831026244, 4.779643530984527, 4.775024710349666, 4.771049721727094, 4.766154761453277, 4.763109225671268, 4.766598303341171, 4.760840851126365, 4.760519972125303, 4.752058306944023, 4.753125829604065, 4.747629702669903, 4.748513527286863, 4.747003647887591, 4.741162346404733, 4.737539346935679, 4.741772994254399, 4.738603314149727], "status": "OK"}