{"data": "data/ptb", "recepie_id": 2001928, "recepies_list_path": "data/new_recepies_fix.json", "cuda": true, "batch_size": 20, "model": "CustomRNN", "emsize": 400, "nhid": 600, "nlayers": 3, "dropout": 0.1, "dropouth": 0.25, "dropouti": 0.4, "dropoute": 0.0, "wdrop": 0.1, "tied": true, "bptt": 70, "lr": 0.001, "wdecay": 1.2e-06, "epochs": 50, "alpha": 2, "beta": 1, "log_interval": 200, "clip": 0.25, "eval_batch_size": 50, "recepie": "{\"node_0\": {\"op\": \"linear\", \"input\": [\"h_prev_2\", \"x\", \"h_prev_0\"]}, \"node_4\": {\"op\": \"linear\", \"input\": [\"h_prev_2\", \"h_prev_1\", \"x\"]}, \"node_5\": {\"op\": \"activation_leaky_relu\", \"input\": [\"node_4\"]}, \"node_6\": {\"op\": \"linear\", \"input\": [\"h_prev_1\", \"x\", \"h_new_0\"]}, \"node_7\": {\"op\": \"activation_tanh\", \"input\": [\"node_6\"]}, \"node_8\": {\"op\": \"linear\", \"input\": [\"node_7\", \"h_prev_1\"]}, \"node_9\": {\"op\": \"activation_tanh\", \"input\": [\"node_8\"]}, \"node_12\": {\"op\": \"linear\", \"input\": [\"node_9\", \"node_5\"]}, \"node_16\": {\"op\": \"linear\", \"input\": [\"h_new_2\", \"node_7\"]}, \"h_new_0\": {\"op\": \"activation_tanh\", \"input\": [\"node_0\"]}, \"h_new_1\": {\"op\": \"activation_tanh\", \"input\": [\"node_16\"]}, \"h_new_2\": {\"op\": \"activation_leaky_relu\", \"input\": [\"node_12\"]}}", "experiment_id": 999930144, "init_time": "2020-05-15_08-33-44", "num_params": 17099600, "wall_times": [417.7445433139801, 358.15952491760254, 357.2746970653534, 351.7324573993683, 351.6797342300415, 353.56928515434265, 346.1058280467987, 351.4413752555847, 356.84739351272583, 355.4584422111511, 358.0523760318756, 350.8642489910126, 355.85688066482544, 354.3494062423706, 355.35599184036255, 353.7082259654999, 353.02591824531555, 355.08861923217773, 353.57948327064514, 360.5266306400299, 354.6067683696747, 351.84857058525085, 350.2214665412903, 353.20509791374207, 350.3850486278534, 346.0556740760803, 344.21501445770264, 342.8559663295746, 343.65051674842834, 341.70936608314514, 343.03473567962646, 341.54512643814087, 341.7129623889923, 342.0330035686493, 343.5547785758972, 344.7492904663086, 348.8144865036011, 334.9477729797363, 337.8029525279999, 337.8341336250305, 337.4237551689148, 338.40391063690186, 332.84467029571533, 342.6278192996979, 340.24171686172485, 333.3289053440094, 331.9888741970062, 332.5745973587036, 331.4155695438385, 332.53125500679016], "train_losses": [5.520441678769297, 5.2509203041794414, 5.093500803480179, 4.995973354042278, 4.896342652358668, 4.839851104028831, 4.779148848905384, 4.726682265612393, 4.69213219770319, 4.647837831477597, 4.610055352724436, 4.5899880990802, 4.559215480608897, 4.5436283013286, 4.521832220563714, 4.512062708434189, 4.483195413775483, 4.471376859098489, 4.46562810970362, 4.446979973508687, 4.43318423565166, 4.416067418374483, 4.411444885966328, 4.397794547765048, 4.378432020197946, 4.377075517051261, 4.36053777701576, 4.352314712091872, 4.347125709348609, 4.34305914152009, 4.325302313619494, 4.325477129390565, 4.308860386073906, 4.312697928433113, 4.303994960599215, 4.312776091253832, 4.293278669786456, 4.28466857283094, 4.274803668441719, 4.271804905599484, 4.276457274353182, 4.269756283282233, 4.261924872922382, 4.256661909660589, 4.251710757221236, 4.246575543945996, 4.2440091979990315, 4.236214767898446, 4.228723323785703, 4.220926372303803], "val_losses": [5.5687056408898306, 5.352093154131356, 5.231920352224576, 5.163919491525424, 5.096555879237288, 5.06742485434322, 5.033055150953389, 5.0078595074152545, 4.993840042372882, 4.967471530720339, 4.9518885725635595, 4.950925582627119, 4.934268405720339, 4.93541843220339, 4.927048132944916, 4.923992981991526, 4.912340439618644, 4.911117253707627, 4.915375728283898, 4.902583752648305, 4.900060579978813, 4.893608315677966, 4.899619306144068, 4.8960745497881355, 4.886111295021187, 4.888547735699152, 4.884971530720339, 4.883211069915254, 4.881887910487288, 4.8815860037076275, 4.876263572563559, 4.8740750794491525, 4.865463453389831, 4.874962592690678, 4.866389036016949, 4.886837261652542, 4.8700364141949155, 4.8629204184322035, 4.859384931144068, 4.866087791313559, 4.872296742584746, 4.868739406779661, 4.867909494173729, 4.866912407309322, 4.856423463983051, 4.864895060911017, 4.859376324152542, 4.857106395656779, 4.854911612817797, 4.850415783898305], "test_losses": [5.53430412810983, 5.316569207941444, 5.199609256485133, 5.133718546154429, 5.065051625075849, 5.037929497876213, 5.003393080628034, 4.977911791755158, 4.964700643298696, 4.938001910459648, 4.922102548543689, 4.921652784625303, 4.903187279562348, 4.905734164043538, 4.898004031875758, 4.897390717441596, 4.881241585444478, 4.879757779315837, 4.885049468105279, 4.872105866959951, 4.86960905500986, 4.864690095475576, 4.8717286933973, 4.867920218162166, 4.853803023551274, 4.859074861100576, 4.856370351846936, 4.851002813542931, 4.851478947019114, 4.850556901357706, 4.846592282785953, 4.847037009822512, 4.836248008950243, 4.844582863224363, 4.842038052753337, 4.854080940913228, 4.837743666565534, 4.835496920983768, 4.832123395308708, 4.837682038834951, 4.838783041944781, 4.840941197663835, 4.837830774992415, 4.838980665484678, 4.831876884386378, 4.83672621643659, 4.832313315382281, 4.82934807342233, 4.828818015681887, 4.82505102065003], "status": "OK"}