{"data": "data/ptb", "recepie_id": 2005564, "recepies_list_path": "data/new_recepies_fix.json", "cuda": true, "batch_size": 20, "model": "CustomRNN", "emsize": 400, "nhid": 600, "nlayers": 3, "dropout": 0.1, "dropouth": 0.25, "dropouti": 0.4, "dropoute": 0.0, "wdrop": 0.1, "tied": true, "bptt": 70, "lr": 0.001, "wdecay": 1.2e-06, "epochs": 50, "alpha": 2, "beta": 1, "log_interval": 200, "clip": 0.25, "eval_batch_size": 50, "recepie": "{\"node_1\": {\"op\": \"linear\", \"input\": [\"h_prev_1\", \"h_prev_0\", \"x\"]}, \"node_2\": {\"op\": \"activation_sigm\", \"input\": [\"node_1\"]}, \"h_new_0\": {\"op\": \"activation_sigm\", \"input\": [\"h_new_1\"]}, \"h_new_1\": {\"op\": \"linear\", \"input\": [\"node_2\", \"x\"]}}", "experiment_id": 999967950, "init_time": "2020-05-19_14-11-50", "num_params": 8333200, "wall_times": [126.16781044006348, 125.56841349601746, 123.48376321792603, 123.56078219413757, 123.44912195205688, 123.57144856452942, 123.4818503856659, 123.59283494949341, 123.35175013542175, 123.53581357002258, 123.45229196548462, 123.53886437416077, 123.49892950057983, 123.49753403663635, 123.5631513595581, 123.40705513954163, 123.51832365989685, 123.44230318069458, 123.54741430282593, 123.43382000923157, 123.45219898223877, 123.445228099823, 123.45081734657288, 123.3172595500946, 123.45163178443909, 123.47273349761963, 123.33724284172058, 123.51889395713806, 123.32035207748413, 123.50442433357239, 123.29302597045898, 123.43573021888733, 123.3870210647583, 123.43165445327759, 123.20715951919556, 123.26874494552612, 123.39290046691895, 123.31150484085083, 121.54374814033508, 119.74719381332397, 119.81822395324707, 119.5278000831604, 119.6671462059021, 119.81690526008606, 119.61086130142212, 119.7546112537384, 119.70990872383118, 119.89268064498901, 119.07133054733276, 119.16974878311157], "train_losses": [5.988739931283955, 5.72563000914421, 5.550122959362057, 5.438487961244689, 5.350990146441827, 5.281438263138077, 5.221112534290786, 5.172501143026196, 5.128068100828358, 5.0945202819912865, 5.0639418098811255, 5.039367166908719, 5.013128832499596, 4.989798491205422, 4.977952621564198, 4.958290890081222, 4.9343625611855195, 4.914203277123339, 4.907077853531279, 4.88975470321661, 4.8706754108170625, 4.856488438626217, 4.84800357027594, 4.833705657307299, 4.820377635683933, 4.811055668737561, 4.799775008740789, 4.792909707654242, 4.783090608358883, 4.77755449545479, 4.772423904711958, 4.760928086843096, 4.760116202060137, 4.756286223844871, 4.747034855575278, 4.739093765128288, 4.738557131138723, 4.727656779490076, 4.724980333225754, 4.715904621187671, 4.716020604728095, 4.710074347130332, 4.702042486956054, 4.70167310459362, 4.694395557662309, 4.6887392589156045, 4.6840738630251195, 4.678376801947179, 4.666354855844226, 4.656803022968103], "val_losses": [6.000873940677966, 5.761035487288136, 5.606831965042373, 5.515537605932203, 5.4470739539194915, 5.395805746822034, 5.352560911016949, 5.3219491525423726, 5.29558362023305, 5.275356528072034, 5.25461235434322, 5.240694186970339, 5.2269431938559325, 5.212518869173729, 5.207936970338983, 5.196987884004237, 5.18461235434322, 5.173262711864407, 5.170785884533898, 5.161958752648305, 5.153434189618644, 5.146967028601695, 5.143897311970339, 5.138784096927966, 5.134882481461864, 5.128595405190678, 5.126161281779661, 5.1258858580508475, 5.121481064618644, 5.119468683792373, 5.1210497219279665, 5.115931872351695, 5.1192780058262715, 5.120140029131356, 5.11443657309322, 5.113053495762712, 5.114616988877119, 5.110422404661017, 5.109800384004237, 5.107488413665254, 5.10724841101695, 5.108723847987288, 5.105796477754238, 5.10876655190678, 5.103358381885593, 5.1062390757415255, 5.10267346398305, 5.098573887711864, 5.091466167902542, 5.086047404661017], "test_losses": [5.952523537052488, 5.710488921230279, 5.554028557342233, 5.462819516080097, 5.39441392028216, 5.342124568605886, 5.298507542286105, 5.263870979975728, 5.235534075394417, 5.212996103231189, 5.192993756636833, 5.17828606170358, 5.163190823156857, 5.148826821336469, 5.14580587738926, 5.132529249469053, 5.119701200318568, 5.108362290465716, 5.106351685755461, 5.098443188713592, 5.087867514601031, 5.082854928322209, 5.079697099704187, 5.074912654543386, 5.069290309276395, 5.064463198763653, 5.060537393810679, 5.060644649764867, 5.056376929422027, 5.056097234337075, 5.056628180939017, 5.052030396692961, 5.052948294334041, 5.054483061855279, 5.048341621472997, 5.047261358464806, 5.047886524385619, 5.044899357175364, 5.04241706329642, 5.040122022906553, 5.042101221177185, 5.041387761680825, 5.039982175364078, 5.042726387097997, 5.039389601031553, 5.040972367073726, 5.038459851903823, 5.036378138273665, 5.030118775599211, 5.023457054952973], "status": "OK"}