{"data": "data/ptb", "recepie_id": 2007976, "recepies_list_path": "data/new_recepies_fix.json", "cuda": true, "batch_size": 20, "model": "CustomRNN", "emsize": 400, "nhid": 600, "nlayers": 3, "dropout": 0.1, "dropouth": 0.25, "dropouti": 0.4, "dropoute": 0.0, "wdrop": 0.1, "tied": true, "bptt": 70, "lr": 0.001, "wdecay": 1.2e-06, "epochs": 50, "alpha": 2, "beta": 1, "log_interval": 200, "clip": 0.25, "eval_batch_size": 50, "recepie": "{\"node_0\": {\"op\": \"linear\", \"input\": [\"x\", \"h_prev_0\"]}, \"node_1\": {\"op\": \"activation_leaky_relu\", \"input\": [\"node_0\"]}, \"node_3\": {\"op\": \"linear\", \"input\": [\"node_1\", \"x\"]}, \"node_4\": {\"op\": \"activation_sigm\", \"input\": [\"node_3\"]}, \"node_6\": {\"op\": \"linear\", \"input\": [\"node_1\", \"h_prev_0\"]}, \"h_new_0\": {\"op\": \"blend\", \"input\": [\"node_1\", \"node_6\", \"node_4\"]}}", "experiment_id": 999942801, "init_time": "2020-05-12_00-01-26", "num_params": 9214800, "wall_times": [166.31882572174072, 166.04545664787292, 163.8201665878296, 162.2238245010376], "train_losses": [5.6985747471895, 5.353895618175462, 5.167539064601151, NaN], "val_losses": [5.71599377648305, 5.416520127118644, 5.263617584745763, NaN], "test_losses": [5.680761244690534, 5.374090398399575, 5.219705229824029, NaN], "status": "loss is nan!"}