{"data": "data/ptb", "recepie_id": 2004456, "recepies_list_path": "data/new_recepies_fix.json", "cuda": true, "batch_size": 20, "model": "CustomRNN", "emsize": 400, "nhid": 600, "nlayers": 3, "dropout": 0.1, "dropouth": 0.25, "dropouti": 0.4, "dropoute": 0.0, "wdrop": 0.1, "tied": true, "bptt": 70, "lr": 0.001, "wdecay": 1.2e-06, "epochs": 50, "alpha": 2, "beta": 1, "log_interval": 200, "clip": 0.25, "eval_batch_size": 50, "recepie": "{\"node_0\": {\"op\": \"linear\", \"input\": [\"x\", \"h_prev_0\", \"h_prev_2\"]}, \"node_6\": {\"op\": \"linear\", \"input\": [\"h_new_0\", \"h_prev_0\"]}, \"node_10\": {\"op\": \"linear\", \"input\": [\"h_new_0\", \"x\", \"h_new_1\"]}, \"node_11\": {\"op\": \"activation_tanh\", \"input\": [\"node_10\"]}, \"node_15\": {\"op\": \"linear\", \"input\": [\"h_prev_2\", \"h_prev_1\"]}, \"node_16\": {\"op\": \"activation_tanh\", \"input\": [\"node_15\"]}, \"h_new_0\": {\"op\": \"activation_tanh\", \"input\": [\"node_0\"]}, \"h_new_1\": {\"op\": \"activation_leaky_relu\", \"input\": [\"node_6\"]}, \"h_new_2\": {\"op\": \"elementwise_sum\", \"input\": [\"node_11\", \"node_16\"]}}", "experiment_id": 999993012, "init_time": "2020-05-08_06-35-00", "num_params": 12736400, "wall_times": [296.4941773414612, 296.84750604629517, 284.9260663986206, 284.7154948711395, 285.1014096736908, 282.45500111579895, 282.1321773529053, 284.6914498806, 283.42863392829895, 282.1391625404358, 283.80195808410645, 286.41355061531067, 281.66738963127136, 284.31355810165405, 281.9014558792114, 285.06541991233826, 282.33972215652466, 281.6703600883484, 285.7318878173828, 285.4886176586151, 282.9908916950226, 285.48571729660034, 284.40504455566406, 284.14211559295654, 284.34192419052124, 286.4132215976715, 283.9731957912445, 282.05285692214966, 284.00288105010986, 283.5424587726593, 283.6946511268616, 283.3939323425293, 283.6494097709656, 279.3075428009033, 283.00220251083374, 282.7869703769684, 282.05389881134033, 281.8969917297363, 284.21177196502686, 284.41233253479004, 281.0425343513489, 282.7424547672272, 282.55486845970154, 281.8379490375519, 281.6903715133667, 281.97670578956604, 282.57035183906555, 280.2579939365387, 278.99866247177124, 279.95673418045044], "train_losses": [5.702650139852617, 5.3972549721639504, 5.229244409257167, 5.119020544214942, 5.024606580469044, 4.95758154147168, 4.89594763595288, 4.844134510650314, 4.811792752541552, 4.773946819025335, 4.746006972459792, 4.7115174177021135, 4.683030851621752, 4.65573101567963, 4.624928140632564, 4.610497014684524, 4.585596273062235, 4.579987460330267, 4.570767189096875, 4.535575009413157, 4.530250692539401, 4.513857511699209, 4.489707721478134, 4.488364665698456, 4.47640617435856, 4.476291871739013, 4.454442001506105, 4.438152197299769, 4.436745266526814, 4.418415664837824, 4.410157720805766, 4.397671840541122, 4.383061276289602, 4.38168082002044, 4.363916848206121, 4.36654370730461, 4.345461177451455, 4.350992247592921, 4.3257876795223495, 4.3363228511107526, 4.328417060002152, 4.325040510193104, 4.317660847318595, 4.3078472110160835, 4.3067634372814805, 4.315819398499274, 4.288372902210747, 4.277099806357915, 4.286607094830832, 4.286141479748265], "val_losses": [5.742998543432203, 5.479820246292373, 5.345747484110169, 5.27006686970339, 5.204983448093221, 5.162372550317796, 5.124785818326271, 5.092432137182203, 5.076130826271187, 5.059927833686441, 5.046879634533898, 5.028931739936441, 5.016759136652542, 5.005325079449152, 4.988706965042373, 4.993014764300847, 4.981785619703389, 4.981725370762712, 4.982119306144067, 4.961229144597458, 4.963775158898305, 4.955745828919492, 4.940438956567797, 4.942881686970339, 4.940585275423729, 4.948086268538136, 4.939453787076271, 4.92500827595339, 4.929708355402543, 4.92349311440678, 4.921427105402542, 4.913749668961865, 4.909031051377118, 4.904903667902542, 4.895317134533898, 4.906943193855932, 4.885244968220339, 4.89410983845339, 4.882877052436441, 4.886363215042373, 4.890278403072034, 4.889458090572034, 4.88264797404661, 4.8780472060381355, 4.882420881885594, 4.892514565677966, 4.874043299788136, 4.8689267743644065, 4.874967558262711, 4.878294822563559], "test_losses": [5.712344271465413, 5.444416527609223, 5.320093840071299, 5.234848466891687, 5.171029396427488, 5.127612067657767, 5.097360555408071, 5.059887339767901, 5.04296400940534, 5.031117263349515, 5.022244647868629, 5.002366149309769, 4.991725884594963, 4.980306384632889, 4.96272974106872, 4.968190609830097, 4.950759443264563, 4.95782233673392, 4.949314154467537, 4.934127659473605, 4.939783781477549, 4.928899079850576, 4.912585212189017, 4.920295789403823, 4.91802267426426, 4.925192823687803, 4.913253043461772, 4.903184612977852, 4.909434790750152, 4.898837191387288, 4.900859647584193, 4.891388828314624, 4.883669658771996, 4.884205049681432, 4.875146958434466, 4.883648029808859, 4.862876818018052, 4.872509706367567, 4.858482286768052, 4.866952544277154, 4.86675551331159, 4.868226875379247, 4.860870065040959, 4.857976820862409, 4.861502934428095, 4.870541174434921, 4.851782345077367, 4.845128624184618, 4.852060855013653, 4.854021090905643], "status": "OK"}