{"data": "data/ptb", "recepie_id": 1013460, "recepies_list_path": "data/models_recepies.json", "cuda": true, "batch_size": 20, "model": "CustomRNN", "emsize": 400, "nhid": 600, "nlayers": 3, "dropout": 0.1, "dropouth": 0.25, "dropouti": 0.4, "dropoute": 0.0, "wdrop": 0.1, "tied": true, "bptt": 70, "lr": 0.001, "wdecay": 1.2e-06, "epochs": 50, "alpha": 2, "beta": 1, "log_interval": 200, "clip": 0.25, "eval_batch_size": 50, "recepie": "{\"node_0\": {\"op\": \"linear\", \"input\": [\"h_prev_0\", \"h_prev_2\"]}, \"node_1\": {\"op\": \"activation_leaky_relu\", \"input\": [\"node_0\"]}, \"node_2\": {\"op\": \"linear\", \"input\": [\"h_prev_0\", \"x\"]}, \"node_3\": {\"op\": \"activation_tanh\", \"input\": [\"node_2\"]}, \"node_6\": {\"op\": \"linear\", \"input\": [\"h_prev_1\", \"h_prev_0\", \"node_1\"]}, \"node_7\": {\"op\": \"activation_tanh\", \"input\": [\"node_6\"]}, \"node_8\": {\"op\": \"linear\", \"input\": [\"h_prev_1\", \"node_3\"]}, \"node_9\": {\"op\": \"activation_tanh\", \"input\": [\"node_8\"]}, \"node_10\": {\"op\": \"linear\", \"input\": [\"node_9\", \"node_7\", \"x\"]}, \"node_12\": {\"op\": \"linear\", \"input\": [\"x\", \"h_prev_1\", \"h_prev_2\"]}, \"node_15\": {\"op\": \"linear\", \"input\": [\"h_prev_2\", \"h_new_1\"]}, \"h_new_0\": {\"op\": \"activation_tanh\", \"input\": [\"node_10\"]}, \"h_new_1\": {\"op\": \"activation_leaky_relu\", \"input\": [\"node_12\"]}, \"h_new_2\": {\"op\": \"activation_tanh\", \"input\": [\"node_15\"]}}", "experiment_id": 999953824, "init_time": "2020-04-21_15-31-15", "num_params": 18861200, "wall_times": [459.5501174926758, 389.16170597076416, 389.42313599586487, 388.56809973716736, 388.1904368400574, 392.0009090900421, 389.94895815849304, 389.07506036758423, 390.2034366130829, 369.7259204387665, 374.27975130081177, 379.6595287322998, 389.93529438972473, 391.45805191993713, 391.6494834423065, 392.01888394355774, 389.1032907962799, 390.1753387451172, 392.1094608306885, 388.5315012931824, 379.25287914276123, 388.712051153183, 389.12240624427795, 388.1404070854187, 390.2049205303192, 390.27151346206665, 389.1960256099701, 390.5629653930664, 387.94318294525146, 388.7653832435608, 391.11529183387756, 389.3076479434967, 388.6839485168457, 388.7311477661133, 389.94268107414246, 388.4790005683899, 388.60060954093933, 390.95661187171936, 387.84709906578064, 385.02175641059875, 388.78070735931396, 389.7153525352478, 390.0340664386749, 390.4664902687073, 388.38032269477844, 388.0822253227234, 389.37112736701965, 386.59066820144653, 391.1708788871765, 388.5009868144989], "train_losses": [5.492639247485342, 5.2324163069496, 5.0980695464203105, 5.00018364060567, 4.923565165940508, 4.866529839707385, 4.814065357565489, 4.768249757947394, 4.728526656043247, 4.7054278615996985, 4.674632970926792, 4.644487335942123, 4.63098239739659, 4.607407061884783, 4.579967289279759, 4.565597516943682, 4.554886268893551, 4.531915644666774, 4.515477919423377, 4.508698765531709, 4.48405478457318, 4.477937073046098, 4.462142720267871, 4.453763749932763, 4.43744537007154, 4.428617593862621, 4.415161822252703, 4.407003893012748, 4.40180522497445, 4.399244762250551, 4.383955526195471, 4.389813535447259, 4.355334486445054, 4.367645130708407, 4.358310556855468, 4.351578888978538, 4.343947508202894, 4.3329782387983435, 4.325705314399441, 4.310784620246356, 4.307652644424722, 4.3008713893819595, 4.292767669840245, 4.2952516506643, 4.2858834583938465, 4.26872377763434, 4.266515888064117, 4.270189120407724, 4.256685442552848, 4.262711964122425], "val_losses": [5.541817730402542, 5.332562897245762, 5.240319120762712, 5.176952793961864, 5.12294094279661, 5.089688493114407, 5.063003509004237, 5.043386520127119, 5.0197719147245765, 5.01151218220339, 4.999203522245763, 4.9826059322033895, 4.983048530190678, 4.973985368114406, 4.958538466631356, 4.9562655587923725, 4.951569782838983, 4.9401377118644065, 4.936068591101695, 4.934728217690678, 4.929651747881356, 4.926415519067796, 4.920163863877119, 4.916634997351695, 4.910603482521187, 4.9070057600635595, 4.901605203919492, 4.905279065148305, 4.8981577727754235, 4.898313029661017, 4.894406779661017, 4.901130164194916, 4.880533302436441, 4.890660421080509, 4.887905190677966, 4.881507547669491, 4.879356130826271, 4.871973318326271, 4.872912142478814, 4.870286016949152, 4.8631660487288135, 4.8635709083686445, 4.8625009931144065, 4.864136652542373, 4.863812235169491, 4.852577131885593, 4.849758011122882, 4.853976430084746, 4.841312566207627, 4.852870431673729], "test_losses": [5.505048733313107, 5.294054938751517, 5.200486859071602, 5.139012012666869, 5.088526457258799, 5.056996169599515, 5.028095134253641, 5.003876621283374, 4.985467707069175, 4.977748833813713, 4.963900075375455, 4.946034255537015, 4.948888389809618, 4.938468859033677, 4.927553047254247, 4.925874876744539, 4.916971743685528, 4.907598402893659, 4.902147904183101, 4.907717510334496, 4.894346959382585, 4.893478837985437, 4.887467467669144, 4.885854184048847, 4.879007283923696, 4.874768599723149, 4.870665911331917, 4.86975571715716, 4.867193129456159, 4.870052893184921, 4.863043331405492, 4.869012332657008, 4.846880570198726, 4.859729952025182, 4.857283508893356, 4.850729340488471, 4.849661225254096, 4.843819331196905, 4.841787393810679, 4.835357369728459, 4.831488451911408, 4.833292840753944, 4.830844916186287, 4.833804824977245, 4.827457761301578, 4.819210015454338, 4.814099950697815, 4.818045014316596, 4.807318233749242, 4.819241718181129], "status": "OK"}