{"data": "data/ptb", "recepie_id": 2000729, "recepies_list_path": "data/new_recepies_fix.json", "cuda": true, "batch_size": 20, "model": "CustomRNN", "emsize": 400, "nhid": 600, "nlayers": 3, "dropout": 0.1, "dropouth": 0.25, "dropouti": 0.4, "dropoute": 0.0, "wdrop": 0.1, "tied": true, "bptt": 70, "lr": 0.001, "wdecay": 1.2e-06, "epochs": 50, "alpha": 2, "beta": 1, "log_interval": 200, "clip": 0.25, "eval_batch_size": 50, "recepie": "{\"node_2\": {\"op\": \"linear\", \"input\": [\"h_prev_0\", \"x\"]}, \"node_3\": {\"op\": \"activation_leaky_relu\", \"input\": [\"node_2\"]}, \"node_5\": {\"op\": \"linear\", \"input\": [\"node_3\", \"x\"]}, \"node_6\": {\"op\": \"activation_tanh\", \"input\": [\"node_5\"]}, \"node_14\": {\"op\": \"linear\", \"input\": [\"h_prev_0\", \"node_6\"]}, \"node_15\": {\"op\": \"activation_tanh\", \"input\": [\"node_14\"]}, \"node_19\": {\"op\": \"linear\", \"input\": [\"x\", \"h_prev_0\", \"node_15\"]}, \"node_20\": {\"op\": \"activation_sigm\", \"input\": [\"node_19\"]}, \"h_new_0\": {\"op\": \"linear\", \"input\": [\"x\", \"node_20\"]}}", "experiment_id": 999981591, "init_time": "2020-05-19_08-47-41", "num_params": 13538000, "wall_times": [307.78491711616516, 296.06960821151733, 295.652734041214, 293.6359143257141, 293.2303800582886, 295.07601165771484, 293.06190395355225, 294.3424491882324, 294.9132034778595, 293.64750266075134, 291.46099948883057, 293.45072388648987, 294.5560872554779, 296.07717728614807, 293.6611137390137, 292.57989716529846, 295.0995101928711, 293.00325894355774, 293.4329836368561, 294.5370044708252, 294.3786780834198, 294.3615438938141, 295.5206050872803, 294.2612454891205, 290.91009974479675, 293.8039200305939, 293.6694996356964, 293.67642092704773, 294.10538387298584, 294.4048252105713, 294.7250192165375, 290.5659511089325, 295.24315309524536, 291.97197461128235, 295.43155169487, 290.4186713695526, 291.7367582321167, 294.43140149116516, 294.6132233142853, 296.40215158462524, 291.6517901420593, 294.6748013496399, 293.12023973464966, 293.6416575908661, 294.06373620033264, 294.391316652298, 292.3768928050995, 293.7779459953308, 292.2942774295807, 294.11311316490173], "train_losses": [5.702873702329084, 5.499951673524824, 5.353515309827336, 5.244537427384218, 5.213026884648486, 5.170043216475714, 5.161336886800065, 5.113636974880318, 5.085318921117745, 5.04939974315529, 5.030791528831155, 5.006840507503631, 5.003059275993761, 5.00634925837771, 4.9895181976494, 4.967726319186704, 4.956471293233285, 4.9409727825291805, 4.922653266365446, 4.922896999892421, 4.908915100048411, 4.899493958770373, 4.889846733634554, 4.8749285608627835, 4.875134053439837, 4.874053641546985, 4.87267024366629, 4.837543619896724, 4.834141436044322, 4.833418640067775, 4.848257809558389, 4.816301822790598, 4.835913126647302, 4.818901366924856, 4.816951498709053, 4.802131239578291, 4.798423968586951, 4.814830596794148, 4.794430941046743, 4.788909956430531, 4.784747155881878, 4.783977294120811, 4.774068685788823, 4.7858166417890375, 4.771206917997956, 4.783396956188478, 4.776536697864558, 4.753002544914206, 4.769868484750686, 4.759976685627454], "val_losses": [5.73299655720339, 5.567009401483051, 5.452289790783898, 5.3682478151483055, 5.359393538135593, 5.329945047669492, 5.33112155720339, 5.291428098516949, 5.2756289724576275, 5.254953323622881, 5.239485897775424, 5.223804952330508, 5.225122815148305, 5.237847921080508, 5.226533699682204, 5.2095219809322035, 5.2075489936440675, 5.193379568326272, 5.183781779661017, 5.193206435381356, 5.180917637711865, 5.173721530720339, 5.1626469809322035, 5.160920286016949, 5.163943988347458, 5.167014698093221, 5.168550384004237, 5.137554621292373, 5.139569319385593, 5.13638076006356, 5.153443458686441, 5.1294094279661016, 5.148474245233051, 5.1323659295550845, 5.138191538665255, 5.123652012711864, 5.1229171080508475, 5.140153270656779, 5.120852092161017, 5.114827860169491, 5.113777145127119, 5.115350238347458, 5.112113347457627, 5.12525092690678, 5.106689287605932, 5.1210106594279665, 5.118588784427966, 5.0941598252118645, 5.109693127648305, 5.10191935911017], "test_losses": [5.686413218674151, 5.527907880764563, 5.41069845551426, 5.317732431356189, 5.309515203087075, 5.284476567240595, 5.287248037393811, 5.246710027305825, 5.225668305332221, 5.205786843901699, 5.191075000948119, 5.173962639373483, 5.178308579528216, 5.190539313751517, 5.1793212890625, 5.16014913910801, 5.160844228800061, 5.144896868363167, 5.134334823460255, 5.144504584155037, 5.131985266231796, 5.125500725310983, 5.120303255840413, 5.109960463440534, 5.115264003716626, 5.120661170737257, 5.118951001213592, 5.089354876175667, 5.088857706310679, 5.086601183252427, 5.104615442961165, 5.079345703125, 5.097415072246663, 5.080706846366808, 5.082405164403823, 5.06823019379551, 5.07171156799909, 5.086368894114078, 5.067687395706917, 5.064695487902003, 5.061356924112561, 5.063935215033374, 5.057460155301881, 5.071876303663531, 5.055601249620753, 5.071557498672633, 5.062734659435679, 5.04303689604824, 5.056859877503034, 5.049163522072209], "status": "OK"}