{"data": "data/ptb", "recepie_id": 2002378, "recepies_list_path": "data/new_recepies_fix.json", "cuda": true, "batch_size": 20, "model": "CustomRNN", "emsize": 400, "nhid": 600, "nlayers": 3, "dropout": 0.1, "dropouth": 0.25, "dropouti": 0.4, "dropoute": 0.0, "wdrop": 0.1, "tied": true, "bptt": 70, "lr": 0.001, "wdecay": 1.2e-06, "epochs": 50, "alpha": 2, "beta": 1, "log_interval": 200, "clip": 0.25, "eval_batch_size": 50, "recepie": "{\"node_0\": {\"op\": \"linear\", \"input\": [\"h_prev_0\", \"x\"]}, \"node_1\": {\"op\": \"activation_leaky_relu\", \"input\": [\"node_0\"]}, \"node_2\": {\"op\": \"linear\", \"input\": [\"x\", \"node_1\", \"h_prev_0\"]}, \"node_3\": {\"op\": \"activation_sigm\", \"input\": [\"node_2\"]}, \"node_4\": {\"op\": \"linear\", \"input\": [\"node_3\", \"h_prev_0\", \"node_1\"]}, \"h_new_0\": {\"op\": \"activation_tanh\", \"input\": [\"node_4\"]}}", "experiment_id": 999902957, "init_time": "2020-05-19_09-29-18", "num_params": 10974800, "wall_times": [179.18674182891846, 179.16473269462585, 178.5915117263794, 175.1787030696869, 175.065096616745, 174.89489936828613, 174.76335334777832, 175.08876872062683, 174.9882035255432, 174.99969339370728, 174.97207236289978, 174.97576689720154, 175.1054813861847, 175.10987496376038, 175.07039761543274, 175.1235978603363, 174.94063186645508, 174.99179887771606, 175.05111646652222, 175.00841856002808, 175.56884169578552, 175.0939404964447, 175.11142659187317, 175.1952223777771, 175.0040853023529, 174.97965621948242, 174.9641900062561, 175.09784698486328, 174.90536618232727, 175.07779550552368, 174.99761199951172, 175.0095775127411, 174.99021077156067, 174.97343134880066, 175.23480463027954, 175.2722897529602, 175.21768021583557, 175.0995705127716, 175.06303358078003, 175.29114437103271, 175.02612590789795, 175.02432823181152, 175.2545440196991, 175.07255864143372, 175.07994270324707, 175.019864320755, 174.91187191009521, 175.10375690460205, 175.03216695785522, 175.1910378932953], "train_losses": [5.688368195632295, 5.356337575977624, 5.181541555725889, 5.027360769323867, 4.935664014173525, 4.838521075385939, 4.776603094239148, 4.71610423054166, 4.662774494379001, 4.607481862863751, 4.574889227314292, 4.528007083400571, 4.504372495427895, 4.4606177048034, 4.439633508821473, 4.408330559813889, 4.381685022322629, 4.368496517131946, 4.3355206316228285, 4.318460965655425, 4.300181791592706, 4.27992711527083, 4.260102754693131, 4.244303779382497, 4.227614336237965, 4.213580748077026, 4.198091482437738, 4.181483563955678, 4.175132624657092, 4.16792945847453, 4.151350956107794, 4.139921114383304, 4.130816826690334, 4.110031819832177, 4.103480850949384, 4.094453885616696, 4.088389123097198, 4.079880301624442, 4.072733866521435, 4.062395782905707, 4.057941342585122, 4.049065660131246, 4.044235113764725, 4.027735614679146, 4.02145485382712, 4.013936094750148, 4.009013097735464, 4.000377366736593, 4.0008047408692375, 3.9941407300575547], "val_losses": [5.716759136652542, 5.42992717161017, 5.290906051377118, 5.170716366525424, 5.104264102224576, 5.039880826271187, 4.994996689618644, 4.96251357256356, 4.927700278072034, 4.895263837394068, 4.878426575741526, 4.854799390889831, 4.843250132415254, 4.822061043432203, 4.808657309322034, 4.796508540783898, 4.7892885990466105, 4.783559653072034, 4.769127052436441, 4.765485632944915, 4.750666048728814, 4.746921014300847, 4.743493776483051, 4.7348980402542376, 4.72903998940678, 4.731134467690678, 4.721875, 4.716026218220339, 4.714051575741525, 4.710617717161017, 4.703942002118644, 4.709336599576271, 4.702513572563559, 4.699207825741525, 4.696246689618644, 4.691085805084746, 4.695386652542373, 4.690102621822034, 4.689063824152543, 4.684422669491526, 4.6866508871822035, 4.682609904661017, 4.6810861361228815, 4.682079912605932, 4.686046080508475, 4.679986758474576, 4.678508673199152, 4.675986824682203, 4.675250264830509, 4.673940015889831], "test_losses": [5.671141392976335, 5.384691553208435, 5.243808190799454, 5.127223931469963, 5.061968460823726, 4.992728520365595, 4.951760301312197, 4.917965194554005, 4.882346144000303, 4.852862904372724, 4.836399411692203, 4.812720141364533, 4.806118863300212, 4.782652919732251, 4.77089150438031, 4.757144965014412, 4.750005333168993, 4.743115175117567, 4.730647411161256, 4.724444639335558, 4.715608170888956, 4.707803966929611, 4.704524660573422, 4.695832187689624, 4.687170528671117, 4.687634514373483, 4.680184077290655, 4.67486098206159, 4.672378688182645, 4.670357120847239, 4.666291764638956, 4.666848191937197, 4.657733213554308, 4.655857123217537, 4.652777218124242, 4.649176143905492, 4.650548842346784, 4.647409087245904, 4.644886202025182, 4.64083269730355, 4.641919182342233, 4.639873615746359, 4.637842567221632, 4.637574131048999, 4.639318077309618, 4.630281615025789, 4.63263413512591, 4.627823616694478, 4.629322533468598, 4.62680883315003], "status": "OK"}