{"data": "data/ptb", "recepie_id": 2008725, "recepies_list_path": "data/new_recepies_fix.json", "cuda": true, "batch_size": 20, "model": "CustomRNN", "emsize": 400, "nhid": 600, "nlayers": 3, "dropout": 0.1, "dropouth": 0.25, "dropouti": 0.4, "dropoute": 0.0, "wdrop": 0.1, "tied": true, "bptt": 70, "lr": 0.001, "wdecay": 1.2e-06, "epochs": 50, "alpha": 2, "beta": 1, "log_interval": 200, "clip": 0.25, "eval_batch_size": 50, "recepie": "{\"node_0\": {\"op\": \"linear\", \"input\": [\"x\", \"h_prev_0\"]}, \"node_1\": {\"op\": \"activation_tanh\", \"input\": [\"node_0\"]}, \"node_3\": {\"op\": \"linear\", \"input\": [\"h_prev_0\", \"node_1\"]}, \"node_4\": {\"op\": \"activation_sigm\", \"input\": [\"node_3\"]}, \"node_5\": {\"op\": \"linear\", \"input\": [\"node_4\", \"x\"]}, \"node_6\": {\"op\": \"activation_tanh\", \"input\": [\"node_5\"]}, \"node_10\": {\"op\": \"linear\", \"input\": [\"h_prev_0\", \"node_6\"]}, \"node_11\": {\"op\": \"activation_tanh\", \"input\": [\"node_10\"]}, \"node_12\": {\"op\": \"linear\", \"input\": [\"x\", \"node_4\"]}, \"node_13\": {\"op\": \"activation_tanh\", \"input\": [\"node_12\"]}, \"node_14\": {\"op\": \"linear\", \"input\": [\"h_prev_0\", \"node_1\", \"node_11\"]}, \"node_16\": {\"op\": \"blend\", \"input\": [\"node_5\", \"node_6\", \"node_14\"]}, \"h_new_0\": {\"op\": \"blend\", \"input\": [\"node_16\", \"node_13\", \"node_1\"]}}", "experiment_id": 999960955, "init_time": "2020-05-14_09-29-57", "num_params": 15339600, "wall_times": [340.21317410469055, 341.5248222351074, 338.09045004844666, 335.8549931049347, 335.57210302352905, 333.32694602012634, 335.3371193408966, 333.6895236968994, 342.5577952861786, 348.6543855667114, 349.8061258792877, 344.4971306324005, 343.4058976173401, 343.50260376930237, 341.11211252212524, 341.46787428855896, 339.03314995765686, 341.2664957046509, 340.2656831741333, 340.1889178752899, 339.99700355529785, 339.1831650733948, 340.8322319984436, 337.2170181274414, 337.2628855705261, 341.730495929718, 337.95594358444214, 338.0706672668457, 336.3092725276947, 339.9373939037323, 336.666316986084, 340.3505263328552, 341.2082693576813, 337.95404529571533, 338.98712730407715, 339.14510464668274, 339.1977870464325, 340.7268064022064, 336.6725559234619, 340.0613389015198, 336.00915479660034, 341.74492168426514, 340.54587388038635, 339.38168001174927, 342.833447933197, 340.70291018486023, 338.8967444896698, 339.13790488243103, 338.2211904525757, 340.2745280265808], "train_losses": [5.403511359663278, 5.108353000107579, 4.963980807245441, 4.838834146899037, 4.750436619197461, 4.692714216556398, 4.6242570329729435, 4.5801887506051315, 4.535494745441342, 4.499366292829864, 4.456819664084772, 4.428281829917702, 4.411033900812221, 4.383768943978269, 4.370594726615029, 4.335597113522672, 4.317353659028562, 4.301495851487279, 4.293513158248615, 4.281864796810285, 4.28188244647948, 4.2391198194018616, 4.228061461190899, 4.2146178762573285, 4.204134813216072, 4.197851110752515, 4.178852502554999, 4.169628449249637, 4.172652846135227, 4.155285571647571, 4.149996133881986, 4.134338776155129, 4.129498564493572, 4.123559871039751, 4.109829268866656, 4.104195662551772, 4.102392454682374, 4.087197350196331, 4.094391271314077, 4.086049281238234, 4.074522786563391, 4.062865600290463, 4.056942035124522, 4.057909825318703, 4.051192025038997, 4.03817665469851, 4.044207378570276, 4.039684440724006, 4.025581514576946, 4.024799886369749], "val_losses": [5.455276085805084, 5.215060248940678, 5.1157544359110165, 5.024268736758475, 4.965948093220339, 4.93350139036017, 4.89501125529661, 4.868672537076272, 4.848006488347457, 4.8303333554025425, 4.804251191737288, 4.791391353283898, 4.786296014300848, 4.779891750529661, 4.774902674788136, 4.7529667637711865, 4.749486559851695, 4.739706369173729, 4.7443246822033895, 4.73891982256356, 4.741241393008474, 4.717986957097458, 4.713828125, 4.708872815148305, 4.709881819385593, 4.7142233845338986, 4.698577529131356, 4.695800450211864, 4.7039840439618645, 4.695802767478813, 4.6920074152542375, 4.686564817266949, 4.68321669756356, 4.6833285884533895, 4.679365399894068, 4.674256819385593, 4.676047404661017, 4.668446438029661, 4.673035288665254, 4.6701526085805085, 4.668754303495763, 4.663401747881356, 4.660162870762712, 4.664507415254238, 4.668226959745763, 4.660261851165254, 4.66508110434322, 4.666655190677966, 4.652803230932204, 4.653106792902542], "test_losses": [5.419594773968447, 5.174887055332221, 5.075151461999393, 4.986200128944175, 4.927352460842688, 4.890287528917628, 4.853726285175212, 4.829305704357554, 4.811339739456917, 4.793184447057039, 4.768229956765777, 4.752774433024879, 4.751602913569478, 4.740664287678246, 4.735966062082828, 4.714908636889412, 4.714303322208738, 4.704106895668993, 4.707385313163683, 4.702317321184769, 4.70612046325091, 4.680447772868629, 4.679300548960861, 4.673563244273361, 4.672176324048088, 4.676645223376821, 4.661470579869539, 4.660045734886984, 4.668562509481189, 4.659331979103459, 4.655824827916414, 4.650237444535042, 4.649700868476942, 4.648304467062348, 4.645680547917931, 4.637948045452822, 4.639395704547178, 4.634031721689169, 4.642239172481796, 4.634331860588592, 4.632334588800819, 4.628383303151547, 4.623077985152458, 4.628160791489685, 4.631778754076912, 4.624761488831159, 4.630030067221632, 4.629677781780947, 4.618805227927791, 4.619435727017597], "status": "OK"}