{"data": "data/ptb", "recepie_id": 2009150, "recepies_list_path": "data/new_recepies_fix.json", "cuda": true, "batch_size": 20, "model": "CustomRNN", "emsize": 400, "nhid": 600, "nlayers": 3, "dropout": 0.1, "dropouth": 0.25, "dropouti": 0.4, "dropoute": 0.0, "wdrop": 0.1, "tied": true, "bptt": 70, "lr": 0.001, "wdecay": 1.2e-06, "epochs": 50, "alpha": 2, "beta": 1, "log_interval": 200, "clip": 0.25, "eval_batch_size": 50, "recepie": "{\"node_1\": {\"op\": \"linear\", \"input\": [\"h_prev_0\", \"x\", \"h_prev_1\"]}, \"node_3\": {\"op\": \"linear\", \"input\": [\"h_new_1\", \"x\", \"h_prev_1\"]}, \"node_4\": {\"op\": \"activation_sigm\", \"input\": [\"node_3\"]}, \"node_5\": {\"op\": \"linear\", \"input\": [\"h_prev_1\", \"node_4\"]}, \"h_new_0\": {\"op\": \"activation_leaky_relu\", \"input\": [\"node_5\"]}, \"h_new_1\": {\"op\": \"activation_leaky_relu\", \"input\": [\"node_1\"]}}", "experiment_id": 999944776, "init_time": "2020-05-09_17-21-10", "num_params": 10974800, "wall_times": [254.60165739059448, 190.4013011455536, 189.2373960018158, 187.97737193107605, 183.13747191429138, 185.1962971687317, 183.7502143383026, 187.94843363761902, 184.11765909194946, 185.31252312660217, 185.40095567703247, 183.37633991241455, 184.0233268737793, 182.31887435913086, 183.7441120147705, 185.27062439918518, 184.03370547294617, 182.81292510032654, 184.14967226982117, 182.30586957931519, 183.69298887252808, 181.71398639678955, 187.552330493927, 181.22800755500793, 183.84932804107666, 183.47150993347168, 185.51895427703857, 183.05316305160522, 185.55100965499878, 185.77446961402893, 182.88241577148438, 187.07968425750732, 182.4119143486023, 185.2439866065979, 182.78239798545837, 182.28554248809814, 184.4492244720459, 182.05431604385376, 184.52814245224, 188.00923538208008, 183.04276275634766, 184.11315298080444, 185.92580604553223, 184.50915145874023, 184.71802926063538, 185.3129599094391, 182.70762372016907, 186.72645902633667, 182.74384140968323, 184.3311321735382], "train_losses": [5.908512939728901, 5.5638333904846435, 5.372177313619494, 5.241329389892959, 5.146592269108709, 5.056524326286913, 4.993444828815018, 4.935640481281265, 4.8844934208756925, 4.841234501909526, 4.804316016486472, 4.771535538029154, 4.737015306465494, 4.702870340487332, 4.682508085229412, 4.64962759197999, 4.6221441154321985, 4.601097725377871, 4.5822693104190195, 4.560532061884783, 4.541319976736055, 4.521358621106987, 4.5031790416061535, 4.48822262788446, 4.469412703055242, 4.457185264375235, 4.44038782206444, 4.425427626270777, 4.413206491044053, 4.404011853854016, 4.391990327981281, 4.377791169114087, 4.368118309934915, 4.355482407482115, 4.3440391183906195, 4.334608311817546, 4.329390313189178, 4.3179478645581195, 4.310319005163789, 4.2959588981227474, 4.292591173148297, 4.285169067021677, 4.2722772443655535, 4.266767185735033, 4.261081050642784, 4.252055766230972, 4.246644881932117, 4.239978349739121, 4.233394182669033, 4.234646048491205], "val_losses": [5.924948358050847, 5.615417108050847, 5.456514830508475, 5.3519186970338986, 5.281750860699153, 5.214582229872882, 5.17454780190678, 5.134192266949152, 5.100846133474576, 5.072281183792373, 5.04873576536017, 5.030913996292373, 5.011346994173729, 4.992561242055085, 4.98077827065678, 4.963046875, 4.950454515360169, 4.937067002118644, 4.928451734639831, 4.918514631885593, 4.9076953125, 4.901226165254237, 4.894219081038136, 4.887093485169491, 4.877459944385593, 4.873597391419492, 4.863503045550847, 4.859820908368644, 4.854975172139831, 4.852778072033899, 4.845770325741525, 4.839099907309322, 4.837964115466102, 4.833923132944915, 4.828707958156779, 4.823142545021186, 4.821412208686441, 4.8183444782838984, 4.817692664194915, 4.809389565677966, 4.808949615995763, 4.807036215572034, 4.803776814088983, 4.801486030190678, 4.797085209216101, 4.796879303495762, 4.7967942266949155, 4.795235699152542, 4.795179091631356, 4.795307534427966], "test_losses": [5.879498824332524, 5.572843384974211, 5.411743756636833, 5.305026452518204, 5.231907520479369, 5.165179502616808, 5.12231919371966, 5.083365727396845, 5.053611385012136, 5.023341502958131, 5.001453584837682, 4.982596684428095, 4.96396940657236, 4.943769436438107, 4.932598225121359, 4.917095888008192, 4.90311024489912, 4.890437450223756, 4.883143156477549, 4.872085126858313, 4.861137019777761, 4.852518026111196, 4.845267582865595, 4.839452650940534, 4.830807880290504, 4.826064619045813, 4.819589263027154, 4.814739042115443, 4.810247921249242, 4.80649159255537, 4.80096435546875, 4.794534923960861, 4.791161694572967, 4.787828167665352, 4.784142059029885, 4.780146922880006, 4.779780119368174, 4.774374360019721, 4.77247841844281, 4.766979921211317, 4.767121250189624, 4.765339082884557, 4.761874597049454, 4.757841239855128, 4.756109737655492, 4.754749186988016, 4.755360427412015, 4.752847912242111, 4.752024826494235, 4.751315515018204], "status": "OK"}