{"data": "data/ptb", "recepie_id": 2011616, "recepies_list_path": "data/new_recepies_fix.json", "cuda": true, "batch_size": 20, "model": "CustomRNN", "emsize": 400, "nhid": 600, "nlayers": 3, "dropout": 0.1, "dropouth": 0.25, "dropouti": 0.4, "dropoute": 0.0, "wdrop": 0.1, "tied": true, "bptt": 70, "lr": 0.001, "wdecay": 1.2e-06, "epochs": 50, "alpha": 2, "beta": 1, "log_interval": 200, "clip": 0.25, "eval_batch_size": 50, "recepie": "{\"node_0\": {\"op\": \"linear\", \"input\": [\"x\", \"h_prev_0\"]}, \"node_1\": {\"op\": \"activation_leaky_relu\", \"input\": [\"node_0\"]}, \"node_2\": {\"op\": \"linear\", \"input\": [\"x\", \"node_1\", \"h_prev_0\"]}, \"node_3\": {\"op\": \"activation_tanh\", \"input\": [\"node_2\"]}, \"node_4\": {\"op\": \"linear\", \"input\": [\"x\", \"node_3\"]}, \"node_5\": {\"op\": \"activation_sigm\", \"input\": [\"node_4\"]}, \"node_8\": {\"op\": \"linear\", \"input\": [\"node_1\", \"node_5\"]}, \"h_new_0\": {\"op\": \"activation_leaky_relu\", \"input\": [\"node_8\"]}}", "experiment_id": 999997069, "init_time": "2020-05-14_22-58-25", "num_params": 11816400, "wall_times": [209.29868006706238, 208.57102823257446, 207.56658816337585, 204.34388613700867, 204.51156044006348, 204.39643931388855, 204.54621076583862, 204.33983182907104, 204.35747122764587, 204.59946203231812, 204.6023712158203, 204.5493767261505, 204.47313618659973, 204.60031056404114, 204.54437947273254, 204.355042219162, 204.694100856781, 204.45599365234375, 204.58844256401062, 204.6746962070465, 204.76327776908875, 204.67669034004211, 204.79214477539062, 204.63586497306824, 204.70495462417603, 204.61863446235657, 204.58537936210632, 204.62661337852478, 204.6351237297058, 209.01547527313232, 204.660306930542, 204.65146827697754, 204.7987151145935, 204.4785599708557, 204.7515938282013, 204.70365524291992, 204.5137233734131, 204.8799569606781, 204.92831444740295, 204.79925632476807, 205.0559856891632, 204.9739489555359, 205.04697036743164, 204.90274000167847, 205.02584552764893, 204.78178191184998, 204.8685257434845, 204.89622688293457, 205.0451624393463, 204.8098497390747], "train_losses": [5.778035659055457, 5.503153827793018, 5.34882301920284, 5.24171137916196, 5.1596954675649505, 5.09968533161207, 5.0469464391372165, 4.999445296111022, 4.957800901645958, 4.9244766452853534, 4.8944785111075255, 4.86744888319617, 4.840152829326018, 4.817001506105105, 4.793841778279813, 4.7756542144048195, 4.760046023613577, 4.743198994136948, 4.725975438384165, 4.713207163412404, 4.70051032757786, 4.687591189957506, 4.673711826286913, 4.663727996745737, 4.653008344091227, 4.645797193534506, 4.632178372599645, 4.626066964525846, 4.61968492819106, 4.604774739793449, 4.595148946398795, 4.589520382846539, 4.579079763057393, 4.574300064547361, 4.565375635388091, 4.559875662282825, 4.554218943305901, 4.548273946398795, 4.541152725108923, 4.536544480528213, 4.528119284869023, 4.523344208891399, 4.518722096713463, 4.515408161207036, 4.508189446506374, 4.503777869668119, 4.500008824834597, 4.497628640874617, 4.4898005923565165, 4.483429902237642], "val_losses": [5.797558262711864, 5.553076668432204, 5.42916843220339, 5.349554422669492, 5.287736361228814, 5.247547669491525, 5.213820842161017, 5.180751125529661, 5.158168697033898, 5.138541777012712, 5.121381091101695, 5.105280058262712, 5.092158368644068, 5.084494835805085, 5.074843418961865, 5.06195842161017, 5.059961268538135, 5.047754899364406, 5.041650225105932, 5.033925119173729, 5.030992783368644, 5.027193789724576, 5.022479144597457, 5.017154727224576, 5.018455376059322, 5.009152542372881, 5.009099576271186, 5.00568591101695, 5.002105733580509, 5.003918498411017, 4.997542041843221, 4.995806408898305, 4.993141551906779, 4.994075079449153, 4.990902740995763, 4.99260593220339, 4.989289923199152, 4.989167439088983, 4.98630859375, 4.984273040254237, 4.9876999470338985, 4.983158103813559, 4.981235434322034, 4.98022907838983, 4.977768471927966, 4.975399231991525, 4.976868048199153, 4.976274496822034, 4.973754965572034, 4.9724185646186445], "test_losses": [5.745899978193265, 5.500321767862561, 5.374521199939321, 5.291381243363167, 5.229750549908981, 5.187468000986044, 5.152893658980583, 5.119609351297027, 5.093629707410497, 5.073162189965109, 5.055190595608313, 5.03863999450091, 5.023937632736651, 5.014999834079187, 5.003480781629247, 4.993246430332221, 4.986548562651699, 4.976888415882889, 4.971791091474515, 4.965807572151851, 4.960082118951001, 4.954744209363622, 4.951539567373331, 4.946604608332069, 4.945768485948878, 4.938242199351486, 4.936612323649879, 4.934187509481189, 4.931815138140928, 4.928038365632585, 4.92559577423392, 4.922184620088744, 4.921826112617567, 4.921223168234223, 4.919376706614078, 4.919463815040959, 4.913942207410497, 4.914433747819326, 4.913295412526547, 4.912181076494235, 4.912198261149879, 4.911349694705704, 4.908117794296117, 4.909401310300364, 4.904362947038076, 4.902816624317355, 4.901016976069478, 4.902483004968143, 4.900979643886529, 4.89916518128034], "status": "OK"}