{"data": "data/ptb", "recepie_id": 2000195, "recepies_list_path": "data/new_recepies_fix.json", "cuda": true, "batch_size": 20, "model": "CustomRNN", "emsize": 400, "nhid": 600, "nlayers": 3, "dropout": 0.1, "dropouth": 0.25, "dropouti": 0.4, "dropoute": 0.0, "wdrop": 0.1, "tied": true, "bptt": 70, "lr": 0.001, "wdecay": 1.2e-06, "epochs": 50, "alpha": 2, "beta": 1, "log_interval": 200, "clip": 0.25, "eval_batch_size": 50, "recepie": "{\"node_0\": {\"op\": \"linear\", \"input\": [\"h_prev_0\", \"x\"]}, \"node_1\": {\"op\": \"activation_tanh\", \"input\": [\"node_0\"]}, \"node_4\": {\"op\": \"linear\", \"input\": [\"x\", \"node_1\"]}, \"h_new_0\": {\"op\": \"activation_tanh\", \"input\": [\"node_4\"]}}", "experiment_id": 999960197, "init_time": "2020-05-13_15-02-36", "num_params": 7453200, "wall_times": [138.22210931777954, 103.82532787322998, 105.97731518745422, 107.01121020317078, 107.29872155189514, 106.89775705337524, 104.6252031326294, 102.70448470115662, 102.79458546638489, 103.18838167190552, 103.78952836990356, 103.0266227722168, 107.70987272262573, 108.89631390571594, 107.81790804862976, 107.38424181938171, 108.62478399276733, 103.43616580963135, 103.83578181266785, 104.83586192131042, 104.10546898841858, 103.70165061950684, 103.70874571800232, 103.48401141166687, 103.06769680976868, 103.58768200874329, 102.47764825820923, 103.12064027786255, 103.00496101379395, 102.99841570854187, 103.50299715995789, 102.71495199203491, 103.21279692649841, 105.21218633651733, 103.25838017463684, 102.739675283432, 103.83053278923035, 103.16185998916626, 105.26119589805603, 102.86784029006958, 103.51023650169373, 103.44531416893005, 105.86735701560974, 102.4965500831604, 103.26406502723694, 102.64064979553223, 103.11807537078857, 104.03414535522461, 104.39901804924011, 104.07795405387878], "train_losses": [5.512545552955731, 5.280485601231779, 5.154039168818246, 5.080814473401108, 5.015813683368297, 4.960087794497338, 4.919928073395729, 4.886008350814911, 4.857008683637244, 4.826269263353235, 4.811760815044914, 4.796930470388898, 4.777814617960304, 4.753034902641063, 4.74641375531171, 4.7404843069227045, 4.717262805255231, 4.7061956222096715, 4.705444670808456, 4.686636006669894, 4.686780145634985, 4.674806946237426, 4.6653605911462535, 4.660935566940993, 4.654439648216879, 4.646394760905815, 4.6424021535958255, 4.633067999973106, 4.6198488179764405, 4.613587387714485, 4.612444781749233, 4.603103063982572, 4.6149119533645315, 4.599671884245065, 4.594963204642031, 4.595227529449733, 4.584234727152923, 4.582751314480125, 4.567539400785326, 4.566781725700608, 4.5631143765800655, 4.562855934995428, 4.554808106072831, 4.5561263682695925, 4.548040298397074, 4.552072407347642, 4.541968391963853, 4.5365297724705504, 4.532054320639019, 4.531038203969663], "val_losses": [5.5562354343220335, 5.373560977224576, 5.2853992319915255, 5.236311573093221, 5.196089115466101, 5.165832891949153, 5.146414856991526, 5.1331978283898305, 5.119815942796611, 5.102989274364407, 5.104664327330508, 5.095139036016949, 5.088689088983051, 5.0787629104872885, 5.077827065677966, 5.078605336334745, 5.070227754237288, 5.06582560911017, 5.06815876588983, 5.054384269067796, 5.062046146716102, 5.057037539724576, 5.052158037605932, 5.05321140095339, 5.051519796080508, 5.052750926906779, 5.051667770127119, 5.046670418432203, 5.036909096927966, 5.035627979343221, 5.038339181673729, 5.032016353283899, 5.048795352224576, 5.033413003177966, 5.035398238877119, 5.036488678495763, 5.033177304025424, 5.033259070444915, 5.021258606991525, 5.025616393008475, 5.022865135063559, 5.019118776483051, 5.019927833686441, 5.019252184851695, 5.014070444915254, 5.0239628575211865, 5.0182925052966105, 5.0088698358050845, 5.009968220338983, 5.0051572431144065], "test_losses": [5.514985019720874, 5.330217379968143, 5.240364148778823, 5.192445625379247, 5.153732744235437, 5.121132859905947, 5.099544784397755, 5.086741623369235, 5.071785639790655, 5.055454883760619, 5.05608419770176, 5.050576811855279, 5.040913109640473, 5.029432574522148, 5.031162298998787, 5.032878986840109, 5.018660758305522, 5.016670893696905, 5.019684134177791, 5.004873331310679, 5.011505423240291, 5.007708206917476, 5.005267393241808, 5.004293793613471, 5.002334742870145, 5.003284046950849, 5.001448251668689, 4.997520668992719, 4.986380864115595, 4.985137643165959, 4.988399764866505, 4.983594579604065, 4.999277651888653, 4.985521038759102, 4.98742912810983, 4.988992339199029, 4.984698545585558, 4.984718100538531, 4.975634528595267, 4.974331457638046, 4.972034639525182, 4.971361475083435, 4.971305773096177, 4.973468076835558, 4.966661175477852, 4.973443781287925, 4.969725081064169, 4.964655311362257, 4.96750707533753, 4.961416300060679], "status": "OK"}