{"data": "data/ptb", "recepie_id": 1007425, "recepies_list_path": "data/models_recepies.json", "cuda": true, "batch_size": 20, "model": "CustomRNN", "emsize": 400, "nhid": 600, "nlayers": 3, "dropout": 0.1, "dropouth": 0.25, "dropouti": 0.4, "dropoute": 0.0, "wdrop": 0.1, "tied": true, "bptt": 70, "lr": 0.001, "wdecay": 1.2e-06, "epochs": 50, "alpha": 2, "beta": 1, "log_interval": 200, "clip": 0.25, "eval_batch_size": 50, "recepie": "{\"node_0\": {\"op\": \"linear\", \"input\": [\"h_prev_1\", \"h_prev_0\", \"x\"]}, \"node_1\": {\"op\": \"activation_sigm\", \"input\": [\"node_0\"]}, \"node_2\": {\"op\": \"linear\", \"input\": [\"h_prev_0\", \"h_prev_1\"]}, \"node_3\": {\"op\": \"activation_tanh\", \"input\": [\"node_2\"]}, \"node_4\": {\"op\": \"linear\", \"input\": [\"h_prev_0\", \"node_3\"]}, \"node_7\": {\"op\": \"linear\", \"input\": [\"h_new_1\", \"node_3\"]}, \"node_8\": {\"op\": \"activation_tanh\", \"input\": [\"node_7\"]}, \"node_9\": {\"op\": \"linear\", \"input\": [\"h_prev_1\", \"node_8\"]}, \"node_10\": {\"op\": \"activation_sigm\", \"input\": [\"node_9\"]}, \"node_11\": {\"op\": \"linear\", \"input\": [\"node_1\", \"node_10\", \"node_3\"]}, \"h_new_0\": {\"op\": \"activation_tanh\", \"input\": [\"node_11\"]}, \"h_new_1\": {\"op\": \"activation_leaky_relu\", \"input\": [\"node_4\"]}}", "experiment_id": 999904555, "init_time": "2020-04-18_15-35-49", "num_params": 16299600, "wall_times": [333.2142837047577, 299.0490276813507, 300.43050813674927, 298.06561636924744, 294.06039595603943, 296.9228265285492, 297.99634194374084, 294.81474328041077, 294.9003834724426, 308.2121584415436, 293.94120717048645, 296.34717178344727, 297.9757878780365, 297.8640158176422, 298.7249131202698, 298.39630007743835, 298.0286922454834, 299.8464140892029, 295.80080008506775, 293.57551550865173, 297.615371465683, 295.4343636035919, 294.57097864151, 296.21084213256836, 295.7695710659027, 312.8198187351227, 298.3833067417145, 297.94540905952454, 298.5584533214569, 295.541463136673, 295.063330411911, 294.5974271297455, 294.4373953342438, 301.9872145652771, 297.946790933609, 297.7917149066925, 310.0507435798645, 296.23131704330444, 290.8491520881653, 292.4083797931671, 311.1531093120575, 303.8343026638031, 299.5706694126129, 300.49741792678833, 305.20018315315247, 300.93189311027527, 316.70603346824646, 302.17929768562317, 293.7855381965637, 293.90510058403015], "train_losses": [5.982459170431929, 5.701750847184122, 5.519149891076327, 5.396815831585176, 5.305651087891991, 5.225878785433812, 5.164208740116186, 5.111928739040396, 5.067051933731375, 5.032255190683665, 4.989535006858157, 4.942029661529772, 4.911583141708354, 4.886669372949276, 4.859949454709268, 4.8397708400570165, 4.818781181082244, 4.786905038056049, 4.76985881945565, 4.763328441853585, 4.731735533994944, 4.715289404147168, 4.701633182722823, 4.68407764509709, 4.679302989349686, 4.669102741245764, 4.644067525953418, 4.6354637324511865, 4.621871386020117, 4.605447948604163, 4.59224347466516, 4.595782233338713, 4.573294453633479, 4.562368467941477, 4.550847016029262, 4.546598488515949, 4.538957442445269, 4.5272515094669465, 4.5194037101285565, 4.507413701522242, 4.498695605400463, 4.493259507288473, 4.488322222446345, 4.472738405007799, 4.471331894465064, 4.4647910111075255, 4.452735866817277, 4.448494903447905, 4.441744325211124, 4.440594155101931], "val_losses": [5.996499602754238, 5.73876125529661, 5.583346795550847, 5.478125331038136, 5.407724774894068, 5.342875066207627, 5.298205773305085, 5.258558990995763, 5.225756753177966, 5.204963254766949, 5.1742548331567795, 5.13987983315678, 5.121544292902542, 5.106786612817797, 5.088366326800847, 5.076527078919492, 5.0636328125, 5.044392876059322, 5.034145921610169, 5.031415519067797, 5.012389102224576, 5.005297603283898, 5.000543564618644, 4.990421080508475, 4.990075807733051, 4.985234706038136, 4.966184785487288, 4.960785884533898, 4.958198490466102, 4.946120564088983, 4.947333487817796, 4.950441604872881, 4.932792306673729, 4.930673000529661, 4.927545352224576, 4.927258342161017, 4.919466366525424, 4.91264499470339, 4.911462195444916, 4.905303230932203, 4.897671477754237, 4.897555614406779, 4.894647444385593, 4.8903360037076276, 4.889514367055085, 4.883703654661017, 4.883740399894068, 4.872576800847457, 4.875698159427966, 4.874212460275424], "test_losses": [5.946847267521238, 5.687492296533677, 5.527381082182949, 5.427893777495449, 5.351840417361954, 5.288570663304005, 5.241711662810983, 5.20239494842233, 5.171669969280947, 5.142747008684769, 5.11914536559466, 5.083712975955704, 5.064149726941747, 5.047701641193871, 5.031190742566747, 5.015578186627731, 5.005048733313107, 4.983991604406857, 4.973882286293993, 4.970839713383647, 4.954843465564321, 4.943819212682039, 4.938255828561135, 4.929210477662318, 4.927134986062652, 4.92346665465716, 4.907428037773058, 4.901938429156553, 4.896268085368629, 4.889529922633495, 4.884593778443568, 4.887431024347694, 4.873453380992111, 4.871073602472694, 4.864732464540352, 4.864577802639563, 4.859405221290959, 4.855421344053398, 4.852743796931887, 4.849623893071147, 4.841360444004096, 4.840254996586772, 4.837637299472846, 4.830369967858768, 4.828295068833435, 4.828602911199181, 4.823059970892749, 4.816599429232403, 4.819364973642294, 4.816966825318568], "status": "OK"}