{"data": "data/ptb", "recepie_id": 2001451, "recepies_list_path": "data/new_recepies_fix.json", "cuda": true, "batch_size": 20, "model": "CustomRNN", "emsize": 400, "nhid": 600, "nlayers": 3, "dropout": 0.1, "dropouth": 0.25, "dropouti": 0.4, "dropoute": 0.0, "wdrop": 0.1, "tied": true, "bptt": 70, "lr": 0.001, "wdecay": 1.2e-06, "epochs": 50, "alpha": 2, "beta": 1, "log_interval": 200, "clip": 0.25, "eval_batch_size": 50, "recepie": "{\"node_2\": {\"op\": \"linear\", \"input\": [\"h_prev_1\", \"h_prev_2\"]}, \"node_5\": {\"op\": \"linear\", \"input\": [\"h_new_2\", \"x\"]}, \"node_6\": {\"op\": \"activation_sigm\", \"input\": [\"node_5\"]}, \"node_10\": {\"op\": \"linear\", \"input\": [\"h_prev_0\", \"x\"]}, \"node_11\": {\"op\": \"activation_leaky_relu\", \"input\": [\"node_10\"]}, \"node_13\": {\"op\": \"linear\", \"input\": [\"node_6\", \"h_prev_0\"]}, \"h_new_0\": {\"op\": \"activation_sigm\", \"input\": [\"node_13\"]}, \"h_new_1\": {\"op\": \"elementwise_sum\", \"input\": [\"node_10\", \"node_11\"]}, \"h_new_2\": {\"op\": \"activation_sigm\", \"input\": [\"node_2\"]}}", "experiment_id": 999942096, "init_time": "2020-05-16_02-37-31", "num_params": 10976400, "wall_times": [204.26748871803284, 203.85788130760193, 204.28996086120605, 204.12316179275513, 204.15504097938538, 203.90397572517395, 203.94761872291565, 204.40961480140686, 204.1461501121521, 204.21540665626526, 204.3544044494629, 204.0666642189026, 204.2833652496338, 204.29895687103271, 204.24112677574158, 203.89340996742249, 204.16255927085876, 204.08341717720032, 204.19200015068054, 204.14290237426758, 201.87804913520813, 201.57525324821472, 201.4300992488861, 201.51662874221802, 201.72328758239746, 201.37159180641174, 201.87586426734924, 201.78609228134155, 201.16069197654724, 201.5827350616455, 201.6838459968567, 201.50488758087158, 201.20651412010193, 201.22288966178894, 201.28152561187744, 201.68029952049255, 201.58006715774536, 201.594908952713, 201.61870121955872, 201.63890647888184, 201.57386803627014, 202.01678824424744, 201.56367015838623, 201.66051840782166, 202.01204180717468, 201.76812267303467, 201.35307359695435, 201.5410008430481, 201.1779499053955, 201.1221218109131], "train_losses": [6.603424119869829, 6.575572101420042, 6.5599500430315745, 6.551708487978054, 6.547701172610403, 6.545405034694207, 6.543650573530202, 6.542530659996773, 6.541699864853961, 6.541308630520144, 6.540951855064279, 6.540648869076435, 6.540566924183745, 6.540281167634877, 6.539903380668065, 6.538923824027755, 6.53956593580227, 6.539525593701253, 6.539649561615835, 6.540843015437577, 6.540507251492658, 6.540877894545748, 6.540177370770803, 6.540454302485073, 6.54025301221021, 6.540812758861815, 6.540903528589102, 6.540179892152117, 6.540839233365607, 6.540945131380775, 6.546337525549998, 6.544422536442364, 6.54608286603733, 6.546895171050508, 6.547325486794685, 6.54840085592491, 6.550135566268625, 6.549835942122533, 6.550715483970738, 6.552182507664999, 6.5518761598354045, 6.553183075816255, 6.553486061804099, 6.554499236861923, 6.555286328061966, 6.554899296030337, 6.555678402856221, 6.554144982787371, 6.5553069193426925, 6.554919887311065], "val_losses": [6.602528469279661, 6.575022510593221, 6.557637711864407, 6.548536811440678, 6.544077065677966, 6.5409739141949155, 6.538634798728814, 6.537096795550847, 6.535901085805085, 6.53508938029661, 6.534472987288136, 6.53373874470339, 6.5335639565677965, 6.533414327330508, 6.53254435911017, 6.5319398834745765, 6.53233249470339, 6.531461864406779, 6.531745233050848, 6.533121027542373, 6.5332646980932205, 6.533947298728814, 6.5334408103813555, 6.534007547669492, 6.534105534957627, 6.534154528601695, 6.53399033368644, 6.533232918432203, 6.533851959745762, 6.53377251059322, 6.538645391949153, 6.537462261652542, 6.539468352754238, 6.54104872881356, 6.5415234375, 6.5432216631355935, 6.544731197033898, 6.545135063559322, 6.546234110169491, 6.547190148305085, 6.5466611493644065, 6.548062102754237, 6.548664592161017, 6.549863612288136, 6.55067002118644, 6.550158236228814, 6.551039459745763, 6.549400820974577, 6.550621027542373, 6.550131753177966], "test_losses": [6.522123170130461, 6.497575185831311, 6.484449071791565, 6.477869718977549, 6.474377678435983, 6.471915532084345, 6.470510538341929, 6.469734858540655, 6.468435935603762, 6.468414602927791, 6.467987356834041, 6.467651959761833, 6.467544111233313, 6.467566629057949, 6.46673109924909, 6.466163413038531, 6.466720432911105, 6.466460292779126, 6.466107711051274, 6.467678033032463, 6.467244861195389, 6.467993282577367, 6.467003090867719, 6.467101458206917, 6.466922500758495, 6.467568999355279, 6.466849614115595, 6.466577622496966, 6.466940870562803, 6.467446929042779, 6.471950493969963, 6.470838824522148, 6.472546623748483, 6.472975054990898, 6.473641701114988, 6.474278718522451, 6.475919556849211, 6.476186807873179, 6.477030041148361, 6.478714137401395, 6.477953864532767, 6.479352339957524, 6.480030837568265, 6.480725334685983, 6.481786635315534, 6.481374203580097, 6.482059219508495, 6.480926217384709, 6.482045590298847, 6.481128285232099], "status": "OK"}