{"data": "data/ptb", "recepie_id": 2005324, "recepies_list_path": "data/new_recepies_fix.json", "cuda": true, "batch_size": 20, "model": "CustomRNN", "emsize": 400, "nhid": 600, "nlayers": 3, "dropout": 0.1, "dropouth": 0.25, "dropouti": 0.4, "dropoute": 0.0, "wdrop": 0.1, "tied": true, "bptt": 70, "lr": 0.001, "wdecay": 1.2e-06, "epochs": 50, "alpha": 2, "beta": 1, "log_interval": 200, "clip": 0.25, "eval_batch_size": 50, "recepie": "{\"node_2\": {\"op\": \"linear\", \"input\": [\"x\", \"h_prev_0\"]}, \"node_4\": {\"op\": \"linear\", \"input\": [\"h_prev_1\", \"x\"]}, \"node_5\": {\"op\": \"activation_leaky_relu\", \"input\": [\"node_4\"]}, \"node_8\": {\"op\": \"linear\", \"input\": [\"x\", \"node_5\"]}, \"h_new_0\": {\"op\": \"activation_leaky_relu\", \"input\": [\"node_8\"]}, \"h_new_1\": {\"op\": \"activation_leaky_relu\", \"input\": [\"node_2\"]}}", "experiment_id": 999929476, "init_time": "2020-05-09_05-42-40", "num_params": 9174800, "wall_times": [214.37336587905884, 152.0785050392151, 151.89571380615234, 150.14869260787964, 153.23898577690125, 156.2179982662201, 150.66669607162476, 150.93199110031128, 150.36658763885498, 150.70949935913086, 151.1517527103424, 150.9942135810852, 152.0890564918518, 150.3607108592987, 150.31647658348083, 151.14675188064575, 149.7660117149353, 150.14621996879578, 151.2440218925476, 150.39236116409302, 150.64859175682068, 151.57279300689697, 151.58314895629883, 150.88319754600525, 151.00100326538086, 151.15727925300598, 150.50673651695251, 150.73847484588623, 151.42186164855957, 149.92540884017944, 150.48844170570374, 148.63639974594116, 145.7576780319214, 149.51768136024475, 153.03822493553162, 150.61802315711975, 150.66386032104492, 151.11679935455322, 152.65310072898865, 150.79702043533325, 150.71817183494568, 151.88378715515137, 150.351478099823, 150.26128768920898, 150.25495958328247, 149.95121145248413, 149.63933396339417, 151.24433207511902, 150.18607187271118, 149.65884375572205], "train_losses": [5.565932020197946, 5.226814638131354, 5.0557981684686135, 4.94070761726104, 4.8595527573826045, 4.790921178258297, 4.731819580038729, 4.678128025657577, 4.635763776827497, 4.601454080603518, 4.561461611129041, 4.531453811656178, 4.505165469851003, 4.475427878408907, 4.454193645446722, 4.428473454897531, 4.4100640094669465, 4.395508075143887, 4.371921813646388, 4.355813969124846, 4.344173592060675, 4.327203014899682, 4.313582933274165, 4.300020002958421, 4.289750837098596, 4.277657031628207, 4.263421312731967, 4.255502074256361, 4.245640111478672, 4.233033625141197, 4.230072262788446, 4.217737245172395, 4.213620669947824, 4.200084214135872, 4.194548521461997, 4.188277005674789, 4.182780814641493, 4.172496100263569, 4.167228934699586, 4.1605582002044, 4.1565067606637625, 4.146857434376849, 4.144284784976602, 4.133015050965521, 4.133729442337691, 4.124523458931741, 4.120591785003496, 4.113762203485558, 4.107941594723253, 4.1074570692808345], "val_losses": [5.594544491525424, 5.30703952595339, 5.178162076271186, 5.097188493114407, 5.044078058792373, 5.004434917902542, 4.968441141419492, 4.938081634004237, 4.916075873940678, 4.899218087923729, 4.875434653072034, 4.865129435911017, 4.8496510858050845, 4.840771980932203, 4.829001920021186, 4.81958686440678, 4.811209944385594, 4.808347457627119, 4.797604608050848, 4.79289890095339, 4.789328985699153, 4.782141816737288, 4.782149099576271, 4.77515095338983, 4.772966101694915, 4.768228945974577, 4.764616988877119, 4.762467227224576, 4.7633011122881355, 4.759639499470339, 4.756816737288136, 4.756876655190678, 4.751955773305085, 4.749669292902542, 4.74702297404661, 4.747668829449153, 4.7472520524364406, 4.7476446636652545, 4.744216101694915, 4.742511917372881, 4.740735566737288, 4.739360103283898, 4.738610632944916, 4.738509004237288, 4.74081203654661, 4.739988413665254, 4.735701138771186, 4.733144862288135, 4.736356263241525, 4.738970802436441], "test_losses": [5.552417347732099, 5.263400475955704, 5.132253109830097, 5.047929189737561, 4.994093219053398, 4.950571597201153, 4.914764996871208, 4.883249819857403, 4.859240189339351, 4.843447787090413, 4.821275729577518, 4.810222440552943, 4.795358305995904, 4.784501751649727, 4.775800686438107, 4.765167236328125, 4.757813981435831, 4.755025326626972, 4.742401123046875, 4.739594987295206, 4.735823844243022, 4.727838016250758, 4.726239250701608, 4.720540759632889, 4.716696433650637, 4.713277576039139, 4.708379060319326, 4.70524137922861, 4.704126746909132, 4.700902253678701, 4.702935968787925, 4.699479482706311, 4.698058489456917, 4.69350840744463, 4.691817496586772, 4.692089191918234, 4.689367201721784, 4.688723369709496, 4.687783250530947, 4.683333017293689, 4.683717894322664, 4.680681839729976, 4.680169855506675, 4.679493135618932, 4.680511474609375, 4.678678345911711, 4.676578262477245, 4.673569466303853, 4.675936208187955, 4.675958429725425], "status": "OK"}