{"data": "data/ptb", "recepie_id": 2007085, "recepies_list_path": "data/new_recepies_fix.json", "cuda": true, "batch_size": 20, "model": "CustomRNN", "emsize": 400, "nhid": 600, "nlayers": 3, "dropout": 0.1, "dropouth": 0.25, "dropouti": 0.4, "dropoute": 0.0, "wdrop": 0.1, "tied": true, "bptt": 70, "lr": 0.001, "wdecay": 1.2e-06, "epochs": 50, "alpha": 2, "beta": 1, "log_interval": 200, "clip": 0.25, "eval_batch_size": 50, "recepie": "{\"node_0\": {\"op\": \"linear\", \"input\": [\"h_prev_0\", \"x\"]}, \"node_1\": {\"op\": \"activation_sigm\", \"input\": [\"node_0\"]}, \"node_3\": {\"op\": \"linear\", \"input\": [\"h_prev_0\", \"x\", \"node_1\"]}, \"h_new_0\": {\"op\": \"elementwise_prod\", \"input\": [\"node_1\", \"node_3\"]}}", "experiment_id": 999964855, "init_time": "2020-05-19_10-47-30", "num_params": 8333200, "wall_times": [121.74619364738464, 119.86280059814453, 119.92058110237122, 120.10189366340637, 119.8674795627594, 119.9831714630127, 119.65559506416321, 119.90107202529907, 119.97630548477173, 119.73920130729675, 119.97775650024414, 120.03342080116272, 119.78237295150757, 119.94518089294434, 120.00605750083923, 119.95302700996399, 120.11549973487854, 119.96743893623352, 119.78349542617798, 119.88292121887207, 119.72770047187805, 119.5894148349762, 119.866375207901, 119.89633059501648, 119.74565505981445, 120.02325654029846, 119.65369057655334, 119.47525095939636, 119.74047541618347, 119.40832448005676, 119.36794376373291, 119.60832524299622, 119.35554027557373, 119.3940315246582, 119.82165861129761, 119.35972380638123, 119.74486494064331, 119.80114197731018, 119.49675583839417, 119.8533763885498, 119.5100507736206, 119.42184257507324, 119.54182815551758, 119.51315212249756, 119.46593189239502, 119.60516285896301, 118.89443373680115, 121.39487409591675, 122.11656522750854, 122.62483811378479], "train_losses": [5.594715268812866, 5.275785326233123, 5.0906054172717985, 4.974505052848152, 4.87600308953257, 4.7988698328492285, 4.731188394249906, 4.673882859986015, 4.62140198886558, 4.584781446667742, 4.540793848501964, 4.501127477677371, 4.4779597654779195, 4.452058455704373, 4.418981714942714, 4.393326660077457, 4.374460424398903, 4.349047001909526, 4.333593876069066, 4.303188538809101, 4.289814291861654, 4.273407243424238, 4.254368293125706, 4.249924778790812, 4.229708763649078, 4.216044978080792, 4.203294352778226, 4.18989993478027, 4.178676005863052, 4.168445921413587, 4.149365368323382, 4.145545475633371, 4.1353019438169, 4.12885939433059, 4.117842218681083, 4.109955337932333, 4.101411217121187, 4.09301249596579, 4.084853726265397, 4.081288913318272, 4.070910907831746, 4.059205395083643, 4.0624478914528535, 4.048488263810446, 4.049063979210371, 4.032644744096606, 4.032322427518692, 4.0257655754128345, 4.022239843876069, 4.0136158793233285], "val_losses": [5.627052436440678, 5.358249801377118, 5.2175450211864405, 5.133575542902542, 5.061376787605933, 5.010044690148305, 4.969185315148305, 4.933637115995762, 4.906045087394068, 4.889487884004238, 4.869421676377119, 4.853464314088983, 4.838561970338983, 4.833261056673729, 4.822746954449152, 4.804856660487288, 4.801339711334745, 4.7912685381355935, 4.790009931144068, 4.781182137182204, 4.77446140095339, 4.771361228813559, 4.768193524894068, 4.7612599311440675, 4.762882018008475, 4.757908170021186, 4.756555217161017, 4.7487880693855935, 4.750029131355932, 4.74626423463983, 4.74276516154661, 4.742784361758474, 4.7438440148305085, 4.741059984110169, 4.742151085805085, 4.73852688029661, 4.737546676377119, 4.735606461864407, 4.73534560381356, 4.736806144067796, 4.732044491525424, 4.7307041181144065, 4.734985434322034, 4.728944319385593, 4.725635924258475, 4.728537804555085, 4.731357918432203, 4.726015956038135, 4.733706302966102, 4.73064453125], "test_losses": [5.578184850007585, 5.307390231530643, 5.160784971366808, 5.076754375568871, 5.005916854710255, 4.956117500379247, 4.916691456026244, 4.882009858066596, 4.852201887704794, 4.836001794315079, 4.813966325185831, 4.795496672102549, 4.784564860816141, 4.776262005555977, 4.761968520081159, 4.748057541337985, 4.741736847220115, 4.73173300733844, 4.729481817449181, 4.720230250682645, 4.714021553113622, 4.709803905301881, 4.707332277760922, 4.701020768545206, 4.698846020744842, 4.695638415882889, 4.690651014013198, 4.688648409056432, 4.684777120942051, 4.682943103382889, 4.67919921875, 4.679675352226183, 4.679586466076304, 4.678185027779885, 4.677897036654278, 4.674221001782463, 4.674124115879096, 4.667308029619235, 4.670670296381978, 4.672329800800212, 4.669159528121208, 4.668935535023514, 4.669743213838744, 4.666897375606796, 4.665621563068871, 4.666055327480279, 4.66959684797861, 4.665315794713289, 4.665379496454035, 4.664039982175364], "status": "OK"}