{"data": "data/ptb", "recepie_id": 2001648, "recepies_list_path": "data/new_recepies_fix.json", "cuda": true, "batch_size": 20, "model": "CustomRNN", "emsize": 400, "nhid": 600, "nlayers": 3, "dropout": 0.1, "dropouth": 0.25, "dropouti": 0.4, "dropoute": 0.0, "wdrop": 0.1, "tied": true, "bptt": 70, "lr": 0.001, "wdecay": 1.2e-06, "epochs": 50, "alpha": 2, "beta": 1, "log_interval": 200, "clip": 0.25, "eval_batch_size": 50, "recepie": "{\"node_0\": {\"op\": \"linear\", \"input\": [\"h_prev_0\", \"x\"]}, \"node_1\": {\"op\": \"activation_tanh\", \"input\": [\"node_0\"]}, \"node_2\": {\"op\": \"linear\", \"input\": [\"x\", \"h_prev_0\", \"node_1\"]}, \"node_3\": {\"op\": \"activation_leaky_relu\", \"input\": [\"node_2\"]}, \"h_new_0\": {\"op\": \"blend\", \"input\": [\"node_2\", \"node_0\", \"node_3\"]}}", "experiment_id": 999994577, "init_time": "2020-05-12_06-01-38", "num_params": 8333200, "wall_times": [166.58525490760803, 164.53123140335083, 160.11895036697388, 157.73884057998657, 168.28728914260864, 168.01169157028198, 169.4994502067566, 162.73791551589966, 157.78611540794373, 164.81495666503906, 165.80837416648865, 157.15296602249146, 170.75805854797363, 160.17877984046936, 166.49802494049072, 165.66711378097534, 169.02678847312927, 157.46424651145935, 161.31396174430847, 166.30470752716064, 158.31738567352295, 158.65649390220642, 160.64339590072632, 165.66483187675476, 162.76882767677307, 158.98244404792786, 158.36409497261047, 164.09405779838562, 165.23916697502136, 159.2632110118866, 157.9676158428192, 169.63257241249084, 168.7688503265381, 166.51019263267517, 167.374694108963, 160.45626544952393, 160.1970407962799, 165.37693405151367, 160.38118934631348, 158.0279974937439, 158.30266737937927, 164.5062780380249, 166.15140795707703, 155.5954601764679], "train_losses": [5.520177353961595, 5.232898731240923, 5.072042587811307, 4.96419596511753, 4.890643490129633, 4.825739353047173, 4.766550767172288, 4.714780925582271, 4.678467571674466, 4.643077883787854, 4.6114114356409015, 4.585971118417514, 4.55183497727395, 4.522772275563445, 4.511365546500995, 4.487714149319563, 4.466699696761874, 4.442723881851434, 4.434758838281964, 4.4220699868215805, 4.411367983836265, 4.3927232094830835, 4.374458743478027, 4.372800094803938, 4.352670226857081, 4.3466504289710075, 4.332850068581572, 4.321001677559034, 4.307869062987467, 4.306680651928352, 4.299468240680975, 4.292286926469798, 4.290486660211931, 4.277936064493572, 4.267407616588672, 4.264772773116024, 4.256332869399172, 4.251984327093755, 4.2438490902856225, 4.240885626781776, 4.235562570598677, 4.225943500887526, 4.218485254962078, NaN], "val_losses": [5.554259798728814, 5.3167127913135594, 5.1934355137711865, 5.1173126324152545, 5.068818524894068, 5.02587592690678, 4.988895987817797, 4.957894597457627, 4.939324351165254, 4.921846530720339, 4.9056488347457625, 4.889908633474576, 4.873308726165254, 4.860910685911017, 4.85572563559322, 4.842713188559322, 4.830484970868644, 4.820910354872882, 4.81991061970339, 4.815842492055085, 4.811707163665254, 4.801890889830508, 4.793988347457627, 4.792922073622881, 4.7831048066737285, 4.78280124470339, 4.778034295550848, 4.775837857521187, 4.768901615466102, 4.7691849841101694, 4.76514267743644, 4.762301377118644, 4.763937367584746, 4.760029793432204, 4.7568531514830505, 4.7521815413135595, 4.752260990466102, 4.749364406779661, 4.745348252118644, 4.746206302966102, 4.740458156779661, 4.738456038135594, 4.737091498940678, NaN], "test_losses": [5.508752915465716, 5.269085634101942, 5.143618685527913, 5.066678834192961, 5.015998914403823, 4.975091730506675, 4.934761121435073, 4.903138392179915, 4.885536267919448, 4.865724433972997, 4.848502446146845, 4.83403829926426, 4.818204416812045, 4.804412841796875, 4.800032236043689, 4.788463999924151, 4.778451567714654, 4.76548070815003, 4.764520145157008, 4.760136872819326, 4.757862572531098, 4.748323310926122, 4.740567698062045, 4.740068454186893, 4.730881478022603, 4.727575802108617, 4.723263342403671, 4.720325062575849, 4.717173455988319, 4.716211707846632, 4.710335148190989, 4.710282705362561, 4.710420775182039, 4.706595115291262, 4.703854755290504, 4.698406330590109, 4.70008835283298, 4.696507426141535, 4.692134227567506, 4.693531814130765, 4.68997547927412, 4.683910480980734, 4.684281728800061, NaN], "status": "loss is nan!"}