{"data": "data/ptb", "recepie_id": 2004706, "recepies_list_path": "data/new_recepies_fix.json", "cuda": true, "batch_size": 20, "model": "CustomRNN", "emsize": 400, "nhid": 600, "nlayers": 3, "dropout": 0.1, "dropouth": 0.25, "dropouti": 0.4, "dropoute": 0.0, "wdrop": 0.1, "tied": true, "bptt": 70, "lr": 0.001, "wdecay": 1.2e-06, "epochs": 50, "alpha": 2, "beta": 1, "log_interval": 200, "clip": 0.25, "eval_batch_size": 50, "recepie": "{\"node_5\": {\"op\": \"linear\", \"input\": [\"h_prev_1\", \"x\"]}, \"node_8\": {\"op\": \"linear\", \"input\": [\"h_prev_1\", \"h_new_0\"]}, \"node_9\": {\"op\": \"activation_sigm\", \"input\": [\"node_8\"]}, \"node_10\": {\"op\": \"linear\", \"input\": [\"node_9\", \"h_prev_0\", \"h_new_0\"]}, \"h_new_0\": {\"op\": \"activation_leaky_relu\", \"input\": [\"node_5\"]}, \"h_new_1\": {\"op\": \"activation_tanh\", \"input\": [\"node_10\"]}}", "experiment_id": 999985014, "init_time": "2020-05-13_19-05-23", "num_params": 10134800, "wall_times": [159.74885153770447, 157.3178436756134, 157.3161392211914, 157.18038129806519, 157.35272192955017, 157.3983929157257, 157.59751415252686, 157.31834197044373, 157.07281398773193, 157.5160276889801, 157.31060433387756, 157.28692197799683, 157.01411247253418, 157.1911633014679, 157.20477747917175, 157.05233430862427, 156.5251817703247, 157.39058566093445, 157.30358791351318, 157.47501015663147, 157.32824802398682, 157.00771117210388, 157.50226068496704, 157.4058482646942, 157.4815595149994, 157.60538339614868, 157.61826062202454, 157.59833669662476, 157.53422284126282, 157.62108826637268, 157.60347294807434, 157.4718291759491, 157.6619369983673, 157.48481392860413, 157.5770034790039, 157.60623478889465, 157.4268021583557, 157.66698217391968, 157.27726483345032, 157.34426546096802, 157.47872352600098, 157.3836648464203, 157.51116180419922, 157.33117628097534, 157.5255355834961, 157.4848027229309, 157.25392150878906, 157.556471824646, 157.1705677509308, 157.01380848884583], "train_losses": [5.64363763043946, 5.332665167285246, 5.168345486391265, 5.052104344844279, 4.977765198886558, 4.904290046258943, 4.853725424936798, 4.8070025482760474, 4.771546464014846, 4.742349288634285, 4.696419386396643, 4.675988213382819, 4.647292792883653, 4.622458867866172, 4.604693215130977, 4.576112937711796, 4.562725663627562, 4.544909583266096, 4.529639257570867, 4.515276629148513, 4.513415849739121, 4.497068053762574, 4.474380244473132, 4.476304478645581, 4.452651400543274, 4.444130392394169, 4.435028205852294, 4.432014734952396, 4.419175861303857, 4.411978158114141, 4.407889738314238, 4.39636912686246, 4.393210676537034, 4.381893456511215, 4.372373140901511, 4.368805386342854, 4.362683052283363, 4.358637916196009, 4.352632406137379, 4.35575345597332, 4.342398539615943, 4.3324201730676135, 4.3416295183153135, 4.323728551449626, 4.326923561804099, 4.321526965332688, 4.319199730380292, 4.3103996893658225, 4.309210017616051, 4.312385697380453], "val_losses": [5.667650291313559, 5.40320014565678, 5.275699814618644, 5.1888397113347455, 5.138581832627119, 5.087745299258475, 5.057906514830509, 5.030268140889831, 5.010808064088983, 5.000247285487288, 4.9677784030720336, 4.961413532838983, 4.946202330508474, 4.932469875529661, 4.92491889565678, 4.912444054555085, 4.906187433792373, 4.897361295021186, 4.895538268008474, 4.88936672404661, 4.892440413135593, 4.883646716101695, 4.875274099576271, 4.87952893273305, 4.868421279131356, 4.864921875, 4.859308461334746, 4.860725966631356, 4.854414724576271, 4.855156581038136, 4.8568329581567795, 4.851771385063559, 4.847900887182203, 4.845159891419492, 4.841395325741526, 4.840192664194915, 4.841449284957627, 4.831983580508474, 4.835840836864406, 4.842035884533899, 4.833321305614406, 4.830363148834746, 4.8303624867584745, 4.826825344279661, 4.8293001853813555, 4.824776218220339, 4.827033567266949, 4.821521782309322, 4.820611096398305, 4.824764962923729], "test_losses": [5.628942397034284, 5.361737593863774, 5.231456571412318, 5.14098410004551, 5.088857113736347, 5.035400390625, 5.005836857175364, 4.97656487029733, 4.959117704224818, 4.945384794068568, 4.913465777647148, 4.906656209704946, 4.890027388785649, 4.878779735380006, 4.871227671799151, 4.855567117339199, 4.848852953864533, 4.842979357080552, 4.838231058954035, 4.833466465033374, 4.83412629655264, 4.828690019626062, 4.818633144341626, 4.822997454300667, 4.811878093238016, 4.807992287052488, 4.801370268886529, 4.803664716702063, 4.798853309409132, 4.79499002104824, 4.796917961639108, 4.791915449123938, 4.788895394038228, 4.786754422974818, 4.784455827138956, 4.783068314339351, 4.780743941520024, 4.775032413815989, 4.777523003735588, 4.781653246833283, 4.77492456528747, 4.772916923448878, 4.777019019265777, 4.767808043841019, 4.772442567695692, 4.768975415276092, 4.770529737750303, 4.763994828011226, 4.76324699920358, 4.767741082941444], "status": "OK"}