{"data": "data/ptb", "recepie_id": 2008990, "recepies_list_path": "data/new_recepies_fix.json", "cuda": true, "batch_size": 20, "model": "CustomRNN", "emsize": 400, "nhid": 600, "nlayers": 3, "dropout": 0.1, "dropouth": 0.25, "dropouti": 0.4, "dropoute": 0.0, "wdrop": 0.1, "tied": true, "bptt": 70, "lr": 0.001, "wdecay": 1.2e-06, "epochs": 50, "alpha": 2, "beta": 1, "log_interval": 200, "clip": 0.25, "eval_batch_size": 50, "recepie": "{\"node_0\": {\"op\": \"linear\", \"input\": [\"h_prev_0\", \"x\"]}, \"node_1\": {\"op\": \"activation_sigm\", \"input\": [\"node_0\"]}, \"node_2\": {\"op\": \"elementwise_prod\", \"input\": [\"node_1\", \"h_prev_0\"]}, \"node_6\": {\"op\": \"elementwise_sum\", \"input\": [\"h_prev_0\", \"node_2\"]}, \"h_new_0\": {\"op\": \"elementwise_prod\", \"input\": [\"node_2\", \"node_6\"]}}", "experiment_id": 999964530, "init_time": "2020-05-09_10-02-18", "num_params": 5731600, "wall_times": [76.84169888496399, 76.5134642124176, 76.3594799041748, 76.22836136817932, 75.93235349655151, 75.96717619895935, 75.73419547080994, 75.90111088752747, 75.77699184417725, 75.68084907531738, 75.78503561019897, 76.0014865398407, 75.79721283912659, 75.91983103752136, 75.90208792686462, 75.83979725837708, 75.88881468772888, 75.93139219284058, 75.8687674999237, 75.84953284263611, 75.92491960525513, 75.90486097335815, 75.93945479393005, 75.84901332855225, 75.89719462394714, 76.08794665336609, 75.76638841629028, 75.88738369941711, 75.90591144561768, 75.81555795669556, 75.98672747612, 75.96788573265076, 75.87688374519348, 76.01394557952881, 76.01136708259583, 75.77524375915527, 76.02981615066528, 75.82619500160217, 76.19422626495361, 76.01712536811829, 76.10961318016052, 76.01497387886047, 76.08533143997192, 76.02100276947021, 76.25864458084106, 76.26898193359375, 76.03821063041687, 76.05204939842224, 75.97418165206909, 76.1691586971283], "train_losses": [8.58036482706686, 8.058893584261202, 7.625384090420096, 7.276439204453768, 7.007866709698241, 6.812623967914583, 6.681615936474638, 6.604607067936098, 6.566420747942553, 6.550493602415147, 6.543851443574848, 6.540323610886988, 6.538035457344952, 6.536410847318595, 6.535210669813351, 6.5343033927706955, 6.53360707129794, 6.533051526948523, 6.532609024527997, 6.532256451374321, 6.5319635509117315, 6.531720657845194, 6.531517266419235, 6.531353796864074, 6.531215120891829, 6.531088631595933, 6.530981893120327, 6.530890703162821, 6.530818843795385, 6.530747824888387, 6.530695296111022, 6.530643607794094, 6.530596542009574, 6.5305587212898715, 6.530518799419074, 6.530482239390027, 6.530461227879082, 6.530428449922005, 6.530410380022592, 6.530390629202302, 6.530367936770481, 6.5303490264106285, 6.530334738583186, 6.530320030525523, 6.530307843849174, 6.53029397625195, 6.53027842773385, 6.5302700231294715, 6.5302578364531225, 6.530249011618525], "val_losses": [8.572424523305084, 8.049426641949152, 7.6144921875, 7.264561043432203, 6.995668697033898, 6.800540254237288, 6.669856329449153, 6.593027674788136, 6.554873543432203, 6.5387658898305085, 6.531999470338983, 6.528379237288136, 6.52604939088983, 6.524433262711864, 6.523271318855932, 6.522452992584745, 6.521773702330509, 6.521267213983051, 6.520894465042373, 6.520602489406779, 6.520376059322034, 6.520186043432203, 6.520056276483051, 6.519941737288136, 6.51984904661017, 6.519797404661017, 6.519691472457627, 6.519630561440678, 6.5196120233050845, 6.519565015889831, 6.519472987288135, 6.519438559322034, 6.519422669491526, 6.51934189618644, 6.519354475635593, 6.519349841101695, 6.519364406779661, 6.5193372616525425, 6.519372351694916, 6.51936970338983, 6.519329978813559, 6.519329316737288, 6.5193081302966105, 6.5193226959745765, 6.519382282838983, 6.519364406779661, 6.519318723516949, 6.519323358050848, 6.5192929025423725, 6.5192836334745765], "test_losses": [8.564501716095267, 8.033723405263956, 7.591788578959345, 7.235485484299151, 6.960592621738471, 6.759957619083738, 6.624247430597694, 6.543172002996056, 6.501607061589806, 6.483169111233313, 6.474988622572815, 6.470510538341929, 6.46759270232858, 6.465595726827973, 6.463975036028519, 6.462817145782767, 6.461906359033677, 6.461157937651699, 6.46062995392142, 6.460151746435073, 6.459694871624697, 6.459371326039139, 6.459061409663228, 6.458880081917476, 6.458675051198422, 6.458493130878337, 6.458328395213895, 6.458173140738774, 6.458080106568568, 6.45800307190534, 6.457897593674151, 6.457814633267597, 6.457723969394721, 6.457734043158374, 6.457633898096177, 6.457569307493932, 6.457532567885315, 6.457438348566444, 6.457410497572815, 6.457376720835861, 6.457327537166262, 6.457291982706311, 6.457298501023969, 6.457311537659284, 6.457294945577973, 6.457253465374697, 6.45722146636074, 6.457142653974515, 6.457163394076153, 6.457132580210861], "status": "OK"}