{"data": "data/ptb", "recepie_id": 2011000, "recepies_list_path": "data/new_recepies_fix.json", "cuda": true, "batch_size": 20, "model": "CustomRNN", "emsize": 400, "nhid": 600, "nlayers": 3, "dropout": 0.1, "dropouth": 0.25, "dropouti": 0.4, "dropoute": 0.0, "wdrop": 0.1, "tied": true, "bptt": 70, "lr": 0.001, "wdecay": 1.2e-06, "epochs": 50, "alpha": 2, "beta": 1, "log_interval": 200, "clip": 0.25, "eval_batch_size": 50, "recepie": "{\"node_0\": {\"op\": \"linear\", \"input\": [\"h_prev_1\", \"h_prev_0\"]}, \"node_2\": {\"op\": \"linear\", \"input\": [\"h_prev_1\", \"x\"]}, \"h_new_0\": {\"op\": \"activation_leaky_relu\", \"input\": [\"node_2\"]}, \"h_new_1\": {\"op\": \"activation_sigm\", \"input\": [\"node_0\"]}}", "experiment_id": 999970546, "init_time": "2020-05-12_00-09-43", "num_params": 7493200, "wall_times": [109.01791453361511, 108.04434752464294, 108.25927805900574, 107.53793811798096, 107.36903882026672, 107.55757713317871, 107.32693457603455, 107.46400690078735, 107.27908563613892, 107.14126133918762, 107.1316123008728, 107.31510663032532, 106.85995221138, 107.05602192878723, 111.11356854438782, 107.3242757320404, 107.11564636230469, 107.23181962966919, 107.36252403259277, 107.43416953086853, 107.41251873970032, 107.23066401481628, 107.36499214172363, 107.22277498245239, 107.3078932762146, 107.39647269248962, 107.43393540382385, 107.14148283004761, 107.34229397773743, 107.26276516914368, 107.44386577606201, 107.57278299331665, 107.41312265396118, 107.33766865730286, 107.50467610359192, 107.24437212944031, 107.25359511375427, 107.42294955253601, 107.19488430023193, 107.300865650177, 107.14308309555054, 107.20410442352295, 107.33331418037415, 107.3041923046112, 107.335125207901, 107.02852773666382, 107.08943390846252, 107.28560280799866, 107.43443703651428, 107.33244800567627], "train_losses": [5.733986287047496, 5.507809138158248, 5.375746749099027, 5.2971317606637625, 5.2439180080415255, 5.186111559356678, 5.155701599564305, 5.120017330294228, 5.09250527809155, 5.0655311205690925, 5.033584799096337, 5.013088910628799, 5.000556384809855, 4.986400089424991, 4.976951633182723, 4.959635206551557, 4.9489584173793775, 4.938445938222796, 4.921074041202733, 4.913460730326502, 4.906207556747889, 4.900973589371201, 4.8943944650637405, 4.882796531251681, 4.875826592840622, 4.862359895245011, 4.86050667997956, 4.855439123769566, 4.846499566322414, 4.845044309074283, 4.836578351083857, 4.836505651255984, 4.828024564977677, 4.820599097009306, 4.8196930806573075, 4.8194955724544135, 4.81263657482115, 4.81249621792803, 4.807025660938089, 4.808738939540638, 4.799882587676833, 4.79708175326771, 4.79724984535528, 4.781948002393631, 4.787640020708945, 4.7831061568769835, 4.782381259749341, 4.774739793448443, 4.782261073906729, 4.7746960895056745], "val_losses": [5.762915121822034, 5.570377383474576, 5.468850304555085, 5.415475039724576, 5.3819120762711865, 5.346248675847457, 5.330318458686441, 5.309220736228814, 5.29622219279661, 5.282001456567796, 5.266983249470339, 5.25732421875, 5.251950807733051, 5.246520127118644, 5.247528469279661, 5.238888042902542, 5.236158633474576, 5.232656912076271, 5.227002780720339, 5.224368379237288, 5.226817399364407, 5.224346861758475, 5.2247222590042375, 5.218286215572034, 5.2222808527542375, 5.216092756885593, 5.218265029131356, 5.2208984375, 5.214085341631356, 5.220026483050847, 5.216711798199152, 5.21895358845339, 5.2159086996822035, 5.214456766419492, 5.217585738877118, 5.219270391949152, 5.21858249470339, 5.219023768538135, 5.220152939618644, 5.222713519597457, 5.225182402012712, 5.223240201271186, 5.224890095338983, 5.226787274894067, 5.229174059851695, 5.214186639300848, 5.219242253707627, 5.222331170550848, 5.223909891419492, 5.220598516949153], "test_losses": [5.713362906743022, 5.518805346442658, 5.414268123293386, 5.358399622648665, 5.323921277685073, 5.284952404429611, 5.267692491846177, 5.246438035687197, 5.231662194705704, 5.217791807304308, 5.199557109943871, 5.190019033487561, 5.184505721897755, 5.178796268203883, 5.180011638159891, 5.171800928208435, 5.167447284587379, 5.163903690078883, 5.157349817961165, 5.155631352396845, 5.154425463630158, 5.153711411559466, 5.154858635467233, 5.148580902988471, 5.149997748217537, 5.143932749924151, 5.146812661180219, 5.146967323081007, 5.144193482630461, 5.146610000758495, 5.144488584648058, 5.145951650675061, 5.142162137818568, 5.14099595153216, 5.144495695540049, 5.145856838781857, 5.146228975462682, 5.146681109678398, 5.147693819212682, 5.150542324029126, 5.148309503944175, 5.147348940951153, 5.148499127730583, 5.144871980241201, 5.146888510694781, 5.143111441899272, 5.146889103269114, 5.145847950166869, 5.149812865025789, 5.146412673505765], "status": "OK"}