{"data": "data/ptb", "recepie_id": 1009302, "recepies_list_path": "data/models_recepies.json", "cuda": true, "batch_size": 20, "model": "CustomRNN", "emsize": 400, "nhid": 600, "nlayers": 3, "dropout": 0.1, "dropouth": 0.25, "dropouti": 0.4, "dropoute": 0.0, "wdrop": 0.1, "tied": true, "bptt": 70, "lr": 0.001, "wdecay": 1.2e-06, "epochs": 50, "alpha": 2, "beta": 1, "log_interval": 200, "clip": 0.25, "eval_batch_size": 50, "recepie": "{\"node_0\": {\"op\": \"elementwise_prod\", \"input\": [\"h_prev_0\", \"h_prev_1\"]}, \"node_1\": {\"op\": \"linear\", \"input\": [\"h_prev_0\", \"x\"]}, \"node_2\": {\"op\": \"activation_leaky_relu\", \"input\": [\"node_1\"]}, \"node_4\": {\"op\": \"elementwise_prod\", \"input\": [\"h_prev_0\", \"node_2\"]}, \"node_5\": {\"op\": \"linear\", \"input\": [\"h_prev_0\", \"h_prev_1\"]}, \"h_new_0\": {\"op\": \"blend\", \"input\": [\"node_4\", \"node_1\", \"node_0\"]}, \"h_new_1\": {\"op\": \"activation_leaky_relu\", \"input\": [\"node_5\"]}}", "experiment_id": 999946660, "init_time": "2020-04-15_16-54-53", "num_params": 7493200, "wall_times": [197.140465259552, 140.70651531219482, 141.38404440879822, 140.50334215164185, 141.05612087249756, 141.12420010566711, 140.4591155052185, 141.2746307849884, 141.1014449596405, 141.42150831222534, 141.04766416549683, 140.7549307346344, 140.68884658813477, 140.5245442390442, 141.63067245483398, 141.3347749710083, 141.0789930820465, 140.87270784378052, 140.91133546829224, 141.12734127044678, 140.93702101707458, 141.92329668998718, 141.0711052417755, 141.30685544013977, 140.89272332191467, 141.83658862113953, 141.11265420913696, 140.78895664215088, 141.39311933517456, 141.2362940311432, 142.24316310882568, 141.1618754863739, 140.26103687286377, 140.31397104263306, 140.7946572303772, 140.74177837371826, 140.95665216445923, 141.93314695358276, 140.70939302444458, 141.230286359787, 141.05802369117737, 140.88775777816772, 141.27484679222107, 140.999427318573, 136.86683583259583, 138.94623041152954, 140.28923392295837, 140.87751746177673, 140.93946146965027, 140.8712294101715], "train_losses": [8.58057158033457, 8.058336358990909, 7.624329312570599, 7.275410480877844, 7.007219555161099, 6.812377713006294, 6.681699562288204, 6.604489403474799, 6.566345106503147, 6.550456622155882, 6.543839256898499, 6.540328653649615, 6.538035457344952, 6.536407905707063, 6.5352140316551015, 6.534316840137701, 6.533610012909472, 6.5330616124737775, 6.532620790974128, 6.532265276208919, 6.53196817344414, 6.531726961298478, 6.531520208030767, 6.5313487541014466, 6.531204194906137, 6.531091152977247, 6.5309831538109835, 6.530893644774353, 6.530818003334947, 6.5307440428164165, 6.530688572427518, 6.530639825722123, 6.530594861088699, 6.530546954843742, 6.530509974584477, 6.530483079850465, 6.530454504195578, 6.530423827389597, 6.530400294497338, 6.530386426900113, 6.530363314238072, 6.530347345489753, 6.530339361115594, 6.530318349604648, 6.530302801086547, 6.530296077403045, 6.530280949115164, 6.530275906352536, 6.530265820827282, 6.530252373460277], "val_losses": [8.572541048728814, 8.048736096398304, 7.613310381355932, 7.2634434586864405, 6.9949185646186445, 6.800197960805085, 6.669882150423729, 6.592930349576271, 6.554784825211865, 6.538730799788135, 6.531923993644067, 6.528296477754237, 6.526018935381356, 6.5243968485169495, 6.523221001059322, 6.522339115466102, 6.521737950211865, 6.521265227754237, 6.520838850635593, 6.520596530720339, 6.520333686440678, 6.520171477754237, 6.519979475635593, 6.519826536016949, 6.5197543697033895, 6.519662341101695, 6.519590174788136, 6.5195875264830505, 6.5195484639830505, 6.519515360169492, 6.519482256355932, 6.519375662076271, 6.519355137711864, 6.5193028336864405, 6.519310116525424, 6.5192737023305085, 6.519323358050848, 6.519296212923729, 6.519300185381356, 6.519300185381356, 6.519300847457627, 6.519319385593221, 6.519290916313559, 6.519306806144068, 6.519284295550848, 6.519287605932203, 6.519284957627119, 6.519255164194916, 6.519260460805085, 6.519226694915254], "test_losses": [8.564751782463592, 8.033189495790351, 7.590743277836772, 7.234463293575546, 6.959914716702063, 6.759615703693871, 6.624240319705704, 6.542946824749697, 6.501413289783071, 6.483031633988167, 6.474868329983313, 6.470454836354672, 6.467613442430219, 6.465487285725121, 6.463928815230583, 6.462792850235133, 6.461886211506371, 6.461137197550061, 6.460573066785497, 6.460123895441444, 6.459733388956311, 6.459372511187803, 6.459056669068568, 6.458811935869235, 6.458641867035801, 6.458435651168083, 6.458278026395631, 6.458196843712075, 6.458076551122573, 6.457933740708435, 6.457837151092233, 6.457815225841929, 6.457710340185073, 6.457619083737864, 6.457563381750607, 6.457518346101335, 6.457493457979369, 6.457429459951456, 6.457414645593143, 6.457383239153519, 6.457302649044296, 6.457335240632585, 6.457381461430522, 6.457321611422937, 6.457316278253944, 6.457292575280643, 6.457261168841019, 6.457298501023969, 6.457288427260315, 6.457220873786408], "status": "OK"}