{"data": "data/ptb", "recepie_id": 2002819, "recepies_list_path": "data/new_recepies_fix.json", "cuda": true, "batch_size": 20, "model": "CustomRNN", "emsize": 400, "nhid": 600, "nlayers": 3, "dropout": 0.1, "dropouth": 0.25, "dropouti": 0.4, "dropoute": 0.0, "wdrop": 0.1, "tied": true, "bptt": 70, "lr": 0.001, "wdecay": 1.2e-06, "epochs": 50, "alpha": 2, "beta": 1, "log_interval": 200, "clip": 0.25, "eval_batch_size": 50, "recepie": "{\"node_0\": {\"op\": \"linear\", \"input\": [\"x\", \"h_prev_0\"]}, \"node_1\": {\"op\": \"activation_leaky_relu\", \"input\": [\"node_0\"]}, \"node_2\": {\"op\": \"linear\", \"input\": [\"x\", \"h_prev_0\"]}, \"node_3\": {\"op\": \"activation_leaky_relu\", \"input\": [\"node_2\"]}, \"node_5\": {\"op\": \"linear\", \"input\": [\"node_1\", \"h_prev_0\"]}, \"node_6\": {\"op\": \"activation_leaky_relu\", \"input\": [\"node_5\"]}, \"node_11\": {\"op\": \"linear\", \"input\": [\"h_prev_0\", \"node_3\"]}, \"node_12\": {\"op\": \"activation_leaky_relu\", \"input\": [\"node_11\"]}, \"node_16\": {\"op\": \"linear\", \"input\": [\"node_12\", \"node_6\"]}, \"h_new_0\": {\"op\": \"activation_leaky_relu\", \"input\": [\"node_16\"]}}", "experiment_id": 999926040, "init_time": "2020-05-18_12-27-55", "num_params": 12738000, "wall_times": [240.66334009170532, 238.5406436920166, 235.5619375705719, 238.66300249099731, 240.42574262619019, 236.53037810325623, 238.28039741516113, 237.59221601486206, 236.43845868110657, 237.01167798042297, 237.14778804779053, 237.16470575332642, 237.47407269477844, 236.25291323661804, 236.65079522132874, 236.09053826332092, 236.16147375106812, 240.82561588287354, 237.99789357185364, 236.4803705215454, 241.57664847373962, 237.3196985721588, 237.69507884979248, 238.10116982460022, 239.11091685295105, 233.8692946434021, 236.64032220840454, 236.92544507980347, 236.07061767578125, 237.3184905052185, 244.64376258850098, 241.42719650268555, 244.5095899105072, 240.9919354915619, 239.55447340011597, 240.92709589004517, 239.97876167297363, 239.9225926399231, 244.24566841125488, 240.81324577331543, 240.59067940711975, 242.01372170448303, 235.9585886001587, 241.6340787410736, 240.62212705612183, 245.6802623271942, 244.45781016349792, 235.5708863735199, 235.22454619407654, 237.24685907363892], "train_losses": [5.916436380506696, 5.614296316093808, 5.437462599510516, 5.319901514845893, 5.218971461325372, 5.147811777204024, 5.090454974853424, 5.041725078667097, 5.00257138870959, 4.9668442559571835, 4.936964206470873, 4.907621631434565, 4.881060980447528, 4.8598414555430045, 4.837397379780539, 4.819725438384165, 4.8006314379269535, 4.7830120253079444, 4.773641731886396, 4.7558651531655105, 4.742541333844334, 4.727450866682804, 4.716780801194126, 4.706475915765693, 4.69505111680383, 4.681142757248131, 4.675015380426013, 4.665089122424829, 4.655373399763326, 4.645239127803776, 4.640867893066537, 4.632630540315207, 4.622758912242483, 4.613067983163896, 4.608577823274703, 4.602049546823732, 4.596388205314399, 4.585768567451993, 4.583711960760583, 4.575701112097251, 4.571906433220375, 4.5690438249690715, 4.562201636544565, 4.556078882254854, 4.556042742456027, 4.546485866817277, 4.543828751143026, 4.537910228739713, 4.535435492980475, 4.5317609999462105], "val_losses": [5.930621689618644, 5.652634401483051, 5.500604475635593, 5.40534328654661, 5.328605336334745, 5.277298066737288, 5.237983977754237, 5.2058163400423725, 5.178229608050848, 5.15854641154661, 5.136159295550847, 5.1188731461864405, 5.103304422669492, 5.091397311970339, 5.081730005296611, 5.07328125, 5.062680415783898, 5.05359970868644, 5.052596663135593, 5.043975768008474, 5.037839314088983, 5.031296345338983, 5.02381455243644, 5.017521517478814, 5.01400688559322, 5.010485963983051, 5.013969478283898, 5.002175913665254, 4.996337725105932, 4.994653072033898, 4.992811837923729, 4.996586665783898, 4.986724377648305, 4.982317929025424, 4.988651350635593, 4.979896054025423, 4.9753797007415255, 4.974164128707627, 4.979283302436441, 4.970096001059322, 4.975750794491526, 4.96829780190678, 4.966137447033899, 4.965838519597457, 4.972670815677966, 4.964058527542373, 4.9623483845338985, 4.96654594809322, 4.961853813559322, 4.960012248411017], "test_losses": [5.880430351183253, 5.602110631257585, 5.448809873710558, 5.353780505726639, 5.274738793234223, 5.219622269417476, 5.18017341095267, 5.147230426084648, 5.120609616770328, 5.09925027495449, 5.07806159454642, 5.059777120942051, 5.041620643393507, 5.030845864305219, 5.018614537507585, 5.009461041793083, 4.995218517710861, 4.988906415920813, 4.987808375682645, 4.978038010087985, 4.969592344413683, 4.962211238527761, 4.957883964464503, 4.951725339426578, 4.947887828049151, 4.940876192259557, 4.943274933157615, 4.936164930028823, 4.928750047405947, 4.925409113319175, 4.924309887932342, 4.923953454471329, 4.915075209534284, 4.911604501668689, 4.91263884016611, 4.909527528633192, 4.903421642710861, 4.899835975424757, 4.906958422614533, 4.898526089862712, 4.902059610607554, 4.895432259272603, 4.897015617889108, 4.894149335842688, 4.897686708320692, 4.890841585918538, 4.891243351315989, 4.893967711809769, 4.887623907292931, 4.889404593162166], "status": "OK"}