{"data": "data/ptb", "recepie_id": 1001297, "recepies_list_path": "data/models_recepies.json", "cuda": true, "batch_size": 20, "model": "CustomRNN", "emsize": 400, "nhid": 600, "nlayers": 3, "dropout": 0.1, "dropouth": 0.25, "dropouti": 0.4, "dropoute": 0.0, "wdrop": 0.1, "tied": true, "bptt": 70, "lr": 0.001, "wdecay": 1.2e-06, "epochs": 50, "alpha": 2, "beta": 1, "log_interval": 200, "clip": 0.25, "eval_batch_size": 50, "recepie": "{\"node_0\": {\"op\": \"linear\", \"input\": [\"x\", \"h_prev_0\"]}, \"node_1\": {\"op\": \"activation_leaky_relu\", \"input\": [\"node_0\"]}, \"node_2\": {\"op\": \"linear\", \"input\": [\"x\", \"h_prev_0\", \"node_1\"]}, \"node_3\": {\"op\": \"activation_sigm\", \"input\": [\"node_2\"]}, \"node_4\": {\"op\": \"linear\", \"input\": [\"x\", \"node_3\"]}, \"node_5\": {\"op\": \"activation_tanh\", \"input\": [\"node_4\"]}, \"node_6\": {\"op\": \"linear\", \"input\": [\"node_5\", \"node_1\"]}, \"node_7\": {\"op\": \"activation_tanh\", \"input\": [\"node_6\"]}, \"h_new_0\": {\"op\": \"elementwise_prod\", \"input\": [\"node_7\", \"node_2\"]}}", "experiment_id": 999988021, "init_time": "2020-04-24_16-21-30", "num_params": 11816400, "wall_times": [279.8689510822296, 215.32628536224365, 210.98372411727905, 212.1921238899231, 213.33702063560486, 213.5917465686798, 216.16602778434753, 216.30611443519592, 215.01779127120972, 214.67865252494812, 215.01640367507935, 213.1013252735138, 213.89178013801575, 212.91991710662842, 217.26521944999695, 215.45045495033264, 216.7303102016449, 215.24801301956177, 213.7097132205963, 215.87390089035034, 214.03064155578613, 215.63323783874512, 213.38621306419373, 215.86340045928955, 215.5649929046631, 215.1647732257843, 214.23578524589539, 213.9503412246704, 216.58342576026917, 214.40450811386108, 215.82850551605225, 209.56028842926025, 213.5322699546814, 209.22006678581238, 213.01875472068787, 214.275390625, 213.50108647346497, 213.31394481658936, 214.01031947135925, 215.85125541687012, 213.72577357292175, 214.25302124023438, 217.07415437698364, 215.81318593025208, 216.91669750213623, 214.1846821308136, 215.2060842514038, 214.49326825141907, 215.5023853778839, 215.39354419708252], "train_losses": [5.731942707492873, 5.377815962697004, 5.161875201710505, 5.021634292130601, 4.916920485718896, 4.8351399030444835, 4.764918172771771, 4.709213715641977, 4.654624969743424, 4.615766281399602, 4.5687622707223925, 4.532122397934485, 4.495651037464365, 4.473251926335323, 4.441401837582701, 4.418191682131138, 4.392247929105481, 4.368475505620999, 4.349760973051477, 4.333353924614061, 4.312817694045506, 4.29716748023237, 4.279043791350653, 4.264397087300306, 4.248683418724114, 4.233152130062933, 4.221339038378785, 4.210661408746168, 4.196758091953096, 4.183796931310849, 4.171357276370287, 4.166712891990748, 4.155413321634124, 4.146161533134312, 4.137582533214997, 4.124359148916143, 4.117189180920875, 4.109655293556021, 4.101175467968372, 4.097006784196655, 4.084990301086547, 4.084054448389005, 4.074084486445054, 4.068186135092249, 4.065673998843526, 4.05482785689312, 4.050609165725351, 4.041269969340004, 4.038409462239794, 4.031142421063955], "val_losses": [5.752634401483051, 5.445947762182203, 5.275548861228813, 5.173377582097458, 5.094137976694915, 5.040810050317797, 4.996028535487288, 4.96306640625, 4.936120233050848, 4.918251787605932, 4.893374271716102, 4.874682534427966, 4.858672537076271, 4.84918796345339, 4.839039989406779, 4.829475304555085, 4.819231991525424, 4.813460010593221, 4.804843418961864, 4.799655720338983, 4.793397113347457, 4.786321835275424, 4.7852737685381355, 4.780209878177966, 4.775043034957627, 4.770884533898305, 4.7683117055084745, 4.764609375, 4.761860434322034, 4.763265029131356, 4.756050715042373, 4.7489817266949155, 4.749709348516949, 4.751929621292373, 4.744118776483051, 4.741908103813559, 4.740414128707627, 4.740709745762712, 4.735769663665255, 4.736383077330508, 4.737097457627119, 4.734207163665254, 4.729471994173728, 4.732183858580508, 4.730240995762712, 4.728343485169492, 4.72740466101695, 4.725971596927966, 4.734559719279661, 4.728442134533898], "test_losses": [5.702298951380461, 5.395856838781857, 5.223315785232099, 5.116903064320389, 5.040476382357403, 4.987539939510012, 4.941495728724211, 4.90658924880537, 4.87718215497952, 4.858975901187045, 4.835758246264412, 4.817079414441747, 4.800583626460103, 4.791310727017597, 4.780599353382889, 4.771707479236196, 4.763055893981341, 4.755481905150182, 4.747861991808253, 4.741999950223756, 4.735227418177336, 4.728451034397755, 4.729103458737864, 4.723381264695844, 4.717468854293083, 4.713704525845722, 4.708144697170813, 4.70959946715716, 4.701336610664442, 4.70312974059466, 4.698321296173392, 4.692636730601486, 4.693615959685983, 4.694902142274727, 4.687362522754855, 4.686247890435376, 4.683727079224818, 4.683918184447057, 4.680490734507736, 4.68031533250531, 4.681198564547937, 4.676078129740595, 4.674756688979065, 4.676895586032312, 4.67333273285801, 4.672183731227245, 4.66880813154202, 4.669847506921268, 4.674334479767142, 4.671117690003034], "status": "OK"}