{"data": "data/ptb", "recepie_id": 1013459, "recepies_list_path": "data/models_recepies.json", "cuda": true, "batch_size": 20, "model": "CustomRNN", "emsize": 400, "nhid": 600, "nlayers": 3, "dropout": 0.1, "dropouth": 0.25, "dropouti": 0.4, "dropoute": 0.0, "wdrop": 0.1, "tied": true, "bptt": 70, "lr": 0.001, "wdecay": 1.2e-06, "epochs": 50, "alpha": 2, "beta": 1, "log_interval": 200, "clip": 0.25, "eval_batch_size": 50, "recepie": "{\"node_2\": {\"op\": \"linear\", \"input\": [\"h_prev_0\", \"h_prev_1\"]}, \"node_3\": {\"op\": \"activation_leaky_relu\", \"input\": [\"node_2\"]}, \"node_4\": {\"op\": \"linear\", \"input\": [\"h_prev_0\", \"h_prev_1\", \"x\"]}, \"node_5\": {\"op\": \"activation_sigm\", \"input\": [\"node_4\"]}, \"node_7\": {\"op\": \"linear\", \"input\": [\"h_prev_2\", \"node_5\"]}, \"h_new_0\": {\"op\": \"linear\", \"input\": [\"node_3\", \"x\"]}, \"h_new_1\": {\"op\": \"elementwise_prod\", \"input\": [\"node_4\", \"node_7\"]}, \"h_new_2\": {\"op\": \"activation_tanh\", \"input\": [\"node_7\"]}}", "experiment_id": 999918097, "init_time": "2020-04-24_06-21-54", "num_params": 11856400, "wall_times": [259.31572222709656, 262.156277179718, 253.6449580192566, 255.6221742630005, 252.18890261650085, 258.098605632782, 250.23513102531433, 250.45921063423157, 253.39723753929138, 254.1154215335846, 259.7612907886505, 254.0684072971344, 251.25731253623962, 252.13725018501282, 251.03067302703857, 243.91426491737366, 246.32682585716248, 238.94369983673096, 243.36276245117188, 242.74206256866455, 242.44549679756165, 244.56314063072205, 244.976904630661, 246.1740312576294, 242.65918445587158, 242.31463646888733, 244.5814015865326, 247.89338278770447, 243.71735262870789, 244.38005137443542, 243.0778248310089, 245.7983911037445, 247.44718837738037, 242.04949188232422, 242.87223410606384, 243.6619918346405, 241.96082711219788, 245.954847574234, 247.03721070289612, 246.23536133766174, 243.70467972755432, 241.4074149131775, 246.13953566551208, 244.35311269760132, 245.55411052703857, 243.11741709709167, 245.17751121520996, 244.09442377090454, 248.4317831993103, 245.16207432746887], "train_losses": [5.5242493847829595, 5.258510082163412, 5.124369654671615, 5.020521942741111, 4.947971296595127, 4.885857067936098, 4.8417459220859556, 4.7936463712280135, 4.772142770695498, 4.733567317519229, 4.717759937604217, 4.6823631058038835, 4.655663778844602, 4.630508377709645, 4.6211914535259, 4.592603191732559, 4.581609128745091, 4.567500739605185, 4.5512340480608895, 4.541276272793287, 4.527046437120112, 4.514679061777204, 4.510966327793018, 4.492384587972675, 4.483529917029745, 4.477450866682804, 4.459263723038029, 4.4569835538701525, 4.4426898432037, 4.4431798316389655, 4.4347159747996345, 4.418698900005379, 4.4172961715346135, 4.4060995575816255, 4.408086406056694, 4.392021425017481, 4.3925580590070465, 4.3857868894895375, 4.378303429750955, 4.373674173659298, 4.36865074162229, 4.363240697783874, 4.3544679717336345, 4.3490032979667586, 4.3453346881555595, 4.345856614087461, 4.340734007718789, 4.325862480501318, 4.338725307272336, 4.326815142407616], "val_losses": [5.566273834745763, 5.356333752648305, 5.2611199020127115, 5.18916843220339, 5.14380031779661, 5.104623940677966, 5.08174126059322, 5.053563625529661, 5.044618975105932, 5.025853416313559, 5.027049126059322, 5.00694716631356, 4.993306408898305, 4.980598847987288, 4.976965373411017, 4.965547537076271, 4.95927204713983, 4.956097722457627, 4.954286281779661, 4.949448821504237, 4.947182203389831, 4.940489936440678, 4.938293167372882, 4.927414261122881, 4.926828985699153, 4.928695378707627, 4.921328787076271, 4.91932766154661, 4.915305548199153, 4.9189105534957624, 4.911240068855932, 4.904455442266949, 4.9040883209745765, 4.899375, 4.905615399894068, 4.896557534427966, 4.898183262711864, 4.898280918961865, 4.896482388771187, 4.894045286016949, 4.896910421080508, 4.891124205508475, 4.885687897245763, 4.885502184851695, 4.881963718220339, 4.891984242584746, 4.885001655190678, 4.878512314618644, 4.886785288665254, 4.884452462923729], "test_losses": [5.526767767748787, 5.308868704490291, 5.217006646313713, 5.144603544068568, 5.10088874298392, 5.06439683043841, 5.043691690685679, 5.015144422216323, 5.008346409473605, 4.988479169827063, 4.990978648361651, 4.974014430370145, 4.958026182304308, 4.94617173278216, 4.944865995240443, 4.931462852700243, 4.928167843124242, 4.922284172576608, 4.919382632357403, 4.916632494880158, 4.914481746340261, 4.907354262268659, 4.907598106606493, 4.898926670111499, 4.895115528291869, 4.897656190742567, 4.89122024091702, 4.886908373786408, 4.884824882433253, 4.889597772394569, 4.884568001460103, 4.875323545585558, 4.876059226619387, 4.870760723225121, 4.87922890672406, 4.868920483635467, 4.872277713516383, 4.870544729880916, 4.86785651642142, 4.863617239646541, 4.865538958206917, 4.863083922747269, 4.859805208965413, 4.855194980658374, 4.854493668935831, 4.859161969527458, 4.855048022223908, 4.848033127275485, 4.856588122914139, 4.850030102776092], "status": "OK"}