{"data": "data/ptb", "recepie_id": 2006823, "recepies_list_path": "data/new_recepies_fix.json", "cuda": true, "batch_size": 20, "model": "CustomRNN", "emsize": 400, "nhid": 600, "nlayers": 3, "dropout": 0.1, "dropouth": 0.25, "dropouti": 0.4, "dropoute": 0.0, "wdrop": 0.1, "tied": true, "bptt": 70, "lr": 0.001, "wdecay": 1.2e-06, "epochs": 50, "alpha": 2, "beta": 1, "log_interval": 200, "clip": 0.25, "eval_batch_size": 50, "recepie": "{\"node_0\": {\"op\": \"linear\", \"input\": [\"x\", \"h_prev_1\"]}, \"node_1\": {\"op\": \"activation_sigm\", \"input\": [\"node_0\"]}, \"node_2\": {\"op\": \"linear\", \"input\": [\"h_prev_0\", \"h_prev_1\"]}, \"h_new_0\": {\"op\": \"activation_leaky_relu\", \"input\": [\"node_2\"]}, \"h_new_1\": {\"op\": \"blend\", \"input\": [\"node_1\", \"node_2\", \"h_new_0\"]}}", "experiment_id": 999942037, "init_time": "2020-05-13_10-28-59", "num_params": 7493200, "wall_times": [191.74408316612244, 134.8788285255432, 140.04434275627136, 135.84152698516846, 137.49729561805725, 136.3917510509491, 137.35196018218994, 134.68692541122437, 133.22002577781677, 136.27326107025146, 134.30543684959412, 136.4390308856964, 136.49279069900513, 136.1957323551178, 135.2520968914032, 136.87593746185303, 134.13767457008362, 135.16853189468384, 133.87707710266113, 133.59876704216003, 135.5277488231659, 134.19246411323547, 134.06944942474365, 133.83445477485657, 135.6909375190735, 137.06832766532898, 135.71214199066162, 134.05503582954407, 134.40346693992615, 134.35337853431702, 136.86438298225403, 135.94434571266174, 135.94293403625488, 136.28812432289124, 134.7474136352539, 137.4989161491394, 134.14103722572327, 135.4206669330597, 136.17254829406738, 135.61272954940796, 135.43094730377197, 133.60468244552612, 138.04281759262085, 134.01278710365295, 136.10437941551208, 137.5491886138916, 136.27103352546692, 136.8809425830841, 134.75418543815613, 138.24476957321167], "train_losses": [6.546027815878651, 6.543407680463665, 6.541440162578667, 6.540411018772525, 6.5398743847829595, 6.542645382846539, 6.545932003388736, 6.546719935049217, 6.55066421588403, 6.551428614652251, 6.5503792997956, 6.558672963396267, 6.553673904711958, 6.5540701818084015, 6.554057154671615, 6.553054485369264, 6.554912743397343, 6.557959412484536, 6.556007022887418, 6.561175434349955, 6.565749640282933, 6.56480244136948, 6.570088937523533, 6.569299324942176, 6.5684315495401, 6.570227613495778, 6.57179171037061, 6.567119170566403, 6.562801305066968, 6.561780565865203, 6.55924153488247, 6.568584933570007, 6.567490654079931, 6.569951942472164, 6.575728427061481, 6.5723094340003225, 6.573727710989188, 6.573529362325856, 6.576306243612501, 6.57108110107041, 6.577497176052929, 6.5765604828949495, 6.574197948604163, 6.574395036576838, 6.57462868457856, 6.57892511833683, 6.573220913345167, 6.575503603894357, 6.574532031628207, 6.574225683798613], "val_losses": [6.539794756355932, 6.536588983050848, 6.534449152542373, 6.532653601694915, 6.53278998940678, 6.535638241525424, 6.539656382415254, 6.541269200211865, 6.545309851694915, 6.54640095338983, 6.545080111228813, 6.55388440148305, 6.549098914194915, 6.550630296610169, 6.550267478813559, 6.5495226430084745, 6.551974973516949, 6.5547192796610165, 6.551790254237289, 6.557939618644068, 6.561522775423729, 6.56159560381356, 6.566159957627119, 6.564489539194915, 6.563301112288135, 6.564937764830509, 6.56681342690678, 6.561398967161017, 6.556937897245763, 6.556277145127119, 6.552989274364407, 6.563529528601695, 6.563597060381356, 6.56519001588983, 6.5715757415254235, 6.568428893008474, 6.569928495762712, 6.569729210805085, 6.57356594279661, 6.567509269067797, 6.574229343220339, 6.573249470338983, 6.570629634533899, 6.570742849576271, 6.570556806144068, 6.575581965042373, 6.568777145127119, 6.570999735169491, 6.570320444915255, 6.570495233050847], "test_losses": [6.474671595304915, 6.471348438448119, 6.469718859033677, 6.466958055218447, 6.466456144758799, 6.469800634291565, 6.473028386680825, 6.474455898247876, 6.479225529050364, 6.476036293992719, 6.478159487826153, 6.488124217801881, 6.47894761168841, 6.479546704338592, 6.481422794675364, 6.480384011870449, 6.480919699067051, 6.484572327252731, 6.481672861043689, 6.488117106909891, 6.493253541224211, 6.490842948839503, 6.495610801918993, 6.494304175515777, 6.494230103724211, 6.494239584913531, 6.497873250720571, 6.491311082562197, 6.48840806090716, 6.487272688486044, 6.484907724324939, 6.492963179801274, 6.492939476827973, 6.493653528898665, 6.500565908487561, 6.496369297064624, 6.49797872895176, 6.497862584382585, 6.504343569857403, 6.496493737674454, 6.504719261984223, 6.500391099059466, 6.497557408601335, 6.498352643355583, 6.497606592270935, 6.50615981018659, 6.496320705969357, 6.498523897337682, 6.498614561210558, 6.496628252047937], "status": "OK"}