{"data": "data/ptb", "recepie_id": 2008986, "recepies_list_path": "data/new_recepies_fix.json", "cuda": true, "batch_size": 20, "model": "CustomRNN", "emsize": 400, "nhid": 600, "nlayers": 3, "dropout": 0.1, "dropouth": 0.25, "dropouti": 0.4, "dropoute": 0.0, "wdrop": 0.1, "tied": true, "bptt": 70, "lr": 0.001, "wdecay": 1.2e-06, "epochs": 50, "alpha": 2, "beta": 1, "log_interval": 200, "clip": 0.25, "eval_batch_size": 50, "recepie": "{\"node_0\": {\"op\": \"linear\", \"input\": [\"x\", \"h_prev_1\"]}, \"node_1\": {\"op\": \"activation_leaky_relu\", \"input\": [\"node_0\"]}, \"node_2\": {\"op\": \"linear\", \"input\": [\"h_prev_0\", \"h_prev_2\"]}, \"node_4\": {\"op\": \"linear\", \"input\": [\"h_prev_1\", \"h_prev_0\"]}, \"node_5\": {\"op\": \"activation_sigm\", \"input\": [\"node_4\"]}, \"node_7\": {\"op\": \"linear\", \"input\": [\"node_5\", \"x\"]}, \"node_8\": {\"op\": \"activation_sigm\", \"input\": [\"node_7\"]}, \"node_9\": {\"op\": \"linear\", \"input\": [\"h_new_0\", \"h_prev_2\"]}, \"node_10\": {\"op\": \"activation_sigm\", \"input\": [\"node_9\"]}, \"node_21\": {\"op\": \"linear\", \"input\": [\"node_1\", \"node_5\"]}, \"node_23\": {\"op\": \"linear\", \"input\": [\"node_8\", \"node_10\"]}, \"h_new_0\": {\"op\": \"activation_tanh\", \"input\": [\"node_2\"]}, \"h_new_1\": {\"op\": \"activation_sigm\", \"input\": [\"node_23\"]}, \"h_new_2\": {\"op\": \"activation_leaky_relu\", \"input\": [\"node_21\"]}}", "experiment_id": 999928372, "init_time": "2020-05-11_13-58-32", "num_params": 16261200, "wall_times": [383.2581217288971, 378.7783818244934, 376.2294237613678, 379.55939388275146, 383.47481298446655, 376.821142911911, 374.6732368469238, 373.3348081111908, 377.2372462749481, 372.98814487457275, 364.491575717926, 361.1074333190918, 362.6295943260193, 368.01692962646484, 361.2004234790802, 364.23685097694397, 369.25386095046997, 358.25532627105713, 366.97638988494873, 362.08375668525696, 375.0697646141052, 374.62160563468933, 368.05952167510986, 363.28846287727356, 365.19235467910767, 366.36378026008606, 373.5093379020691, 365.78253650665283, 381.6817247867584, 365.6633620262146, 368.73145842552185, 359.4293074607849, 371.9817547798157, 365.4211368560791, 367.6639955043793, 368.26102447509766, 365.7308201789856, 363.4511857032776, 366.3723578453064, 372.50857615470886, 368.7754554748535, 370.0511724948883, 375.4752895832062, 365.3394966125488, 369.2884967327118, 365.3531963825226, 367.8725264072418, 375.2274594306946, 368.90191888809204, 364.9234576225281], "train_losses": [6.486356805712441, 6.436351931041902, 6.414636534479049, 6.389231096363832, 6.370053049862837, 6.365440182749718, 6.335803446560163, 6.319874199881663, 6.302836806115862, 6.2823858822817495, 6.273039121752461, 6.254848616265935, 6.2385617536711315, 6.217303987816686, 6.20272325991071, 6.183103551449626, 6.162962757517078, 6.149239719487924, 6.140034576542413, 6.123826717228766, 6.102953041794416, 6.0933423766876444, 6.078690629874671, 6.066252655854983, 6.055372475256845, 6.042411314614599, 6.038119503388736, 6.0268140498090474, 6.020071876176645, 6.006711496826421, 6.004422923054166, 5.993326323893282, 5.983037827443386, 5.974398734602765, 5.9732225102199985, 5.965771408208273, 5.954320554972837, 5.946693376499382, 5.935277822602335, 5.935507268301866, 5.927716200043031, 5.921829194906137, 5.923594161825615, 5.914364645527406, 5.902399010273788, 5.891995370743908, 5.888694462374267, 5.881579124307461, 5.881554330724544, 5.873794359501909], "val_losses": [6.491899496822034, 6.4557872086864405, 6.44275688559322, 6.425552171610169, 6.413211731991526, 6.414226694915254, 6.398411679025424, 6.389424655720339, 6.378814221398305, 6.365081435381356, 6.365811705508475, 6.355880561440678, 6.346159295550848, 6.329963585805085, 6.322919094279661, 6.311764433262712, 6.300160222457627, 6.298891022245763, 6.293980402542373, 6.287784030720339, 6.280417770127118, 6.274511387711865, 6.268929422669491, 6.263780455508474, 6.2609560381355935, 6.256639962923729, 6.2577853548728815, 6.260195974576271, 6.259496159957627, 6.256988215042373, 6.26484904661017, 6.25673000529661, 6.253996292372881, 6.2479071769067795, 6.250576006355932, 6.250311175847457, 6.2490797139830505, 6.249824549788135, 6.249349179025423, 6.24403469279661, 6.244351165254237, 6.2409765625, 6.245121822033898, 6.244424655720339, 6.239345206567797, 6.237869438559322, 6.243301112288136, 6.2380091366525425, 6.236259269067797, 6.232713188559322], "test_losses": [6.437809323801578, 6.405460098414745, 6.389654363243325, 6.375919082789745, 6.366387524651092, 6.372339933821299, 6.353993832486347, 6.34888406401699, 6.337374492756371, 6.325716185338289, 6.327735678663531, 6.317090673354065, 6.311160189434163, 6.299048562651699, 6.293252593105279, 6.282700621966019, 6.272515454338592, 6.268839715753944, 6.263592470039442, 6.259381044258192, 6.255873596783981, 6.248435011187803, 6.245409326645935, 6.241319378602852, 6.240726211695995, 6.234204338592233, 6.238949673847087, 6.239965938827367, 6.236362494311287, 6.235946507129855, 6.239780463061287, 6.236357753716626, 6.233689391497269, 6.227088706007281, 6.232675496814321, 6.22753432190534, 6.228896057721481, 6.230901329262743, 6.228590881940231, 6.222514624734527, 6.223321710975425, 6.223166456500303, 6.223482891193871, 6.22405294770176, 6.219403609488774, 6.217442188448119, 6.225414683517901, 6.219827892710861, 6.219929815496056, 6.21369119292324], "status": "OK"}