{"data": "data/ptb", "recepie_id": 2010120, "recepies_list_path": "data/new_recepies_fix.json", "cuda": true, "batch_size": 20, "model": "CustomRNN", "emsize": 400, "nhid": 600, "nlayers": 3, "dropout": 0.1, "dropouth": 0.25, "dropouti": 0.4, "dropoute": 0.0, "wdrop": 0.1, "tied": true, "bptt": 70, "lr": 0.001, "wdecay": 1.2e-06, "epochs": 50, "alpha": 2, "beta": 1, "log_interval": 200, "clip": 0.25, "eval_batch_size": 50, "recepie": "{\"node_0\": {\"op\": \"linear\", \"input\": [\"h_prev_0\", \"x\"]}, \"node_1\": {\"op\": \"activation_tanh\", \"input\": [\"node_0\"]}, \"node_11\": {\"op\": \"linear\", \"input\": [\"node_1\", \"h_prev_0\"]}, \"h_new_0\": {\"op\": \"activation_sigm\", \"input\": [\"node_11\"]}}", "experiment_id": 999907030, "init_time": "2020-05-12_12-49-51", "num_params": 7493200, "wall_times": [135.979971408844, 102.7817153930664, 102.89807462692261, 103.01663160324097, 103.07318115234375, 104.3057849407196, 102.57240796089172, 102.20852637290955, 102.54716515541077, 103.05744481086731, 103.98932266235352, 103.17078828811646, 101.4571852684021, 100.09384560585022, 102.79458117485046, 102.78437495231628, 104.4201271533966, 103.87372398376465, 104.33489918708801, 103.82120203971863, 102.41347122192383, 102.2386326789856, 102.48557090759277, 103.23990488052368, 103.94997525215149, 103.98827505111694, 103.13596820831299, 102.73610234260559, 103.04529356956482, 103.07664561271667, 103.53775978088379, 103.53318643569946, 103.33648943901062, 102.92782664299011, 103.15825295448303, 103.85170817375183, 104.09363627433777, 104.08081555366516, 103.44888043403625, 102.58373522758484, 103.02484965324402, 102.58302450180054, 102.43011379241943, 103.9538745880127, 103.28289103507996, 103.36549401283264, 102.09336185455322, 102.28586101531982, 103.05723142623901, 102.86364459991455], "train_losses": [6.591975788015707, 6.568028128529934, 6.556692838604701, 6.551070578505729, 6.547770930826744, 6.545230218923135, 6.545049940159217, 6.543609811198968, 6.543331198563822, 6.543090406648378, 6.542726907509009, 6.541701966005056, 6.540276965332688, 6.539445329729439, 6.541812486552633, 6.541925948711742, 6.541682215184767, 6.541235090231833, 6.539895816524124, 6.539070484374159, 6.357910077456834, 6.241009594696359, 6.168440038190522, 6.10651827497176, 6.021183805335915, 5.9619124341079015, 5.917721864746382, 5.874618430961218, 5.8301118484750685, 5.78088313901888, 5.728093818917756, 5.682353440508848, 5.639325227932871, 5.604509154295089, 5.567707913103114, 5.534921971652951, 5.503911502877736, 5.475896014872788, 5.4519252427249745, 5.426436178796192, 5.402741918132429, 5.382327974557581, 5.363290705179926, 5.3485780249852075, 5.332057934618901, 5.315420179791297, 5.303691134150934, 5.2894772672260775, 5.2772019223011135, 5.264242442579743], "val_losses": [6.591708156779661, 6.566944518008475, 6.554651747881356, 6.547385460805085, 6.543374602754238, 6.540678628177966, 6.539870895127119, 6.537758209745762, 6.537599311440678, 6.537257680084746, 6.536547934322034, 6.5354382944915255, 6.534102886652542, 6.532869438559322, 6.534376986228813, 6.534438559322034, 6.534228019067797, 6.534258474576271, 6.532971398305085, 6.531628045550847, 6.3597259004237285, 6.249882150423729, 6.18095405190678, 6.122529793432204, 6.045632944915254, 5.992854210805085, 5.954454449152542, 5.915462791313559, 5.875340307203389, 5.830830243644068, 5.784454449152542, 5.742936308262712, 5.706347987288136, 5.677661546610169, 5.644211467161017, 5.616875, 5.590354210805085, 5.566627383474576, 5.545754766949153, 5.525266816737288, 5.505857388771187, 5.489470007944916, 5.473936705508475, 5.463388506355932, 5.449176377118644, 5.435714711334746, 5.42663764565678, 5.4169206832627115, 5.407504634533899, 5.396269200211864], "test_losses": [6.512559612977852, 6.491863954414442, 6.482337136870449, 6.477627948649879, 6.474766999772451, 6.47252706879551, 6.472514032160194, 6.470486242794296, 6.470894526509405, 6.47052713042324, 6.470261064547937, 6.469087767369539, 6.467800103344963, 6.466460292779126, 6.468885106947815, 6.469011917854976, 6.469139913910801, 6.468389714805825, 6.467804843939624, 6.466553326949333, 6.292615575697815, 6.187766658449636, 6.121061158411711, 6.061237224097391, 5.982957562196602, 5.929363954414442, 5.890454931166565, 5.849626559655643, 5.809531795168386, 5.764863541982706, 5.718668817316444, 5.675779472277003, 5.637868936779429, 5.609257077707828, 5.576824299340109, 5.549370923088592, 5.523116324711772, 5.501557877920206, 5.481977444250607, 5.461307858957828, 5.442663100159284, 5.426960472921723, 5.410758898096177, 5.40057610076608, 5.387276362446905, 5.37366196715716, 5.365583401281857, 5.35430434143659, 5.344935741239381, 5.335667878678701], "status": "OK"}