{"data": "data/ptb", "recepie_id": 2000220, "recepies_list_path": "data/new_recepies_fix.json", "cuda": true, "batch_size": 20, "model": "CustomRNN", "emsize": 400, "nhid": 600, "nlayers": 3, "dropout": 0.1, "dropouth": 0.25, "dropouti": 0.4, "dropoute": 0.0, "wdrop": 0.1, "tied": true, "bptt": 70, "lr": 0.001, "wdecay": 1.2e-06, "epochs": 50, "alpha": 2, "beta": 1, "log_interval": 200, "clip": 0.25, "eval_batch_size": 50, "recepie": "{\"node_1\": {\"op\": \"linear\", \"input\": [\"h_prev_1\", \"x\"]}, \"node_4\": {\"op\": \"linear\", \"input\": [\"h_new_0\", \"h_prev_2\"]}, \"node_5\": {\"op\": \"activation_tanh\", \"input\": [\"node_4\"]}, \"node_12\": {\"op\": \"linear\", \"input\": [\"h_prev_0\", \"h_prev_2\", \"x\"]}, \"node_13\": {\"op\": \"activation_tanh\", \"input\": [\"node_12\"]}, \"node_15\": {\"op\": \"linear\", \"input\": [\"node_13\", \"h_prev_1\"]}, \"node_18\": {\"op\": \"linear\", \"input\": [\"node_13\", \"h_prev_0\", \"h_prev_2\"]}, \"node_19\": {\"op\": \"activation_sigm\", \"input\": [\"node_18\"]}, \"node_21\": {\"op\": \"linear\", \"input\": [\"node_5\", \"node_19\"]}, \"h_new_0\": {\"op\": \"activation_tanh\", \"input\": [\"node_1\"]}, \"h_new_1\": {\"op\": \"elementwise_prod\", \"input\": [\"node_21\", \"node_1\"]}, \"h_new_2\": {\"op\": \"activation_tanh\", \"input\": [\"node_15\"]}}", "experiment_id": 999926597, "init_time": "2020-05-16_12-32-02", "num_params": 16259600, "wall_times": [606.0990877151489, 649.5155498981476, 647.5855922698975, 625.0351910591125, 652.9888708591461, 652.9378552436829, 621.2465753555298, 651.4403855800629, 652.025625705719, 623.2032957077026, 658.5078957080841, 654.7172002792358, 615.7181189060211, 613.2049443721771, 612.655079126358, 612.4354500770569, 613.0119860172272, 643.9272975921631, 650.0878708362579, 633.0737042427063, 628.203108549118, 637.2327930927277, 657.4015257358551, 647.3984830379486, 646.2394595146179, 657.1381146907806, 600.8751459121704, 641.2511372566223, 636.9097332954407, 633.7687776088715, 637.8639380931854, 620.9191071987152, 644.0535840988159, 641.3867790699005, 621.7190697193146, 638.8962132930756, 636.8750605583191, 632.0650022029877, 644.0349450111389, 629.5508379936218, 638.7810785770416, 641.0464091300964, 609.2383885383606, 604.3311114311218, 603.6412761211395, 606.7088193893433, 606.8492889404297, 603.9374821186066, 626.9672667980194, 643.2829973697662], "train_losses": [5.511904701871874, 5.262809037302996, 5.122710585767307, 5.010718391963853, 4.940934961809478, 4.886526494674842, 4.818979529745576, 4.777018281695444, 4.749419662067667, 4.709962986122317, 4.679325681781507, 4.65451739080738, 4.630973992792211, 4.616278121806251, 4.588402990694422, 4.579180618309935, 4.5523350512344685, 4.541767521919208, 4.533245253079447, 4.5135246893658225, 4.502826048222258, 4.485450789360443, 4.4748046769942444, 4.464108137001775, 4.449467316174493, 4.43815555914152, 4.426514341616912, 4.420185674519929, 4.41006653084826, 4.40808010260341, 4.393286738206659, 4.382334278010865, 4.3760304044968, 4.369631558953257, 4.3633642454682375, 4.363136060459362, 4.35635438518638, 4.350998551046205, 4.339862030014523, 4.335593331450702, 4.330500981657791, 4.316613633613039, 4.313585454655478, 4.303341502608789, 4.301215557931257, 4.291625063874993, 4.295100367785488, 4.282873769565919, 4.278000779947286, 4.272544931015007], "val_losses": [5.554679555084745, 5.358185579978813, 5.257969743114407, 5.178497748940678, 5.138621226165254, 5.108224311440678, 5.065739870233051, 5.04139267743644, 5.037769134004237, 5.010579978813559, 5.00157905190678, 4.989694120762712, 4.979516684322034, 4.973951933262712, 4.96304389565678, 4.96182468220339, 4.9528383209745765, 4.949827529131356, 4.9518564618644065, 4.943149165783899, 4.940941803495763, 4.937444385593221, 4.935197298728814, 4.933125, 4.925181408898305, 4.920450211864407, 4.918156779661017, 4.92000297934322, 4.914609375, 4.919089314088983, 4.9088877118644065, 4.909561043432204, 4.910025820974576, 4.904579581567797, 4.906292372881356, 4.914284957627118, 4.9106961731991525, 4.909804356461865, 4.905910023834746, 4.907839645127119, 4.905610103283898, 4.90255329713983, 4.899726893538135, 4.892400688559322, 4.897115333686441, 4.894038996292373, 4.904219743114407, 4.891281448622881, 4.891128509004237, 4.892876721398305], "test_losses": [5.512929971935679, 5.315520351372876, 5.211590516914442, 5.134018981341019, 5.096561765207828, 5.068635514638956, 5.025030932380158, 5.002989537507585, 4.99767829376517, 4.974302421495753, 4.964906859166414, 4.953231663379855, 4.943738918859982, 4.939517123027913, 4.928715381807494, 4.928049328257736, 4.917795422007736, 4.918475697341474, 4.921323017009254, 4.911688943511074, 4.91133102861423, 4.905204402590261, 4.903618969963592, 4.902714997819326, 4.894544879209648, 4.892909670339047, 4.886666603458738, 4.890935805237409, 4.885751668689321, 4.891602155074333, 4.880828857421875, 4.88033228013122, 4.88097433442051, 4.876422474685224, 4.879001061893204, 4.886468091057342, 4.879248165389867, 4.879343866144569, 4.875756421135467, 4.87686275741429, 4.874403573934314, 4.868712786331917, 4.866564408089351, 4.861315088364685, 4.86407944762591, 4.862390907065382, 4.872441856606493, 4.858256812234527, 4.859473663626365, 4.862902002427185], "status": "OK"}