{"data": "data/ptb", "recepie_id": 1000783, "recepies_list_path": "data/models_recepies.json", "cuda": true, "batch_size": 20, "model": "CustomRNN", "emsize": 400, "nhid": 600, "nlayers": 3, "dropout": 0.1, "dropouth": 0.25, "dropouti": 0.4, "dropoute": 0.0, "wdrop": 0.1, "tied": true, "bptt": 70, "lr": 0.001, "wdecay": 1.2e-06, "epochs": 50, "alpha": 2, "beta": 1, "log_interval": 200, "clip": 0.25, "eval_batch_size": 50, "recepie": "{\"node_0\": {\"op\": \"linear\", \"input\": [\"h_prev_0\", \"x\"]}, \"node_1\": {\"op\": \"activation_leaky_relu\", \"input\": [\"node_0\"]}, \"node_2\": {\"op\": \"linear\", \"input\": [\"h_prev_0\", \"node_1\"]}, \"node_3\": {\"op\": \"activation_sigm\", \"input\": [\"node_2\"]}, \"h_new_0\": {\"op\": \"linear\", \"input\": [\"node_3\", \"node_1\"]}}", "experiment_id": 999973182, "init_time": "2020-04-20_00-00-17", "num_params": 9254800, "wall_times": [167.6613326072693, 135.22308325767517, 139.08078575134277, 135.7120931148529, 136.5896167755127, 136.481915473938, 134.48129725456238, 134.76611471176147, 134.53540682792664, 133.63762760162354, 134.42815399169922, 133.36627388000488, 135.21938633918762, 135.89191579818726, 135.41926741600037, 133.6892330646515, 134.39637637138367, 134.24222254753113, 136.12235379219055, 135.58254623413086, 135.7028510570526, 135.9928915500641, 136.07520246505737, 136.6929681301117, 135.87504768371582, 136.07584285736084, 136.27710056304932, 136.0895414352417, 136.09309935569763, 136.145738363266, 137.4969298839569, 136.77840566635132, 136.64481115341187, 136.24189853668213, 135.94227719306946, 137.0093240737915, 136.6628646850586, 136.59768056869507, 137.05083227157593, 136.93340277671814, 137.28589129447937, 137.56452012062073, 137.32061457633972, 137.33562231063843, 137.9373619556427, 137.49012756347656, 137.342027425766, 137.6343321800232, 137.9978380203247, 136.98369121551514], "train_losses": [5.779675817599914, 5.501279180786402, 5.331198143590985, 5.2239284969877895, 5.125520665241246, 5.05185808993599, 5.002776461056425, 4.956892363912646, 4.9169772167984505, 4.879167843311279, 4.8522365492711526, 4.816477479022107, 4.788775482760475, 4.764397507530526, 4.752312526894734, 4.7234725472002586, 4.716328213248346, 4.685810674519929, 4.672486855198752, 4.665135767979129, 4.645432433704481, 4.632524642300037, 4.620392175649508, 4.606690569361519, 4.597247155881878, 4.579488647060406, 4.570728107686515, 4.5661257463288685, 4.557873685519875, 4.557059279355602, 4.540907730891291, 4.53972604351568, 4.53445761726104, 4.5168592161529775, 4.520561024151471, 4.51041120367382, 4.509343818917756, 4.494479855844226, 4.490774686003981, 4.49091126082513, 4.481855719837556, 4.469084503254263, 4.467186323355387, 4.459096471410898, 4.461891422596955, 4.448639042412996, 4.446276087891991, 4.435920354607068, 4.437783655397773, 4.432177784277338], "val_losses": [5.799902012711865, 5.55663466631356, 5.411035818326271, 5.326184454449153, 5.250628310381356, 5.1966055349576274, 5.160841498940678, 5.134005561440678, 5.108275291313559, 5.081550251588983, 5.068945643538136, 5.046544954978813, 5.034013175317797, 5.019470338983051, 5.009727886652542, 4.993797007415254, 4.993855601165254, 4.982710540254237, 4.970639896716102, 4.971771716101695, 4.961334414724576, 4.955248278601695, 4.948706965042373, 4.945427039194915, 4.9423679157838984, 4.936631355932203, 4.932132216631356, 4.929903998940678, 4.926432070974577, 4.926251655190678, 4.916742584745763, 4.923306408898305, 4.91996391684322, 4.917303694385593, 4.91748642743644, 4.920028138241525, 4.91224609375, 4.90977390095339, 4.911217889300848, 4.913902277542373, 4.906122219279661, 4.906330442266949, 4.901737288135593, 4.9052462923728815, 4.894989737817797, 4.89843154131356, 4.893899629237288, 4.899644465042373, 4.897392081567797, 4.897849576271186], "test_losses": [5.746804246624697, 5.501256850159284, 5.357913711695995, 5.274600723414745, 5.197668575546117, 5.141628228344963, 5.107158771996359, 5.078385732706311, 5.049402329528216, 5.024322806052791, 5.007831462378641, 4.989376919940837, 4.975486977586469, 4.959599170869994, 4.95147468048392, 4.938514190970115, 4.93183084136074, 4.920351787678246, 4.909575823441292, 4.908133497515928, 4.895419518924454, 4.89102528396162, 4.885947218219053, 4.882629987105583, 4.874785488091626, 4.868522273684011, 4.863501095077367, 4.863133402704035, 4.857969709970419, 4.858193703068113, 4.85234884613926, 4.854222566178701, 4.853307335122118, 4.84698486328125, 4.846210664915807, 4.847962018355583, 4.840618244652609, 4.838824818435224, 4.840402843882736, 4.841534364570692, 4.835325963288835, 4.834947604577518, 4.832507087189017, 4.833463205874545, 4.829255928113622, 4.826233799017749, 4.824196232175364, 4.826777782255006, 4.82788322967233, 4.824737252540959], "status": "OK"}