{"data": "data/ptb", "recepie_id": 2007048, "recepies_list_path": "data/new_recepies_fix.json", "cuda": true, "batch_size": 20, "model": "CustomRNN", "emsize": 400, "nhid": 600, "nlayers": 3, "dropout": 0.1, "dropouth": 0.25, "dropouti": 0.4, "dropoute": 0.0, "wdrop": 0.1, "tied": true, "bptt": 70, "lr": 0.001, "wdecay": 1.2e-06, "epochs": 50, "alpha": 2, "beta": 1, "log_interval": 200, "clip": 0.25, "eval_batch_size": 50, "recepie": "{\"node_0\": {\"op\": \"linear\", \"input\": [\"x\", \"h_prev_1\"]}, \"node_4\": {\"op\": \"linear\", \"input\": [\"h_prev_1\", \"h_prev_0\"]}, \"node_5\": {\"op\": \"activation_sigm\", \"input\": [\"node_4\"]}, \"node_8\": {\"op\": \"linear\", \"input\": [\"h_prev_1\", \"node_5\"]}, \"h_new_0\": {\"op\": \"activation_tanh\", \"input\": [\"node_8\"]}, \"h_new_1\": {\"op\": \"activation_sigm\", \"input\": [\"node_0\"]}}", "experiment_id": 999973006, "init_time": "2020-05-16_16-46-29", "num_params": 9254800, "wall_times": [199.74360179901123, 171.1044144630432, 194.00985884666443, 193.2128779888153, 166.24470448493958, 193.78155303001404, 181.0335443019867, 189.6555154323578, 196.7293038368225, 196.59380197525024, 195.16132974624634, 185.44047665596008, 184.67771172523499, 195.33838486671448, 195.57083463668823, 197.68952560424805, 182.69390654563904, 186.59895086288452, 195.94199442863464, 161.0470850467682, 196.34523963928223, 192.24944925308228, 177.49045276641846, 197.55116271972656, 168.87535190582275, 195.26751232147217, 194.96497106552124, 160.69350862503052, 196.1356406211853, 186.94639563560486, 184.2903892993927, 197.79544949531555, 194.3343255519867, 195.31496787071228, 194.7803599834442, 193.08183526992798, 194.66801476478577, 163.83154129981995, 195.99748849868774, 187.88501405715942, 180.32195043563843, 195.95254468917847, 161.12700200080872, 192.52773666381836, 193.103577375412, 196.80343985557556, 196.02965664863586, 161.58167600631714, 197.8791947364807, 194.89765191078186], "train_losses": [6.531843785299339, 6.492174472863214, 6.467298945054059, 6.456710404227852, 6.445796605212199, 6.441631703512452, 6.438486700554032, 6.426601329272229, 6.423715608358883, 6.41869469770319, 6.418126126216987, 6.414990368323382, 6.410834291458232, 6.399702392958958, 6.394060802269916, 6.393236310580388, 6.3727143678392775, 6.36830741353343, 6.363673534909365, 6.3662003792157495, 6.357752070894519, 6.357991181889086, 6.353508586143833, 6.347942216663977, 6.341873672072508, 6.342975515706525, 6.3315460942122535, 6.330003849308805, 6.314508280216233, 6.312018836399333, 6.309454171373245, 6.307788799015653, 6.3071147497445, 6.3047690246624715, 6.293058048921521, 6.298689133855091, 6.286610876902802, 6.289923131488354, 6.282909068904308, 6.282687607578936, 6.2842861633317195, 6.2789349517239526, 6.269965137701038, 6.26626501062342, 6.267036133075144, 6.260508697084611, 6.265392192458717, 6.2676047045613466, 6.275417624791566, 6.240475061857889], "val_losses": [6.528994968220339, 6.49809719279661, 6.478011122881356, 6.469451800847458, 6.4605230402542375, 6.461588320974577, 6.458300450211865, 6.453242849576271, 6.455033765889831, 6.454250529661017, 6.456251324152542, 6.455625, 6.455020524364407, 6.4469935116525425, 6.445448225635594, 6.450376059322034, 6.43223781779661, 6.4314175052966105, 6.429472325211864, 6.437180879237288, 6.432313294491525, 6.43810844809322, 6.437166975635593, 6.433556011652542, 6.432189486228814, 6.435247616525424, 6.4307256355932205, 6.434261784957627, 6.423367981991525, 6.420447563559322, 6.4233150158898304, 6.423458686440678, 6.42908501059322, 6.429965572033899, 6.427562897245763, 6.435031779661017, 6.426181806144068, 6.434105534957627, 6.433904263771186, 6.434845074152542, 6.43693657309322, 6.43612155720339, 6.432910487288136, 6.432393405720339, 6.433413665254237, 6.435113877118644, 6.434614671610169, 6.4417227224576274, 6.454782838983051, 6.426006355932204], "test_losses": [6.460083600386833, 6.438215237219357, 6.419001014487257, 6.417084036521541, 6.409427976145328, 6.408570521086165, 6.414213606454794, 6.401854283601335, 6.400913275561287, 6.400616395820692, 6.401896356378944, 6.40234612029733, 6.400984977055522, 6.397185983009709, 6.394185779164139, 6.395280856530643, 6.378490262818568, 6.378830993059769, 6.378276343484527, 6.382853980203277, 6.38404031401699, 6.390625592574333, 6.388069226903823, 6.381112996814321, 6.384491855658374, 6.384428450204794, 6.383297818378337, 6.382821981189321, 6.374700157387743, 6.372749402685073, 6.371275077745753, 6.375525020858617, 6.375884713478459, 6.380530496245449, 6.377843171647451, 6.386622752958131, 6.378984469811893, 6.388437215564321, 6.387475467422633, 6.389675695919296, 6.388028931849211, 6.388473362598605, 6.387029258950243, 6.38775160706159, 6.386363205400485, 6.389036308214503, 6.391027357971784, 6.400988532501517, 6.411866419523665, 6.382451622231493], "status": "OK"}