{"data": "data/ptb", "recepie_id": 2011158, "recepies_list_path": "data/new_recepies_fix.json", "cuda": true, "batch_size": 20, "model": "CustomRNN", "emsize": 400, "nhid": 600, "nlayers": 3, "dropout": 0.1, "dropouth": 0.25, "dropouti": 0.4, "dropoute": 0.0, "wdrop": 0.1, "tied": true, "bptt": 70, "lr": 0.001, "wdecay": 1.2e-06, "epochs": 50, "alpha": 2, "beta": 1, "log_interval": 200, "clip": 0.25, "eval_batch_size": 50, "recepie": "{\"node_0\": {\"op\": \"linear\", \"input\": [\"h_prev_0\", \"h_prev_1\"]}, \"node_1\": {\"op\": \"activation_tanh\", \"input\": [\"node_0\"]}, \"node_4\": {\"op\": \"linear\", \"input\": [\"h_prev_1\", \"x\"]}, \"node_5\": {\"op\": \"activation_sigm\", \"input\": [\"node_4\"]}, \"node_8\": {\"op\": \"linear\", \"input\": [\"node_5\", \"node_1\", \"x\"]}, \"node_9\": {\"op\": \"activation_sigm\", \"input\": [\"node_8\"]}, \"node_11\": {\"op\": \"linear\", \"input\": [\"node_1\", \"x\"]}, \"h_new_0\": {\"op\": \"linear\", \"input\": [\"h_new_1\", \"node_9\"]}, \"h_new_1\": {\"op\": \"activation_tanh\", \"input\": [\"node_11\"]}}", "experiment_id": 999932808, "init_time": "2020-05-10_07-37-42", "num_params": 13578000, "wall_times": [250.6313042640686, 251.39212846755981, 250.59215450286865, 249.76921224594116, 249.17149806022644, 249.71153783798218, 249.11126518249512, 252.307475566864, 245.11435747146606, 246.2957682609558, 245.1437165737152, 246.4323868751526, 245.80580735206604, 245.09361481666565, 246.89157390594482, 245.17900037765503, 250.1471061706543, 244.91361236572266, 246.05480098724365, 244.6270432472229, 243.0004518032074, 243.69995713233948, 242.95447039604187, 247.92155241966248, 244.00032329559326, 246.42351126670837, 244.45103788375854, 244.53031969070435, 245.9469964504242, 244.10077738761902, 245.30521297454834, 244.41006302833557, 245.73690724372864, 244.485422372818, 245.34146571159363, 244.7827854156494, 244.13463973999023, 245.61652255058289, 245.12519574165344, 245.30630564689636, 244.07288122177124, 244.58993530273438, 244.46100878715515, 244.17427015304565, 245.40663695335388, 244.17050409317017, 244.93546533584595, 244.69143223762512, 244.67098331451416, 244.28213715553284], "train_losses": [5.643716633720618, 5.375840040207628, 5.2153906796299285, 5.1098120394276805, 5.043994321849282, 4.972022332714754, 4.9068026027378835, 4.873081228820397, 4.83284670673982, 4.804210958931741, 4.760184279355602, 4.735871019579366, 4.712341489161422, 4.680771273734603, 4.676706386826959, 4.656566853585068, 4.635334301543757, 4.616297452396321, 4.585606358587489, 4.590130136894196, 4.5605131515249315, 4.550852058791889, 4.527975566134151, 4.529311057769888, 4.535599802996074, 4.496525536549943, 4.504944008525631, 4.488457956807057, 4.4734372478618685, 4.463352563068152, 4.460839166128772, 4.447249761309235, 4.443425246086816, 4.427857817626808, 4.418313969124846, 4.419264109649831, 4.409097479963423, 4.407315703835189, 4.400686151901458, 4.395160964983057, 4.386333188774138, 4.392706400274326, 4.373277896562853, 4.36776111424883, 4.369467669167877, 4.364920778199129, 4.360537356785541, 4.350558990237212, 4.337903757194342, 4.356125359717067], "val_losses": [5.673533501059322, 5.446925979872882, 5.325327727754237, 5.245922272245763, 5.202499006885593, 5.15211235434322, 5.105033434851695, 5.08897609904661, 5.06116955773305, 5.048733117055085, 5.017383474576271, 5.007729740466102, 4.987240466101695, 4.968788069385593, 4.969507746292373, 4.968560315148305, 4.961085143008474, 4.951058659957627, 4.930023834745763, 4.934822894597458, 4.9138585805084745, 4.915804422669492, 4.904941075211864, 4.905245299258475, 4.914098914194915, 4.887569518008474, 4.898547073622882, 4.884301178495763, 4.882178893008475, 4.884520656779661, 4.875656448622881, 4.866263241525424, 4.863412010063559, 4.860041048728814, 4.850591565148305, 4.8542660884533895, 4.854363082627119, 4.848006819385593, 4.849026747881356, 4.848229277012712, 4.8456101032838985, 4.850876920021187, 4.836446636652543, 4.839661347987288, 4.835536612817797, 4.838283236228814, 4.838616922669492, 4.830247285487288, 4.826697894597458, 4.83642876059322], "test_losses": [5.628383599438713, 5.406671320350425, 5.276630883077973, 5.195320796040655, 5.15221456879551, 5.102035966891687, 5.056033236309163, 5.040584230885922, 5.012826864001821, 5.004316904012439, 4.974295310603762, 4.960913797026699, 4.942410663493629, 4.924281740651547, 4.92525178483389, 4.924999644455401, 4.91003654998483, 4.901827321469205, 4.882340810831311, 4.889080751289442, 4.866523816747573, 4.868010585747876, 4.860023276319781, 4.862621122193568, 4.868402869956007, 4.841629769038228, 4.852659947663835, 4.841172005366353, 4.837172128621814, 4.833046329831614, 4.831026836506371, 4.823120709761833, 4.820985960728914, 4.815046884481189, 4.805883907577367, 4.812308598490595, 4.809743047917931, 4.80847642028216, 4.802506233881978, 4.80326858076077, 4.800895913133344, 4.80628152495449, 4.791141250758495, 4.794064419940837, 4.792699128678701, 4.792591576437348, 4.791291764638956, 4.78694849106872, 4.77914784255537, 4.792323436551881], "status": "OK"}