{"data": "data/ptb", "recepie_id": 1010914, "recepies_list_path": "data/models_recepies.json", "cuda": true, "batch_size": 20, "model": "CustomRNN", "emsize": 400, "nhid": 600, "nlayers": 3, "dropout": 0.1, "dropouth": 0.25, "dropouti": 0.4, "dropoute": 0.0, "wdrop": 0.1, "tied": true, "bptt": 70, "lr": 0.001, "wdecay": 1.2e-06, "epochs": 50, "alpha": 2, "beta": 1, "log_interval": 200, "clip": 0.25, "eval_batch_size": 50, "recepie": "{\"node_1\": {\"op\": \"linear\", \"input\": [\"h_prev_1\", \"h_prev_0\"]}, \"node_2\": {\"op\": \"activation_tanh\", \"input\": [\"node_1\"]}, \"node_8\": {\"op\": \"linear\", \"input\": [\"node_2\", \"h_prev_1\", \"x\"]}, \"node_9\": {\"op\": \"activation_sigm\", \"input\": [\"node_8\"]}, \"node_10\": {\"op\": \"linear\", \"input\": [\"node_2\", \"node_9\"]}, \"node_12\": {\"op\": \"linear\", \"input\": [\"h_prev_0\", \"x\"]}, \"h_new_0\": {\"op\": \"activation_tanh\", \"input\": [\"node_12\"]}, \"h_new_1\": {\"op\": \"activation_sigm\", \"input\": [\"node_10\"]}}", "experiment_id": 999906291, "init_time": "2020-04-14_05-04-46", "num_params": 11856400, "wall_times": [178.36414861679077, 119.39498114585876, 121.68496084213257, 122.86745738983154, 122.23476195335388, 121.83346319198608, 122.66568994522095, 121.19363737106323, 125.45591402053833, 124.86093544960022, 126.26221919059753, 122.0556309223175, 122.01996564865112, 122.60454654693604, 123.27840089797974, 123.13581871986389, 122.21533632278442, 122.95742297172546, 122.47818374633789, 123.08789229393005, 122.9091579914093, 122.52733635902405, 119.19264125823975, 121.69456481933594, 124.76887965202332, 124.29332089424133, 124.52213144302368, 124.85985398292542, 124.37129759788513, 123.72568941116333, 124.0145754814148, 122.13656306266785, 122.75428438186646, 123.58010530471802, 122.39809775352478, 124.05922389030457, 123.71398639678955, 122.41188907623291, 124.67744898796082, 122.72872591018677, 123.90163850784302, 123.08961296081543, 122.22556495666504, 123.30230188369751, 123.02534651756287, 123.50170516967773, 123.48849701881409, 121.07132601737976, 124.20241975784302, 124.3431408405304], "train_losses": [5.509770772820182, 5.257939409526115, 5.13635966327793, 5.03247160924641, 4.947584684793718, 4.894486495481685, 4.838506787558496, 4.796681273869076, 4.7576347426173955, 4.732597005943736, 4.6841255513420474, 4.670078095583885, 4.647052841428648, 4.623833861142488, 4.60381787558496, 4.591766933596902, 4.574010946156743, 4.559528131891776, 4.544484730514765, 4.526776229089345, 4.515357313350546, 4.507435973723845, 4.491415957318057, 4.486276541740628, 4.47877123003066, 4.468730669409929, 4.464497690414717, 4.455170260475499, 4.447731345140122, 4.439487268705287, 4.42364290853101, 4.419551547119574, 4.419472964068635, 4.4064996167500405, 4.399784337851648, 4.394931099053306, 4.3864777479694474, 4.388356597278253, 4.378338308859125, 4.371831464149319, 4.375505536953365, 4.360396579662202, 4.362801557205099, 4.354337700365768, 4.353464882201065, 4.350850209778925, 4.344108876606961, 4.342570834005702, 4.336798131488354, 4.331009880452907], "val_losses": [5.554423993644067, 5.352133540783898, 5.2707186837923725, 5.1961569782838986, 5.134212129237288, 5.1068620895127115, 5.080607786016949, 5.062754899364407, 5.045868644067797, 5.036596596927966, 5.011974973516949, 5.013828125, 5.005456501588983, 4.994122417902543, 4.990257547669492, 4.991016618114407, 4.984916909427966, 4.981645259533899, 4.978858249470339, 4.973277277542373, 4.9688652012711865, 4.973613612288136, 4.964192929025423, 4.964333951271186, 4.961810778601695, 4.963056806144068, 4.968972457627118, 4.964951006355932, 4.961015625, 4.96060546875, 4.953011453919491, 4.953543763241526, 4.958586136122881, 4.95137016684322, 4.950998742055085, 4.952864141949153, 4.9442819782838985, 4.9509487552966105, 4.952745961334746, 4.944291247351695, 4.94778171345339, 4.944997351694915, 4.946877317266949, 4.944620961334746, 4.944688824152542, 4.944186639300847, 4.943592756885593, 4.950153932733051, 4.946076204978813, 4.94112155720339], "test_losses": [5.518756755347391, 5.31060553985892, 5.229170419637439, 5.159244278102245, 5.099520488850121, 5.071643421950849, 5.044699067050971, 5.027291010884405, 5.007981383684769, 4.999873781667172, 4.975846670206311, 4.977417584761833, 4.970560907160194, 4.958088995183556, 4.953080260637894, 4.954844650712985, 4.948903204167931, 4.94667275438031, 4.943428113622573, 4.935124073213744, 4.934247952063107, 4.935025113300212, 4.927624452461317, 4.925942726505613, 4.929729572777609, 4.926542115442961, 4.931024347694175, 4.927188910326912, 4.92702417466247, 4.92469772783298, 4.915784521010315, 4.914563521598149, 4.921880925743325, 4.915745114817203, 4.914421007471177, 4.914375082960406, 4.908481042361954, 4.911578428398058, 4.910761268393507, 4.908160755935224, 4.910178767824636, 4.905086776585255, 4.908098831917476, 4.906346589616201, 4.90677235427412, 4.907901800951912, 4.906225704452367, 4.910390909435679, 4.909047839711014, 4.902758848319933], "status": "OK"}