{"data": "data/ptb", "recepie_id": 1009457, "recepies_list_path": "data/models_recepies.json", "cuda": true, "batch_size": 20, "model": "CustomRNN", "emsize": 400, "nhid": 600, "nlayers": 3, "dropout": 0.1, "dropouth": 0.25, "dropouti": 0.4, "dropoute": 0.0, "wdrop": 0.1, "tied": true, "bptt": 70, "lr": 0.001, "wdecay": 1.2e-06, "epochs": 50, "alpha": 2, "beta": 1, "log_interval": 200, "clip": 0.25, "eval_batch_size": 50, "recepie": "{\"node_1\": {\"op\": \"linear\", \"input\": [\"h_prev_0\", \"h_prev_1\", \"x\"]}, \"node_2\": {\"op\": \"activation_sigm\", \"input\": [\"node_1\"]}, \"node_3\": {\"op\": \"linear\", \"input\": [\"node_2\", \"x\"]}, \"node_4\": {\"op\": \"activation_leaky_relu\", \"input\": [\"node_3\"]}, \"node_7\": {\"op\": \"linear\", \"input\": [\"x\", \"node_2\"]}, \"node_8\": {\"op\": \"activation_sigm\", \"input\": [\"node_7\"]}, \"node_10\": {\"op\": \"linear\", \"input\": [\"node_8\", \"h_prev_1\"]}, \"h_new_0\": {\"op\": \"activation_tanh\", \"input\": [\"node_10\"]}, \"h_new_1\": {\"op\": \"elementwise_sum\", \"input\": [\"node_7\", \"node_4\"]}}", "experiment_id": 999929129, "init_time": "2020-04-20_08-57-09", "num_params": 11816400, "wall_times": [270.7597589492798, 213.95663976669312, 213.8401472568512, 214.9264612197876, 215.17845487594604, 214.15200114250183, 213.9039590358734, 213.91767239570618, 213.56028032302856, 214.61459875106812, 213.85130739212036, 214.8208782672882, 214.97533202171326, 214.24282908439636, 213.5341579914093, 214.66238570213318, 208.7732789516449, 213.1792643070221, 215.05591320991516, 213.34703731536865, 213.99537467956543, 212.58971858024597, 212.3911030292511, 212.42696380615234, 213.26822996139526, 214.27964305877686, 214.03722262382507, 215.54093289375305, 214.4093930721283, 215.0438530445099, 214.1041328907013, 213.28250741958618, 208.3754599094391, 210.9883599281311, 208.4514820575714, 213.4601936340332, 213.5436577796936, 214.49470281600952, 214.75112771987915, 213.38813018798828, 212.76659607887268, 214.06563210487366, 213.00114035606384, 213.6123912334442, 212.37272882461548, 213.5515329837799, 213.67368841171265, 213.0384087562561, 212.78538274765015, 215.1080837249756], "train_losses": [6.365031718976924, 5.969053826448281, 5.791767521919208, 5.632497327335807, 5.5358065562637835, 5.430146811629283, 5.3961863267172285, 5.354815081894465, 5.311970930154375, 5.292225993088054, 5.265926305066968, 5.258247858506804, 5.210655105292884, 5.184688239605185, 5.179712713813135, 5.1349876116131465, 5.115485147383143, 5.108404268194287, 5.078363690764348, 5.072203956215373, 5.044999092302727, 5.031747132348986, 5.020821987117422, 5.010939012828788, 4.975432080711097, 4.989094185358507, 4.957828216610188, 4.937622286993706, 4.937273075681781, 4.916053130547039, 4.901724961002635, 4.904872065112151, 4.883782811575493, 4.883892491662633, 4.867714888924748, 4.8624010778064655, 4.849368898257222, 4.831198984051423, 4.829114642165564, 4.827006767387446, 4.817864238744554, 4.816147178070034, 4.794546084126728, 4.800208266096498, 4.789153689957506, 4.792733631192513, 4.8026611498843526, 4.780907932601797, 4.775236085336991, 4.762698936985638], "val_losses": [6.371166578389831, 6.003465969279661, 5.851608183262712, 5.714739141949153, 5.637021980932204, 5.549792439088983, 5.531050052966101, 5.503485169491525, 5.463824814618644, 5.46076701536017, 5.44332627118644, 5.444868908898305, 5.398882746292373, 5.3811437367584745, 5.389335606461865, 5.346691273834746, 5.3427982653601696, 5.339397841631356, 5.316652211334746, 5.326471795550847, 5.29621921345339, 5.297725436970339, 5.282335805084746, 5.284429952330508, 5.257476827330509, 5.275745828919492, 5.243245828919491, 5.227189486228814, 5.24689155190678, 5.22213188559322, 5.2170229740466105, 5.219325013241526, 5.205161546610169, 5.207076602224577, 5.200392280190678, 5.195798132944915, 5.194299192266949, 5.175605799788135, 5.174943723516949, 5.180593220338983, 5.169248212394068, 5.172387115995763, 5.157679091631356, 5.164481594279661, 5.158945974576271, 5.162863479872882, 5.174150556144068, 5.158227290783898, 5.1488840704449155, 5.146708156779661], "test_losses": [6.328804682759405, 5.95600076323574, 5.818692401774879, 5.667399878640777, 5.593074465260922, 5.504742372383192, 5.486900551805219, 5.459675316671723, 5.428821156325849, 5.419465000189624, 5.406642284208131, 5.410073289593447, 5.372036535763046, 5.348490002085861, 5.358608801388046, 5.313039242642597, 5.308148726676274, 5.307432896882585, 5.284940552942961, 5.287973348376821, 5.265293750948119, 5.264467109754247, 5.252260078504247, 5.257471177184466, 5.224477823498179, 5.241056868173544, 5.217345598831917, 5.197958344394721, 5.211367708965413, 5.194984213819781, 5.187813471821905, 5.186533511263653, 5.177974367604672, 5.178792712757889, 5.168264444591929, 5.165404088288835, 5.160544978762136, 5.146972063675667, 5.142563903216019, 5.149510059541869, 5.13733147185983, 5.144307849476639, 5.127919613736347, 5.132916793082524, 5.123304644834648, 5.131445431014867, 5.14104987579642, 5.122954433404126, 5.118834856644417, 5.116828992528823], "status": "OK"}