{"data": "data/ptb", "recepie_id": 2011381, "recepies_list_path": "data/new_recepies_fix.json", "cuda": true, "batch_size": 20, "model": "CustomRNN", "emsize": 400, "nhid": 600, "nlayers": 3, "dropout": 0.1, "dropouth": 0.25, "dropouti": 0.4, "dropoute": 0.0, "wdrop": 0.1, "tied": true, "bptt": 70, "lr": 0.001, "wdecay": 1.2e-06, "epochs": 50, "alpha": 2, "beta": 1, "log_interval": 200, "clip": 0.25, "eval_batch_size": 50, "recepie": "{\"node_0\": {\"op\": \"linear\", \"input\": [\"h_prev_1\", \"h_prev_0\", \"x\"]}, \"node_2\": {\"op\": \"linear\", \"input\": [\"h_prev_0\", \"h_prev_1\"]}, \"h_new_0\": {\"op\": \"activation_tanh\", \"input\": [\"node_2\"]}, \"h_new_1\": {\"op\": \"activation_sigm\", \"input\": [\"node_0\"]}}", "experiment_id": 999967591, "init_time": "2020-05-09_04-24-48", "num_params": 8373200, "wall_times": [125.86340188980103, 123.9554979801178, 122.92817449569702, 123.12537717819214, 122.71955871582031, 122.62126994132996, 122.54545950889587, 122.53970122337341, 122.53007578849792, 122.69242739677429, 122.92982363700867, 122.66802191734314, 122.83477878570557, 122.65717339515686, 123.02021431922913, 123.00768423080444, 123.00306868553162, 123.09338545799255, 122.97378873825073, 122.4525842666626, 122.56713557243347, 122.55601382255554, 122.78312420845032, 122.84019327163696, 122.71952652931213, 123.06146025657654, 122.624582529068, 122.76182508468628, 122.74603748321533, 122.62327146530151, 122.50755715370178, 122.61632990837097, 122.67660903930664, 122.67916989326477, 123.09040522575378, 123.18663930892944, 123.0706045627594, 123.05665016174316, 122.89828634262085, 122.70820379257202, 122.72072911262512, 123.01001572608948, 122.96150946617126, 122.87215614318848, 123.08361005783081, 122.9640588760376, 122.96978116035461, 122.73261857032776, 122.73358583450317, 126.2181191444397], "train_losses": [6.483752218815556, 6.433567065381099, 6.398318995078264, 6.3723416236350925, 6.361167702113926, 6.355730343311279, 6.339685533322576, 6.32256787558496, 6.311811662901404, 6.28359530485181, 6.265735100317358, 6.246411654160616, 6.224984535527944, 6.211413200607821, 6.1969194603571625, 6.1813108493357, 6.161491951750847, 6.146491834086386, 6.1320695329729435, 6.122236986310581, 6.108689604512937, 6.096937025980313, 6.08511384877091, 6.067871382658275, 6.059605874482276, 6.045316786348233, 6.036236872007961, 6.016530596121779, 6.017117657737615, 6.002389008794578, 5.982177195955032, 5.97721805914152, 5.9662740035501045, 5.949941756091658, 5.94517592517885, 5.9377496167500405, 5.925541088429886, 5.925333074471519, 5.914666370824593, 5.907612386369749, 5.893005183959981, 5.883589505674789, 5.8874926039481466, 5.867879198940347, 5.856510290597601, 5.856501465763004, 5.843062083131623, 5.840206198563822, 5.828934363401646, 5.821888363320962], "val_losses": [6.4885096663135595, 6.455451536016949, 6.426906117584746, 6.41140625, 6.41065876588983, 6.41047404661017, 6.403074020127119, 6.394551774364407, 6.389483580508474, 6.368753310381356, 6.358563294491526, 6.346300979872882, 6.330754104872882, 6.325744835805085, 6.322322563559322, 6.316070577330509, 6.300592558262712, 6.296221530720339, 6.290268802966102, 6.288867849576271, 6.282779396186441, 6.284849046610169, 6.283211731991526, 6.276451271186441, 6.275933527542373, 6.2690724311440675, 6.266298331567796, 6.261612155720339, 6.264524629237288, 6.264835143008475, 6.257027277542373, 6.251030852754237, 6.24689684851695, 6.256081832627118, 6.248039592161017, 6.249961599576271, 6.253571901483051, 6.24731594279661, 6.2507627118644065, 6.244537870762712, 6.2493101165254235, 6.255796477754237, 6.258618246822034, 6.253002515889831, 6.254527939618644, 6.2506302966101694, 6.254208818855933, 6.254173066737288, 6.248354078389831, 6.250520391949152], "test_losses": [6.438147091171117, 6.40374281799909, 6.377210894834648, 6.362690453390473, 6.362615789024575, 6.361315680939017, 6.360926359602549, 6.353230004171723, 6.346148740898058, 6.331506229141383, 6.322605170092537, 6.313413749620753, 6.304160108844053, 6.299875203845571, 6.292326399423544, 6.290146911028519, 6.278166835747876, 6.273451129209648, 6.268080628033981, 6.26733161407767, 6.263150409587379, 6.259781624506978, 6.258703731796117, 6.254512453542172, 6.254551563448119, 6.249787858388956, 6.247793253185679, 6.245373179611651, 6.249720897489381, 6.245595987560679, 6.237694601410801, 6.232100107137439, 6.230797036180219, 6.238603017862561, 6.233402585520328, 6.235383561513956, 6.235653775409587, 6.23162367737409, 6.236549155226031, 6.227914162052488, 6.23271993988926, 6.23663093048392, 6.236579969091323, 6.237995036597391, 6.235141198611954, 6.23315666717233, 6.235122236233313, 6.236880404277913, 6.23254631560983, 6.232992524082221], "status": "OK"}