{"data": "data/ptb", "recepie_id": 2002679, "recepies_list_path": "data/new_recepies_fix.json", "cuda": true, "batch_size": 20, "model": "CustomRNN", "emsize": 400, "nhid": 600, "nlayers": 3, "dropout": 0.1, "dropouth": 0.25, "dropouti": 0.4, "dropoute": 0.0, "wdrop": 0.1, "tied": true, "bptt": 70, "lr": 0.001, "wdecay": 1.2e-06, "epochs": 50, "alpha": 2, "beta": 1, "log_interval": 200, "clip": 0.25, "eval_batch_size": 50, "recepie": "{\"node_0\": {\"op\": \"linear\", \"input\": [\"h_prev_0\", \"h_prev_2\"]}, \"node_2\": {\"op\": \"linear\", \"input\": [\"h_prev_0\", \"h_new_1\"]}, \"node_3\": {\"op\": \"activation_leaky_relu\", \"input\": [\"node_2\"]}, \"node_5\": {\"op\": \"linear\", \"input\": [\"node_3\", \"h_prev_1\"]}, \"node_6\": {\"op\": \"activation_sigm\", \"input\": [\"node_5\"]}, \"node_8\": {\"op\": \"linear\", \"input\": [\"x\", \"node_6\"]}, \"node_9\": {\"op\": \"activation_tanh\", \"input\": [\"node_8\"]}, \"node_12\": {\"op\": \"linear\", \"input\": [\"node_9\", \"h_prev_2\"]}, \"node_13\": {\"op\": \"activation_leaky_relu\", \"input\": [\"node_12\"]}, \"node_14\": {\"op\": \"linear\", \"input\": [\"node_6\", \"node_13\"]}, \"node_15\": {\"op\": \"activation_leaky_relu\", \"input\": [\"node_14\"]}, \"node_20\": {\"op\": \"linear\", \"input\": [\"h_prev_0\", \"node_15\", \"h_prev_1\"]}, \"h_new_0\": {\"op\": \"elementwise_sum\", \"input\": [\"node_13\", \"node_2\"]}, \"h_new_1\": {\"op\": \"activation_sigm\", \"input\": [\"node_0\"]}, \"h_new_2\": {\"op\": \"activation_tanh\", \"input\": [\"node_20\"]}}", "experiment_id": 999968258, "init_time": "2020-05-16_03-06-27", "num_params": 17181200, "wall_times": [360.1325011253357, 358.6367461681366, 353.4299192428589, 350.1551442146301, 349.9980547428131, 348.4495141506195, 343.95685172080994, 344.4326243400574, 343.8002667427063, 344.1435968875885, 344.3202323913574, 343.49670243263245, 343.77251386642456, 344.1343719959259, 344.204922914505, 344.00178837776184, 344.5166108608246, 344.1796383857727, 343.95739102363586, 344.20946764945984, 344.071729183197, 344.00477409362793, 344.2656316757202, 343.4029703140259, 344.13824796676636, 343.8474063873291, 343.7773470878601, 344.0018002986908, 343.4886944293976, 344.0882098674774, 344.04999136924744, 343.9736077785492, 344.0927481651306, 344.2221133708954, 343.88635182380676, 344.16587829589844, 344.1590075492859, 344.28196001052856, 343.74464535713196, 344.26977372169495, 343.8478798866272, 343.742493391037, 343.70326256752014, 343.7813138961792, 343.7707824707031, 343.55407190322876, 343.87910437583923, 344.0706100463867, 344.27327060699463, 344.1115610599518], "train_losses": [5.934183963342478, 5.571838776155129, 5.398571133209617, 5.25071775321392, 5.158097332042386, 5.074073980689581, 5.016141462939056, 4.955919530955839, 4.906389096202464, 4.866188192539401, 4.821637485880265, 4.788536791996127, 4.7535509453499, 4.7305416599429835, 4.703750722795976, 4.681781086950675, 4.65998836802754, 4.633831138050669, 4.626863300790705, 4.5989234542251625, 4.585887072373729, 4.56184023855629, 4.5510932709375505, 4.533700362406541, 4.531105440804691, 4.503324441261901, 4.489517777419182, 4.486461443036953, 4.474033134312301, 4.457689120407724, 4.446960222688397, 4.441092968371793, 4.423921521166156, 4.41167811373783, 4.4090340252003655, 4.397903387391748, 4.386791239712764, 4.379340137701038, 4.370444704426873, 4.365624243585606, 4.354248611559357, 4.349929905599484, 4.338329030175892, 4.336068611828304, 4.334833555214889, 4.321505533591523, 4.326058307783336, 4.312939981039213, 4.303212912161799, 4.309054952665268], "val_losses": [5.9495352224576274, 5.623542770127119, 5.479720272775424, 5.359904661016949, 5.288584149894068, 5.226922007415254, 5.186182468220339, 5.145044690148305, 5.107438095868644, 5.085324417372881, 5.058513638771187, 5.040654462394068, 5.021682004766949, 5.0071424788135594, 4.992352356991526, 4.982303363347458, 4.972544359110169, 4.957987950211864, 4.954194253177966, 4.939644465042373, 4.940637248411017, 4.925468418961865, 4.9231014962923725, 4.908671212923728, 4.916807137182204, 4.901672073622882, 4.894344544491525, 4.895363810911017, 4.889404131355932, 4.881705839512712, 4.875746490995763, 4.87720703125, 4.868609308792373, 4.865564420021187, 4.867752582097458, 4.861225503177966, 4.855909030720339, 4.852392743644068, 4.854212791313559, 4.8510202595338985, 4.8498745365466105, 4.842590704449153, 4.842079581567797, 4.840880230402543, 4.841809785487288, 4.83796577065678, 4.838370299258474, 4.829664327330509, 4.829993048199152, 4.831660818326271], "test_losses": [5.905903936589806, 5.583752678435983, 5.433847964388653, 5.314060248217537, 5.242698299074636, 5.180861982327063, 5.143294547368022, 5.097706618818265, 5.066249217801881, 5.043286369842233, 5.01379157501517, 4.995335254854369, 4.976271546002731, 4.96329801985361, 4.950853070009102, 4.939995626801426, 4.927619119292324, 4.915045284530492, 4.91125251251517, 4.897076356758192, 4.896711627256523, 4.884442375701608, 4.877045566595874, 4.869068330931432, 4.872237418461772, 4.858645540996663, 4.851953895346632, 4.851914785440686, 4.845207436570844, 4.838579788948726, 4.834414583965413, 4.833573128413228, 4.825778405643204, 4.82074211639108, 4.824407188637743, 4.817296000360285, 4.808759078238774, 4.808531825982251, 4.808354942543993, 4.804070926407008, 4.804300548960861, 4.798156145706917, 4.797728603326001, 4.79593725111878, 4.799122634443265, 4.795624668158374, 4.794726325470267, 4.786486283089351, 4.786151182304308, 4.789027538114381], "status": "OK"}