{"data": "data/ptb", "recepie_id": 1005270, "recepies_list_path": "data/models_recepies.json", "cuda": true, "batch_size": 20, "model": "CustomRNN", "emsize": 400, "nhid": 600, "nlayers": 3, "dropout": 0.1, "dropouth": 0.25, "dropouti": 0.4, "dropoute": 0.0, "wdrop": 0.1, "tied": true, "bptt": 70, "lr": 0.001, "wdecay": 1.2e-06, "epochs": 50, "alpha": 2, "beta": 1, "log_interval": 200, "clip": 0.25, "eval_batch_size": 50, "recepie": "{\"node_0\": {\"op\": \"linear\", \"input\": [\"h_prev_0\", \"x\"]}, \"node_1\": {\"op\": \"activation_tanh\", \"input\": [\"node_0\"]}, \"node_2\": {\"op\": \"linear\", \"input\": [\"h_prev_0\", \"x\"]}, \"node_3\": {\"op\": \"activation_sigm\", \"input\": [\"node_2\"]}, \"node_6\": {\"op\": \"linear\", \"input\": [\"node_1\", \"node_3\"]}, \"node_7\": {\"op\": \"activation_tanh\", \"input\": [\"node_6\"]}, \"node_10\": {\"op\": \"linear\", \"input\": [\"h_prev_0\", \"node_7\"]}, \"h_new_0\": {\"op\": \"activation_sigm\", \"input\": [\"node_10\"]}}", "experiment_id": 999975506, "init_time": "2020-04-19_12-50-05", "num_params": 10976400, "wall_times": [235.07233881950378, 185.4671812057495, 187.38354897499084, 187.1683988571167, 187.2131278514862, 187.66832494735718, 187.88103365898132, 187.2537670135498, 186.51293563842773, 185.77590918540955, 187.55433011054993, 187.57510995864868, 186.7880003452301, 186.28848218917847, 186.73487782478333, 186.8964500427246, 181.63653564453125, 185.31454062461853, 186.34689950942993, 185.5114130973816, 185.66619610786438, 186.1918134689331, 185.34013175964355, 186.73332953453064, 186.47144317626953, 186.49493956565857, 187.1839303970337, 186.45856642723083, 187.52629852294922, 186.61269688606262, 186.40034914016724, 187.9627184867859, 187.18664455413818, 188.02443194389343, 187.36219453811646, 186.62354588508606, 187.28811526298523, 185.8877317905426, 186.7070074081421, 186.36144948005676, 186.00987672805786, 186.24157333374023, 186.77061080932617, 186.2066957950592, 186.96848154067993, 189.47955965995789, 184.32755970954895, 185.84857773780823, 186.4674093723297, 187.2413091659546], "train_losses": [6.5965025079339465, 6.568867328277124, 6.557117691356033, 6.550809195309558, 6.546861972863214, 6.544961691813243, 6.543811101473832, 6.5428269223011135, 6.542067986525738, 6.541246436447744, 6.541564970953687, 6.541153145339143, 6.540915715265451, 6.5413552760744444, 6.54115818810177, 6.540426567290624, 6.5407434208756925, 6.540094585417675, 6.540391688182454, 6.539805046796837, 6.540349665160561, 6.540134927518692, 6.541069939755796, 6.540129884756065, 6.540785023667366, 6.541115744849659, 6.5427945645742565, 6.540906049970416, 6.541764160077457, 6.541810385401538, 6.543123184605454, 6.542170102468937, 6.542865163251036, 6.543430793125706, 6.54346441154322, 6.54362031695444, 6.544538940213006, 6.544717538056049, 6.545444956565005, 6.545720627588618, 6.5461219474476895, 6.545690791243074, 6.546383750874079, 6.545257113657146, 6.545098686864612, 6.546825412834167, 6.547145208030767, 6.545934104539831, 6.547491057500942, 6.548161324700124], "val_losses": [6.596466498940678, 6.567153072033898, 6.554220736228814, 6.547496027542373, 6.542944915254237, 6.540269465042373, 6.538724179025424, 6.537047139830508, 6.536018935381356, 6.535011917372882, 6.534970868644068, 6.534547139830509, 6.533793697033898, 6.534184984110169, 6.53415188029661, 6.533650026483051, 6.533730137711864, 6.53278469279661, 6.53308064088983, 6.532835672669491, 6.5335546875, 6.533524231991525, 6.534259136652542, 6.53306872351695, 6.534449814618644, 6.53478217690678, 6.5355806408898305, 6.534241922669492, 6.535397245762712, 6.535250264830508, 6.536953125, 6.5366750529661015, 6.537217955508474, 6.537492055084746, 6.537521186440678, 6.537888638771187, 6.539474311440678, 6.5394134004237285, 6.540026483050847, 6.540756091101695, 6.540964645127119, 6.5408117055084745, 6.541712129237288, 6.540455508474576, 6.540246954449152, 6.542934322033898, 6.542536414194915, 6.541445974576271, 6.543107123940678, 6.543605667372882], "test_losses": [6.516834444212682, 6.492876071374393, 6.482952821601942, 6.478048676425971, 6.473756067961165, 6.472342185603762, 6.471314661711165, 6.470243287317961, 6.469690415465716, 6.468619041072512, 6.46910910004551, 6.468387344508495, 6.468127204376517, 6.468565709382585, 6.468760666337985, 6.467909729596481, 6.468351197474211, 6.467601590943568, 6.467650182038835, 6.467100865632585, 6.468112390018204, 6.467196270100121, 6.468799183669599, 6.467433299833131, 6.468579338592233, 6.46893547576608, 6.470721494804308, 6.468375493021845, 6.469027324787621, 6.469449237712379, 6.470653348756068, 6.46973130309466, 6.470473206158981, 6.470528908146238, 6.470323284852852, 6.470910526016383, 6.471238219622269, 6.471575394417476, 6.472695952480279, 6.472637880195692, 6.473214455021238, 6.473004091133192, 6.473159938182645, 6.472618325242719, 6.472578030188107, 6.473984209079187, 6.473590739722391, 6.473061570843447, 6.473831324901395, 6.475093508229672], "status": "OK"}