{"data": "data/ptb", "recepie_id": 2010829, "recepies_list_path": "data/new_recepies_fix.json", "cuda": true, "batch_size": 20, "model": "CustomRNN", "emsize": 400, "nhid": 600, "nlayers": 3, "dropout": 0.1, "dropouth": 0.25, "dropouti": 0.4, "dropoute": 0.0, "wdrop": 0.1, "tied": true, "bptt": 70, "lr": 0.001, "wdecay": 1.2e-06, "epochs": 50, "alpha": 2, "beta": 1, "log_interval": 200, "clip": 0.25, "eval_batch_size": 50, "recepie": "{\"node_0\": {\"op\": \"linear\", \"input\": [\"h_prev_1\", \"x\"]}, \"node_3\": {\"op\": \"linear\", \"input\": [\"x\", \"h_prev_1\"]}, \"node_4\": {\"op\": \"activation_sigm\", \"input\": [\"node_3\"]}, \"node_10\": {\"op\": \"linear\", \"input\": [\"x\", \"h_prev_0\"]}, \"node_11\": {\"op\": \"activation_leaky_relu\", \"input\": [\"node_10\"]}, \"h_new_0\": {\"op\": \"linear\", \"input\": [\"x\", \"node_4\", \"node_11\"]}, \"h_new_1\": {\"op\": \"activation_sigm\", \"input\": [\"node_0\"]}}", "experiment_id": 999928804, "init_time": "2020-05-16_05-14-26", "num_params": 11776400, "wall_times": [206.73175954818726, 206.3621256351471, 204.74773979187012, 203.3268358707428, 203.42367434501648, 203.32070922851562, 203.65979766845703, 203.1868028640747, 203.45316696166992, 203.047789812088, 203.55613923072815, 203.73258757591248, 203.32053470611572, 203.3799192905426, 203.08843326568604, 203.8860068321228, 203.25596046447754, 203.2161259651184, 203.65763187408447, 203.44573760032654, 203.13434958457947, 203.3367509841919, 203.67621898651123, 203.42289662361145, 203.25498914718628, 203.33795380592346, 203.7019808292389, 203.40510058403015, 203.37942671775818, 203.51013326644897, 203.5178565979004, 203.09186792373657, 203.7177746295929, 203.62624740600586, 203.14660787582397, 203.4330816268921, 203.17093086242676, 203.5967676639557, 203.2601330280304, 203.01297163963318, 203.31249713897705, 202.85017848014832, 203.5390660762787, 203.28935027122498, 203.46372747421265, 203.17703771591187, 203.07035541534424, 203.23288941383362, 203.02975416183472, 203.2801218032837], "train_losses": [5.7162962757517075, 5.352251677559034, 5.193613929455113, 5.094307225270292, 5.025920220133398, 4.976553675165403, 4.932826619735356, 4.897447857834436, 4.871111609784304, 4.840602055430047, 4.8200233816093805, 4.784307595072884, 4.769661311252757, 4.76122308845678, 4.733884591334517, 4.731818739578291, 4.7003430759507285, 4.682251744795869, 4.683460326905492, 4.686354452423216, 4.658769280162444, 4.653320575143887, 4.64606109811199, 4.621478050535205, 4.620322417433167, 4.600522009977946, 4.589945655828089, 4.59634534183207, 4.559610917244903, 4.572402304878705, 4.553747865230488, 4.56305008135657, 4.539441967887687, 4.537636658867194, 4.531598791081707, 4.53692016634393, 4.539049893093432, 4.508606735113765, 4.510967168253456, 4.502828149373353, 4.496502844118122, 4.504909969877898, 4.499922677639718, 4.491784499220053, 4.4860193608466465, 4.466936706605346, 4.467972994325211, 4.471319707788715, 4.453911250739605, 4.455629572104782], "val_losses": [5.74430813029661, 5.427883673199153, 5.3109543829449155, 5.236436374470339, 5.184394862288135, 5.158137910487288, 5.1280402542372885, 5.107721464512712, 5.094345206567796, 5.078730137711864, 5.066011652542373, 5.040884533898305, 5.034810646186441, 5.031540651483051, 5.019385593220339, 5.018698358050847, 5.00047702595339, 4.9886374470338986, 4.992465572033899, 5.0018256753177965, 4.983497748940678, 4.980713387182203, 4.971937897245763, 4.967148768538135, 4.962283832097458, 4.943493445444915, 4.95212890625, 4.9600172139830505, 4.925191009004237, 4.94188857256356, 4.930729939088983, 4.938120034427966, 4.918188559322034, 4.928412341101695, 4.919007216631356, 4.922688360699152, 4.926711467161017, 4.908255760063559, 4.916369173728814, 4.908951602224576, 4.905782243114407, 4.909199880826272, 4.91076701536017, 4.904310447563559, 4.912949549788135, 4.895662407309322, 4.894261122881356, 4.899836467161017, 4.881525754766949, 4.889399496822034], "test_losses": [5.711796140207828, 5.382349699446299, 5.257418438068871, 5.182980435565837, 5.1356201171875, 5.107426023020328, 5.07665304535801, 5.056581367566747, 5.047603273854672, 5.033077499241505, 5.018266696374393, 4.996639510960255, 4.989572469470571, 4.987185580059163, 4.967223232232251, 4.976682792589503, 4.954044675364078, 4.94357655349287, 4.942867242016838, 4.955213824522148, 4.934287061969053, 4.936268926824181, 4.928146806735437, 4.915723189566899, 4.918539399082221, 4.900018488319175, 4.900039820995145, 4.911469394720874, 4.880737600974666, 4.890811364627579, 4.882285701418386, 4.888616469299909, 4.870587098945692, 4.877394592877731, 4.875008296040655, 4.874232319952215, 4.876657726695236, 4.855991696848453, 4.865408888140928, 4.85591584733389, 4.857135661597391, 4.860048460728914, 4.858940346727094, 4.854158271863622, 4.855836442373331, 4.84590134111423, 4.843041577385467, 4.847185153405643, 4.833535796230279, 4.837587226941747], "status": "OK"}