{"data": "data/ptb", "recepie_id": 2003850, "recepies_list_path": "data/new_recepies_fix.json", "cuda": true, "batch_size": 20, "model": "CustomRNN", "emsize": 400, "nhid": 600, "nlayers": 3, "dropout": 0.1, "dropouth": 0.25, "dropouti": 0.4, "dropoute": 0.0, "wdrop": 0.1, "tied": true, "bptt": 70, "lr": 0.001, "wdecay": 1.2e-06, "epochs": 50, "alpha": 2, "beta": 1, "log_interval": 200, "clip": 0.25, "eval_batch_size": 50, "recepie": "{\"node_2\": {\"op\": \"linear\", \"input\": [\"h_prev_1\", \"h_prev_0\"]}, \"node_4\": {\"op\": \"linear\", \"input\": [\"x\", \"h_new_1\"]}, \"node_5\": {\"op\": \"activation_leaky_relu\", \"input\": [\"node_4\"]}, \"node_7\": {\"op\": \"linear\", \"input\": [\"node_5\", \"h_prev_1\"]}, \"h_new_0\": {\"op\": \"activation_leaky_relu\", \"input\": [\"node_7\"]}, \"h_new_1\": {\"op\": \"activation_leaky_relu\", \"input\": [\"node_2\"]}}", "experiment_id": 999986184, "init_time": "2020-05-09_02-56-39", "num_params": 9254800, "wall_times": [154.0921175479889, 155.0975375175476, 153.71438312530518, 152.77454376220703, 150.08854699134827, 153.39481592178345, 151.9456045627594, 150.3982925415039, 150.67006969451904, 150.88132643699646, 149.98657512664795, 151.44701838493347, 153.54090976715088, 151.19235134124756, 150.69445705413818, 151.71402978897095, 150.69339227676392, 152.42082953453064, 150.31953144073486, 152.7504529953003, 152.1528353691101, 149.9182050228119, 153.05609941482544, 149.915531873703, 153.58789467811584, 150.71450996398926, 151.26095390319824, 152.08425760269165, 153.7905170917511, 149.26878190040588, 151.41457891464233, 153.72819542884827, 153.94056916236877, 152.6653187274933, 150.12869095802307, 150.24302077293396, 151.81912922859192, 150.78863406181335, 149.62691617012024, 151.04415202140808, 150.03473162651062, 151.71608471870422, 151.14156460762024, 153.75316977500916, 151.69774055480957, 150.3987352848053, 154.24424600601196, 151.4967188835144, 152.785174369812, 150.38069200515747], "train_losses": [5.8384084536872685, 5.559060835888333, 5.388461234602765, 5.277317905841536, 5.191387129525039, 5.122943813538809, 5.069128711473294, 5.021912904765747, 4.987938132026249, 4.9539289004088, 4.9246720523371526, 4.8998519949168955, 4.87603418656877, 4.853496399467485, 4.83659305914152, 4.812232733580765, 4.798204188182454, 4.781463897181432, 4.769322185466086, 4.752955058899468, 4.743380113361304, 4.727231926738744, 4.716141631031144, 4.70518917083535, 4.69498850250121, 4.687715157872089, 4.67964463651767, 4.670500426953902, 4.66191638427196, 4.660742261040288, 4.64917122196224, 4.64075779274918, 4.635815044914206, 4.626600236673659, 4.623461957398741, 4.617505614275725, 4.613326004518315, 4.604929384514012, 4.603403528589102, 4.598180066967887, 4.600073204104136, 4.588424422435587, 4.587624724328976, 4.583119015921683, 4.578138447367006, 4.5760541054811466, 4.5688463167661775, 4.5642973246463345, 4.561499431848744, 4.559380210854715], "val_losses": [5.855209216101695, 5.603883077330509, 5.463666909427966, 5.3747447695974575, 5.311916710805085, 5.263503045550848, 5.224203191207627, 5.1953985699152545, 5.1798861228813555, 5.156183461334746, 5.1392677436440675, 5.126078853283898, 5.112710209216102, 5.099732521186441, 5.091224510063559, 5.076759798728814, 5.073634798728814, 5.061929290254238, 5.059721596927966, 5.049115466101695, 5.0463618908898304, 5.035917637711864, 5.036029197563559, 5.03467624470339, 5.026697232521187, 5.028537804555085, 5.0218697033898305, 5.016779661016949, 5.011535685911017, 5.019159825211864, 5.009767280190678, 5.010712394067797, 5.00570908368644, 5.004304157838983, 5.002628773834746, 5.005559123411017, 5.001628376588983, 5.001048397775424, 4.998943988347458, 4.996535685911017, 5.000689552436441, 4.995850105932203, 4.994465704449152, 4.997282176906779, 4.993675847457627, 4.994485566737288, 4.996872351694916, 4.992404329978814, 4.998731792902542, 4.993466300317797], "test_losses": [5.810980639411408, 5.558934480241201, 5.414887363470874, 5.325245681318265, 5.259472300705401, 5.214019479103459, 5.17400886017142, 5.140799809428095, 5.124735711847694, 5.100418238963895, 5.082213170320085, 5.069520820691747, 5.054691055445995, 5.044280116997876, 5.032846395251821, 5.022635746928095, 5.013181816027003, 5.008029974780037, 5.003589815306432, 4.995616727662318, 4.988361247534891, 4.979537223149272, 4.979728624658677, 4.975856743969963, 4.967974912773058, 4.966693470778974, 4.964355765037166, 4.958273582088137, 4.956486081614078, 4.960206855847997, 4.954002306299302, 4.952723530889715, 4.947404583680977, 4.947354511149879, 4.944793404884709, 4.946049069895328, 4.943799657729065, 4.941843569857403, 4.942664877882281, 4.94054938751517, 4.942521178606644, 4.938937585330704, 4.937816730980734, 4.939393274992415, 4.936697654353762, 4.936329073118932, 4.939230020763804, 4.934564979331007, 4.937991836695995, 4.934303061476031], "status": "OK"}