{"data": "data/ptb", "recepie_id": 2003622, "recepies_list_path": "data/new_recepies_fix.json", "cuda": true, "batch_size": 20, "model": "CustomRNN", "emsize": 400, "nhid": 600, "nlayers": 3, "dropout": 0.1, "dropouth": 0.25, "dropouti": 0.4, "dropoute": 0.0, "wdrop": 0.1, "tied": true, "bptt": 70, "lr": 0.001, "wdecay": 1.2e-06, "epochs": 50, "alpha": 2, "beta": 1, "log_interval": 200, "clip": 0.25, "eval_batch_size": 50, "recepie": "{\"node_0\": {\"op\": \"linear\", \"input\": [\"x\", \"h_prev_0\"]}, \"node_1\": {\"op\": \"activation_tanh\", \"input\": [\"node_0\"]}, \"node_4\": {\"op\": \"linear\", \"input\": [\"node_1\", \"x\"]}, \"node_5\": {\"op\": \"activation_tanh\", \"input\": [\"node_4\"]}, \"node_9\": {\"op\": \"linear\", \"input\": [\"h_prev_0\", \"node_1\", \"node_5\"]}, \"h_new_0\": {\"op\": \"activation_leaky_relu\", \"input\": [\"node_9\"]}}", "experiment_id": 999908573, "init_time": "2020-05-12_14-50-36", "num_params": 10094800, "wall_times": [216.27941608428955, 167.31180334091187, 163.8543028831482, 164.42489004135132, 168.89452576637268, 164.33681654930115, 163.30949759483337, 166.18623614311218, 163.59123969078064, 165.56979489326477, 165.72523045539856, 161.00395488739014, 165.38702392578125, 164.32280039787292, 163.13187623023987, 165.03617072105408, 164.60662841796875, 161.73634147644043, 161.9839482307434, 163.36820220947266, 161.0416657924652, 162.93389630317688, 163.23495960235596, 161.86837100982666, 163.8094024658203, 164.1978280544281, 162.5422375202179, 163.29902005195618, 163.2890453338623, 161.72541165351868, 164.3884084224701, 162.30489253997803, 162.94197392463684, 164.42870998382568, 162.6243290901184, 164.21409845352173, 161.64724349975586, 163.4434356689453, 162.56020760536194, 162.16495752334595, 162.77305245399475, 162.75639939308167, 161.72483944892883, 164.29157829284668, 162.35337471961975, 161.06170296669006, 163.29283714294434, 161.90164923667908, 161.9090597629547, 164.61736702919006], "train_losses": [5.625408884003012, 5.3169653663062775, 5.157392185735033, 5.0502960942122535, 4.974708024043892, 4.913712448227637, 4.86279735490291, 4.814047707896294, 4.776071082781991, 4.74304224826529, 4.711160222016029, 4.686501953230057, 4.655293556021731, 4.632416222903555, 4.614173188639664, 4.594336641385617, 4.571961483379054, 4.554749273842182, 4.541467897773116, 4.524831823866387, 4.512350145903932, 4.497882880157065, 4.482114161422193, 4.475777930181271, 4.461266120031198, 4.451190260072078, 4.443963981227475, 4.434822293045022, 4.423655095207359, 4.414212522188156, 4.409428621375935, 4.399467064036362, 4.391038086305201, 4.387500588322307, 4.37999905868431, 4.373004746920553, 4.365064496934, 4.363028901753537, 4.353464882201065, 4.348789400785326, 4.344662740035501, 4.340705432063902, 4.33185958595557, 4.328383441584638, 4.325738932816955, 4.318089482141897, 4.312644559195309, 4.3057414373890595, 4.303390249314185, 4.295420162982088], "val_losses": [5.650410487288136, 5.386852820444915, 5.266422139830508, 5.186674390889831, 5.136998146186441, 5.0954800052966105, 5.063716896186441, 5.035872616525424, 5.018400092690678, 4.998227621822034, 4.982025622351695, 4.968708620233051, 4.954821570444915, 4.943507680084746, 4.939205839512712, 4.934265757415254, 4.921244041313559, 4.915064552436441, 4.90857719809322, 4.905040717690678, 4.904448490466102, 4.896553230932203, 4.890041710805085, 4.889749735169492, 4.885248609639831, 4.87955376059322, 4.883452727754237, 4.881189420021187, 4.876338387182203, 4.872643339512712, 4.873143207097457, 4.869529925847457, 4.870520060911017, 4.866599245233051, 4.866949483580508, 4.867488082627118, 4.867043829449153, 4.866280124470339, 4.861677370233051, 4.861760460805085, 4.857387447033898, 4.859992386122881, 4.858376588983051, 4.858914856991525, 4.861383408368644, 4.859587195444916, 4.85652045815678, 4.856535354872881, 4.855425052966102, 4.855984507415254], "test_losses": [5.607209733388956, 5.343538450963289, 5.216970499279429, 5.136671936627731, 5.085836762363471, 5.044494036331917, 5.011878152495449, 4.981730933328277, 4.962079094451608, 4.943981281761984, 4.926116350785042, 4.916050883172785, 4.898317503697664, 4.885015395081159, 4.879356606492719, 4.87498488935452, 4.860332007547027, 4.854445077840564, 4.851992708965413, 4.843992955476335, 4.84188487228838, 4.836250379247573, 4.827484723433708, 4.827838194023058, 4.821754529638198, 4.816455433669599, 4.818826323574029, 4.816978380518052, 4.812425631921268, 4.810793978496663, 4.812024162810983, 4.80694106018659, 4.806270858616505, 4.80426499450091, 4.80457254057949, 4.804607502465109, 4.804762756940231, 4.800772657672178, 4.798995527248938, 4.797656901831766, 4.796827594053398, 4.794210489513804, 4.793999829338592, 4.793049043822057, 4.796251019227852, 4.794436556621663, 4.791635161464654, 4.79280786606872, 4.79110362228838, 4.789583372838289], "status": "OK"}