{"data": "data/ptb", "recepie_id": 2004399, "recepies_list_path": "data/new_recepies_fix.json", "cuda": true, "batch_size": 20, "model": "CustomRNN", "emsize": 400, "nhid": 600, "nlayers": 3, "dropout": 0.1, "dropouth": 0.25, "dropouti": 0.4, "dropoute": 0.0, "wdrop": 0.1, "tied": true, "bptt": 70, "lr": 0.001, "wdecay": 1.2e-06, "epochs": 50, "alpha": 2, "beta": 1, "log_interval": 200, "clip": 0.25, "eval_batch_size": 50, "recepie": "{\"node_0\": {\"op\": \"linear\", \"input\": [\"h_prev_0\", \"h_prev_1\"]}, \"node_2\": {\"op\": \"linear\", \"input\": [\"h_prev_0\", \"h_new_0\"]}, \"node_3\": {\"op\": \"activation_sigm\", \"input\": [\"node_2\"]}, \"h_new_0\": {\"op\": \"activation_tanh\", \"input\": [\"node_0\"]}, \"h_new_1\": {\"op\": \"linear\", \"input\": [\"node_3\", \"x\"]}}", "experiment_id": 999983530, "init_time": "2020-05-15_22-33-20", "num_params": 9254800, "wall_times": [144.30918860435486, 143.5034635066986, 141.8960440158844, 143.63445496559143, 141.84770679473877, 142.1350555419922, 141.79585242271423, 141.74788236618042, 141.84539985656738, 141.8003978729248, 141.8752157688141, 142.01702308654785, 141.87729263305664, 141.9379060268402, 142.64496850967407, 140.33874130249023, 140.43105173110962, 140.2213990688324, 139.90305924415588, 140.20243072509766, 140.00957465171814, 140.1624870300293, 140.42259883880615, 140.21215105056763, 140.42423510551453, 140.37321877479553, 140.12517142295837, 140.4611620903015, 140.2513928413391, 140.2661955356598, 140.24819612503052, 140.10892820358276, 140.31203961372375, 140.17308807373047, 140.15957808494568, 140.2724165916443, 139.9971742630005, 140.35965371131897, 140.1500949859619, 140.08207035064697, 140.47894597053528, 140.34511947631836, 141.7608027458191, 143.2090573310852, 142.97824239730835, 143.05594563484192, 142.95877075195312, 143.0951817035675, 143.16982650756836, 143.22562837600708], "train_losses": [6.464594763595288, 6.442189769243182, 6.409021838524017, 6.388836920418482, 6.348012395110537, 6.32409793381206, 6.306716371496961, 6.348196035716207, 6.29332363441988, 6.273287477811844, 6.2490027936904955, 6.230015111478672, 6.22783873917487, 6.209850364423646, 6.195413355252541, 6.196184477704265, 6.167135223360766, 6.140444721236082, 6.133316776262708, 6.125049587165833, 6.137501008552525, 6.116353763245656, 6.092711611129041, 6.081142252971868, 6.070821819025335, 6.062634053439837, 6.044006088295411, 6.051371463342478, 6.052452295465548, 6.0609863307514384, 6.014026864477436, 6.026071082781991, 6.009821200446453, 6.0131742173632405, 5.998816211473294, 5.9994444556505835, 6.009018560728309, 6.004482175515034, 5.984841875773224, 5.988297849093647, 5.982675168764456, 5.993510804959389, 5.9853499341079015, 5.980079406702168, 5.9666324599268465, 5.976661674331666, 5.974672304475284, 5.982515061051046, 5.954228104324673, 5.949332422274218], "val_losses": [6.4769524629237285, 6.463100503177966, 6.433994968220339, 6.430454846398305, 6.392643008474576, 6.3697517213983055, 6.367056408898305, 6.4183494438559325, 6.374420683262712, 6.365019200211864, 6.353268670550848, 6.354751721398305, 6.354898702330509, 6.358650688559322, 6.3553734110169495, 6.362488082627118, 6.34895060911017, 6.334903336864407, 6.335703787076271, 6.335560778601695, 6.356710143008475, 6.339603416313559, 6.332490730932204, 6.318676509533899, 6.324125397245763, 6.325127118644068, 6.315517081567797, 6.327617849576272, 6.345713056144068, 6.359400820974576, 6.316170550847458, 6.341673728813559, 6.326136784957627, 6.3330839512711865, 6.322863479872882, 6.328438162076271, 6.347262314618644, 6.336501588983051, 6.329807997881356, 6.335015227754237, 6.331726032838983, 6.351204316737288, 6.354510063559322, 6.347999867584746, 6.33791843220339, 6.3466035487288135, 6.3531256620762715, 6.363857256355932, 6.341784957627119, 6.3423881091101695], "test_losses": [6.417072777609223, 6.40570542418841, 6.380391241277306, 6.380582050212379, 6.343524229179308, 6.331927549491808, 6.333095513501213, 6.389993315761529, 6.347437590071299, 6.331382381105886, 6.324884210975425, 6.329232521427488, 6.328207960406553, 6.332131987636529, 6.327491538038531, 6.334891013728762, 6.319573559807342, 6.306347893279733, 6.304345584610133, 6.311336776585255, 6.333578461582221, 6.312732289138349, 6.304907345077367, 6.300694141573119, 6.302168466512439, 6.300940059921117, 6.29388190704642, 6.305270000568871, 6.312331116315231, 6.332802189206614, 6.291969669675364, 6.313416119918083, 6.301469228800061, 6.309829860057645, 6.303478055787318, 6.30786606871966, 6.323706173202367, 6.322982639942355, 6.308215095001517, 6.317072303549757, 6.311052340905643, 6.327846490063713, 6.332992998141687, 6.328402324787621, 6.32544656401699, 6.329989831424454, 6.335592029164139, 6.344164209458435, 6.320969664934769, 6.323156856796117], "status": "OK"}