{"data": "data/ptb", "recepie_id": 2002616, "recepies_list_path": "data/new_recepies_fix.json", "cuda": true, "batch_size": 20, "model": "CustomRNN", "emsize": 400, "nhid": 600, "nlayers": 3, "dropout": 0.1, "dropouth": 0.25, "dropouti": 0.4, "dropoute": 0.0, "wdrop": 0.1, "tied": true, "bptt": 70, "lr": 0.001, "wdecay": 1.2e-06, "epochs": 50, "alpha": 2, "beta": 1, "log_interval": 200, "clip": 0.25, "eval_batch_size": 50, "recepie": "{\"node_0\": {\"op\": \"linear\", \"input\": [\"x\", \"h_prev_1\"]}, \"node_1\": {\"op\": \"activation_sigm\", \"input\": [\"node_0\"]}, \"node_2\": {\"op\": \"elementwise_prod\", \"input\": [\"h_prev_0\", \"h_prev_1\"]}, \"node_3\": {\"op\": \"linear\", \"input\": [\"node_1\", \"h_prev_0\", \"x\"]}, \"node_4\": {\"op\": \"activation_leaky_relu\", \"input\": [\"node_3\"]}, \"node_6\": {\"op\": \"activation_sigm\", \"input\": [\"h_new_1\"]}, \"node_7\": {\"op\": \"elementwise_prod\", \"input\": [\"node_4\", \"node_6\"]}, \"node_10\": {\"op\": \"blend\", \"input\": [\"node_7\", \"node_3\", \"node_4\"]}, \"h_new_0\": {\"op\": \"elementwise_prod\", \"input\": [\"node_2\", \"node_10\"]}, \"h_new_1\": {\"op\": \"linear\", \"input\": [\"node_1\", \"x\"]}}", "experiment_id": 999927848, "init_time": "2020-05-09_07-14-14", "num_params": 10054800, "wall_times": [223.96594047546387, 218.23736810684204, 218.39672899246216, 215.91669297218323, 219.63050436973572, 217.74360394477844, 215.1093213558197, 219.78508162498474, 217.40819144248962, 213.76651120185852, 220.03325200080872, 218.3334562778473, 220.70367646217346, 217.43035197257996, 216.20728015899658, 220.065664768219, 217.82047247886658, 213.13351583480835, 220.68770694732666, 217.55594658851624, 220.11730360984802, 214.26695227622986, 219.54531836509705, 213.70975971221924, 216.02509927749634, 215.32103276252747, 222.13761520385742, 217.66471409797668, 218.84266591072083, 218.77874994277954, 212.36967420578003, 214.4951605796814, 214.6347279548645, 218.82823491096497, 214.7056953907013, 213.1839861869812, 216.56899857521057, 216.43600749969482, 219.96890115737915, 217.47432017326355, 221.46331882476807, 217.73103952407837, 215.8965163230896, 215.5438756942749, 214.01400899887085, 217.90321826934814, 217.90381336212158, 213.3670494556427, 213.05764150619507, 221.50581884384155], "train_losses": [8.579953001452315, 8.058493525092787, 7.62473861680383, 7.276035783443602, 7.007594820746598, 6.812525213813135, 6.68175545290732, 6.604603285864128, 6.566374102388252, 6.550431408342747, 6.543802276639234, 6.5402988173040715, 6.538022009977946, 6.536400761793341, 6.535201004518315, 6.534289525173471, 6.533594044161153, 6.533039760502394, 6.532595577160992, 6.532240902856221, 6.5319505237749445, 6.531711833010596, 6.531512643886827, 6.531342870878382, 6.531199992603948, 6.53107434376849, 6.530972227825292, 6.530881458098005, 6.530811279651444, 6.530740680974665, 6.530684790355548, 6.530629319966651, 6.530581833951913, 6.5305414918508955, 6.530505352052068, 6.5304746752460865, 6.530448200742295, 6.53042256669894, 6.530402395648432, 6.530383905518799, 6.530362053547416, 6.530343563417783, 6.530333057662309, 6.5303145675326775, 6.530306162928299, 6.5302893537195414, 6.530281369345382, 6.530268762438815, 6.530259097143779, 6.530249852078963], "val_losses": [8.571893538135594, 8.048836731991525, 7.613662605932204, 7.264057865466102, 6.99527873411017, 6.800354872881356, 6.669966234110169, 6.593075344279661, 6.554879502118644, 6.53877251059322, 6.532000794491525, 6.528363347457627, 6.525958686440678, 6.524312102754237, 6.523158103813559, 6.522364936440678, 6.521773040254237, 6.521230799788135, 6.520879237288136, 6.520503840042373, 6.520347590042373, 6.520129104872882, 6.519985434322034, 6.519878177966102, 6.519794094279661, 6.519700079449152, 6.519608712923729, 6.519594809322034, 6.51949814618644, 6.519469014830508, 6.519457097457627, 6.519445842161017, 6.519428628177966, 6.519406779661017, 6.519357123940678, 6.519380296610169, 6.5193471927966105, 6.519288930084746, 6.519242584745763, 6.519211467161017, 6.519193591101695, 6.51923530190678, 6.519251191737288, 6.519247219279661, 6.519261122881356, 6.519254502118644, 6.519286943855932, 6.519287605932203, 6.519255826271187, 6.519226032838983], "test_losses": [8.564095210103156, 8.033367268090108, 7.59117941254551, 7.235116310489988, 6.96038344299909, 6.759863992339199, 6.624387870714503, 6.543092598035497, 6.501459510581007, 6.483061855279126, 6.474880181469963, 6.470447725462682, 6.467559518165959, 6.465514544144417, 6.463950147906553, 6.462811220039442, 6.461877322891383, 6.461202380726639, 6.460554104406857, 6.460063452859527, 6.459676501820389, 6.459336956727852, 6.459063187386226, 6.458814306166565, 6.458582017028216, 6.458407207600121, 6.458286322436287, 6.458157141231796, 6.458013738243325, 6.457926037242111, 6.457847817430219, 6.457729895138046, 6.457690192657767, 6.457636268393507, 6.45757582581159, 6.457531382736651, 6.457497605999697, 6.457418201039139, 6.457389164896845, 6.457389757471177, 6.45733168518659, 6.457318055976942, 6.457290204983313, 6.45726827973301, 6.457306204490291, 6.457205466853762, 6.457227984678398, 6.457162801501821, 6.457169319819478, 6.457161023778823], "status": "OK"}