{"data": "data/ptb", "recepie_id": 2004651, "recepies_list_path": "data/new_recepies_fix.json", "cuda": true, "batch_size": 20, "model": "CustomRNN", "emsize": 400, "nhid": 600, "nlayers": 3, "dropout": 0.1, "dropouth": 0.25, "dropouti": 0.4, "dropoute": 0.0, "wdrop": 0.1, "tied": true, "bptt": 70, "lr": 0.001, "wdecay": 1.2e-06, "epochs": 50, "alpha": 2, "beta": 1, "log_interval": 200, "clip": 0.25, "eval_batch_size": 50, "recepie": "{\"node_0\": {\"op\": \"linear\", \"input\": [\"h_prev_1\", \"h_prev_0\", \"x\"]}, \"node_1\": {\"op\": \"activation_leaky_relu\", \"input\": [\"node_0\"]}, \"node_2\": {\"op\": \"linear\", \"input\": [\"node_1\", \"h_prev_1\"]}, \"node_3\": {\"op\": \"activation_tanh\", \"input\": [\"node_2\"]}, \"node_4\": {\"op\": \"linear\", \"input\": [\"node_3\", \"x\"]}, \"node_5\": {\"op\": \"activation_tanh\", \"input\": [\"node_4\"]}, \"node_6\": {\"op\": \"linear\", \"input\": [\"x\", \"node_1\", \"node_5\"]}, \"node_11\": {\"op\": \"linear\", \"input\": [\"node_3\", \"node_5\"]}, \"node_12\": {\"op\": \"activation_sigm\", \"input\": [\"node_11\"]}, \"h_new_0\": {\"op\": \"activation_leaky_relu\", \"input\": [\"node_6\"]}, \"h_new_1\": {\"op\": \"linear\", \"input\": [\"node_12\", \"x\"]}}", "experiment_id": 999972533, "init_time": "2020-05-09_07-43-29", "num_params": 16179600, "wall_times": [314.68520283699036, 316.0849678516388, 317.99464893341064, 318.2667417526245, 311.23318576812744, 309.04414534568787, 310.57517099380493, 307.56918597221375, 312.0602569580078, 309.7974679470062, 306.8699505329132, 308.68554282188416, 308.1914610862732, 312.06885528564453, 308.4077332019806, 308.31113147735596, 311.50708961486816, 310.5508167743683, 308.9175684452057, 310.2018165588379, 312.42692971229553, 309.9856038093567, 307.5726251602173, 308.65486216545105, 312.46690344810486, 311.7704224586487, 312.0548107624054, 307.88707304000854, 308.43401622772217, 311.38161635398865, 307.9903633594513, 309.89513182640076, 309.3135495185852, 310.14012694358826, 312.0184004306793, 311.48866033554077, 307.8125686645508, 310.8726227283478, 309.9216766357422, 310.25332736968994, 309.2918448448181, 311.1563243865967, 312.09757375717163, 308.55111622810364, 308.53491592407227, 309.2993948459625, 310.94029211997986, 310.01578545570374, 310.81898760795593, 308.76939582824707], "train_losses": [5.5245733822817495, 5.211388827255123, 5.061570870985961, 4.9404147167984505, 4.856341778279813, 4.7868113267172285, 4.732134332472702, 4.683105232370502, 4.645285353127858, 4.60680361129041, 4.572088813135388, 4.539918508955947, 4.510250255499973, 4.488764724866871, 4.4612560345059435, 4.438398872438277, 4.419173760152762, 4.401217322898177, 4.386422697810769, 4.368205297590232, 4.355088651766984, 4.337202813189178, 4.324616077671992, 4.307542964337583, 4.297782697272874, 4.281529453095584, 4.271511164676457, 4.262519498682158, 4.252710484912054, 4.243233032784681, 4.229989477435318, 4.223188471572266, 4.214671665725351, 4.205969118121672, 4.199252998762843, 4.190926557205099, 4.182902681404981, 4.1747035696035715, 4.171187083131623, 4.166714152681405, 4.157569522887418, 4.155572588887096, 4.147584012425367, 4.143535514496262, 4.135494409257167, 4.126641839465333, 4.1218898761497496, 4.116889136544565, 4.113790358910226, 4.105666048087785], "val_losses": [5.560074152542373, 5.293330574682203, 5.183939684851695, 5.097489737817797, 5.0433709613347455, 4.997879038665254, 4.969257150423728, 4.941578389830508, 4.922456634004237, 4.901478747351695, 4.883977423199153, 4.871014300847458, 4.8581607521186445, 4.847573490466102, 4.836256951800848, 4.8272537076271185, 4.8186483712923724, 4.81213420286017, 4.808825476694915, 4.803091565148305, 4.800100966631356, 4.792533434851695, 4.787784692796611, 4.7873056806144065, 4.780959017478813, 4.7762496689618645, 4.772758871822034, 4.769929819915254, 4.7659146583686445, 4.7652204713983055, 4.760689552436441, 4.7600390625, 4.756373146186441, 4.7586761784957625, 4.754465704449153, 4.758126986228813, 4.755669690148305, 4.753046212923729, 4.753114075741525, 4.752206369173729, 4.751238082627118, 4.748308726165254, 4.7437139168432205, 4.7486013638771185, 4.749883805614407, 4.74676079184322, 4.748101827330508, 4.744876191737288, 4.746872351694916, 4.746733977754237], "test_losses": [5.515428857895935, 5.249290688523969, 5.136566458396541, 5.045174311665655, 4.991260121169599, 4.943006793272148, 4.912096042077518, 4.884042388027154, 4.863605980734223, 4.842827658051426, 4.822403694819478, 4.810412953200849, 4.795093721556432, 4.786303770194933, 4.774754792741201, 4.765893139885467, 4.757203629873331, 4.749912298998787, 4.746874762970267, 4.741995802203428, 4.738704051786256, 4.729993801672482, 4.723082903519417, 4.721458953561135, 4.71636725860892, 4.71099142426426, 4.70940688049909, 4.707955962245904, 4.704082007547027, 4.699155048259254, 4.698369590981493, 4.697230070540049, 4.695133246264412, 4.693833434466019, 4.69384765625, 4.693764103269114, 4.691323289593447, 4.688602188258495, 4.691737202764715, 4.688333752085861, 4.688926918992719, 4.688084278291869, 4.682436156041414, 4.686511586013349, 4.685682278234982, 4.682304308252427, 4.682680889240746, 4.679916233692355, 4.681167750682645, 4.680277704035194], "status": "OK"}