{"data": "data/ptb", "recepie_id": 2008783, "recepies_list_path": "data/new_recepies_fix.json", "cuda": true, "batch_size": 20, "model": "CustomRNN", "emsize": 400, "nhid": 600, "nlayers": 3, "dropout": 0.1, "dropouth": 0.25, "dropouti": 0.4, "dropoute": 0.0, "wdrop": 0.1, "tied": true, "bptt": 70, "lr": 0.001, "wdecay": 1.2e-06, "epochs": 50, "alpha": 2, "beta": 1, "log_interval": 200, "clip": 0.25, "eval_batch_size": 50, "recepie": "{\"node_0\": {\"op\": \"linear\", \"input\": [\"h_prev_0\", \"x\"]}, \"node_1\": {\"op\": \"activation_sigm\", \"input\": [\"node_0\"]}, \"node_2\": {\"op\": \"linear\", \"input\": [\"h_prev_0\", \"node_1\", \"x\"]}, \"node_3\": {\"op\": \"activation_tanh\", \"input\": [\"node_2\"]}, \"h_new_0\": {\"op\": \"elementwise_sum\", \"input\": [\"node_1\", \"node_3\"]}}", "experiment_id": 999986598, "init_time": "2020-05-06_13-15-37", "num_params": 8333200, "wall_times": [125.52637147903442, 125.71612238883972, 125.08430528640747, 126.08800673484802, 125.37825775146484, 126.07129216194153, 126.29436683654785, 125.73033165931702, 125.81521773338318, 125.30677342414856, 125.47571420669556, 125.36582565307617, 125.75771975517273, 126.11301398277283, 125.9874005317688, 125.83527088165283, 125.57837915420532, 125.61532807350159, 125.31922340393066, 126.06341862678528, 123.58695840835571, 123.32059502601624, 123.63290905952454, 123.3557915687561, 123.80070328712463, 122.7794840335846, 123.27942633628845, 123.106605052948, 123.64792728424072, 123.20038270950317, 123.0311188697815, 123.69298839569092, 122.99527931213379, 123.03411626815796, 123.25526285171509, 123.52000522613525, 123.18911480903625, 122.73580598831177, 123.74887752532959, 122.90974950790405, 123.3488838672638, 123.34897422790527, 123.05879974365234, 123.50877332687378, 123.14732956886292, 122.77905321121216, 122.92162275314331, 122.85997176170349, 123.46033549308777, 123.26271724700928], "train_losses": [5.596230198752084, 5.314908339384648, 5.116567240196869, 4.977373964552741, 4.90010371281803, 4.821202547603679, 4.76980040745522, 4.723717961648109, 4.679942999973106, 4.651827076945834, 4.612822148485827, 4.567647820181809, 4.548485742429133, 4.5360889509709, 4.485030138911301, 4.47640281251681, 4.457151225727503, 4.4348294369587435, 4.420532784680759, 4.392950554031521, 4.377902530122102, 4.3584467114463985, 4.349534468963477, 4.331877655854983, 4.316945195255769, 4.287734992738422, 4.276600152627616, 4.276284559733204, 4.2533723475068586, 4.248964132510355, 4.226552834704965, 4.211725431660481, 4.216035312785756, 4.204520164326825, 4.194883024716261, 4.1770068514334895, 4.174272413398956, 4.165771156070141, 4.149546487547738, 4.141639015518262, 4.137138770103814, 4.128393359017804, 4.116959735221344, 4.116063804394599, 4.101549472863214, 4.105798420606745, 4.096441994782421, 4.091188696815664, 4.076656715615083, 4.080555191356033], "val_losses": [5.623275953389831, 5.3852787341101696, 5.232916777012712, 5.125488943326271, 5.073536149364407, 5.02114108845339, 4.994106859110169, 4.962820113877119, 4.93731064618644, 4.920756753177966, 4.89932468220339, 4.875546212923729, 4.870942796610169, 4.863702992584746, 4.841211930614406, 4.83435017213983, 4.83360500529661, 4.823672868114407, 4.816797868114406, 4.800561109639831, 4.793273305084746, 4.789646451271186, 4.7862526483050845, 4.790288665254237, 4.775989804025424, 4.768407375529661, 4.765812367584746, 4.77111857786017, 4.766897841631356, 4.762705574682204, 4.756722060381356, 4.755768008474576, 4.753801641949153, 4.752550648834746, 4.744496490995763, 4.745231064618644, 4.748597060381356, 4.74247748940678, 4.738117386122881, 4.731536679025424, 4.734688824152542, 4.7268514962923724, 4.730461467161017, 4.729482587394068, 4.727123278601695, 4.730478350105932, 4.732661877648305, 4.724881819385593, 4.724473318326271, 4.73249702065678], "test_losses": [5.587088279353762, 5.34577127104824, 5.185679019076153, 5.079512809086772, 5.023118695009102, 4.975964592498483, 4.943291525238926, 4.915760818037015, 4.894852721575394, 4.87747073867946, 4.857168549472846, 4.828602614912015, 4.825308197910346, 4.821231582789745, 4.796640044277154, 4.79413315856341, 4.79144524139108, 4.781793094375758, 4.772513972902761, 4.75720925932949, 4.749444165276092, 4.743935001706614, 4.739907866542779, 4.742834887458283, 4.729262564946147, 4.72115733322588, 4.718327198213744, 4.720368024214958, 4.714407911578428, 4.712294791508647, 4.704554289290049, 4.704955462113167, 4.703687056754399, 4.702193769436438, 4.696015293158374, 4.691517653974515, 4.697793608730279, 4.69027354416338, 4.682147572341474, 4.679288401187045, 4.682446526092233, 4.672948448403368, 4.67490453627503, 4.677184466019417, 4.677328757869387, 4.676591595399727, 4.678246062936135, 4.674263370847239, 4.670531337701001, 4.678644272887591], "status": "OK"}