{"data": "data/ptb", "recepie_id": 2002800, "recepies_list_path": "data/new_recepies_fix.json", "cuda": true, "batch_size": 20, "model": "CustomRNN", "emsize": 400, "nhid": 600, "nlayers": 3, "dropout": 0.1, "dropouth": 0.25, "dropouti": 0.4, "dropoute": 0.0, "wdrop": 0.1, "tied": true, "bptt": 70, "lr": 0.001, "wdecay": 1.2e-06, "epochs": 50, "alpha": 2, "beta": 1, "log_interval": 200, "clip": 0.25, "eval_batch_size": 50, "recepie": "{\"node_3\": {\"op\": \"linear\", \"input\": [\"h_prev_1\", \"h_prev_0\"]}, \"node_4\": {\"op\": \"activation_sigm\", \"input\": [\"node_3\"]}, \"node_6\": {\"op\": \"linear\", \"input\": [\"h_prev_0\", \"h_prev_2\"]}, \"node_7\": {\"op\": \"activation_tanh\", \"input\": [\"node_6\"]}, \"node_11\": {\"op\": \"linear\", \"input\": [\"node_7\", \"node_4\", \"h_prev_0\"]}, \"node_13\": {\"op\": \"linear\", \"input\": [\"node_4\", \"h_prev_1\"]}, \"node_15\": {\"op\": \"linear\", \"input\": [\"h_prev_2\", \"x\"]}, \"h_new_0\": {\"op\": \"activation_leaky_relu\", \"input\": [\"node_13\"]}, \"h_new_1\": {\"op\": \"activation_tanh\", \"input\": [\"node_15\"]}, \"h_new_2\": {\"op\": \"activation_tanh\", \"input\": [\"node_11\"]}}", "experiment_id": 999970933, "init_time": "2020-05-09_19-38-28", "num_params": 13658000, "wall_times": [260.5926878452301, 257.5481524467468, 257.41544938087463, 255.5898356437683, 256.03480339050293, 260.11350536346436, 254.8715353012085, 256.80284786224365, 257.0717091560364, 255.2753200531006, 257.1557385921478, 255.36432361602783, 256.89654064178467, 256.6718695163727, 256.28517174720764, 255.91372084617615, 255.1176414489746, 254.67531967163086, 254.37464547157288, 256.02592396736145, 256.66636776924133, 255.99833989143372, 255.98559498786926, 253.88774251937866, 261.19383335113525, 262.5705740451813, 259.2564079761505, 262.25814056396484, 264.18684697151184, 262.3725805282593, 262.3816611766815, 261.90936756134033, 259.3160276412964, 258.71185421943665, 260.3125329017639, 260.65212225914, 259.13341903686523, 262.9575502872467, 262.18142557144165, 263.3900775909424, 260.8889682292938, 260.77734637260437, 260.1941430568695, 259.8549528121948, 259.4466300010681, 261.310898065567, 262.33163690567017, 259.59657073020935, 259.6918489933014, 258.6577248573303], "train_losses": [6.508174318218493, 6.473568359690173, 6.458484195981927, 6.447028720214082, 6.408455368188909, 6.45409657226615, 6.440028525227261, 6.427587609596041, 6.433659095799043, 6.413087986122317, 6.408515881340434, 6.4041072461137105, 6.391196092867516, 6.382292675219192, 6.393453989833791, 6.378840483970738, 6.355824895110537, 6.354541091791727, 6.370390494728632, 6.359217833898123, 6.326203287208864, 6.3218992893066535, 6.318932043730838, 6.315860581060728, 6.308075396024958, 6.304403424372008, 6.288521243478027, 6.301168912376957, 6.2909682440428165, 6.279129938545533, 6.277268318675703, 6.273828314103598, 6.274981846054542, 6.25943206726373, 6.263594447582164, 6.2559685297993655, 6.242625800118337, 6.250414346995858, 6.237154822898177, 6.24112221639503, 6.227774023721155, 6.23185025684471, 6.22351078815018, 6.2196955179925775, 6.214323715104083, 6.218051157145931, 6.213565199558927, 6.217534273976655, 6.199682474046582, 6.209186820907966], "val_losses": [6.511285090042373, 6.486604210805084, 6.478360699152542, 6.4735765360169495, 6.441528072033898, 6.487607256355933, 6.480246292372882, 6.472675450211864, 6.484886122881356, 6.470748146186441, 6.467584745762712, 6.466017611228813, 6.4600390625, 6.455176112288136, 6.469386255296611, 6.463818855932203, 6.444893405720339, 6.447850238347457, 6.466530720338983, 6.458455376059322, 6.431567134533898, 6.43069716631356, 6.431463188559322, 6.42887248411017, 6.427206038135593, 6.4276046080508475, 6.419974841101695, 6.434362420550848, 6.424888771186441, 6.419650423728814, 6.421098384533899, 6.419590174788135, 6.422519862288135, 6.414818591101695, 6.419175052966102, 6.414461731991525, 6.41165188029661, 6.4211069915254235, 6.411490995762712, 6.419069782838983, 6.41246623411017, 6.422558924788135, 6.417134533898305, 6.4172742319915255, 6.414165121822034, 6.422076271186441, 6.422146451271186, 6.429902012711865, 6.415119173728813, 6.426517478813559], "test_losses": [6.452138363736347, 6.439136097732099, 6.432523560755461, 6.42376471954642, 6.390755366353155, 6.44208474761074, 6.431778102245145, 6.428799823649879, 6.431953504247573, 6.417886382167779, 6.418633618401092, 6.419031828352549, 6.413026680066747, 6.402173088592233, 6.421502270744842, 6.411624649195995, 6.396435783904733, 6.394381921268204, 6.411654277912621, 6.404191396768811, 6.381588241429005, 6.386245283108313, 6.384097793727245, 6.379202537166262, 6.382273257357403, 6.379002247041869, 6.370670059352245, 6.380973149271845, 6.377208524537318, 6.370446658828883, 6.372015203087075, 6.373053393317658, 6.375439097580401, 6.365772432493932, 6.373421381978155, 6.367716076304611, 6.364947569023058, 6.372347637287621, 6.363578722314927, 6.370549766762743, 6.364605061058859, 6.374769488584648, 6.370528434086772, 6.371602771351639, 6.369374099287015, 6.37615255707676, 6.378399006371359, 6.384648887856493, 6.370209036521541, 6.380756859640473], "status": "OK"}