{"data": "data/ptb", "recepie_id": 2005911, "recepies_list_path": "data/new_recepies_fix.json", "cuda": true, "batch_size": 20, "model": "CustomRNN", "emsize": 400, "nhid": 600, "nlayers": 3, "dropout": 0.1, "dropouth": 0.25, "dropouti": 0.4, "dropoute": 0.0, "wdrop": 0.1, "tied": true, "bptt": 70, "lr": 0.001, "wdecay": 1.2e-06, "epochs": 50, "alpha": 2, "beta": 1, "log_interval": 200, "clip": 0.25, "eval_batch_size": 50, "recepie": "{\"node_1\": {\"op\": \"linear\", \"input\": [\"h_prev_1\", \"h_prev_0\", \"x\"]}, \"node_2\": {\"op\": \"activation_tanh\", \"input\": [\"node_1\"]}, \"node_3\": {\"op\": \"linear\", \"input\": [\"node_2\", \"h_prev_1\"]}, \"node_4\": {\"op\": \"activation_sigm\", \"input\": [\"node_3\"]}, \"node_5\": {\"op\": \"linear\", \"input\": [\"h_prev_0\", \"x\"]}, \"node_9\": {\"op\": \"linear\", \"input\": [\"x\", \"h_prev_0\"]}, \"h_new_0\": {\"op\": \"blend\", \"input\": [\"node_4\", \"node_5\", \"h_new_1\"]}, \"h_new_1\": {\"op\": \"activation_tanh\", \"input\": [\"node_9\"]}}", "experiment_id": 999944533, "init_time": "2020-05-11_14-59-51", "num_params": 11816400, "wall_times": [265.68276476860046, 267.57817912101746, 267.1760275363922, 267.8240463733673, 258.03154134750366, 265.10456800460815, 264.81584644317627, 259.8131220340729, 268.69138526916504, 274.0194718837738, 278.16624689102173, 269.4919490814209, 270.3715023994446, 267.1155843734741, 275.9459617137909, 269.9444077014923, 273.7775459289551, 278.31694650650024, 267.24607729911804, 267.1103880405426, 266.9391620159149, 280.83100605010986, 275.054735660553, 272.23227643966675, 276.46694111824036, 268.13388895988464, 275.7901220321655, 273.8725574016571, 280.68202018737793, 269.1219570636749, 270.420850276947, 269.8710594177246, 275.49808955192566, 279.4683794975281, 275.5913767814636, 269.7293891906738, 276.46493458747864, 269.20753288269043, 277.5001037120819, 274.4821517467499, 275.4531228542328, 270.0179286003113, 269.3841869831085, 270.8692367076874, 271.8664755821228, 270.1637351512909, 272.4095606803894, 274.008029460907, 266.91678643226624, 273.076491355896], "train_losses": [5.476494002474316, 5.168938431230165, 4.995068178150718, 4.868417934081007, 4.773484145554301, 4.691006400946694, 4.623874623473724, 4.570447814130493, 4.5158443601742775, 4.46912064305309, 4.429018073261256, 4.392378620703567, 4.357807121053198, 4.3269475149265775, 4.303541952423216, 4.276034942983164, 4.249505389032327, 4.228569099295358, 4.212743649480932, 4.1862708266096496, 4.16883505459631, 4.149759964498951, 4.1412666915442955, 4.113473505325158, 4.105618141842827, 4.091602623581303, 4.0769302854876015, 4.066305604862568, 4.055072010650314, 4.043977512640525, 4.042035628798881, 4.025637825426282, 4.009975845167016, 4.007138030498628, 3.999366292829864, 3.9937192391479748, 3.9752791169114086, 3.970788536791996, 3.961332096175569, 3.9551072259426605, 3.948017942149427, 3.9387930483836264, 3.931152842773385, 3.9288924244257974, 3.9204067156150826, 3.910650650852563, 3.9068584933570008, 3.8998187967296003, 3.9001776733365605, 3.887269461701899], "val_losses": [5.525966631355932, 5.274578257415254, 5.1453515625, 5.053844345868644, 4.992156051377119, 4.944358448093221, 4.906504899364407, 4.882423199152543, 4.850926906779661, 4.830827595338983, 4.81339016154661, 4.8029452462923725, 4.7873377913135595, 4.774930813029661, 4.771263903601695, 4.764280985169491, 4.753607984639831, 4.749977820444915, 4.744368710275424, 4.733737420550847, 4.73168498411017, 4.729313095868644, 4.729436573093221, 4.718739075741525, 4.718373940677966, 4.715182733050847, 4.711395325741526, 4.712310315148305, 4.707459282309322, 4.703842359639831, 4.7094087658898305, 4.699346861758475, 4.69693657309322, 4.696636321504237, 4.698468617584746, 4.702494041313559, 4.689939420021187, 4.691666777012712, 4.687806210275424, 4.685331369173729, 4.686088784427966, 4.681834282309322, 4.6822196106991525, 4.686697232521187, 4.684164790783898, 4.681885593220339, 4.679737486758475, 4.677558924788135, 4.683107786016949, 4.674493842690678], "test_losses": [5.485401931318265, 5.23431159454642, 5.101912711430522, 5.016853406591323, 4.954419182342233, 4.905829272223908, 4.865188746776395, 4.841134969470571, 4.814291352207221, 4.789449747326304, 4.775881572834496, 4.765567520289745, 4.750781605544599, 4.735668293480734, 4.731652417229217, 4.725083434466019, 4.711915247648665, 4.709970122402154, 4.707796263463289, 4.695772633969205, 4.693292710387591, 4.69119144180446, 4.694911030889715, 4.680065858711317, 4.678463834003337, 4.677186836316747, 4.674408847845874, 4.672827859526699, 4.670397119614685, 4.665944812367264, 4.672481203542172, 4.664931510258647, 4.661745830646996, 4.6632080078125, 4.663869617054764, 4.664539522337682, 4.652887140662925, 4.654835821355431, 4.65173576873483, 4.650708837416565, 4.651124528310831, 4.645380705305674, 4.647402568928246, 4.649773755119842, 4.649644573915352, 4.646784217612257, 4.644148446981189, 4.642853079490291, 4.644842944098908, 4.638091744728459], "status": "OK"}