{"data": "data/ptb", "recepie_id": 2010338, "recepies_list_path": "data/new_recepies_fix.json", "cuda": true, "batch_size": 20, "model": "CustomRNN", "emsize": 400, "nhid": 600, "nlayers": 3, "dropout": 0.1, "dropouth": 0.25, "dropouti": 0.4, "dropoute": 0.0, "wdrop": 0.1, "tied": true, "bptt": 70, "lr": 0.001, "wdecay": 1.2e-06, "epochs": 50, "alpha": 2, "beta": 1, "log_interval": 200, "clip": 0.25, "eval_batch_size": 50, "recepie": "{\"node_0\": {\"op\": \"linear\", \"input\": [\"x\", \"h_prev_0\"]}, \"node_1\": {\"op\": \"activation_tanh\", \"input\": [\"node_0\"]}, \"node_2\": {\"op\": \"linear\", \"input\": [\"h_prev_0\", \"x\"]}, \"node_3\": {\"op\": \"activation_leaky_relu\", \"input\": [\"node_2\"]}, \"node_4\": {\"op\": \"linear\", \"input\": [\"h_prev_0\", \"node_3\"]}, \"node_5\": {\"op\": \"activation_tanh\", \"input\": [\"node_4\"]}, \"node_9\": {\"op\": \"linear\", \"input\": [\"h_prev_0\", \"node_1\", \"node_5\"]}, \"node_10\": {\"op\": \"activation_leaky_relu\", \"input\": [\"node_9\"]}, \"node_13\": {\"op\": \"linear\", \"input\": [\"node_10\", \"x\"]}, \"h_new_0\": {\"op\": \"activation_sigm\", \"input\": [\"node_13\"]}}", "experiment_id": 999918540, "init_time": "2020-05-09_10-33-53", "num_params": 13578000, "wall_times": [322.3373408317566, 324.963250875473, 307.28838300704956, 305.73923778533936, 304.7421054840088, 306.6394546031952, 304.7306067943573, 307.10727977752686, 305.3756444454193, 305.9931287765503, 307.72351455688477, 305.63231778144836, 305.871390581131, 306.3193709850311, 305.8497507572174, 307.29606199264526, 305.97199869155884, 308.213702917099, 302.4202182292938, 306.6702139377594, 304.15876150131226, 305.3077869415283, 304.53687953948975, 305.4021921157837, 305.7928764820099, 305.82534074783325, 305.9047350883484, 306.90350317955017, 303.7218806743622, 304.54188084602356, 304.8245687484741, 305.50943660736084, 304.6623332500458, 306.04194140434265, 305.043986082077, 306.57803606987, 303.06041049957275, 304.49090218544006, 306.02293705940247, 304.0270528793335, 306.79313945770264, 304.6501667499542, 305.78865480422974, 303.9302644729614, 303.0443172454834, 303.658052444458, 306.4910662174225, 302.63117694854736, 302.75454902648926, 303.7374105453491], "train_losses": [5.989198822683019, 5.712817189769243, 5.5764936662901405, 5.468784038647732, 5.399260310768652, 5.319388833978807, 5.25844830832123, 5.213011336130386, 5.173188639664354, 5.141882749045237, 5.11406182763165, 5.086141311656178, 5.060894300333494, 5.04003827456834, 5.022420122639987, 4.998867899790221, 4.982693238663869, 4.96670515975472, 4.9484793549298045, 4.938118578882255, 4.9207025576892045, 4.9073089801516865, 4.895336200984347, 4.884132443117638, 4.875118084691517, 4.862319553143994, 4.858528656339089, 4.849179794658705, 4.842049328304018, 4.833537144989511, 4.827877064170836, 4.820290227798397, 4.814786472621161, 4.805348101904147, 4.796343829003281, 4.790005916841483, 4.782524978484213, 4.774833504787263, 4.767071432413533, 4.756000047065784, 4.755674368646119, 4.747901370286698, 4.743923891264591, 4.739712764240761, 4.731996917191114, 4.727517263057393, 4.723717121187671, 4.7171056391533535, 4.7110828996557474, 4.711067351137647], "val_losses": [6.001526085805085, 5.75027873411017, 5.635213850635593, 5.550315810381356, 5.49477919756356, 5.432488082627119, 5.386270855402542, 5.354102555614407, 5.328643736758474, 5.308378575211864, 5.294443193855932, 5.278896318855932, 5.263401747881356, 5.25392578125, 5.245556475105932, 5.2301721398305085, 5.224822232521187, 5.2183279263771185, 5.206592955508475, 5.200314155190678, 5.192634401483051, 5.187238479872882, 5.182509269067797, 5.179654727224576, 5.172911149364407, 5.169876853813559, 5.169287274894068, 5.169669954978813, 5.1674311440677965, 5.165715373411017, 5.166625728283898, 5.164623940677966, 5.16335639565678, 5.159232322563559, 5.158059454449153, 5.157395391949152, 5.154354806673729, 5.150718021716101, 5.149343551377119, 5.145819319385593, 5.149215108580509, 5.14668266684322, 5.144601430084745, 5.143828125, 5.137923397775424, 5.138151152012711, 5.137154065148305, 5.135218154131356, 5.1320835540254235, 5.136638969809322], "test_losses": [5.957488717384709, 5.69983621245449, 5.582108284663228, 5.494344470570389, 5.442315259026092, 5.377843764221784, 5.334150295813107, 5.300627773247876, 5.273731416868932, 5.252869244918083, 5.236463824522148, 5.219994406098301, 5.20123528045358, 5.190285691937197, 5.178860858806129, 5.165696227434769, 5.157375891231796, 5.150880091398665, 5.138270109602549, 5.132727761870449, 5.126008561513956, 5.120860868287318, 5.114523878375303, 5.111778481492719, 5.106275243666565, 5.103340222997573, 5.103547624013956, 5.10132309996966, 5.099082576418386, 5.096875829604065, 5.098298600576456, 5.095604757660801, 5.095137216512439, 5.089937969318871, 5.088800819174757, 5.0880126953125, 5.084833534018507, 5.081669187082828, 5.080620923088592, 5.075978103193265, 5.079936499734527, 5.076699266155947, 5.075903438827367, 5.074576072322512, 5.070099173240291, 5.068265155681129, 5.070058878185679, 5.065997966284891, 5.06384514373483, 5.066294253451153], "status": "OK"}