{"data": "data/ptb", "recepie_id": 2006404, "recepies_list_path": "data/new_recepies_fix.json", "cuda": true, "batch_size": 20, "model": "CustomRNN", "emsize": 400, "nhid": 600, "nlayers": 3, "dropout": 0.1, "dropouth": 0.25, "dropouti": 0.4, "dropoute": 0.0, "wdrop": 0.1, "tied": true, "bptt": 70, "lr": 0.001, "wdecay": 1.2e-06, "epochs": 50, "alpha": 2, "beta": 1, "log_interval": 200, "clip": 0.25, "eval_batch_size": 50, "recepie": "{\"node_0\": {\"op\": \"linear\", \"input\": [\"h_prev_1\", \"h_prev_0\"]}, \"node_3\": {\"op\": \"linear\", \"input\": [\"h_prev_0\", \"x\"]}, \"node_4\": {\"op\": \"activation_tanh\", \"input\": [\"node_3\"]}, \"h_new_0\": {\"op\": \"activation_sigm\", \"input\": [\"node_0\"]}, \"h_new_1\": {\"op\": \"elementwise_prod\", \"input\": [\"node_3\", \"node_4\"]}}", "experiment_id": 999925563, "init_time": "2020-05-15_03-44-01", "num_params": 7493200, "wall_times": [113.64078831672668, 113.19537711143494, 113.20792412757874, 113.22411346435547, 113.06871247291565, 113.17516899108887, 112.89454364776611, 113.24538612365723, 111.91556978225708, 111.73805356025696, 110.87041878700256, 110.7945396900177, 110.70523500442505, 110.53736686706543, 110.63907742500305, 110.70408582687378, 110.99652075767517, 110.85787200927734, 110.88775682449341, 110.91953539848328, 110.84552669525146, 110.89418315887451, 110.91032695770264, 110.87628126144409, 110.8756046295166, 110.8581428527832, 110.75576114654541, 110.82609629631042, 110.82470345497131, 110.86492443084717, 110.89218831062317, 111.01717281341553, 110.78296089172363, 110.78601861000061, 110.74856615066528, 110.78149127960205, 110.76419019699097, 110.62243175506592, 110.7349271774292, 110.81674027442932, 110.92879033088684, 110.7557270526886, 110.84214687347412, 110.78178811073303, 110.86252665519714, 110.94634246826172, 111.05885219573975, 111.14191389083862, 111.07848787307739, 111.15056419372559], "train_losses": [6.59825738932817, 6.568971125141197, 6.555834308267441, 6.5295245347211015, 6.497948436071217, 6.480374408315852, 6.472901874562961, 6.466085740412027, 6.478393443063848, 6.464756552229574, 6.464349349147437, 6.463069327900597, 6.463632856624173, 6.464275808859125, 6.470465379753644, 6.469800995777526, 6.475721199101716, 6.480307591711043, 6.479296938034532, 6.483030683529665, 6.4862807440428165, 6.484316167769351, 6.4934599571029, 6.485553325533861, 6.482091048760153, 6.475541760798236, 6.478611542547469, 6.479640266123393, 6.477193685788823, 6.48874581450702, 6.477803019606261, 6.4811736861922435, 6.481012317788177, 6.472439621322145, 6.48127244029369, 6.4857449505136895, 6.484396851971384, 6.480076044860416, 6.474992099671884, 6.48051182359744, 6.47770972849766, 6.47600443426927, 6.477134433327954, 6.472721175568823, 6.476572165295035, 6.465059117987198, 6.458377037276101, 6.473520873675434, 6.472760256979184, 6.471163382147275], "val_losses": [6.60091498940678, 6.569108183262712, 6.5531243379237285, 6.528472590042373, 6.502352356991525, 6.487021980932203, 6.48169623940678, 6.476745895127118, 6.485253575211864, 6.477033898305085, 6.479159163135593, 6.479654396186441, 6.479155852754237, 6.4808977754237285, 6.4828317002118645, 6.484760990466102, 6.489504104872881, 6.498011784957627, 6.494925847457627, 6.498922139830508, 6.504215439618644, 6.503234242584746, 6.509031382415254, 6.501436043432204, 6.496720736228814, 6.494580243644068, 6.496572431144068, 6.498121027542373, 6.495711731991525, 6.508780455508474, 6.499764300847458, 6.504053230932203, 6.50666247351695, 6.49897311970339, 6.507185513771186, 6.5137109375, 6.512737685381356, 6.5108229608050845, 6.507509931144067, 6.513551377118644, 6.511961069915254, 6.513466631355932, 6.5145233050847455, 6.5107594014830505, 6.5159858315677965, 6.506212261652542, 6.5008613612288135, 6.513413665254237, 6.514153204449152, 6.514143935381356], "test_losses": [6.528722077897451, 6.496519810945085, 6.482982450318568, 6.466565178435983, 6.44635009765625, 6.435455618552791, 6.431353819023058, 6.424437291413835, 6.436802540010619, 6.423655093294903, 6.428194212682039, 6.426295604520631, 6.428232137439321, 6.428372577556129, 6.435331177942961, 6.438027391155947, 6.444050909246056, 6.448411071184769, 6.448636842005461, 6.448835354406857, 6.456189794447815, 6.458266174908981, 6.458362171950849, 6.457399238660497, 6.452124141952367, 6.448200114722391, 6.453908383267597, 6.452770640549151, 6.451729487446905, 6.46588608825091, 6.456386529126213, 6.459873236498787, 6.461196454983313, 6.454504513046117, 6.467023830969357, 6.468206609337075, 6.469363314434163, 6.469353833244842, 6.466149783828883, 6.46984389221784, 6.464725827707828, 6.46776632660801, 6.469056953504247, 6.469157691140777, 6.472251521730886, 6.463180393848605, 6.456084316216626, 6.469973665996663, 6.472136562310376, 6.470473206158981], "status": "OK"}