{"data": "data/ptb", "recepie_id": 2002146, "recepies_list_path": "data/new_recepies_fix.json", "cuda": true, "batch_size": 20, "model": "CustomRNN", "emsize": 400, "nhid": 600, "nlayers": 3, "dropout": 0.1, "dropouth": 0.25, "dropouti": 0.4, "dropoute": 0.0, "wdrop": 0.1, "tied": true, "bptt": 70, "lr": 0.001, "wdecay": 1.2e-06, "epochs": 50, "alpha": 2, "beta": 1, "log_interval": 200, "clip": 0.25, "eval_batch_size": 50, "recepie": "{\"node_0\": {\"op\": \"linear\", \"input\": [\"h_prev_0\", \"x\"]}, \"node_1\": {\"op\": \"activation_sigm\", \"input\": [\"node_0\"]}, \"node_2\": {\"op\": \"linear\", \"input\": [\"h_prev_0\", \"x\", \"node_1\"]}, \"node_3\": {\"op\": \"activation_sigm\", \"input\": [\"node_2\"]}, \"node_5\": {\"op\": \"elementwise_prod\", \"input\": [\"h_prev_0\", \"node_3\"]}, \"node_6\": {\"op\": \"elementwise_prod\", \"input\": [\"node_5\", \"node_1\"]}, \"h_new_0\": {\"op\": \"elementwise_prod\", \"input\": [\"node_6\", \"node_5\"]}}", "experiment_id": 999985860, "init_time": "2020-05-07_06-49-34", "num_params": 8333200, "wall_times": [140.12949776649475, 139.3603973388672, 139.42102789878845, 139.52655363082886, 139.79907941818237, 140.15172457695007, 139.3658788204193, 136.4973919391632, 136.25609636306763, 136.44686794281006, 136.34662055969238, 136.67627453804016, 136.57221698760986, 136.55990600585938, 136.6900134086609, 136.81911706924438, 136.71034145355225, 136.80423641204834, 136.6413917541504, 136.44617295265198, 136.62069392204285, 136.1854145526886, 136.3020236492157, 136.57014679908752, 136.60287404060364, 136.43582963943481, 136.30383563041687, 136.38119792938232, 136.52017378807068, 136.39975810050964, 136.3398756980896, 136.29263019561768, 136.26673030853271, 136.32313060760498, 136.17755556106567, 136.48918390274048, 136.2874174118042, 136.49949193000793, 136.6332380771637, 136.82028532028198, 136.7600598335266, 136.77093148231506, 136.8607738018036, 136.82140016555786, 136.85851216316223, 137.07457637786865, 136.83738088607788, 136.99093174934387, 136.87610912322998, 137.06273651123047], "train_losses": [8.579657999838632, 8.058294335969018, 7.6248495575816255, 7.276344232424291, 7.008221804233231, 6.813033692378032, 6.682045831988597, 6.6047192694045505, 6.56650773559787, 6.5505360456672586, 6.543897668898929, 6.540366894599537, 6.538067815071809, 6.536439422973482, 6.535232942014954, 6.534323143590985, 6.533628082808886, 6.5330645540853105, 6.532618269592814, 6.53226065367651, 6.53196775321392, 6.531718976924318, 6.5315218889516435, 6.531348333871228, 6.531200833064386, 6.531083168603088, 6.530974749206606, 6.530886080630412, 6.530813380802539, 6.530745723737292, 6.530683949895111, 6.5306305806573075, 6.5305809934914745, 6.530544433462428, 6.5305082936636, 6.5304771966274, 6.530445679360981, 6.530423827389597, 6.530406597950622, 6.530382224597924, 6.530362473777634, 6.5303439836480015, 6.530330536280996, 6.53031750914421, 6.530298598784358, 6.530285571647571, 6.530272544510785, 6.530264980366844, 6.530254474611371, 6.5302477509278685], "val_losses": [8.571665121822035, 8.04871623411017, 7.613814883474577, 7.2643617584745765, 6.995879237288135, 6.800822298728813, 6.670163532838983, 6.592952860169492, 6.554702727754237, 6.538647378177966, 6.531843882415254, 6.528162076271187, 6.525878575211864, 6.52421345338983, 6.523022378177966, 6.522192134533898, 6.521559189618644, 6.521083156779661, 6.520768008474576, 6.52047470868644, 6.520266816737288, 6.520092028601695, 6.52000529661017, 6.519930481991525, 6.5198278601694915, 6.519701403601695, 6.519653072033898, 6.519547139830508, 6.519502118644068, 6.519448490466102, 6.519434586864406, 6.519400158898305, 6.519378972457627, 6.519382944915254, 6.519370365466101, 6.5193471927966105, 6.519318723516949, 6.519318061440678, 6.519303495762712, 6.51927436440678, 6.5193326271186445, 6.51935248940678, 6.519306806144068, 6.519301509533898, 6.519281647245763, 6.519266419491525, 6.51924655720339, 6.519249867584746, 6.519245895127119, 6.519235963983051], "test_losses": [8.563822625910195, 8.033303270062197, 7.591443108123483, 7.235575555597694, 6.961096309921117, 6.760461899840716, 6.624736304422027, 6.543276888652913, 6.501724983881978, 6.483205850841929, 6.475046694857403, 6.470591128451153, 6.467663218674151, 6.465604615442961, 6.464060366732403, 6.462887069554005, 6.461966209041262, 6.461253342119235, 6.460635879664745, 6.460127450887439, 6.459758869652609, 6.459400954755765, 6.459117704224818, 6.458877119045813, 6.458657273968447, 6.458507945236651, 6.458344987295206, 6.458207510050061, 6.458094920926881, 6.457985887249697, 6.45788811248483, 6.457822929308253, 6.457710932759405, 6.457664711961469, 6.45758293670358, 6.45751953125, 6.457481606492719, 6.457479236195389, 6.457441311438107, 6.457405164403823, 6.457379683707524, 6.457364276774879, 6.45734116637591, 6.457309167361954, 6.457255243097694, 6.457222651509405, 6.457163394076153, 6.457130802487864, 6.457181763880461, 6.457178801008799], "status": "OK"}