{"data": "data/ptb", "recepie_id": 2002813, "recepies_list_path": "data/new_recepies_fix.json", "cuda": true, "batch_size": 20, "model": "CustomRNN", "emsize": 400, "nhid": 600, "nlayers": 3, "dropout": 0.1, "dropouth": 0.25, "dropouti": 0.4, "dropoute": 0.0, "wdrop": 0.1, "tied": true, "bptt": 70, "lr": 0.001, "wdecay": 1.2e-06, "epochs": 50, "alpha": 2, "beta": 1, "log_interval": 200, "clip": 0.25, "eval_batch_size": 50, "recepie": "{\"node_2\": {\"op\": \"linear\", \"input\": [\"h_prev_1\", \"x\"]}, \"node_3\": {\"op\": \"activation_sigm\", \"input\": [\"node_2\"]}, \"node_5\": {\"op\": \"linear\", \"input\": [\"x\", \"h_prev_1\"]}, \"node_6\": {\"op\": \"activation_sigm\", \"input\": [\"node_5\"]}, \"node_11\": {\"op\": \"linear\", \"input\": [\"h_prev_0\", \"node_3\"]}, \"node_12\": {\"op\": \"activation_leaky_relu\", \"input\": [\"node_11\"]}, \"node_14\": {\"op\": \"linear\", \"input\": [\"node_6\", \"h_prev_1\"]}, \"node_15\": {\"op\": \"activation_tanh\", \"input\": [\"node_14\"]}, \"node_16\": {\"op\": \"linear\", \"input\": [\"node_15\", \"h_prev_1\", \"node_12\"]}, \"h_new_0\": {\"op\": \"elementwise_prod\", \"input\": [\"node_12\", \"node_6\"]}, \"h_new_1\": {\"op\": \"activation_tanh\", \"input\": [\"node_16\"]}}", "experiment_id": 999905324, "init_time": "2020-05-12_23-50-35", "num_params": 13618000, "wall_times": [266.2577564716339, 266.1491219997406, 266.19188141822815, 262.2988188266754, 260.3010265827179, 262.69595217704773, 260.61837363243103, 260.85426568984985, 260.5782916545868, 260.7009084224701, 260.558794260025, 260.58767223358154, 260.8687517642975, 260.5829408168793, 260.93499183654785, 260.567266702652, 260.7853865623474, 260.7022473812103, 260.697363615036, 260.7875089645386, 260.93949699401855, 260.8604369163513, 260.72140741348267, 260.55313515663147, 260.68139147758484, 260.7723500728607, 260.8035743236542, 260.45008182525635, 260.62869930267334, 260.742568731308, 260.79239439964294, 260.9332776069641, 260.6754529476166, 260.6241943836212, 260.6376860141754, 260.88869166374207, 261.03395080566406, 260.9708914756775, 260.97788405418396, 261.0416748523712, 260.97757720947266, 260.68952775001526, 259.88938999176025, 260.2193772792816, 259.9719309806824, 260.2403371334076, 260.09937500953674, 260.16978764533997, 260.0075464248657, 260.19137501716614], "train_losses": [5.947460716879135, 5.640070296111022, 5.445819297644022, 5.299488411731483, 5.18553332257544, 5.095830559813889, 5.016156591226938, 4.953182991770212, 4.895387469071056, 4.846945010354473, 4.801090749556237, 4.760170411758378, 4.725595130036039, 4.695547828922597, 4.663476699074821, 4.635040980850949, 4.609003096256253, 4.586909492496369, 4.563868689823033, 4.543588379457802, 4.524554051691679, 4.503068100828358, 4.485375568151256, 4.470167436528428, 4.456604085982464, 4.438945591953096, 4.42815786200312, 4.413601927680061, 4.402625934592007, 4.388329702544242, 4.381156792937443, 4.368208659431983, 4.355990465816793, 4.346972325318703, 4.33678426389113, 4.325875507638105, 4.3179007987736, 4.306200749018342, 4.297628472782529, 4.290997239927922, 4.279381236216449, 4.273335384056802, 4.260130069657361, 4.253521109004357, 4.245046746409553, 4.238757580953149, 4.226760008202894, 4.219001297670916, 4.214201428110376, 4.20699195847453], "val_losses": [5.961882944915255, 5.679114804025423, 5.509109176377119, 5.387998543432204, 5.300385659427966, 5.233165055614407, 5.173057468220339, 5.132845934851695, 5.094557070974576, 5.065784560381356, 5.0365373411016945, 5.015317134533898, 4.995064883474576, 4.979555084745763, 4.963538797669491, 4.9506097722457625, 4.937056739936441, 4.92793796345339, 4.916723384533898, 4.908404065148305, 4.9015956038135595, 4.895353548728814, 4.88605700476695, 4.882713850635593, 4.878787076271187, 4.875517081567796, 4.865894796080508, 4.866879634533898, 4.861792571504237, 4.8629128045550845, 4.858117717161017, 4.851877979343221, 4.851689287605932, 4.849578257415255, 4.849139962923728, 4.844970206567797, 4.841118908898305, 4.840057269597458, 4.83616889565678, 4.835235699152542, 4.832443061440678, 4.828571901483051, 4.824457428495763, 4.823098847987288, 4.8233183262711865, 4.818795683262712, 4.8149884136652545, 4.815089049258474, 4.817657905190678, 4.812464578919491], "test_losses": [5.911791162583435, 5.624451868742415, 5.457325759443265, 5.334326290389867, 5.245814647489381, 5.177978515625, 5.11988015776699, 5.076715858237257, 5.037554398323726, 5.006090478989685, 4.977893421950849, 4.95288559996966, 4.932871698175819, 4.916738861972846, 4.901270597883799, 4.886671344053398, 4.873450418120449, 4.862920075944326, 4.851266805408071, 4.843369567278519, 4.837185757831462, 4.829487328390473, 4.821575868476942, 4.817291852339958, 4.811975571715716, 4.807259272603155, 4.801424489437955, 4.799376256257585, 4.795094314130765, 4.794156861536711, 4.791009995543841, 4.78721159407236, 4.786303177620601, 4.783394822796572, 4.781293850500607, 4.778402680332221, 4.775607210918538, 4.773323725728155, 4.768944897697967, 4.767563310641687, 4.764454961980431, 4.76254390975804, 4.758373964180067, 4.755317762060073, 4.75583715346253, 4.751918163114381, 4.747999765340564, 4.748368050288228, 4.748080651736954, 4.745033338231948], "status": "OK"}