{"data": "data/ptb", "recepie_id": 2006406, "recepies_list_path": "data/new_recepies_fix.json", "cuda": true, "batch_size": 20, "model": "CustomRNN", "emsize": 400, "nhid": 600, "nlayers": 3, "dropout": 0.1, "dropouth": 0.25, "dropouti": 0.4, "dropoute": 0.0, "wdrop": 0.1, "tied": true, "bptt": 70, "lr": 0.001, "wdecay": 1.2e-06, "epochs": 50, "alpha": 2, "beta": 1, "log_interval": 200, "clip": 0.25, "eval_batch_size": 50, "recepie": "{\"node_0\": {\"op\": \"linear\", \"input\": [\"h_prev_1\", \"x\"]}, \"node_1\": {\"op\": \"activation_sigm\", \"input\": [\"node_0\"]}, \"node_2\": {\"op\": \"linear\", \"input\": [\"h_prev_0\", \"h_prev_1\"]}, \"node_6\": {\"op\": \"linear\", \"input\": [\"x\", \"h_prev_0\"]}, \"node_7\": {\"op\": \"activation_tanh\", \"input\": [\"node_6\"]}, \"node_8\": {\"op\": \"linear\", \"input\": [\"x\", \"h_prev_0\", \"node_7\"]}, \"node_9\": {\"op\": \"activation_leaky_relu\", \"input\": [\"node_8\"]}, \"node_10\": {\"op\": \"linear\", \"input\": [\"node_9\", \"node_7\"]}, \"node_11\": {\"op\": \"activation_sigm\", \"input\": [\"node_10\"]}, \"node_15\": {\"op\": \"elementwise_sum\", \"input\": [\"h_new_0\", \"node_11\"]}, \"h_new_0\": {\"op\": \"activation_sigm\", \"input\": [\"node_2\"]}, \"h_new_1\": {\"op\": \"elementwise_sum\", \"input\": [\"node_15\", \"node_1\"]}}", "experiment_id": 999954043, "init_time": "2020-05-10_13-23-36", "num_params": 13578000, "wall_times": [315.9932825565338, 308.498496055603, 310.29533886909485, 305.7808837890625, 302.37038946151733, 297.97610354423523, 298.41314458847046, 301.8722620010376, 304.2756679058075, 294.2248888015747, 294.5810968875885, 293.6652727127075, 299.2931025028229, 302.1432192325592, 297.18884539604187, 291.4300265312195, 298.728417634964, 297.88005685806274, 304.68743324279785, 296.0440490245819, 293.9724109172821, 294.4294056892395, 295.1290318965912, 301.12299942970276, 302.9099051952362, 290.52257466316223, 291.0302188396454, 291.2078216075897, 294.32378125190735, 300.77536725997925, 301.1933784484863, 291.6090669631958, 292.38791704177856, 296.0458929538727, 302.3073511123657, 297.01405143737793, 299.34016609191895, 298.69882583618164, 291.00302815437317, 301.85413789749146, 302.5688889026642, 290.1565098762512, 294.50743317604065, 297.5778887271881, 304.51055884361267, 306.287086725235, 309.1947829723358, 295.39923429489136, 301.0575501918793, 302.21922755241394], "train_losses": [6.601669238475607, 6.5722770762734655, 6.558938969124846, 6.553242328277124, 6.54924761981604, 6.5460803446560165, 6.545014640820828, 6.543337081786886, 6.543897668898929, 6.543229502850842, 6.542383999650369, 6.542684464256898, 6.541249378059276, 6.54295677343876, 6.542648324458071, 6.541251479210371, 6.541046406863536, 6.5418566107256195, 6.542628993868001, 6.542969380345329, 6.54581770076919, 6.547646542681943, 6.549738868941962, 6.55008261726104, 6.5520787108009255, 6.552294288903233, 6.5546505197407345, 6.555119916895272, 6.554635811683072, 6.555230857673068, 6.556481042574364, 6.556332701307084, 6.556234787666075, 6.556214616615566, 6.556951700419558, 6.557300071271045, 6.558201885320854, 6.557779133720618, 6.557873685519875, 6.558509073610887, 6.558408638588564, 6.559144881932117, 6.560302195955032, 6.558985194448927, 6.5582384453499, 6.55910496006132, 6.559334405760852, 6.558901568635362, 6.559173877817224, 6.558549835942123], "val_losses": [6.601632018008474, 6.571094412076271, 6.556595603813559, 6.550026483050847, 6.54497219279661, 6.541195709745763, 6.539924523305085, 6.537726430084746, 6.538085275423729, 6.5371411546610165, 6.536142743644068, 6.536415519067797, 6.534455773305084, 6.536846530720339, 6.536569120762712, 6.53532375529661, 6.535981197033898, 6.536741922669491, 6.537329846398305, 6.538097854872881, 6.541353945974576, 6.5432070974576275, 6.545143670550847, 6.545062235169492, 6.547993246822034, 6.547663532838983, 6.550477356991525, 6.551099708686441, 6.551002383474576, 6.551706832627119, 6.553184586864407, 6.552909825211865, 6.552697960805085, 6.55272311970339, 6.553681144067797, 6.554038003177966, 6.554823225635594, 6.55465969279661, 6.554790783898305, 6.5550926906779665, 6.554661016949153, 6.5555687235169495, 6.556737950211865, 6.555151615466102, 6.554586202330508, 6.555562102754237, 6.555582627118644, 6.555222457627119, 6.555308527542373, 6.554662341101695], "test_losses": [6.522712781591323, 6.496553587682039, 6.485611702631978, 6.480639411407767, 6.477252256523058, 6.474103909094357, 6.473117865405037, 6.471232293878944, 6.472408553929005, 6.47180412810983, 6.470858379475121, 6.471334809238471, 6.468785554459951, 6.471456286976639, 6.470991708699939, 6.469082434200546, 6.469002436665655, 6.469706414972694, 6.470473206158981, 6.47076178985892, 6.474009689775485, 6.47570326721784, 6.477733426881068, 6.477966901168083, 6.479634997914139, 6.479726254361347, 6.4822998046875, 6.482581870069781, 6.481737451645935, 6.482017739305219, 6.482660682456007, 6.482715199294599, 6.482517279467537, 6.482794604255158, 6.483292366694478, 6.483874867263349, 6.484052639563107, 6.484105971253034, 6.483710131598908, 6.483999900447512, 6.484292039593447, 6.484940908487561, 6.486273608161408, 6.484767876782463, 6.484092342043386, 6.485023868894114, 6.484517810414139, 6.484149229179308, 6.484415295054611, 6.483768203883495], "status": "OK"}