{"data": "data/ptb", "recepie_id": 2003494, "recepies_list_path": "data/new_recepies_fix.json", "cuda": true, "batch_size": 20, "model": "CustomRNN", "emsize": 400, "nhid": 600, "nlayers": 3, "dropout": 0.1, "dropouth": 0.25, "dropouti": 0.4, "dropoute": 0.0, "wdrop": 0.1, "tied": true, "bptt": 70, "lr": 0.001, "wdecay": 1.2e-06, "epochs": 50, "alpha": 2, "beta": 1, "log_interval": 200, "clip": 0.25, "eval_batch_size": 50, "recepie": "{\"node_2\": {\"op\": \"linear\", \"input\": [\"h_prev_0\", \"x\"]}, \"node_3\": {\"op\": \"activation_tanh\", \"input\": [\"node_2\"]}, \"node_4\": {\"op\": \"linear\", \"input\": [\"h_prev_0\", \"node_3\"]}, \"h_new_0\": {\"op\": \"activation_leaky_relu\", \"input\": [\"node_4\"]}}", "experiment_id": 999985458, "init_time": "2020-05-16_18-38-45", "num_params": 7493200, "wall_times": [105.39987349510193, 105.24938321113586, 119.64942741394043, 120.15655040740967, 118.76530265808105, 118.66019105911255, 112.95423030853271, 110.24991703033447, 104.22849655151367, 104.62364625930786, 104.4217836856842, 110.40811014175415, 112.1887469291687, 110.26443648338318, 114.11190509796143, 112.11004090309143, 112.51858806610107, 109.56369471549988, 104.55464935302734, 103.84344530105591, 104.21526288986206, 104.04634356498718, 104.08995032310486, 110.46533036231995, 110.30579590797424, 110.37687611579895, 112.02289366722107, 112.1769495010376, 110.32197690010071, 105.89941668510437, 104.16633772850037, 104.41137528419495, 104.17716145515442, 104.150949716568, 104.30106687545776, 103.14007496833801, 102.89553594589233, 102.9304871559143, 102.93285489082336, 102.89201545715332, 102.69379329681396, 102.81698775291443, 102.62427926063538, 102.85372591018677, 103.02180171012878, 102.4152467250824, 102.94219923019409, 102.65847826004028, 102.51083874702454, 102.56879615783691], "train_losses": [5.677450194314453, 5.372390370340487, 5.196240368323382, 5.077230750094132, 4.998481287988811, 4.9239114356409015, 4.866584049405627, 4.821961063148835, 4.779335010892368, 4.742623698967242, 4.712320057420257, 4.684679414770588, 4.657296373245119, 4.6337580179925775, 4.614186215776451, 4.592285077456834, 4.5744740398579955, 4.557105924909902, 4.542081013662525, 4.527931441961164, 4.516243158652036, 4.501924654402668, 4.488705892636222, 4.479842396858695, 4.468637378301328, 4.461751485934054, 4.4488399124576405, 4.441944354795331, 4.436141815932441, 4.42677656527352, 4.4212475962831475, 4.412875769861761, 4.406281937496638, 4.3980349194502715, 4.3938536287719865, 4.390206450701952, 4.382858725324081, 4.379342238852133, 4.371235997929105, 4.366885774702813, 4.362688515276209, 4.356069048867732, 4.355720257786025, 4.344709385589802, 4.344313108493357, 4.340957570195256, 4.333512351406594, 4.3333236680382985, 4.32423030633102, 4.324908978134581], "val_losses": [5.701956435381356, 5.4403803628177965, 5.2972748940677965, 5.209597457627119, 5.155002648305085, 5.104064486228814, 5.068762579449152, 5.043479541843221, 5.019711665783898, 4.9980197298728815, 4.983531514830508, 4.970973914194915, 4.957119968220339, 4.94466267213983, 4.937854872881356, 4.928704316737288, 4.921008011122882, 4.914664658368644, 4.910410487288136, 4.900570709745763, 4.9006283103813555, 4.896122550317797, 4.891231792902542, 4.887497682733051, 4.886744902012712, 4.882716498940678, 4.879946371822034, 4.876268207097458, 4.878605667372882, 4.8746292372881355, 4.874517015360169, 4.870763704978813, 4.870889499470339, 4.867293101165254, 4.866747550317797, 4.865717359639831, 4.864893074682203, 4.86536281779661, 4.863658633474576, 4.8617670815677965, 4.8607345736228815, 4.863669557733051, 4.861925979872882, 4.857799258474576, 4.8603197828389835, 4.8634874867584745, 4.859382282838983, 4.860362486758475, 4.856626059322034, 4.858200807733051], "test_losses": [5.663135121169599, 5.392044215526395, 5.248650708244842, 5.158582372572815, 5.102500545168386, 5.050749843560376, 5.013210259594963, 4.987781117263349, 4.961112013140928, 4.939820521086165, 4.924410032994539, 4.911571910080401, 4.896050314301426, 4.884389636586014, 4.876663356151395, 4.866890620259405, 4.859686990386074, 4.852193295376972, 4.848466891686893, 4.839276063789442, 4.838933852112409, 4.833013441956159, 4.828312253489078, 4.82401342299378, 4.821914228420813, 4.820364942828428, 4.817438810774424, 4.813354788474666, 4.814510012135922, 4.811185670130461, 4.810946862674454, 4.806513221518507, 4.80694106018659, 4.802906517843598, 4.802196021218902, 4.80156759613926, 4.801317826058101, 4.802295869993932, 4.799759651850728, 4.796796780188107, 4.797393502540959, 4.79629398086696, 4.796705227453732, 4.793244297064624, 4.792393064035953, 4.794817878204642, 4.792894678208435, 4.794579663322967, 4.791338578011226, 4.791571756011074], "status": "OK"}