{"data": "data/ptb", "recepie_id": 2007300, "recepies_list_path": "data/new_recepies_fix.json", "cuda": true, "batch_size": 20, "model": "CustomRNN", "emsize": 400, "nhid": 600, "nlayers": 3, "dropout": 0.1, "dropouth": 0.25, "dropouti": 0.4, "dropoute": 0.0, "wdrop": 0.1, "tied": true, "bptt": 70, "lr": 0.001, "wdecay": 1.2e-06, "epochs": 50, "alpha": 2, "beta": 1, "log_interval": 200, "clip": 0.25, "eval_batch_size": 50, "recepie": "{\"node_3\": {\"op\": \"linear\", \"input\": [\"x\", \"h_prev_0\"]}, \"node_4\": {\"op\": \"activation_leaky_relu\", \"input\": [\"node_3\"]}, \"node_5\": {\"op\": \"linear\", \"input\": [\"node_4\", \"h_prev_0\", \"x\"]}, \"h_new_0\": {\"op\": \"activation_leaky_relu\", \"input\": [\"node_5\"]}}", "experiment_id": 999997092, "init_time": "2020-05-15_16-21-50", "num_params": 8333200, "wall_times": [120.09343361854553, 119.87990427017212, 119.6204879283905, 119.56659698486328, 119.54814052581787, 119.59732294082642, 119.93889451026917, 119.72933292388916, 119.76737070083618, 119.704745054245, 118.88450050354004, 118.72034668922424, 118.48878931999207, 118.56679844856262, 118.58439707756042, 118.85026001930237, 118.58613634109497, 118.60725116729736, 118.71788144111633, 118.34122705459595, 119.46262621879578, 118.7698712348938, 118.92270636558533, 118.72369170188904, 118.33235549926758, 119.08699178695679, 118.56470680236816, 118.66127872467041, 118.72600221633911, 118.60082459449768, 119.71231579780579, 118.93124079704285, 119.04063892364502, 119.22700095176697, 118.51971387863159, 119.02517414093018, 118.98795819282532, 119.24800181388855, 119.17610144615173, 118.92702317237854, 119.29182863235474, 119.074716091156, 119.41891098022461, 119.16478371620178, 119.10878729820251, 119.14494895935059, 118.95705962181091, 119.2230474948883, 119.19957518577576, 119.07611632347107], "train_losses": [5.608306774783498, 5.257368736888817, 5.100406446667742, 4.982655838174385, 4.899183828868807, 4.844590040207628, 4.785333377037276, 4.737917120515303, 4.700958713221452, 4.667542846673121, 4.639760586439675, 4.612162807272336, 4.5844986317304075, 4.569949841321069, 4.544731825883492, 4.525831971787424, 4.506774951589478, 4.499378479506213, 4.477461792668495, 4.4611942606637625, 4.457695844091227, 4.440907646845248, 4.425273401780432, 4.420676083185413, 4.409371049835942, 4.398013067478888, 4.396325843149911, 4.387164824377387, 4.381661489430369, 4.376423319751493, 4.368565434887849, 4.3610063337098595, 4.3564623843526435, 4.3552996073368835, 4.349731556936152, 4.34284482410844, 4.333121957533215, 4.3284334489806895, 4.316804838362649, 4.316700621268356, 4.307703072050993, 4.301516862998225, 4.301496691947716, 4.290488341132806, 4.292417197837663, 4.287289968936582, 4.282779217766661, 4.27988803386047, 4.276118989026949, 4.270960242859448], "val_losses": [5.637615201271187, 5.336442002118644, 5.217147113347457, 5.1315982521186445, 5.073596398305085, 5.043863215042373, 5.005852423199152, 4.976753509004237, 4.958396451271186, 4.941387049788136, 4.928176972987288, 4.913470934851695, 4.900431011652542, 4.8971567134533895, 4.885583289194916, 4.878236890889831, 4.8696140095338984, 4.8651827330508475, 4.858791710805085, 4.852741657838983, 4.8528432865466105, 4.846022907838983, 4.8373215704449155, 4.840308527542373, 4.835952065677966, 4.83265625, 4.8364605402542376, 4.834735500529661, 4.832228879766949, 4.832569186970339, 4.830154925847458, 4.829249867584746, 4.830298265360169, 4.831109308792373, 4.828874139300847, 4.827051774364406, 4.825871292372882, 4.8240224443855935, 4.817787672139831, 4.820916975635593, 4.815479674258475, 4.816906117584746, 4.811969345868644, 4.813633474576271, 4.8130644200211865, 4.810078456038136, 4.810968617584746, 4.8084120100635594, 4.808199483580508, 4.805199615995763], "test_losses": [5.598971765018204, 5.292685499469053, 5.170481857744235, 5.085215151888653, 5.028803260581007, 4.995432437044903, 4.955890840697057, 4.930754133798544, 4.909176132054005, 4.893030555502882, 4.879175871321299, 4.865041195767597, 4.849441676463895, 4.846130667380916, 4.835597658620297, 4.827703087075243, 4.815643903121208, 4.816154702195844, 4.806074420225273, 4.801915437272451, 4.79858161407767, 4.792123146427488, 4.784356274651092, 4.78748032653216, 4.783209050743325, 4.781346885903368, 4.781696801046723, 4.778452160288986, 4.778212167684314, 4.77649162810983, 4.774104738698422, 4.773384760884405, 4.772720485057645, 4.773618531458586, 4.772043765169903, 4.768736607820085, 4.767557384898361, 4.767123324199788, 4.760739520915504, 4.761991334192961, 4.758341076304611, 4.759474671002731, 4.754841332296723, 4.752474590412621, 4.750358803758344, 4.750681460482403, 4.753790698005158, 4.749525051672482, 4.749655121738471, 4.746883947872421], "status": "OK"}