{"data": "data/ptb", "recepie_id": 1007274, "recepies_list_path": "data/models_recepies.json", "cuda": true, "batch_size": 20, "model": "CustomRNN", "emsize": 400, "nhid": 600, "nlayers": 3, "dropout": 0.1, "dropouth": 0.25, "dropouti": 0.4, "dropoute": 0.0, "wdrop": 0.1, "tied": true, "bptt": 70, "lr": 0.001, "wdecay": 1.2e-06, "epochs": 50, "alpha": 2, "beta": 1, "log_interval": 200, "clip": 0.25, "eval_batch_size": 50, "recepie": "{\"node_1\": {\"op\": \"linear\", \"input\": [\"h_prev_0\", \"h_prev_1\"]}, \"node_3\": {\"op\": \"linear\", \"input\": [\"h_new_0\", \"h_prev_1\", \"x\"]}, \"node_4\": {\"op\": \"activation_tanh\", \"input\": [\"node_3\"]}, \"node_5\": {\"op\": \"linear\", \"input\": [\"h_prev_0\", \"node_4\", \"h_new_0\"]}, \"node_6\": {\"op\": \"activation_tanh\", \"input\": [\"node_5\"]}, \"h_new_0\": {\"op\": \"activation_sigm\", \"input\": [\"node_1\"]}, \"h_new_1\": {\"op\": \"linear\", \"input\": [\"node_6\", \"h_new_0\"]}}", "experiment_id": 999929167, "init_time": "2020-04-16_03-31-37", "num_params": 12776400, "wall_times": [219.4381206035614, 216.3155484199524, 215.36192631721497, 215.38407564163208, 215.37129974365234, 215.2738766670227, 215.28430724143982, 215.27610611915588, 215.3771526813507, 215.49529600143433, 215.44604182243347, 215.52707934379578, 215.2373492717743, 215.19318199157715, 215.44184470176697, 215.3114914894104, 215.1966004371643, 215.13248872756958, 215.43978786468506, 215.2460651397705, 215.39673042297363, 215.35751008987427, 215.38547921180725, 215.28023409843445, 215.23101210594177, 215.51051998138428, 215.28740668296814, 215.33621788024902, 215.2842719554901, 215.33508849143982, 215.4664261341095, 215.4595386981964, 215.30548429489136, 215.27889275550842, 214.8502140045166, 214.75601029396057, 215.03514456748962, 215.25106501579285, 215.3177900314331, 215.28498673439026, 215.3530650138855, 215.39859414100647, 215.14269518852234, 215.2805197238922, 215.2288019657135, 215.23401474952698, 215.2631447315216, 215.36663174629211, 215.03871369361877, 215.32240891456604], "train_losses": [6.598080892636222, 6.567355760179657, 6.554975777930181, 6.550475952745952, 6.546770782905707, 6.546198009117314, 6.545784922812113, 6.544657865364962, 6.5449196687913505, 6.545928221316766, 6.543530387687591, 6.544441867032435, 6.542326428110376, 6.543336241326449, 6.542628573637781, 6.54271135899091, 6.5438388366682805, 6.542228094239148, 6.542854657495562, 6.540289992469474, 6.54195032206444, 6.542637818702598, 6.54059634029907, 6.541283416707008, 6.540626596874832, 6.540181573072992, 6.5406471881555595, 6.540934625625303, 6.539717218681083, 6.5405509554354255, 6.540242086224517, 6.539665950594373, 6.539868501559894, 6.539784875746329, 6.539503741729869, 6.539811350250121, 6.539810089559464, 6.538915419423377, 6.539264630735302, 6.539352038620838, 6.539067542762627, 6.5381686703243505, 6.539389439110322, 6.538198926900113, 6.537998056855468, 6.539215884029907, 6.539253284519391, 6.538119083158517, 6.537460582405465, 6.538569569953204], "val_losses": [6.59720405190678, 6.565701138771186, 6.552006091101695, 6.5473139565677965, 6.542795948093221, 6.5417538400423725, 6.540897113347458, 6.539518670550848, 6.539185646186441, 6.540121159957627, 6.537532441737288, 6.537923728813559, 6.5358798993644065, 6.536558527542373, 6.5356938559322035, 6.53580376059322, 6.536509533898305, 6.5350509798728815, 6.535675979872881, 6.533055481991526, 6.534606726694915, 6.53494968220339, 6.532880031779661, 6.533425582627118, 6.532823093220339, 6.5323073358050845, 6.5328515625, 6.533373278601695, 6.532127251059322, 6.533061440677966, 6.5326019597457625, 6.532191472457627, 6.532384798728813, 6.532127251059322, 6.5318458686440675, 6.532129899364406, 6.532188824152542, 6.53137844279661, 6.5315625, 6.531918697033898, 6.531462526483051, 6.530282706567797, 6.532002118644068, 6.530995762711864, 6.530542902542373, 6.53196967690678, 6.531559851694915, 6.53066935911017, 6.529685513771186, 6.530673993644068], "test_losses": [6.518277362712379, 6.491367969698119, 6.481941889790655, 6.478880650788835, 6.475351278064321, 6.475548605317051, 6.475061509215716, 6.474126426918993, 6.474447009632889, 6.475963407349818, 6.473369709496359, 6.474225979406857, 6.471758499886226, 6.473093569857403, 6.472466626213592, 6.472485588592233, 6.473948654619235, 6.472039972694175, 6.473090014411408, 6.469880631826456, 6.471829016231796, 6.472750469318871, 6.470180474438713, 6.470837046799151, 6.470144919978762, 6.469397683745449, 6.470024034814927, 6.470446540314017, 6.469564789707221, 6.470258101676274, 6.469915593712075, 6.469101989153519, 6.469593233275182, 6.469339611460861, 6.468981103989685, 6.469363314434163, 6.469273243135619, 6.468200091019417, 6.468544376706614, 6.468715038114381, 6.468408677184466, 6.467218787924757, 6.469007769834648, 6.467718328087075, 6.467436262704794, 6.468765999506978, 6.469053990632585, 6.46740959685983, 6.4664306640625, 6.467677440458131], "status": "OK"}