{"data": "data/ptb", "recepie_id": 1001224, "recepies_list_path": "data/models_recepies.json", "cuda": true, "batch_size": 20, "model": "CustomRNN", "emsize": 400, "nhid": 600, "nlayers": 3, "dropout": 0.1, "dropouth": 0.25, "dropouti": 0.4, "dropoute": 0.0, "wdrop": 0.1, "tied": true, "bptt": 70, "lr": 0.001, "wdecay": 1.2e-06, "epochs": 50, "alpha": 2, "beta": 1, "log_interval": 200, "clip": 0.25, "eval_batch_size": 50, "recepie": "{\"node_0\": {\"op\": \"linear\", \"input\": [\"h_prev_0\", \"x\"]}, \"node_1\": {\"op\": \"activation_sigm\", \"input\": [\"node_0\"]}, \"node_2\": {\"op\": \"linear\", \"input\": [\"h_prev_0\", \"x\"]}, \"node_3\": {\"op\": \"activation_tanh\", \"input\": [\"node_2\"]}, \"node_4\": {\"op\": \"linear\", \"input\": [\"node_1\", \"node_3\"]}, \"h_new_0\": {\"op\": \"activation_sigm\", \"input\": [\"node_4\"]}}", "experiment_id": 999947178, "init_time": "2020-04-20_03-51-09", "num_params": 9214800, "wall_times": [147.34076595306396, 146.12246704101562, 146.29855513572693, 144.6124973297119, 144.13685870170593, 144.3532280921936, 144.32897996902466, 144.29383516311646, 144.20829701423645, 144.3980746269226, 144.29725408554077, 144.44828867912292, 144.41936612129211, 144.40164160728455, 144.52059721946716, 144.2774748802185, 144.3359990119934, 144.30572891235352, 144.24812126159668, 144.3793113231659, 144.3078474998474, 144.44870400428772, 144.34233832359314, 144.36798644065857, 144.42701983451843, 144.21525263786316, 144.338294506073, 144.15087270736694, 144.25535678863525, 144.2527596950531, 144.40031719207764, 144.3431875705719, 144.4499843120575, 143.87478041648865, 143.933673620224, 143.8907163143158, 144.00384998321533, 144.08954310417175, 144.00393629074097, 144.0633487701416, 143.98449444770813, 144.0372576713562, 143.78243446350098, 144.02735662460327, 144.05712127685547, 143.86553573608398, 143.95339512825012, 143.9957137107849, 144.12056350708008, 144.0471305847168], "train_losses": [6.58242143375827, 6.565315962697004, 6.554679095395621, 6.550219612312409, 6.5472725377871015, 6.545199542117153, 6.544711654832984, 6.543729997041579, 6.306967669167877, 6.165062647921037, 6.09198209146899, 6.00578320827282, 5.8763346511753, 5.796217759937604, 5.73817976440213, 5.690184010408262, 5.651366924856113, 5.614970365364962, 5.5835728645581195, 5.549734666639772, 5.522906329003281, 5.495569933032113, 5.4702212259964496, 5.446261800064548, 5.421889287827443, 5.402667117153461, 5.382589777983971, 5.365418330778334, 5.346905508713894, 5.334738162955193, 5.320785258996288, 5.308007738959712, 5.296537555134205, 5.285395571109676, 5.272384823301597, 5.263337266688183, 5.252375141197353, 5.242470314937335, 5.233476127561723, 5.224079779866602, 5.217559067559572, 5.206900768517024, 5.198734434672691, 5.192655804555968, 5.18228242160185, 5.177557773250498, 5.170887038755311, 5.163830953149374, 5.1576422227152925, 5.153728198456243], "val_losses": [6.583072033898305, 6.563767213983051, 6.551533368644068, 6.546565148305085, 6.5430402542372885, 6.540545550847457, 6.539382282838983, 6.538486493644068, 6.308938029661017, 6.1774721927966105, 6.109267081567797, 6.0300304555084745, 5.909359110169492, 5.83915188029661, 5.789756355932203, 5.747320577330508, 5.712764830508474, 5.684669623940678, 5.656790916313559, 5.626541975635593, 5.603682468220339, 5.583482521186441, 5.561171212923729, 5.539655720338983, 5.522726761122882, 5.508648702330508, 5.494706369173729, 5.481902476165255, 5.46841498940678, 5.458744372351695, 5.448470272775424, 5.440396252648305, 5.431208289194915, 5.4246795550847455, 5.416857454978814, 5.409884467690678, 5.40261420815678, 5.3949923861228815, 5.391721067266949, 5.386887579449152, 5.381134467690678, 5.374311440677966, 5.370185381355932, 5.365664393538135, 5.360496226165254, 5.3576963056144065, 5.353801641949152, 5.351784957627118, 5.345897775423729, 5.345436308262712], "test_losses": [6.503796623748483, 6.489106113470874, 6.481026955021238, 6.477657577366505, 6.474393677942961, 6.472776542589503, 6.472200560338289, 6.471163555256371, 6.240860726069478, 6.111507082448422, 6.043782354558556, 5.962559968522451, 5.843888662393811, 5.773487868818265, 5.723169419371966, 5.681164787810983, 5.646847623065837, 5.616407672178398, 5.590679279808859, 5.561628915731189, 5.540855037355886, 5.519863684200546, 5.499202394948422, 5.481461904581311, 5.463233132964199, 5.448634471708131, 5.433538640587075, 5.420800070160801, 5.407086122383192, 5.398673937158677, 5.388725206689927, 5.379953328845571, 5.372066164479672, 5.364198555066747, 5.355848590147148, 5.349766407198119, 5.342927506826456, 5.335432626668689, 5.329820947739685, 5.323869723718143, 5.319294457296723, 5.312047273209951, 5.307051279012439, 5.304236550932949, 5.296390866770328, 5.293923387249697, 5.289937732289139, 5.28582763671875, 5.281545102017597, 5.279916115177488], "status": "OK"}