{"data": "data/ptb", "recepie_id": 2003950, "recepies_list_path": "data/new_recepies_fix.json", "cuda": true, "batch_size": 20, "model": "CustomRNN", "emsize": 400, "nhid": 600, "nlayers": 3, "dropout": 0.1, "dropouth": 0.25, "dropouti": 0.4, "dropoute": 0.0, "wdrop": 0.1, "tied": true, "bptt": 70, "lr": 0.001, "wdecay": 1.2e-06, "epochs": 50, "alpha": 2, "beta": 1, "log_interval": 200, "clip": 0.25, "eval_batch_size": 50, "recepie": "{\"node_2\": {\"op\": \"linear\", \"input\": [\"h_prev_0\", \"x\"]}, \"node_3\": {\"op\": \"activation_sigm\", \"input\": [\"node_2\"]}, \"node_5\": {\"op\": \"linear\", \"input\": [\"node_3\", \"h_prev_0\"]}, \"node_6\": {\"op\": \"activation_sigm\", \"input\": [\"node_5\"]}, \"node_8\": {\"op\": \"linear\", \"input\": [\"node_3\", \"h_prev_0\"]}, \"node_9\": {\"op\": \"activation_tanh\", \"input\": [\"node_8\"]}, \"node_12\": {\"op\": \"linear\", \"input\": [\"node_6\", \"node_9\"]}, \"node_13\": {\"op\": \"activation_leaky_relu\", \"input\": [\"node_12\"]}, \"h_new_0\": {\"op\": \"linear\", \"input\": [\"node_3\", \"node_13\"]}}", "experiment_id": 999947739, "init_time": "2020-05-15_19-22-13", "num_params": 12778000, "wall_times": [290.2784004211426, 288.25160932540894, 272.28559613227844, 265.89146876335144, 263.2823963165283, 266.24477648735046, 270.8534560203552, 269.44009351730347, 274.89391350746155, 275.24993205070496, 277.08490800857544, 275.3160467147827, 269.0082747936249, 272.2570831775665, 276.7016673088074, 272.68320536613464, 275.6408324241638, 276.7903251647949, 274.8417720794678, 275.76711225509644, 277.18897008895874, 275.13415932655334, 275.4929802417755, 273.3327076435089, 274.6204526424408, 262.7326855659485, 263.819406747818, 262.89282631874084, 263.4427330493927, 262.97358798980713, 272.22299313545227, 276.90370631217957, 276.4161591529846, 276.40552282333374, 277.6659836769104, 272.92141699790955, 271.96931767463684, 276.26147294044495, 277.0325345993042, 275.78685784339905, 277.9000051021576, 273.4315462112427, 277.04363775253296, 276.2929208278656, 277.161328792572, 277.42419695854187, 276.22520780563354, 276.24100852012634, 275.37415170669556, 276.61706614494324], "train_losses": [5.939878082808886, 5.674248040046259, 5.530515437577322, 5.423211332096176, 5.328575907024905, 5.256031564332204, 5.195125917782798, 5.148054250040342, 5.104417544107363, 5.066598925555376, 5.030258676913561, 5.003313515276209, 4.972809423914797, 4.953415379081276, 4.9249456222096715, 4.907888477623581, 4.889813535447259, 4.8706682669033405, 4.849721891641117, 4.833113552928837, 4.8247434074283255, 4.804073963880373, 4.792978625410145, 4.780411640713249, 4.766457055833468, 4.753242076138992, 4.742665301758915, 4.738280619654671, 4.723482212495293, 4.717131693426927, 4.707389076031413, 4.695132641466301, 4.687170539508364, 4.674705670754666, 4.668420707600452, 4.661805863724383, 4.649508666828035, 4.644170062126835, 4.63851376338013, 4.628995128691302, 4.62900017145393, 4.619456743182185, 4.616323506669894, 4.605979119600883, 4.602326478538003, 4.594230743370448, 4.589445161637351, 4.580473246463343, 4.578652809154968, 4.57736018100156], "val_losses": [5.956105667372881, 5.714392213983051, 5.594229343220339, 5.5020170153601695, 5.425176443326271, 5.369427966101695, 5.324281978283898, 5.290639234639831, 5.259449483580508, 5.2367379502118645, 5.212458951271186, 5.192468551377119, 5.1764045948093225, 5.162694319385594, 5.147160023834746, 5.136900158898305, 5.128464314088983, 5.115658434851695, 5.103282243114407, 5.096171543961864, 5.09219577595339, 5.080452860169491, 5.075593220338983, 5.068587460275424, 5.0625390625, 5.05813625529661, 5.049602092161017, 5.049826204978814, 5.041223847987288, 5.038876125529661, 5.032853548728814, 5.026552899894067, 5.0237218617584745, 5.016334414724576, 5.016248675847458, 5.013608646716102, 5.0057272907838986, 5.000463122351695, 5.00257580773305, 4.997516220868644, 4.999817597987288, 4.990927237817797, 4.991380097987288, 4.98580673993644, 4.9836023569915255, 4.984464711334746, 4.978710275423729, 4.981451933262712, 4.977840638241525, 4.980062897245762], "test_losses": [5.904645308707524, 5.662149670054611, 5.538078234033677, 5.447643687424151, 5.369288768583131, 5.315236508267597, 5.267984630992111, 5.231949000682645, 5.200079167930825, 5.176153979255158, 5.154298060148665, 5.131222623065837, 5.115079120524879, 5.100821189510012, 5.082705599590413, 5.074260822777609, 5.064978738432949, 5.052214687310376, 5.040137429839199, 5.032079011491201, 5.026615476145328, 5.013717503223605, 5.01123283904733, 5.001269886794599, 4.99596456879551, 4.992397271313713, 4.983135927070692, 4.982202622496966, 4.975425349855886, 4.972011529126213, 4.967944987769266, 4.96002197265625, 4.95812514221784, 4.950466711544296, 4.949940801824181, 4.946082846632281, 4.94103292817051, 4.937516888368477, 4.937084605392901, 4.929630909151244, 4.933223983616505, 4.924178632717688, 4.92445595750531, 4.919632106151395, 4.916669234488774, 4.917982379209648, 4.914375675534739, 4.914196421799151, 4.910790600822967, 4.911502875170662], "status": "OK"}