{"data": "data/ptb", "recepie_id": 2009702, "recepies_list_path": "data/new_recepies_fix.json", "cuda": true, "batch_size": 20, "model": "CustomRNN", "emsize": 400, "nhid": 600, "nlayers": 3, "dropout": 0.1, "dropouth": 0.25, "dropouti": 0.4, "dropoute": 0.0, "wdrop": 0.1, "tied": true, "bptt": 70, "lr": 0.001, "wdecay": 1.2e-06, "epochs": 50, "alpha": 2, "beta": 1, "log_interval": 200, "clip": 0.25, "eval_batch_size": 50, "recepie": "{\"node_0\": {\"op\": \"linear\", \"input\": [\"x\", \"h_prev_1\", \"h_prev_0\"]}, \"node_1\": {\"op\": \"activation_sigm\", \"input\": [\"node_0\"]}, \"node_2\": {\"op\": \"linear\", \"input\": [\"h_prev_1\", \"x\"]}, \"node_3\": {\"op\": \"activation_sigm\", \"input\": [\"node_2\"]}, \"node_5\": {\"op\": \"linear\", \"input\": [\"x\", \"node_1\"]}, \"node_6\": {\"op\": \"activation_sigm\", \"input\": [\"node_5\"]}, \"node_7\": {\"op\": \"blend\", \"input\": [\"node_3\", \"node_0\", \"node_6\"]}, \"node_13\": {\"op\": \"linear\", \"input\": [\"node_1\", \"node_3\"]}, \"h_new_0\": {\"op\": \"activation_tanh\", \"input\": [\"node_13\"]}, \"h_new_1\": {\"op\": \"elementwise_sum\", \"input\": [\"node_7\", \"node_1\"]}}", "experiment_id": 999911837, "init_time": "2020-05-11_15-51-33", "num_params": 11816400, "wall_times": [225.75250720977783, 223.07717561721802, 219.11313796043396, 219.05091261863708, 218.99437069892883, 219.23252964019775, 220.11157393455505, 219.2130491733551, 219.20304608345032, 220.08887195587158, 218.90220952033997, 219.70232033729553, 219.6103675365448, 219.75461554527283, 220.10220909118652, 219.70179414749146, 219.5297656059265, 219.49416637420654, 219.40298104286194, 219.18841409683228, 219.21431422233582, 219.64722108840942, 219.65286707878113, 220.53612327575684, 219.80413174629211, 219.7757875919342, 219.8113570213318, 220.0189847946167, 219.4710397720337, 219.489155292511, 219.28843235969543, 218.38139724731445, 219.0144989490509, 219.90335607528687, 219.61331582069397, 220.79233598709106, 219.36963415145874, 219.0887267589569, 219.2589075565338, 219.2106614112854, 219.24783420562744, 218.9993453025818, 218.99985456466675, 219.13860368728638, 218.60869193077087, 218.49895572662354, 218.33965492248535, 218.57030653953552, 218.23861455917358, 218.21528577804565], "train_losses": [5.81370185842612, 5.512627077618203, 5.330419036765101, 5.203960837905438, 5.1047272537787105, 5.021532596417622, 4.948647026787155, 4.891425958797267, 4.841905609569146, 4.791699024393524, 4.757053143994406, 4.720474204588242, 4.691837616319725, 4.660955317761283, 4.625929129014039, 4.600933835592491, 4.58729148176537, 4.556290678285192, 4.531227727798397, 4.517956017024367, 4.496424681297402, 4.480052091737938, 4.459057390000538, 4.446560163519983, 4.42907480434081, 4.417830284142865, 4.401180342638911, 4.386200396024958, 4.376023260583078, 4.367967027056102, 4.345051452988005, 4.335763104459147, 4.328998658625141, 4.31863452073584, 4.303446980393739, 4.2924096336937225, 4.286249478914528, 4.273500114302619, 4.2659779933838955, 4.2597749751223715, 4.254047657468668, 4.249724328976386, 4.241445373433382, 4.233073547011995, 4.221039834462912, 4.213785820423861, 4.202600132456565, 4.200921312731967, 4.193584093109569, 4.1902201502070895], "val_losses": [5.833885063559322, 5.566193723516949, 5.410695842161017, 5.307336136122881, 5.232548993644068, 5.174001257944915, 5.12049655720339, 5.082354674258474, 5.052404329978813, 5.021430746822034, 5.002275887182203, 4.975668365995762, 4.961031845868644, 4.943570908368644, 4.931321835275424, 4.91434421345339, 4.901414856991526, 4.88834282309322, 4.882924721927966, 4.871818061440678, 4.862606925317797, 4.852499337923729, 4.846975304555085, 4.838854939088983, 4.832257680084746, 4.8287208686440675, 4.822644332627118, 4.8131256620762715, 4.807954184322034, 4.8062384136652545, 4.795339976165255, 4.791700873940678, 4.788166048728813, 4.788891684322034, 4.7814952992584745, 4.779965240995763, 4.776180813029661, 4.769611361228813, 4.769753045550847, 4.766344345868644, 4.763516618114407, 4.757659891419491, 4.759028072033899, 4.754847722457627, 4.7588996292372885, 4.753526549258474, 4.74983249470339, 4.749188956567797, 4.749144266419491, 4.741526085805085], "test_losses": [5.787090412621359, 5.521319046761226, 5.366351970191141, 5.262147773816747, 5.183142800932949, 5.121973722883799, 5.068374781932645, 5.031588359943871, 4.998509082979369, 4.965690835008344, 4.946541202878489, 4.919677141800667, 4.907081678075698, 4.889064455495297, 4.875484133229672, 4.858949531629247, 4.848609702101031, 4.835775134632889, 4.82614017227321, 4.820014138823574, 4.809586904581311, 4.801180052525789, 4.793133189377276, 4.787127744804308, 4.780713127654733, 4.778547564756523, 4.770925873691596, 4.763514546514715, 4.760776853098453, 4.75634291565534, 4.746711805028823, 4.742780074332524, 4.740153192316444, 4.739901051937955, 4.733894718503489, 4.729799437291414, 4.726318359375, 4.720639126972087, 4.721362660232099, 4.717401893393507, 4.715430102302033, 4.711754660004551, 4.710735432152609, 4.709160665863926, 4.712314939035953, 4.70489976012591, 4.70452880859375, 4.704498587302791, 4.701858076077063, 4.69732191956159], "status": "OK"}