{"data": "data/ptb", "recepie_id": 2005914, "recepies_list_path": "data/new_recepies_fix.json", "cuda": true, "batch_size": 20, "model": "CustomRNN", "emsize": 400, "nhid": 600, "nlayers": 3, "dropout": 0.1, "dropouth": 0.25, "dropouti": 0.4, "dropoute": 0.0, "wdrop": 0.1, "tied": true, "bptt": 70, "lr": 0.001, "wdecay": 1.2e-06, "epochs": 50, "alpha": 2, "beta": 1, "log_interval": 200, "clip": 0.25, "eval_batch_size": 50, "recepie": "{\"node_0\": {\"op\": \"linear\", \"input\": [\"h_prev_0\", \"x\"]}, \"node_1\": {\"op\": \"activation_sigm\", \"input\": [\"node_0\"]}, \"node_2\": {\"op\": \"linear\", \"input\": [\"h_prev_0\", \"node_1\", \"x\"]}, \"node_3\": {\"op\": \"activation_sigm\", \"input\": [\"node_2\"]}, \"node_4\": {\"op\": \"linear\", \"input\": [\"h_prev_0\", \"node_3\", \"node_1\"]}, \"h_new_0\": {\"op\": \"activation_sigm\", \"input\": [\"node_4\"]}}", "experiment_id": 999979161, "init_time": "2020-05-16_11-34-15", "num_params": 10974800, "wall_times": [179.02750706672668, 178.4065716266632, 178.48011779785156, 178.43479347229004, 178.7789752483368, 178.54037714004517, 178.1462037563324, 178.86185359954834, 178.43222856521606, 178.51467323303223, 178.85447454452515, 178.44711208343506, 178.7034511566162, 178.79560208320618, 178.37931323051453, 178.70627784729004, 178.73754501342773, 178.52313613891602, 178.58839011192322, 178.27880382537842, 178.65735149383545, 178.47335076332092, 178.59188175201416, 178.7717399597168, 177.15297484397888, 176.79473853111267, 177.00777292251587, 176.7220582962036, 176.80034160614014, 177.19914150238037, 176.89305663108826, 176.59447050094604, 176.90656733512878, 176.72340273857117, 176.7139503955841, 177.0307981967926, 176.5680000782013, 176.77781462669373, 176.70714402198792, 176.51931619644165, 176.78883695602417, 176.7132179737091, 177.02662181854248, 176.74213790893555, 176.61092257499695, 176.7420883178711, 176.55605602264404, 176.62273693084717, 176.5117871761322, 176.9327437877655], "train_losses": [6.593990791915443, 6.569972113522672, 6.556634426604271, 6.550707499596579, 6.547434746651605, 6.54478729627239, 6.543845140121564, 6.5428244009198, 6.542470146845248, 6.541711631300092, 6.540930843553332, 6.541198109972568, 6.541195588591254, 6.541030858345436, 6.5417238179764405, 6.542951310445915, 6.544301930369533, 6.544555329191544, 6.544652402372115, 6.545595819213598, 6.544740230487871, 6.543906073503308, 6.543753529933839, 6.541744409257167, 6.543345906621483, 6.542200779274918, 6.542167160857404, 6.542052438007638, 6.542660090904201, 6.541293082002044, 6.542403750470658, 6.54128299647679, 6.5418545095745255, 6.5414939520466895, 6.543606449357216, 6.541177098461621, 6.541035480877844, 6.539495757355709, 6.54139603840568, 6.539815132322091, 6.5403513460814375, 6.542522255392394, 6.540859404416115, 6.544823856301436, 6.5456025428971, 6.544595671292561, 6.544787716502609, 6.540610628126513, 6.54302737211554, 6.539030142273143], "val_losses": [6.594178363347457, 6.569210143008474, 6.554181673728814, 6.547138506355933, 6.543030985169492, 6.540190677966102, 6.538706965042373, 6.537428495762712, 6.536632018008475, 6.535715704449153, 6.534774894067796, 6.534788797669491, 6.534643802966102, 6.534812632415254, 6.535111228813559, 6.537400688559322, 6.538000529661017, 6.538033633474576, 6.538337526483051, 6.538910884533898, 6.538148834745763, 6.537054422669492, 6.536874337923729, 6.534514036016949, 6.536967690677966, 6.535097325211864, 6.535707759533898, 6.535205243644068, 6.536054025423729, 6.533972457627119, 6.535116525423729, 6.534110169491526, 6.5349423993644065, 6.534880164194916, 6.536949814618644, 6.53353813559322, 6.533364009533899, 6.532270259533898, 6.534135328389831, 6.532390095338983, 6.533108448093221, 6.535327727754237, 6.533367981991526, 6.538387182203389, 6.53938029661017, 6.537704581567796, 6.537848914194916, 6.533186573093221, 6.53564751059322, 6.53153998940678], "test_losses": [6.514496145896541, 6.493476941747573, 6.482035516535194, 6.477046633229672, 6.474145981871966, 6.471927976145328, 6.471161184959041, 6.470117661559466, 6.469874706083131, 6.469148802525789, 6.46796128356341, 6.468167499431129, 6.468286606871966, 6.467939950887439, 6.468267051918993, 6.469322426805219, 6.471492434010922, 6.471165925553701, 6.471709316216626, 6.472869576759709, 6.471747240973908, 6.470324470001517, 6.470325655150182, 6.468617855923847, 6.469818411521541, 6.469531012970267, 6.469532198118932, 6.469362129285497, 6.46955056792324, 6.468146166755158, 6.469365684731493, 6.468759481189321, 6.469154728269114, 6.46904806488926, 6.470754678966929, 6.469742562006978, 6.468443639070085, 6.46710916167324, 6.468656373255461, 6.467730772148058, 6.468062613774272, 6.470137216512439, 6.467992690003034, 6.472809134177791, 6.472406183631675, 6.471509026092233, 6.47149421173392, 6.467857583055219, 6.469494865935983, 6.466641620524879], "status": "OK"}