{"data": "data/ptb", "recepie_id": 1009600, "recepies_list_path": "data/models_recepies.json", "cuda": true, "batch_size": 20, "model": "CustomRNN", "emsize": 400, "nhid": 600, "nlayers": 3, "dropout": 0.1, "dropouth": 0.25, "dropouti": 0.4, "dropoute": 0.0, "wdrop": 0.1, "tied": true, "bptt": 70, "lr": 0.001, "wdecay": 1.2e-06, "epochs": 50, "alpha": 2, "beta": 1, "log_interval": 200, "clip": 0.25, "eval_batch_size": 50, "recepie": "{\"node_0\": {\"op\": \"linear\", \"input\": [\"h_prev_1\", \"x\"]}, \"node_1\": {\"op\": \"activation_tanh\", \"input\": [\"node_0\"]}, \"node_2\": {\"op\": \"linear\", \"input\": [\"h_prev_1\", \"x\"]}, \"node_3\": {\"op\": \"activation_tanh\", \"input\": [\"node_2\"]}, \"node_4\": {\"op\": \"linear\", \"input\": [\"h_prev_0\", \"node_1\"]}, \"node_5\": {\"op\": \"activation_tanh\", \"input\": [\"node_4\"]}, \"node_6\": {\"op\": \"linear\", \"input\": [\"node_5\", \"node_3\"]}, \"node_7\": {\"op\": \"activation_leaky_relu\", \"input\": [\"node_6\"]}, \"node_9\": {\"op\": \"linear\", \"input\": [\"x\", \"node_7\"]}, \"node_12\": {\"op\": \"linear\", \"input\": [\"h_prev_1\", \"h_new_0\"]}, \"node_13\": {\"op\": \"activation_tanh\", \"input\": [\"node_12\"]}, \"node_14\": {\"op\": \"linear\", \"input\": [\"node_1\", \"node_13\"]}, \"h_new_0\": {\"op\": \"activation_leaky_relu\", \"input\": [\"node_9\"]}, \"h_new_1\": {\"op\": \"activation_tanh\", \"input\": [\"node_14\"]}}", "experiment_id": 999954141, "init_time": "2020-04-20_14-04-35", "num_params": 16221200, "wall_times": [406.4579312801361, 332.04813838005066, 325.58750653266907, 321.5034284591675, 322.97412729263306, 324.8605303764343, 327.0200340747833, 324.2059123516083, 321.6890983581543, 322.7377886772156, 322.04391074180603, 322.8172996044159, 324.4480097293854, 323.1591582298279, 325.96956062316895, 323.20796728134155, 323.1473112106323, 321.95036602020264, 324.48283100128174, 323.55979108810425, 319.21954870224, 321.3944184780121, 323.5484354496002, 322.7959084510803, 325.1439878940582, 323.1172435283661, 322.9514935016632, 323.8304440975189, 326.6573462486267, 322.5229675769806, 324.83338022232056, 322.3564291000366, 322.1206774711609, 316.1564497947693, 323.9346375465393, 323.5347616672516, 323.9250695705414, 321.9932417869568, 321.70322012901306, 322.7388696670532, 321.5635838508606, 323.1524453163147, 323.88735008239746, 321.8009684085846, 324.4818081855774, 323.3846776485443, 321.2036328315735, 322.4495828151703, 323.296044588089, 322.99331307411194], "train_losses": [5.575131279920392, 5.269972701844979, 5.109126223710398, 4.998472463154214, 4.916258623124092, 4.853770389570222, 4.80503881246302, 4.759188333736755, 4.720332166774246, 4.686924284600075, 4.657560698052821, 4.634960716879135, 4.609108994271422, 4.590981943547954, 4.568031490371685, 4.548840836964122, 4.530842796917863, 4.511939160749825, 4.502906312194073, 4.487546477462213, 4.474355450890216, 4.465092736404712, 4.455347597627885, 4.440173924883008, 4.431609633021354, 4.422982726857081, 4.410499788203969, 4.404721622693777, 4.397417181028454, 4.388151524931418, 4.384583350142542, 4.376051416007746, 4.36577888830617, 4.3622207990425474, 4.359370377467592, 4.352433637243828, 4.344498430019902, 4.336522460464741, 4.335587027997418, 4.328506569038782, 4.321270624899145, 4.319130392394169, 4.313443837071701, 4.308514536603733, 4.302453135925986, 4.297988189849927, 4.2937720200634715, 4.290625336184175, 4.2844420687429405, 4.28532413197246], "val_losses": [5.605384666313559, 5.346991194385593, 5.225893802966102, 5.146542306673729, 5.089719279661017, 5.047784361758475, 5.023136917372882, 4.993550052966102, 4.97307766154661, 4.955410487288136, 4.939640823622882, 4.9268776483050845, 4.914624271716102, 4.908773172669491, 4.896724377648305, 4.886747219279661, 4.882718485169492, 4.872413930084746, 4.868516949152542, 4.865515426377119, 4.857337129237288, 4.85647609904661, 4.853373940677966, 4.847425185381356, 4.843368644067796, 4.842064684851695, 4.838044557733051, 4.836905124470339, 4.833896318855932, 4.831289393538135, 4.8300390625, 4.830481660487288, 4.820778932733051, 4.824267081567797, 4.823810911016949, 4.820136387711864, 4.817571835275424, 4.817888638771186, 4.814263440148305, 4.814828191207627, 4.812701933262712, 4.811537341101695, 4.80767048463983, 4.808505693855932, 4.808015426377119, 4.805696504237289, 4.807597325211864, 4.805741856461864, 4.803991988877119, 4.804536215572034], "test_losses": [5.560567022527306, 5.302650229444781, 5.176618557531857, 5.095528908146238, 5.035178175250303, 4.994193364115595, 4.965753944174757, 4.937028607118477, 4.914947213478459, 4.896301565818416, 4.880952705457372, 4.867474009689776, 4.855103724211165, 4.849271311343295, 4.835064638008192, 4.826968591190079, 4.822362510903368, 4.813489006560983, 4.808534492566747, 4.804483358142446, 4.796507307626669, 4.79513194260088, 4.793497622591778, 4.784510047690382, 4.782212044428853, 4.780008853060528, 4.773198396256826, 4.771995470361802, 4.770285300838137, 4.76855231720267, 4.767717083680977, 4.764597476107403, 4.759869325508192, 4.761044696696754, 4.761684973263046, 4.758821061513956, 4.75693578627503, 4.752247634443265, 4.752378889657919, 4.752068380707676, 4.748404789896845, 4.748654263690837, 4.744935563467081, 4.745775537583435, 4.744055886870449, 4.741511076399424, 4.741918174965868, 4.74424284407236, 4.740624288910801, 4.741815659606341], "status": "OK"}