{"data": "data/ptb", "recepie_id": 2010813, "recepies_list_path": "data/new_recepies_fix.json", "cuda": true, "batch_size": 20, "model": "CustomRNN", "emsize": 400, "nhid": 600, "nlayers": 3, "dropout": 0.1, "dropouth": 0.25, "dropouti": 0.4, "dropoute": 0.0, "wdrop": 0.1, "tied": true, "bptt": 70, "lr": 0.001, "wdecay": 1.2e-06, "epochs": 50, "alpha": 2, "beta": 1, "log_interval": 200, "clip": 0.25, "eval_batch_size": 50, "recepie": "{\"node_0\": {\"op\": \"linear\", \"input\": [\"h_prev_0\", \"x\"]}, \"node_1\": {\"op\": \"activation_tanh\", \"input\": [\"node_0\"]}, \"node_2\": {\"op\": \"linear\", \"input\": [\"h_prev_0\", \"node_1\"]}, \"node_3\": {\"op\": \"activation_leaky_relu\", \"input\": [\"node_2\"]}, \"h_new_0\": {\"op\": \"blend\", \"input\": [\"node_3\", \"node_2\", \"node_0\"]}}", "experiment_id": 999954258, "init_time": "2020-05-12_01-04-55", "num_params": 7493200, "wall_times": [173.64905953407288, 131.83232378959656, 130.57286715507507, 129.99698400497437, 130.17782354354858, 129.47426581382751, 129.78537845611572, 129.31569814682007, 129.8280487060547, 129.83257746696472, 129.26184391975403, 129.17885780334473, 129.7775683403015, 130.4132091999054, 129.20774459838867, 129.79014372825623, 130.11945009231567, 130.58390951156616, 130.92679286003113, 130.1311502456665, 130.33039832115173, 129.42187333106995, 129.68481755256653, 129.10655307769775, 129.55627584457397, 129.86223196983337, 129.36783599853516, 129.72211527824402, 130.32880878448486, 129.33849906921387, 129.5088620185852, 129.56501269340515, 130.0377757549286, 129.0001003742218, 129.2112147808075, 128.7250576019287, 129.79525017738342, 129.26323056221008, 128.93572092056274, 129.47142910957336, 129.64152455329895, 129.34161067008972, 128.4942798614502, 129.17552208900452, 128.6489028930664, 128.75111842155457, 128.87588381767273, 129.77285075187683, 130.5071189403534, 129.34347414970398], "train_losses": [5.500322316577914, 5.247213453418321, 5.089419107363778, 4.987608251304395, 4.9024267454682375, 4.849320992012264, 4.784116810553494, 4.73974848380937, 4.708563199263084, 4.673280249852079, 4.634721605884568, 4.6126754881394225, 4.586079117583777, 4.572507782663655, 4.549706931445323, 4.529496379296433, 4.519536923107956, 4.507595661207036, 4.490558687671454, 4.480902637701038, 4.465470943601742, 4.458190455058899, 4.442910043838417, 4.430913731778817, 4.436462451589478, 4.419490193507611, 4.409129417460061, 4.399448994136948, 4.392734975929213, 4.393167392824485, 4.383336106852778, 4.374141889892959, 4.37547233876607, 4.363453754504868, 4.36087732303265, 4.361569021972998, 4.351973064923888, 4.345254003953526, 4.351655791108601, 4.336860325560755, 4.3439227146199775, 4.33286225525792, 4.330777072911624, 4.32770350909042, 4.327920347883384, 4.325419137620354, 4.319750231967081, 4.315323947071163, 4.305771273734603, 4.309304989645527], "val_losses": [5.543600370762712, 5.33902641684322, 5.215704780190678, 5.1419501456567795, 5.088740730932203, 5.054378310381356, 5.008839049258475, 4.989429290254237, 4.976091101694915, 4.959286943855933, 4.9365482653601696, 4.928045881885593, 4.9096828654661016, 4.908549721927966, 4.9017379502118645, 4.889600105932203, 4.885961665783898, 4.886356594279661, 4.87353813559322, 4.872935315148305, 4.8663092558262715, 4.861727688029661, 4.857916777012712, 4.854008209745762, 4.863154462394068, 4.852186175847458, 4.848109110169491, 4.845409825211864, 4.837482786016949, 4.8442753575211865, 4.84080905720339, 4.833102489406779, 4.84315048993644, 4.837850900423729, 4.8331640625, 4.833288863877119, 4.832611559851695, 4.826601231461864, 4.839113810911017, 4.825555481991525, 4.832599973516949, 4.825711069915254, 4.826094412076271, 4.828452065677966, 4.829691141419492, 4.829796742584746, 4.825154594809322, 4.82365532309322, 4.819342227224576, 4.822395060911017], "test_losses": [5.506812827101031, 5.304979639145935, 5.178905894455401, 5.111505897299757, 5.056804175515777, 5.023065363319175, 4.980797628754551, 4.963372091645176, 4.943403521787773, 4.92754889923392, 4.906075190571905, 4.896154311096784, 4.878776476221177, 4.877529699825546, 4.871896391933404, 4.859359296780188, 4.857451503716626, 4.855950512932342, 4.84320305389108, 4.842547962966474, 4.83569572967233, 4.833548536578428, 4.829188670926881, 4.823648693492111, 4.83188221755537, 4.819418305332221, 4.82114477065003, 4.812328449730734, 4.807385194648817, 4.810371769284739, 4.80735082533753, 4.801474561969053, 4.808410940818416, 4.804353288076456, 4.79989268478838, 4.799157300041717, 4.798743090583283, 4.791580940913228, 4.803084290143356, 4.791064808669599, 4.797598829547178, 4.793006378470115, 4.794852543803095, 4.792236624412166, 4.794499665788076, 4.796639451702822, 4.792309214767901, 4.790106912261074, 4.789198792096481, 4.788644735095571], "status": "OK"}