{"data": "data/ptb", "recepie_id": 1004496, "recepies_list_path": "data/models_recepies.json", "cuda": true, "batch_size": 20, "model": "CustomRNN", "emsize": 400, "nhid": 600, "nlayers": 3, "dropout": 0.1, "dropouth": 0.25, "dropouti": 0.4, "dropoute": 0.0, "wdrop": 0.1, "tied": true, "bptt": 70, "lr": 0.001, "wdecay": 1.2e-06, "epochs": 50, "alpha": 2, "beta": 1, "log_interval": 200, "clip": 0.25, "eval_batch_size": 50, "recepie": "{\"node_0\": {\"op\": \"linear\", \"input\": [\"x\", \"h_prev_0\"]}, \"node_1\": {\"op\": \"activation_leaky_relu\", \"input\": [\"node_0\"]}, \"node_2\": {\"op\": \"linear\", \"input\": [\"h_prev_0\", \"x\", \"node_1\"]}, \"node_3\": {\"op\": \"activation_sigm\", \"input\": [\"node_2\"]}, \"node_10\": {\"op\": \"linear\", \"input\": [\"node_3\", \"h_prev_0\"]}, \"node_11\": {\"op\": \"activation_sigm\", \"input\": [\"node_10\"]}, \"h_new_0\": {\"op\": \"linear\", \"input\": [\"node_11\", \"x\"]}}", "experiment_id": 999998859, "init_time": "2020-04-18_00-44-05", "num_params": 11816400, "wall_times": [216.34236884117126, 187.8285312652588, 187.83036923408508, 187.73820161819458, 187.84229922294617, 199.0191433429718, 194.73366379737854, 193.54802131652832, 187.5645740032196, 187.55272603034973, 187.77566170692444, 187.70300459861755, 186.83119702339172, 187.2089786529541, 200.2383577823639, 193.93418383598328, 191.51322269439697, 188.27267026901245, 188.06157875061035, 184.45992136001587, 185.4015736579895, 182.42207765579224, 188.22638416290283, 184.64012098312378, 186.54115343093872, 192.37257194519043, 197.44238662719727, 193.38141798973083, 189.15079045295715, 187.10521125793457, 186.78367257118225, 189.7099838256836, 184.4510006904602, 186.57524847984314, 186.1588044166565, 183.72292828559875, 184.21397852897644, 192.42061519622803, 191.9791202545166, 191.06902313232422, 188.8985939025879, 184.65744256973267, 187.4448847770691, 186.211079120636, 183.94497084617615, 186.34843969345093, 187.84574460983276, 186.45257997512817, 187.4234893321991, 197.661363363266], "train_losses": [5.724034395002959, 5.522024265773761, 5.375357195686084, 5.302382957479425, 5.243113687402507, 5.193081077537518, 5.128574058011941, 5.114324051288258, 5.107515061051046, 5.071653454628584, 5.0673280249852075, 5.031997169329245, 5.033506636275617, 5.013522588214728, 5.01152355306331, 4.978245522026787, 4.968631495078264, 4.974157102226884, 4.960151669490614, 4.95252028871497, 4.944723757463288, 4.956536849147437, 4.938668660238825, 4.918909855575278, 4.936446903071379, 4.934694963288688, 4.917750860631489, 4.9219493807487495, 4.898327819912861, 4.895989658974773, 4.905722190845032, 4.885994903447905, 4.895054646737669, 4.877747044941101, 4.89288037558496, 4.877129306519284, 4.8664344474476895, 4.868738569738046, 4.872883300387284, 4.876157314022914, 4.876151851030068, 4.872760172933139, 4.852872777822602, 4.848388501156474, 4.85452428258297, 4.851327591307622, 4.849773579958044, 4.85700238018396, 4.854852482383949, 4.846812637835511], "val_losses": [5.7466750529661015, 5.584554422669491, 5.466954449152542, 5.424978813559322, 5.379491194385594, 5.344487552966101, 5.29854343220339, 5.301705508474576, 5.3002512579449155, 5.27602919756356, 5.279910950741526, 5.252693657309322, 5.265748477224577, 5.250955045021186, 5.25733017743644, 5.226626721398305, 5.224529263771187, 5.236750529661017, 5.225158898305085, 5.2188605667372885, 5.219785487288136, 5.23674126059322, 5.21569484904661, 5.204786480402542, 5.227466565148305, 5.226795219809322, 5.216366856461865, 5.220240002648305, 5.201106660487288, 5.193742717161017, 5.2088615598516945, 5.191247351694916, 5.2038608977754235, 5.190910023834745, 5.211652873411017, 5.192451668432203, 5.189205839512712, 5.190779263771186, 5.194380627648305, 5.199116459216102, 5.201705177436441, 5.202367253707627, 5.1828502383474575, 5.179651085805085, 5.190277078919491, 5.184580574682204, 5.181730998411017, 5.194134004237288, 5.191060977224576, 5.187668829449152], "test_losses": [5.698443662773058, 5.531617988660497, 5.413528590526395, 5.365162673505765, 5.326490679990898, 5.288503109830097, 5.243145100121359, 5.242538896579187, 5.245513027154126, 5.217186788910801, 5.220528315571905, 5.195787152040352, 5.209336364153519, 5.193099234868022, 5.200572189775485, 5.171340497952063, 5.171235612295206, 5.180203632243629, 5.164007983161408, 5.163082974628337, 5.165472826911408, 5.176972324408374, 5.159923960861651, 5.146835179004855, 5.171301388046117, 5.169065605089503, 5.159263833055219, 5.163748435603762, 5.13982680237409, 5.139877171192355, 5.149282510998179, 5.136545125720571, 5.150281591322815, 5.132894275257889, 5.153852444250607, 5.136478757395328, 5.13403794371966, 5.134974803739381, 5.134413635846481, 5.141270313448119, 5.145548700128944, 5.145769730354976, 5.126362328390473, 5.123911440951153, 5.131107663645328, 5.127782136491201, 5.126842313599818, 5.135016283942658, 5.131629721632281, 5.126031079338592], "status": "OK"}