{"data": "data/ptb", "recepie_id": 2010268, "recepies_list_path": "data/new_recepies_fix.json", "cuda": true, "batch_size": 20, "model": "CustomRNN", "emsize": 400, "nhid": 600, "nlayers": 3, "dropout": 0.1, "dropouth": 0.25, "dropouti": 0.4, "dropoute": 0.0, "wdrop": 0.1, "tied": true, "bptt": 70, "lr": 0.001, "wdecay": 1.2e-06, "epochs": 50, "alpha": 2, "beta": 1, "log_interval": 200, "clip": 0.25, "eval_batch_size": 50, "recepie": "{\"node_0\": {\"op\": \"linear\", \"input\": [\"h_prev_0\", \"x\"]}, \"node_1\": {\"op\": \"activation_sigm\", \"input\": [\"node_0\"]}, \"node_2\": {\"op\": \"linear\", \"input\": [\"h_prev_0\", \"x\"]}, \"node_3\": {\"op\": \"activation_sigm\", \"input\": [\"node_2\"]}, \"node_8\": {\"op\": \"linear\", \"input\": [\"node_1\", \"h_prev_0\", \"node_3\"]}, \"h_new_0\": {\"op\": \"activation_sigm\", \"input\": [\"node_8\"]}}", "experiment_id": 999956177, "init_time": "2020-05-07_14-35-51", "num_params": 10094800, "wall_times": [350.5487952232361, 298.2626247406006, 329.426087141037, 309.3207242488861, 169.18358707427979, 169.49162888526917, 170.6962354183197, 171.00228929519653, 306.0817482471466, 326.9598300457001, 332.4597110748291, 222.5794665813446, 311.8585875034332, 175.22004556655884, 261.0343358516693, 174.75010704994202, 175.2036714553833, 170.77144479751587, 169.10584020614624, 168.60694646835327, 172.81523728370667, 170.11579990386963, 176.02339053153992, 173.65300941467285, 172.30769276618958, 171.12919759750366, 266.7365634441376, 163.34778499603271, 166.9414918422699, 164.74900102615356, 164.03538370132446, 165.0204758644104, 165.34118604660034, 165.26485204696655, 164.5550401210785, 159.96256804466248, 160.43509721755981, 162.1453516483307, 165.76157593727112, 159.06724214553833, 159.952556848526, 159.86047649383545, 159.3673369884491, 160.51460218429565, 160.487375497818, 160.51344418525696, 160.8225224018097, 160.71631383895874, 165.5949432849884, 160.60190176963806], "train_losses": [6.595657004733473, 6.5700313659835405, 6.557666091791727, 6.5510222520305526, 6.547234296837179, 6.5452882106933465, 6.543717810365231, 6.542871886934538, 6.541812066322414, 6.542169262008499, 6.541546060593836, 6.540620713651767, 6.540703499004895, 6.541241813915335, 6.540672401968695, 6.541920905949115, 6.542529819536335, 6.543122764375235, 6.544037605561831, 6.544651561911678, 6.54587233069765, 6.287520255096552, 6.191421168172772, 6.1385024171642195, 6.0968945827282015, 6.04814325480071, 5.986250067236835, 5.943319348071648, 5.89632626338013, 5.854743642757248, 5.8169897396589745, 5.782993535178312, 5.7463692109085045, 5.7174741810553495, 5.690989171507719, 5.668859427949007, 5.6471961399333015, 5.6257946553439835, 5.605106301436178, 5.583381239578291, 5.563120259803131, 5.542927777553655, 5.525504192216664, 5.50915891762143, 5.49263630587381, 5.477625682453875, 5.4639068467269105, 5.450126657387983, 5.438815320585229, 5.427161496154053], "val_losses": [6.595625662076271, 6.5692306673728815, 6.555127780720339, 6.547738347457627, 6.542894597457627, 6.540352224576271, 6.5385103283898305, 6.537174920550847, 6.5357719809322035, 6.536016287076271, 6.5355415783898305, 6.534264433262712, 6.534500132415254, 6.535213188559322, 6.534470338983051, 6.5363268008474575, 6.536718087923729, 6.538307070974576, 6.5399284957627115, 6.54018405720339, 6.541963056144068, 6.290838188559322, 6.200623675847457, 6.151972325211864, 6.114247881355932, 6.069489539194915, 6.01424126059322, 5.976959083686441, 5.936173861228814, 5.897735037076271, 5.8632196769067795, 5.829995365466102, 5.798746689618644, 5.772425847457627, 5.750884533898305, 5.728552039194915, 5.710842823093221, 5.691231461864406, 5.675834878177966, 5.657733050847457, 5.639275688559322, 5.619627251059322, 5.607119968220339, 5.593448093220339, 5.580560778601695, 5.568677833686441, 5.555408501059322, 5.54574814618644, 5.535867981991525, 5.528633143538135], "test_losses": [6.515760106947815, 6.49347397887591, 6.482733569098908, 6.47742410307949, 6.473908359564624, 6.472338630157767, 6.470712013614988, 6.469763894682949, 6.46898702973301, 6.469458718901699, 6.469024954490291, 6.467360413190231, 6.467830917210255, 6.469014880726639, 6.467840990973908, 6.468896365860133, 6.468986437158677, 6.469663749620753, 6.470878527002427, 6.471878792475728, 6.473458003071905, 6.229139013197815, 6.142411611612561, 6.093494600462682, 6.05468038910801, 6.008895133305522, 5.952134808290352, 5.913862802449939, 5.872072090222997, 5.833180251630765, 5.799017156212075, 5.765447820274575, 5.732161142293689, 5.706470674681432, 5.684086179270328, 5.66236062651699, 5.645023086695995, 5.62670187348301, 5.610502076380461, 5.592330191899272, 5.574927468901699, 5.557489191444175, 5.54369643128034, 5.531113115329187, 5.518359730544599, 5.506748236498787, 5.495191851865898, 5.485687552146541, 5.475564012249697, 5.468355938068871], "status": "OK"}