{"data": "data/ptb", "recepie_id": 2004938, "recepies_list_path": "data/new_recepies_fix.json", "cuda": true, "batch_size": 20, "model": "CustomRNN", "emsize": 400, "nhid": 600, "nlayers": 3, "dropout": 0.1, "dropouth": 0.25, "dropouti": 0.4, "dropoute": 0.0, "wdrop": 0.1, "tied": true, "bptt": 70, "lr": 0.001, "wdecay": 1.2e-06, "epochs": 50, "alpha": 2, "beta": 1, "log_interval": 200, "clip": 0.25, "eval_batch_size": 50, "recepie": "{\"node_0\": {\"op\": \"linear\", \"input\": [\"x\", \"h_prev_0\"]}, \"node_1\": {\"op\": \"activation_leaky_relu\", \"input\": [\"node_0\"]}, \"node_3\": {\"op\": \"linear\", \"input\": [\"x\", \"node_1\"]}, \"node_4\": {\"op\": \"activation_leaky_relu\", \"input\": [\"node_3\"]}, \"h_new_0\": {\"op\": \"linear\", \"input\": [\"node_4\", \"x\"]}}", "experiment_id": 999963835, "init_time": "2020-05-11_12-42-31", "num_params": 9174800, "wall_times": [144.54744935035706, 143.441260099411, 144.23874759674072, 143.21744632720947, 144.16994667053223, 142.1040003299713, 141.86913418769836, 142.59771370887756, 142.0281217098236, 142.16346430778503, 142.76425457000732, 141.12246203422546, 143.82718753814697, 143.61928510665894, 142.651620388031, 142.74628376960754, 141.6768262386322, 141.6536750793457, 142.1220965385437, 142.0779058933258, 142.53767466545105, 143.53423929214478, 142.30426573753357, 141.50281143188477, 141.7276804447174, 142.14022660255432, 143.59921097755432, 141.34438753128052, 143.02454805374146, 141.3434488773346, 141.70802927017212, 143.41201281547546, 142.80361437797546, 142.293395280838, 143.31098175048828, 141.44145154953003, 141.61388039588928, 142.5857229232788, 140.399516582489, 142.5275683403015, 142.28237128257751, 141.65652799606323, 140.85709428787231, 142.31686973571777, 143.12377214431763, 141.2127981185913, 142.17305946350098, 142.81781888008118, 142.29739117622375, 143.56476855278015], "train_losses": [5.56588747579474, 5.332873181243612, 5.214756552229574, 5.140270325695229, 5.086543051745468, 5.033086826286913, 4.995721636141144, 4.963750100855252, 4.9365767542090255, 4.923218896240116, 4.8852489948093165, 4.869378580361465, 4.84822587206175, 4.831651571997203, 4.830658147759669, 4.823389425662955, 4.799487571271045, 4.7962828956215375, 4.786624744500027, 4.776629148512721, 4.766134319025335, 4.763781870259803, 4.750460152089721, 4.742713208003873, 4.7329634466946375, 4.729825167419719, 4.726191436716691, 4.7190664333548495, 4.715532717443924, 4.7002073415900165, 4.704456289333549, 4.707613478968318, 4.691982175515034, 4.679235332284438, 4.679191208111452, 4.682760643590985, 4.668703522537787, 4.662526558549836, 4.662989232020871, 4.65767037813996, 4.660688891802485, 4.651062678177613, 4.651538799015653, 4.647058724651713, 4.646764563498467, 4.638014529880049, 4.630355413909957, 4.632208629175407, 4.633308371658329, 4.62152301516863], "val_losses": [5.603682468220339, 5.414554422669491, 5.332428495762712, 5.284725900423729, 5.244844081038136, 5.213059454449152, 5.196469809322034, 5.177098450741526, 5.164420683262712, 5.155538930084746, 5.131405256885593, 5.127502648305085, 5.119926178495763, 5.107761851165254, 5.110379038665254, 5.111743577860169, 5.100746822033899, 5.10096530720339, 5.093500397245763, 5.088951602224577, 5.0860404528601695, 5.091696901483051, 5.0801297669491525, 5.080948093220339, 5.0715810381355935, 5.067600304555085, 5.069663003177966, 5.068248477224576, 5.067105733580508, 5.057842293432204, 5.0539095603813555, 5.067630760063559, 5.051062632415254, 5.04075873940678, 5.050713056144068, 5.055146649894068, 5.040763373940678, 5.041244372351695, 5.043002184851695, 5.038290188029661, 5.0429637844279664, 5.039817266949153, 5.039085010593221, 5.035503840042373, 5.0381888903601695, 5.028762910487288, 5.023748675847457, 5.030061904131356, 5.027522179555085, 5.016113612288136], "test_losses": [5.56030984526699, 5.366286194440231, 5.280268104331007, 5.228796505233617, 5.188615224893811, 5.162996458775789, 5.142699010163835, 5.122291342726031, 5.104962098945692, 5.105206239570692, 5.081136462757889, 5.072051113091626, 5.061454106303095, 5.052529936855279, 5.05504897034284, 5.053444871624697, 5.041123473528519, 5.041645531515473, 5.03510232573574, 5.029631086923544, 5.026514738508799, 5.028870814054915, 5.017577532425667, 5.017014586809769, 5.011020697436287, 5.009126237295206, 5.008559736233313, 5.005440424946905, 5.003711293044599, 4.996468256978155, 4.996276262894417, 5.005681602700243, 4.990482071070995, 4.978654879968143, 4.988651016383495, 4.99176262420358, 4.975121359223301, 4.973974135315534, 4.978349111612561, 4.975052620600728, 4.978246596253034, 4.973633405074333, 4.974091465033374, 4.970666089104217, 4.972137154884709, 4.964606127692658, 4.958210472921723, 4.963999627863319, 4.96235878953656, 4.952858934124697], "status": "OK"}