{"data": "data/ptb", "recepie_id": 2001485, "recepies_list_path": "data/new_recepies_fix.json", "cuda": true, "batch_size": 20, "model": "CustomRNN", "emsize": 400, "nhid": 600, "nlayers": 3, "dropout": 0.1, "dropouth": 0.25, "dropouti": 0.4, "dropoute": 0.0, "wdrop": 0.1, "tied": true, "bptt": 70, "lr": 0.001, "wdecay": 1.2e-06, "epochs": 50, "alpha": 2, "beta": 1, "log_interval": 200, "clip": 0.25, "eval_batch_size": 50, "recepie": "{\"node_4\": {\"op\": \"linear\", \"input\": [\"h_prev_2\", \"x\", \"h_prev_0\"]}, \"node_5\": {\"op\": \"activation_leaky_relu\", \"input\": [\"node_4\"]}, \"node_8\": {\"op\": \"linear\", \"input\": [\"h_prev_0\", \"node_5\"]}, \"node_9\": {\"op\": \"activation_leaky_relu\", \"input\": [\"node_8\"]}, \"node_11\": {\"op\": \"linear\", \"input\": [\"node_5\", \"h_prev_1\"]}, \"node_16\": {\"op\": \"linear\", \"input\": [\"h_prev_1\", \"h_new_0\", \"h_prev_0\"]}, \"node_22\": {\"op\": \"linear\", \"input\": [\"node_5\", \"node_9\", \"x\"]}, \"h_new_0\": {\"op\": \"activation_sigm\", \"input\": [\"node_11\"]}, \"h_new_1\": {\"op\": \"activation_tanh\", \"input\": [\"node_22\"]}, \"h_new_2\": {\"op\": \"activation_leaky_relu\", \"input\": [\"node_16\"]}}", "experiment_id": 999981061, "init_time": "2020-05-16_18-08-14", "num_params": 15378000, "wall_times": [374.13638615608215, 379.8915150165558, 375.51709365844727, 374.6823842525482, 386.10910296440125, 382.86137294769287, 378.99027705192566, 379.3674805164337, 384.7506248950958, 376.570027589798, 375.13071274757385, 369.1788411140442, 374.0407202243805, 373.32344675064087, 381.5481297969818, 372.8828070163727, 368.20969462394714, 368.739031791687, 394.89933228492737, 373.0794258117676, 380.13536286354065, 374.2309250831604, 372.33842301368713, 370.84393763542175, 379.5148561000824, 386.02469086647034, 384.95424246788025, 368.9342429637909, 379.48998951911926, 378.04809403419495, 366.42603731155396, 392.0797448158264, 384.5304617881775, 380.39666748046875, 379.4956283569336, 373.81655049324036, 370.4017081260681, 372.22639060020447, 374.04489254951477, 381.5301835536957, 371.33530378341675, 375.248526096344, 381.30375266075134, 376.96565437316895, 382.92781233787537, 375.2811551094055, 374.85697889328003, 382.5056309700012, 366.74613332748413, 366.861722946167], "train_losses": [6.250157586332096, 5.982423030633102, 5.792452076945834, 5.668248833440912, 5.5595575480071, 5.475164814291862, 5.3903884103867465, 5.323327231590555, 5.268685956914636, 5.212323839492227, 5.1649412013877685, 5.124085158813404, 5.092140518261524, 5.054790456403636, 5.024399827201334, 4.993206558280889, 4.9682217706148135, 4.94080931297402, 4.921783810042494, 4.895152980608897, 4.8739086621214565, 4.850967874240224, 4.8328122478618685, 4.819721236081975, 4.79702712333925, 4.786154927115271, 4.767298356731752, 4.756658547818837, 4.740430517454683, 4.7266066241729865, 4.7132403615996985, 4.698086019444893, 4.689368343553332, 4.675997878677855, 4.6644154933838955, 4.655728074068097, 4.6433775079339465, 4.63377230582002, 4.625863993330106, 4.613355840863859, 4.603183327954387, 4.598341435371954, 4.585514328169545, 4.582267629498144, 4.575728847291701, 4.566038758673551, 4.556675609165725, 4.546986361008015, 4.54054171037061, 4.535289673094508], "val_losses": [6.264332627118644, 6.005389300847457, 5.831381753177966, 5.723528866525424, 5.6289625264830505, 5.563560646186441, 5.487992915783899, 5.436383077330508, 5.391784295550847, 5.348798993644068, 5.315332693326271, 5.283383209745763, 5.26129733845339, 5.232573159427966, 5.216552568855932, 5.19189453125, 5.174894729872881, 5.159813625529661, 5.146440677966102, 5.127227224576271, 5.116260924258475, 5.101956435381356, 5.089469345868644, 5.07990234375, 5.071953787076271, 5.0596778998940675, 5.053542439088983, 5.0504647775423726, 5.042074615995762, 5.032798265360169, 5.022361626059322, 5.018588784427966, 5.013921146716101, 5.010200940148305, 5.001977290783898, 4.9983977754237285, 4.991130826271187, 4.98599907309322, 4.984845736228814, 4.980852754237288, 4.973484176377118, 4.969915254237288, 4.965163532838983, 4.9656928628177965, 4.961114605402543, 4.959094279661017, 4.951406912076271, 4.949605733580508, 4.943658964512712, 4.942862486758474], "test_losses": [6.200884476448726, 5.955816472618325, 5.784420272679005, 5.673741609147451, 5.578155221290959, 5.507534582638046, 5.435817088895631, 5.380655529429611, 5.338500383988167, 5.294571070995145, 5.257928051994842, 5.229293675098605, 5.207763671875, 5.180087487674454, 5.160448389145935, 5.137361693150789, 5.121031529695085, 5.102459657539442, 5.090436324332524, 5.072069482895935, 5.059585126858313, 5.044717436855279, 5.032004347125303, 5.022939737560679, 5.012564946146845, 5.003438708851639, 4.994720162697209, 4.990427554232403, 4.981918186817355, 4.973445559010922, 4.964050589255916, 4.958744086108162, 4.954786874715564, 4.948675359337075, 4.941106703674909, 4.937685772053246, 4.931762102738167, 4.92661352065003, 4.924689431792324, 4.919178786787015, 4.912631136699788, 4.908257345551426, 4.903202686494994, 4.901951762079035, 4.898580606701304, 4.896979174567658, 4.88981169172861, 4.88751694762591, 4.882877683176578, 4.881722459515322], "status": "OK"}