{"data": "data/ptb", "recepie_id": 2005233, "recepies_list_path": "data/new_recepies_fix.json", "cuda": true, "batch_size": 20, "model": "CustomRNN", "emsize": 400, "nhid": 600, "nlayers": 3, "dropout": 0.1, "dropouth": 0.25, "dropouti": 0.4, "dropoute": 0.0, "wdrop": 0.1, "tied": true, "bptt": 70, "lr": 0.001, "wdecay": 1.2e-06, "epochs": 50, "alpha": 2, "beta": 1, "log_interval": 200, "clip": 0.25, "eval_batch_size": 50, "recepie": "{\"node_2\": {\"op\": \"linear\", \"input\": [\"h_prev_0\", \"h_prev_1\"]}, \"node_3\": {\"op\": \"activation_leaky_relu\", \"input\": [\"node_2\"]}, \"node_6\": {\"op\": \"linear\", \"input\": [\"node_3\", \"h_prev_0\"]}, \"h_new_0\": {\"op\": \"activation_sigm\", \"input\": [\"node_6\"]}, \"h_new_1\": {\"op\": \"linear\", \"input\": [\"x\", \"h_new_0\"]}}", "experiment_id": 999985520, "init_time": "2020-05-14_05-01-13", "num_params": 9254800, "wall_times": [147.26841187477112, 146.78082251548767, 145.28038024902344, 143.79360151290894, 144.74829244613647, 143.89294576644897, 144.05935263633728, 143.1899380683899, 144.9900758266449, 142.94809579849243, 144.94636845588684, 144.18846201896667, 143.79933953285217, 142.77563166618347, 142.70807266235352, 143.82211875915527, 143.21278142929077, 142.90154910087585, 143.2507517337799, 143.26376366615295, 145.8859407901764, 143.5752420425415, 145.27451992034912, 142.98528575897217, 143.15771198272705, 143.01055240631104, 143.06200456619263, 143.037437915802, 143.2352170944214, 142.9693365097046, 142.73661041259766, 142.84330129623413, 142.7793037891388, 142.99162650108337, 143.10070300102234, 143.20547819137573, 142.9931297302246, 143.34124040603638, 143.05334329605103, 142.94929790496826, 142.71967267990112, 142.59175086021423, 142.82762360572815, 142.74198961257935, 142.80298566818237, 142.88019561767578, 142.83269596099854, 143.7551555633545, 142.87062096595764, 142.84994459152222], "train_losses": [6.5952901437523535, 6.57201023008445, 6.559237332580281, 6.552386319321177, 6.549603975041687, 6.54727295801732, 6.545378139960196, 6.545457563471572, 6.5454949639610565, 6.546243814211177, 6.546354334758754, 6.545914773949761, 6.5469888823893285, 6.5481588033188105, 6.54898623661987, 6.550767592517885, 6.556726036791996, 6.559114205126137, 6.562549587165833, 6.568055443494164, 6.576447440966059, 6.573984051422731, 6.574927468264214, 6.5653092390135015, 6.549504800710021, 6.538008142380722, 6.5324396717497715, 6.5287496301974075, 6.521479647410037, 6.515559444085848, 6.5178913015706526, 6.515169470442688, 6.507783924345113, 6.515743504921736, 6.51460257987736, 6.509195477650476, 6.504836009359368, 6.499638181781507, 6.494597940535743, 6.492697239255554, 6.490751993572158, 6.487114901027379, 6.486555154375774, 6.489076955919531, 6.483314759157657, 6.480582422274218, 6.479160783443602, 6.479430991474369, 6.476864225297187, 6.4759451818084015], "val_losses": [6.597250397245762, 6.571161943855932, 6.557365598516949, 6.548942002118644, 6.545920286016949, 6.5433342161016945, 6.5402721133474575, 6.53923000529661, 6.538222325211865, 6.539662341101695, 6.540787870762712, 6.5408170021186445, 6.542498013771186, 6.543450079449152, 6.543940015889831, 6.545628310381356, 6.552536414194916, 6.554649761652542, 6.557708554025424, 6.562815810381356, 6.571592955508475, 6.568367981991526, 6.569802039194915, 6.5588320974576275, 6.544990068855932, 6.53518935381356, 6.531704184322034, 6.531014962923729, 6.525610434322034, 6.520783898305084, 6.524194253177966, 6.524150556144067, 6.5178945974576274, 6.526381753177966, 6.526937897245762, 6.521316207627119, 6.5199556408898305, 6.514072431144068, 6.509755693855932, 6.5081779661016945, 6.508119703389831, 6.503686440677966, 6.5033540783898305, 6.506084480932204, 6.5017154396186445, 6.498636784957627, 6.498940015889831, 6.499688162076271, 6.498386520127118, 6.498313691737288], "test_losses": [6.519627247041869, 6.497969840336772, 6.486417011149879, 6.479623739001821, 6.477308551084648, 6.475507717688107, 6.471884125644721, 6.471881755347391, 6.470649793310073, 6.471949901395631, 6.472655064851335, 6.471880570198726, 6.472580400485437, 6.473926729368932, 6.473654145175971, 6.475082841891687, 6.481330945653823, 6.483167333510315, 6.487939334610133, 6.492518749051881, 6.498727150333738, 6.496903799112561, 6.497434745714503, 6.490615400295813, 6.478587326494235, 6.47240499848301, 6.468548524726942, 6.46697998046875, 6.465565505537015, 6.461134234678398, 6.464428355392901, 6.464529093029429, 6.459361844849818, 6.466379702669903, 6.466976425022755, 6.464643459875607, 6.462945141838592, 6.457663526812803, 6.453686760467233, 6.452280581576153, 6.450440638273665, 6.44757317107858, 6.448242780074333, 6.449201565344357, 6.444795775182039, 6.442223410004551, 6.442122672368022, 6.441638539138349, 6.442620434807342, 6.441540171799151], "status": "OK"}