{"data": "data/ptb", "recepie_id": 2006259, "recepies_list_path": "data/new_recepies_fix.json", "cuda": true, "batch_size": 20, "model": "CustomRNN", "emsize": 400, "nhid": 600, "nlayers": 3, "dropout": 0.1, "dropouth": 0.25, "dropouti": 0.4, "dropoute": 0.0, "wdrop": 0.1, "tied": true, "bptt": 70, "lr": 0.001, "wdecay": 1.2e-06, "epochs": 50, "alpha": 2, "beta": 1, "log_interval": 200, "clip": 0.25, "eval_batch_size": 50, "recepie": "{\"node_0\": {\"op\": \"linear\", \"input\": [\"x\", \"h_prev_0\"]}, \"node_1\": {\"op\": \"activation_leaky_relu\", \"input\": [\"node_0\"]}, \"node_4\": {\"op\": \"linear\", \"input\": [\"node_1\", \"x\"]}, \"node_5\": {\"op\": \"activation_leaky_relu\", \"input\": [\"node_4\"]}, \"h_new_0\": {\"op\": \"linear\", \"input\": [\"node_1\", \"node_5\", \"x\"]}}", "experiment_id": 999952582, "init_time": "2020-05-17_05-58-31", "num_params": 10054800, "wall_times": [196.41193914413452, 192.5584511756897, 192.8274896144867, 191.6247375011444, 194.08046555519104, 192.28164434432983, 189.72596192359924, 191.49675345420837, 190.5687117576599, 192.93079257011414, 191.2892074584961, 193.77184295654297, 193.73693346977234, 191.44281482696533, 191.67298865318298, 193.567364692688, 192.26435089111328, 190.95620346069336, 190.34457921981812, 192.27422618865967, 190.55419325828552, 189.4921271800995, 191.74748873710632, 191.2923481464386, 192.59007000923157, 190.46039533615112, 191.38665461540222, 192.33846712112427, 192.97589015960693, 193.7811143398285, 191.87546491622925, 191.58753037452698, 189.27708745002747, 191.72563362121582, 192.94918870925903, 190.0961389541626, 191.64399981498718, 191.61733150482178, 190.97914123535156, 191.06382155418396, 189.8099958896637, 192.42603850364685, 189.86271286010742, 190.80762267112732, 192.26473116874695, 191.6225917339325, 192.32558274269104, 193.5395119190216, 191.71502375602722, 190.184734582901], "train_losses": [5.474975290463127, 5.218392384083696, 5.076694116104567, 4.993123772927761, 4.922575103544726, 4.861816957802162, 4.828849056667204, 4.783310808993599, 4.7615050629336775, 4.719473216206767, 4.702405145634985, 4.706182174842666, 4.655241867704803, 4.655181354553278, 4.6272705038728414, 4.6204879881394225, 4.596666817949545, 4.5883344931687375, 4.577970355279437, 4.5742866171803565, 4.55270485382712, 4.545034811871336, 4.543630822709914, 4.525680688908611, 4.520374862164489, 4.526581242267764, 4.504799449330321, 4.500629084637728, 4.5087601191436715, 4.485906318917756, 4.4807219387069015, 4.47965329326018, 4.471375178177613, 4.467789773949761, 4.45921245495132, 4.469693837071701, 4.45432685842612, 4.444021132537249, 4.435988011672315, 4.448249909230273, 4.435999778118444, 4.429829958044215, 4.426386591630359, 4.416646075385939, 4.407797707896294, 4.404184988704212, 4.417380637808617, 4.403890827550965, 4.40111058442257, 4.395459748668711], "val_losses": [5.518356726694916, 5.316013969809322, 5.210925251588983, 5.161241061970339, 5.112992584745763, 5.06926377118644, 5.052327860169491, 5.030219147245763, 5.021934586864407, 4.987764830508475, 4.9818084613347455, 5.0034375, 4.960331369173729, 4.970860037076271, 4.949735831567796, 4.951059653072034, 4.93795219809322, 4.9341138109110165, 4.932039194915254, 4.933283236228814, 4.917074615995762, 4.916910752118644, 4.920731925317797, 4.912719147245762, 4.906778336864407, 4.916239737817796, 4.9017134533898306, 4.9031852489406775, 4.907809520656779, 4.895648172669492, 4.8938512976694915, 4.897128575211864, 4.885840836864407, 4.8875556144067795, 4.880527012711864, 4.889403469279661, 4.88810248940678, 4.87763969809322, 4.86803561970339, 4.887323887711864, 4.880723649364406, 4.882630097987288, 4.875691538665254, 4.866783302436441, 4.871457560911017, 4.870597523834745, 4.873941340042373, 4.866262248411017, 4.863062102754237, 4.86262248411017], "test_losses": [5.479659886036105, 5.271154903671117, 5.16234877503034, 5.109772617377124, 5.063305308517901, 5.021218309124697, 5.004591858502731, 4.980324161862864, 4.971034374051881, 4.938822033335861, 4.931828767350576, 4.955094717081311, 4.909531676653519, 4.921091320445236, 4.901374594679156, 4.900211074977245, 4.884666961373635, 4.884159125170662, 4.883545810736499, 4.88411408952139, 4.871739952309618, 4.866323526623179, 4.868040214464503, 4.859730248312348, 4.855489193814472, 4.862604530112257, 4.850133506997118, 4.848984505366353, 4.852462324123938, 4.845396467782919, 4.839657681659587, 4.846548728572512, 4.836273785933708, 4.838202319098908, 4.828331808442051, 4.83831787109375, 4.835288631105886, 4.825907290560528, 4.818887358730279, 4.832843373122724, 4.824869396617111, 4.82291479018128, 4.818951356758192, 4.811354850102397, 4.812786213402609, 4.811328776831766, 4.818373300496814, 4.810149553910042, 4.809903042987712, 4.80674047377503], "status": "OK"}