{"data": "data/ptb", "recepie_id": 2006738, "recepies_list_path": "data/new_recepies_fix.json", "cuda": true, "batch_size": 20, "model": "CustomRNN", "emsize": 400, "nhid": 600, "nlayers": 3, "dropout": 0.1, "dropouth": 0.25, "dropouti": 0.4, "dropoute": 0.0, "wdrop": 0.1, "tied": true, "bptt": 70, "lr": 0.001, "wdecay": 1.2e-06, "epochs": 50, "alpha": 2, "beta": 1, "log_interval": 200, "clip": 0.25, "eval_batch_size": 50, "recepie": "{\"node_0\": {\"op\": \"linear\", \"input\": [\"h_prev_0\", \"x\"]}, \"node_1\": {\"op\": \"activation_tanh\", \"input\": [\"node_0\"]}, \"node_2\": {\"op\": \"linear\", \"input\": [\"h_prev_0\", \"node_1\", \"x\"]}, \"node_3\": {\"op\": \"activation_leaky_relu\", \"input\": [\"node_2\"]}, \"h_new_0\": {\"op\": \"elementwise_sum\", \"input\": [\"node_0\", \"node_3\"]}}", "experiment_id": 999952798, "init_time": "2020-05-18_16-06-29", "num_params": 8333200, "wall_times": [126.88842844963074, 125.90527534484863, 124.74668478965759, 124.64328002929688, 124.7442479133606, 124.59428095817566, 124.82728028297424, 124.77567958831787, 124.7067654132843, 124.67081809043884, 124.7494068145752, 124.68622708320618, 124.63601660728455, 124.87192368507385, 124.76342558860779, 124.68157696723938, 124.31358528137207, 124.00310683250427, 123.60095167160034, 124.57871007919312, 124.5888261795044, 124.75528454780579, 124.49918603897095, 124.9534502029419, 125.0712320804596, 124.90439224243164, 124.84403681755066, 124.91201329231262, 124.7066924571991, 124.59169030189514, 124.48458766937256, 124.45856857299805, 124.61688446998596, 124.46292519569397, 124.78746819496155, 124.67755055427551, 124.77283191680908, 124.66557121276855, 124.77094054222107, 124.74987483024597, 124.4964029788971, 124.60717844963074, 124.57870697975159, 124.43691682815552, 124.10263776779175, 124.46049332618713, 124.61894917488098, 124.63210821151733, 124.75999355316162, 124.68069887161255], "train_losses": [5.522299936797375, 5.2158546137916195, 5.0692262048840835, 4.948225956107794, 4.860482726857081, 4.7938884238341135, 4.743806226803292, 4.699541696923243, 4.6575854916357375, 4.613855494594159, 4.603077429939218, 4.576203707439084, 4.549175340218385, 4.51327969514819, 4.5140352690818135, 4.495187103302674, 4.48325508646657, 4.451337340648701, 4.450844830832123, 4.443960199155505, 4.434646636813512, 4.416562449572374, 4.395530767575709, 4.396590167957614, 4.389781177720402, 4.395645070195256, 4.37359517037814, 4.368475925851218, 4.360934474342423, 4.353408151121511, 4.348851174627508, 4.340438165644667, 4.327353457318057, 4.3213441651874565, 4.311229223817977, 4.307320242321554, 4.322161512963262, 4.3011987487225, 4.285572067801624, 4.293379525038997, 4.285343882792749, 4.276315236539186, 4.272172607041042, 4.2736274440589535, 4.268179579500834, 4.268305228336292, 4.249505809262546, 4.252872273546339, 4.25984557379915, 4.242279530417944], "val_losses": [5.565605137711865, 5.3112168961864406, 5.198927436440678, 5.106267213983051, 5.042158699682203, 4.997859176377118, 4.972591035487288, 4.946559851694915, 4.925525026483051, 4.897644332627118, 4.8948897643008475, 4.8819289592161015, 4.871882282838983, 4.851221199682203, 4.8615565413135595, 4.848244835805085, 4.844555415783899, 4.825000993114407, 4.8281667108050845, 4.823225304555085, 4.815776284427966, 4.811801509533899, 4.803643736758475, 4.80150390625, 4.8072318591101695, 4.806590969279661, 4.793775820974576, 4.789671279131356, 4.791968352754237, 4.788594743114407, 4.782007415254237, 4.778944981461865, 4.778149496822034, 4.774850370762712, 4.767604277012712, 4.770636917372881, 4.7782173596398305, 4.765039724576271, 4.763726165254237, 4.761771716101695, 4.768336533368644, 4.760088387182203, 4.755009931144068, 4.757396716101695, 4.753761586334746, 4.756397311970339, 4.746811440677966, 4.744409427966102, 4.76129733845339, 4.745559785487288], "test_losses": [5.535438315382281, 5.276754731113471, 5.164727368401092, 5.073749431128641, 5.01068352264108, 4.968278607118477, 4.940210434996966, 4.915625414802033, 4.893451579566141, 4.867769111707372, 4.863907601069478, 4.851737605715261, 4.84051276642142, 4.817264297633495, 4.825070575603004, 4.818341301482858, 4.812350671268204, 4.792845198251669, 4.794157157823878, 4.79155783051426, 4.78932886216247, 4.779224580931432, 4.770713732080552, 4.773679566614836, 4.7717531074598, 4.776178748862257, 4.765289899214958, 4.762807309048847, 4.760226055256371, 4.757321255878337, 4.754585043897906, 4.752571772603155, 4.74942135116429, 4.74527096053929, 4.738115329186893, 4.741375080590109, 4.752303336430522, 4.738582574048088, 4.729831732592537, 4.733700650409587, 4.736369605203277, 4.730847701285649, 4.723555481549606, 4.726811973793993, 4.725462682038835, 4.725567271408526, 4.718240978648361, 4.715769647394569, 4.728123340791869, 4.718011652381675], "status": "OK"}