{"data": "data/ptb", "recepie_id": 2008076, "recepies_list_path": "data/new_recepies_fix.json", "cuda": true, "batch_size": 20, "model": "CustomRNN", "emsize": 400, "nhid": 600, "nlayers": 3, "dropout": 0.1, "dropouth": 0.25, "dropouti": 0.4, "dropoute": 0.0, "wdrop": 0.1, "tied": true, "bptt": 70, "lr": 0.001, "wdecay": 1.2e-06, "epochs": 50, "alpha": 2, "beta": 1, "log_interval": 200, "clip": 0.25, "eval_batch_size": 50, "recepie": "{\"node_0\": {\"op\": \"linear\", \"input\": [\"h_prev_0\", \"h_prev_1\", \"x\"]}, \"node_1\": {\"op\": \"activation_sigm\", \"input\": [\"node_0\"]}, \"node_2\": {\"op\": \"linear\", \"input\": [\"node_1\", \"x\"]}, \"node_3\": {\"op\": \"activation_leaky_relu\", \"input\": [\"node_2\"]}, \"node_8\": {\"op\": \"linear\", \"input\": [\"node_3\", \"h_prev_0\"]}, \"h_new_0\": {\"op\": \"activation_tanh\", \"input\": [\"node_8\"]}, \"h_new_1\": {\"op\": \"linear\", \"input\": [\"node_1\", \"node_3\"]}}", "experiment_id": 999970474, "init_time": "2020-05-13_09-41-51", "num_params": 11856400, "wall_times": [209.64487075805664, 210.4585998058319, 207.80874705314636, 209.50998425483704, 211.20299816131592, 208.5265142917633, 210.15739750862122, 213.48462748527527, 207.85899257659912, 205.96107697486877, 204.95352697372437, 205.9472439289093, 207.1363606452942, 207.91581916809082, 206.69051218032837, 208.91114473342896, 208.34854531288147, 205.01954698562622, 203.70995688438416, 204.01102232933044, 206.78959226608276, 207.37394046783447, 204.89364552497864, 206.66106820106506, 206.2218840122223, 206.22205877304077, 203.36164259910583, 204.17512583732605, 204.53433990478516, 205.74373960494995, 205.448303937912, 203.925190448761, 204.88469195365906, 205.8445384502411, 208.0791187286377, 206.25546646118164, 204.72350549697876, 207.72904706001282, 204.48207020759583, 206.0190451145172, 204.33882808685303, 209.11052417755127, 206.0098705291748, 208.640154838562, 204.86072707176208, 205.53450965881348, 206.24000883102417, 207.9835810661316, 209.9305419921875, 208.77732634544373], "train_losses": [5.65092736404712, 5.289993730165134, 5.106952793018127, 4.984121601177989, 4.880779005970631, 4.80591289131838, 4.737046403501695, 4.687170539508364, 4.638367523263945, 4.596041515383788, 4.563661096094885, 4.525867691356033, 4.488355840863859, 4.470495216099188, 4.433169947824216, 4.416983100021516, 4.3879556976494, 4.364540890081222, 4.354587317115809, 4.3263054031520625, 4.323060805631758, 4.303620535474154, 4.288409042009574, 4.278793334140175, 4.260928927303534, 4.253348814614599, 4.234467870878382, 4.226787743397343, 4.212943679065139, 4.205044191409822, 4.197192609999462, 4.180844393792696, 4.177050135146039, 4.173132328815018, 4.163105215561293, 4.1549166095153565, 4.15310457681136, 4.142448378919908, 4.1284139502985315, 4.129071610591146, 4.117892226077134, 4.108340393201011, 4.11243049392179, 4.098830583346781, 4.098733510166209, 4.08970318299177, 4.087390235866818, 4.0812947965413375, 4.075677158974773, 4.072432561454467], "val_losses": [5.681733977754237, 5.372124933792373, 5.225524033368644, 5.133558990995763, 5.065038731461865, 5.016657507944915, 4.9740403204449155, 4.939253177966101, 4.9142611228813555, 4.885423728813559, 4.873695709745762, 4.85230766684322, 4.830692531779661, 4.825983845338983, 4.807931673728813, 4.7985560116525425, 4.7897891287076275, 4.781945842161017, 4.7684272378177965, 4.763671212923729, 4.762984639830509, 4.755137711864407, 4.749314751059322, 4.745607123940678, 4.736628045550847, 4.7410391287076274, 4.736024231991525, 4.731150357521186, 4.730957362288136, 4.7268130958686445, 4.723079316737288, 4.718812235169492, 4.719095272775424, 4.7224453787076275, 4.716663797669492, 4.713206435381356, 4.712600304555084, 4.713985368114407, 4.706202661546611, 4.708832759533898, 4.705139367055085, 4.708715572033898, 4.704705707097458, 4.70336235434322, 4.703502383474576, 4.698058792372882, 4.69986626059322, 4.6963529528601695, 4.696972325211864, 4.695067862817797], "test_losses": [5.638924311665655, 5.324847471366808, 5.183410051956917, 5.088290020100121, 5.019337478193265, 4.97136977112409, 4.926778256314472, 4.89738242140094, 4.867530007964199, 4.843788517331614, 4.82872024091702, 4.8101806640625, 4.791403464900637, 4.785736972845874, 4.769688874772451, 4.760096577764715, 4.749054843939624, 4.742326162393811, 4.732848232232251, 4.726641312386226, 4.725435127332372, 4.71919235673923, 4.71371815505537, 4.711640885732706, 4.700125388728762, 4.702829305408071, 4.698245446658829, 4.692310814718598, 4.690659606341019, 4.685228070009102, 4.68362545272679, 4.678743232801122, 4.677049951645935, 4.679435359621511, 4.675110159568416, 4.672364170111499, 4.670470598831917, 4.670089573536105, 4.665155799643507, 4.666133251005006, 4.660296690116808, 4.662637951304611, 4.662786391174909, 4.660930448365443, 4.662003896768811, 4.657044642179915, 4.659635673448878, 4.654425463630158, 4.652580187158677, 4.651464962264867], "status": "OK"}