{"data": "data/ptb", "recepie_id": 1009626, "recepies_list_path": "data/models_recepies.json", "cuda": true, "batch_size": 20, "model": "CustomRNN", "emsize": 400, "nhid": 600, "nlayers": 3, "dropout": 0.1, "dropouth": 0.25, "dropouti": 0.4, "dropoute": 0.0, "wdrop": 0.1, "tied": true, "bptt": 70, "lr": 0.001, "wdecay": 1.2e-06, "epochs": 50, "alpha": 2, "beta": 1, "log_interval": 200, "clip": 0.25, "eval_batch_size": 50, "recepie": "{\"node_0\": {\"op\": \"linear\", \"input\": [\"h_prev_0\", \"h_prev_1\"]}, \"node_1\": {\"op\": \"activation_leaky_relu\", \"input\": [\"node_0\"]}, \"node_9\": {\"op\": \"linear\", \"input\": [\"x\", \"node_1\"]}, \"node_10\": {\"op\": \"activation_leaky_relu\", \"input\": [\"node_9\"]}, \"node_14\": {\"op\": \"linear\", \"input\": [\"node_10\", \"h_prev_1\", \"h_prev_0\"]}, \"h_new_0\": {\"op\": \"linear\", \"input\": [\"x\", \"node_10\"]}, \"h_new_1\": {\"op\": \"activation_tanh\", \"input\": [\"node_14\"]}}", "experiment_id": 999982848, "init_time": "2020-04-14_08-22-47", "num_params": 11856400, "wall_times": [205.07548832893372, 204.41785430908203, 201.40568852424622, 201.32279634475708, 201.25698709487915, 201.4784917831421, 201.470685005188, 201.43914270401, 201.51051092147827, 201.59978079795837, 201.31346344947815, 201.19036650657654, 201.3602066040039, 201.38386273384094, 201.38251042366028, 201.51951622962952, 201.39059448242188, 201.47453141212463, 201.40574026107788, 201.33464002609253, 201.33674025535583, 201.43683576583862, 201.370591878891, 201.54537415504456, 201.52564907073975, 201.38751220703125, 201.33248019218445, 201.4993085861206, 201.42678713798523, 201.3354434967041, 201.31678438186646, 201.44552779197693, 201.4964427947998, 201.41806411743164, 201.5208842754364, 201.75173950195312, 201.52354955673218, 201.4512176513672, 201.36161041259766, 201.34937238693237, 201.31304264068604, 201.49396538734436, 201.55518341064453, 201.3901355266571, 201.52879977226257, 201.59914875030518, 201.40691113471985, 201.5089304447174, 201.50825786590576, 201.48179292678833], "train_losses": [5.5469888823893285, 5.288592682615244, 5.151208918293798, 5.042436108197515, 4.989424486310581, 4.923042819778387, 4.8710683260717555, 4.832052891856274, 4.814343549970416, 4.775444519525577, 4.755982817626808, 4.73832054152547, 4.710200836426227, 4.71302898579958, 4.681897490721317, 4.679639173524824, 4.658628923269323, 4.648974554219784, 4.627785706121242, 4.621354923081061, 4.614126122855145, 4.607507496907106, 4.591451760932709, 4.588606382120381, 4.576655454924426, 4.586975888870959, 4.565653827793018, 4.556892868188909, 4.546150102872358, 4.536278895029853, 4.531540799311495, 4.533411244015921, 4.523787972002582, 4.522130584019149, 4.519383959308268, 4.520437896697326, 4.512632960841267, 4.496586890161907, 4.490175437711796, 4.491381078209886, 4.486281164273035, 4.4772386504222474, 4.469361855198752, 4.4616136504222474, 4.471944590124254, 4.455725384594697, 4.457174338389543, 4.4591036153246195, 4.473905804555968, 4.449508078505729], "val_losses": [5.584467028601695, 5.373257415254237, 5.268947960805085, 5.190840174788136, 5.158630164194915, 5.113912870762712, 5.078943657309322, 5.056172537076272, 5.053346133474577, 5.024907971398305, 5.018276284427966, 5.010585606461865, 4.9937576138771185, 5.003306077860169, 4.979880495233051, 4.984326337394068, 4.972005429025423, 4.971098053495763, 4.950260858050847, 4.95543200476695, 4.950212857521186, 4.947403998940678, 4.939734176377119, 4.941996490995763, 4.933773172669492, 4.951762447033898, 4.932869107521187, 4.924465042372882, 4.915151615466102, 4.921677039194916, 4.9075185381355935, 4.913505362817797, 4.907342094809322, 4.908933395127119, 4.911626721398305, 4.911732984639831, 4.903186904131356, 4.891683328919491, 4.88721530720339, 4.894300185381356, 4.893558659957627, 4.891066604872881, 4.883589446504237, 4.8743154131355935, 4.884580905720339, 4.882287473516949, 4.880097325211865, 4.879692465572034, 4.9005011917372885, 4.880102952860169], "test_losses": [5.546675895024272, 5.331935845532463, 5.222630176729369, 5.141928663531553, 5.108730871700546, 5.066468470304915, 5.032867135353459, 5.009736588857706, 5.004175278746966, 4.980674373293386, 4.976582054952973, 4.966042527874697, 4.945963442904278, 4.954788652438562, 4.936923425174454, 4.935345992301274, 4.926239309959041, 4.923540726448726, 4.906993680787318, 4.908290826001213, 4.905911343768962, 4.90121104416338, 4.893018407729065, 4.895173600576456, 4.88582781449105, 4.899933453902458, 4.885448863205401, 4.877301558707524, 4.867871330779733, 4.872860214085255, 4.860414079092081, 4.870531693245601, 4.866540408828883, 4.86560769682949, 4.86560295623483, 4.866200271162015, 4.857812085197967, 4.850499125360285, 4.8448732246473, 4.847627510144872, 4.848282008495145, 4.844351166660346, 4.83755374649196, 4.829729987579642, 4.835037379588895, 4.832863224362864, 4.831478674434921, 4.833239805351183, 4.850074249563865, 4.833482464540352], "status": "OK"}