{"data": "data/ptb", "recepie_id": 1012009, "recepies_list_path": "data/models_recepies.json", "cuda": true, "batch_size": 20, "model": "CustomRNN", "emsize": 400, "nhid": 600, "nlayers": 3, "dropout": 0.1, "dropouth": 0.25, "dropouti": 0.4, "dropoute": 0.0, "wdrop": 0.1, "tied": true, "bptt": 70, "lr": 0.001, "wdecay": 1.2e-06, "epochs": 50, "alpha": 2, "beta": 1, "log_interval": 200, "clip": 0.25, "eval_batch_size": 50, "recepie": "{\"node_1\": {\"op\": \"linear\", \"input\": [\"h_prev_1\", \"h_prev_2\"]}, \"node_2\": {\"op\": \"activation_sigm\", \"input\": [\"node_1\"]}, \"node_3\": {\"op\": \"linear\", \"input\": [\"node_2\", \"h_prev_0\"]}, \"node_4\": {\"op\": \"activation_leaky_relu\", \"input\": [\"node_3\"]}, \"node_5\": {\"op\": \"linear\", \"input\": [\"x\", \"node_4\"]}, \"node_6\": {\"op\": \"activation_sigm\", \"input\": [\"node_5\"]}, \"node_7\": {\"op\": \"linear\", \"input\": [\"node_6\", \"node_2\"]}, \"node_8\": {\"op\": \"activation_leaky_relu\", \"input\": [\"node_7\"]}, \"node_9\": {\"op\": \"linear\", \"input\": [\"node_6\", \"node_8\"]}, \"node_13\": {\"op\": \"linear\", \"input\": [\"h_new_0\", \"node_6\"]}, \"node_14\": {\"op\": \"activation_sigm\", \"input\": [\"node_13\"]}, \"h_new_0\": {\"op\": \"activation_tanh\", \"input\": [\"node_9\"]}, \"h_new_1\": {\"op\": \"linear\", \"input\": [\"node_8\", \"x\"]}, \"h_new_2\": {\"op\": \"linear\", \"input\": [\"node_14\", \"h_new_0\"]}}", "experiment_id": 999992707, "init_time": "2020-04-24_23-56-46", "num_params": 18022800, "wall_times": [391.51606154441833, 391.04425168037415, 381.3442506790161, 383.63174772262573, 382.2606406211853, 381.97580790519714, 384.56990694999695, 356.61554431915283, 384.68525409698486, 385.0004482269287, 387.66916966438293, 393.2677800655365, 392.51459217071533, 391.5821771621704, 387.9595708847046, 386.3306791782379, 361.48640871047974, 364.2647805213928, 360.8048632144928, 367.95188760757446, 367.2143130302429, 360.22443675994873, 357.4510531425476, 365.1329257488251, 357.9423987865448, 358.64245104789734, 343.14977860450745, 361.0351846218109, 365.26642394065857, 364.1173269748688, 358.26337909698486, 360.34490394592285, 363.45150876045227, 359.6421060562134, 360.17809081077576, 346.3081166744232, 354.83046793937683, 361.7273600101471, 367.04762172698975, 362.8762152194977, 365.7857918739319, 366.3999011516571, 364.353462934494, 368.25680565834045, 362.3889241218567, 340.9749279022217, 361.86672377586365, 363.5405821800232, 361.37201619148254, 365.45332169532776], "train_losses": [5.928869731993975, 5.634366091119359, 5.4680494762250555, 5.349401676214297, 5.240103998574579, 5.161773505997526, 5.088908107417567, 5.029460239497606, 4.984906170996719, 4.939315394545748, 4.9010908336022805, 4.873703589774622, 4.842150603786779, 4.811834355333226, 4.781674012290893, 4.762757769216288, 4.7389042412995535, 4.717467877602066, 4.70224713907267, 4.680860362541014, 4.664799163573773, 4.644159136141144, 4.628214761174762, 4.609713285326233, 4.593815976144371, 4.583633377709645, 4.567318779920392, 4.5555683025388625, 4.542678581033834, 4.53570654147168, 4.5202878745091715, 4.512592198510032, 4.500570672637298, 4.494057524474208, 4.484948194018611, 4.473350260206551, 4.465598273358077, 4.461016503281158, 4.449302165698456, 4.442091015141735, 4.431849164246141, 4.42730311373783, 4.420323930261954, 4.413548138212038, 4.403388652439352, 4.402148973293529, 4.390044662067667, 4.382381764025604, 4.3767620253079444, 4.3723832264267655], "val_losses": [5.946284427966102, 5.678313029661017, 5.538310712394067, 5.4391786943855935, 5.3494031382415255, 5.288687433792373, 5.2344779528601695, 5.192051443326271, 5.1607521186440675, 5.132480799788135, 5.111757481461864, 5.091699880826271, 5.074269729872881, 5.058481528072034, 5.043935712394068, 5.029205839512712, 5.020278403072034, 5.005977555614407, 5.001100039724577, 4.98905124470339, 4.983610301906779, 4.970889168432203, 4.963746689618644, 4.95414890095339, 4.948451072563559, 4.941658832097458, 4.935915651483051, 4.9300652145127115, 4.924392876059322, 4.922450675317797, 4.914866591631356, 4.912794292902542, 4.908038930084746, 4.9068144200211865, 4.905411811440678, 4.896044425317797, 4.895908037605932, 4.887197762182203, 4.887352356991525, 4.886506223516949, 4.885929555084746, 4.882056077860169, 4.878838718220339, 4.877931342690678, 4.873244504766949, 4.871888903601695, 4.867785023834746, 4.864841763771186, 4.863036943855932, 4.860828919491525], "test_losses": [5.895818321450243, 5.627759618666565, 5.487388833055219, 5.387521688220571, 5.296868481682342, 5.239637652647148, 5.180320961961469, 5.13653090393659, 5.104774252882281, 5.074848063941141, 5.054592095532463, 5.035267061400182, 5.014753915731189, 4.997485707107099, 4.980669040124393, 4.968566301956917, 4.95863801530264, 4.942733320217688, 4.937662661654278, 4.92524704423923, 4.92081992140094, 4.90987803635088, 4.90267114731872, 4.890716552734375, 4.885671078580097, 4.878525224704187, 4.872141421419903, 4.868114878830401, 4.861143241808253, 4.859912168632433, 4.852767203618022, 4.849010578636984, 4.844817226372876, 4.844505532273969, 4.841075712037318, 4.83529307541338, 4.835669063827367, 4.828883495145631, 4.825805071488167, 4.825362122174606, 4.823678322208738, 4.820020657141232, 4.817566214255916, 4.814492827480279, 4.811114857497724, 4.809168547102549, 4.805173114665504, 4.801035168101486, 4.801647593674151, 4.799858019189927], "status": "OK"}