{"data": "data/ptb", "recepie_id": 2008618, "recepies_list_path": "data/new_recepies_fix.json", "cuda": true, "batch_size": 20, "model": "CustomRNN", "emsize": 400, "nhid": 600, "nlayers": 3, "dropout": 0.1, "dropouth": 0.25, "dropouti": 0.4, "dropoute": 0.0, "wdrop": 0.1, "tied": true, "bptt": 70, "lr": 0.001, "wdecay": 1.2e-06, "epochs": 50, "alpha": 2, "beta": 1, "log_interval": 200, "clip": 0.25, "eval_batch_size": 50, "recepie": "{\"node_5\": {\"op\": \"linear\", \"input\": [\"h_prev_0\", \"x\"]}, \"node_6\": {\"op\": \"activation_leaky_relu\", \"input\": [\"node_5\"]}, \"node_7\": {\"op\": \"linear\", \"input\": [\"node_6\", \"h_prev_1\"]}, \"node_8\": {\"op\": \"activation_sigm\", \"input\": [\"node_7\"]}, \"node_11\": {\"op\": \"linear\", \"input\": [\"node_8\", \"x\"]}, \"node_12\": {\"op\": \"activation_leaky_relu\", \"input\": [\"node_11\"]}, \"node_21\": {\"op\": \"linear\", \"input\": [\"h_prev_0\", \"x\"]}, \"h_new_0\": {\"op\": \"activation_tanh\", \"input\": [\"node_21\"]}, \"h_new_1\": {\"op\": \"linear\", \"input\": [\"x\", \"node_12\"]}}", "experiment_id": 999911588, "init_time": "2020-05-13_05-35-19", "num_params": 12658000, "wall_times": [173.6159634590149, 170.17587065696716, 165.6157042980194, 165.26721000671387, 165.63422083854675, 164.5305414199829, 165.92673110961914, 164.8321475982666, 164.19049668312073, 162.91061997413635, 164.8836178779602, 166.62151312828064, 164.77684497833252, 166.27362895011902, 164.57878732681274, 163.56175112724304, 164.79653978347778, 164.8446283340454, 167.38252806663513, 165.92560195922852, 166.19614481925964, 162.52766489982605, 163.26708912849426, 164.37747740745544, 163.34166169166565, 165.84944486618042, 163.08390736579895, 164.70165419578552, 165.18357515335083, 164.0950527191162, 163.30403208732605, 163.8134207725525, 164.8455104827881, 165.8802571296692, 163.8395619392395, 163.16813707351685, 164.91629719734192, 164.2163324356079, 165.29463958740234, 167.01164054870605, 164.72578692436218, 163.52339625358582, 164.17129778862, 163.5610327720642, 163.74754285812378, 164.42491388320923, 165.07969665527344, 162.72499465942383, 164.33832931518555, 161.87264275550842], "train_losses": [5.5030189338927435, 5.277479274245603, 5.120674150126405, 5.029037908127589, 4.947247660158141, 4.892612268705287, 4.844298820665913, 4.790733335350438, 4.760738983244581, 4.723715860497014, 4.68826902130063, 4.665184094454306, 4.645769458340057, 4.616036489430369, 4.598559114625356, 4.583825002689474, 4.5771723380937015, 4.558880136894196, 4.542550831047281, 4.537129861223172, 4.516984444758216, 4.510401118148566, 4.49549681297402, 4.48484733876607, 4.478733829541176, 4.471898364800172, 4.4611425723468345, 4.4515747707223925, 4.4504888958366955, 4.437381495078264, 4.429426537034049, 4.427030804555968, 4.421218180167823, 4.415106351863805, 4.411733163896509, 4.398395056747889, 4.401167315502125, 4.40021675474692, 4.381151329944597, 4.37835974060029, 4.369324790893443, 4.368534337851648, 4.366974863509225, 4.355287000430316, 4.362950738932817, 4.363091516056156, 4.348107367140014, 4.347245474961003, 4.341940488677317, 4.340024659109247], "val_losses": [5.549000595868644, 5.37483249470339, 5.255516750529661, 5.188921477754238, 5.139762314618644, 5.10895656779661, 5.087628111758475, 5.058311043432203, 5.045376059322034, 5.029721927966102, 5.013374271716102, 5.005467425847457, 4.997068657309322, 4.989097921080509, 4.984295219809322, 4.978563294491526, 4.9854154528601695, 4.982583090572034, 4.972523834745763, 4.980099642478813, 4.968086268538135, 4.969401483050848, 4.962543034957627, 4.963936374470339, 4.961644597457627, 4.960930879237288, 4.956359242584746, 4.957753575211864, 4.960429356461864, 4.95287639036017, 4.955329713983051, 4.95439453125, 4.957366922669491, 4.953267346398305, 4.9600685248940675, 4.947238810911017, 4.952949880826271, 4.955801443326271, 4.943741393008475, 4.945060911016949, 4.943123675847458, 4.948467293432204, 4.947934653072034, 4.939410090042373, 4.9505998411016945, 4.9543124337923725, 4.945244306144068, 4.9442230534957625, 4.9443409030720336, 4.948684123411017], "test_losses": [5.513181816027003, 5.337113167475728, 5.21703864532767, 5.154081770517294, 5.103023788304005, 5.072264439851335, 5.050835766838592, 5.022092948839503, 5.009968877996056, 4.992196388614988, 4.97723625701608, 4.969942852131371, 4.963343944364381, 4.95308144578656, 4.945418867092688, 4.944358751611802, 4.947269180445995, 4.947664427525789, 4.936365220153216, 4.942705172936893, 4.932101647830704, 4.933752856208283, 4.927453494766383, 4.927662377218598, 4.928296431754399, 4.926887586278823, 4.920775478326001, 4.920277123312348, 4.92300059494463, 4.919264710065231, 4.919296116504855, 4.92217780548392, 4.922069364381068, 4.916705381523058, 4.920666740935983, 4.90961404448574, 4.914753145384557, 4.917893493059769, 4.906099782406705, 4.909153317942203, 4.904760268128034, 4.91107888823574, 4.912246852245145, 4.904447388880461, 4.913893912602397, 4.918561028045358, 4.906975014695844, 4.905881122478004, 4.907618254133799, 4.91032187452594], "status": "OK"}