{"data": "data/ptb", "recepie_id": 2002931, "recepies_list_path": "data/new_recepies_fix.json", "cuda": true, "batch_size": 20, "model": "CustomRNN", "emsize": 400, "nhid": 600, "nlayers": 3, "dropout": 0.1, "dropouth": 0.25, "dropouti": 0.4, "dropoute": 0.0, "wdrop": 0.1, "tied": true, "bptt": 70, "lr": 0.001, "wdecay": 1.2e-06, "epochs": 50, "alpha": 2, "beta": 1, "log_interval": 200, "clip": 0.25, "eval_batch_size": 50, "recepie": "{\"node_2\": {\"op\": \"linear\", \"input\": [\"h_prev_1\", \"x\"]}, \"node_3\": {\"op\": \"activation_leaky_relu\", \"input\": [\"node_2\"]}, \"node_5\": {\"op\": \"linear\", \"input\": [\"node_3\", \"h_prev_0\", \"h_prev_1\"]}, \"node_6\": {\"op\": \"activation_leaky_relu\", \"input\": [\"node_5\"]}, \"node_7\": {\"op\": \"linear\", \"input\": [\"node_3\", \"x\"]}, \"node_8\": {\"op\": \"activation_sigm\", \"input\": [\"node_7\"]}, \"node_9\": {\"op\": \"linear\", \"input\": [\"node_3\", \"node_8\"]}, \"node_14\": {\"op\": \"linear\", \"input\": [\"node_8\", \"node_6\"]}, \"h_new_0\": {\"op\": \"activation_tanh\", \"input\": [\"node_14\"]}, \"h_new_1\": {\"op\": \"activation_tanh\", \"input\": [\"node_9\"]}}", "experiment_id": 999940477, "init_time": "2020-05-09_16-14-55", "num_params": 13618000, "wall_times": [262.5901918411255, 260.1271982192993, 261.5246431827545, 261.1719756126404, 265.7282145023346, 259.1524724960327, 258.010703086853, 260.0775189399719, 259.8160710334778, 256.7081060409546, 260.137647151947, 262.2790789604187, 258.3201768398285, 259.1661467552185, 261.61407828330994, 259.19126200675964, 264.7053737640381, 263.77718448638916, 262.0580449104309, 265.59749841690063, 261.87011218070984, 265.40692138671875, 263.9582335948944, 264.834365606308, 263.77952909469604, 262.57753682136536, 266.57421612739563, 261.28998923301697, 263.13402795791626, 263.3906338214874, 264.3948450088501, 259.7650685310364, 257.0873236656189, 259.57844972610474, 260.8115203380585, 261.65336203575134, 260.14974427223206, 259.15972423553467, 259.9727318286896, 262.07101798057556, 264.12944626808167, 262.74905586242676, 258.89692735671997, 262.0600366592407, 260.67238116264343, 260.51340913772583, 263.9098656177521, 261.57814145088196, 261.89215302467346, 261.4035634994507], "train_losses": [5.801445844091227, 5.494807635414986, 5.313914915147114, 5.184634029906944, 5.08435701414663, 5.001589310687967, 4.9369940428164165, 4.8834197326663435, 4.833487557823678, 4.792214646872142, 4.755651255984079, 4.722904816174493, 4.687977801758915, 4.660514496261632, 4.63506031144102, 4.609516617583777, 4.587252820585229, 4.572499378059276, 4.5528141136840405, 4.533310808993599, 4.51788037558496, 4.495682974961003, 4.481611145850143, 4.46292350801463, 4.45152896562853, 4.437689103598515, 4.421616978645581, 4.408067915927061, 4.398888407024905, 4.383389055860363, 4.371013275913076, 4.360352035258996, 4.352763097735464, 4.345021196412242, 4.336403115082567, 4.324541276693023, 4.313903148700985, 4.307052975902319, 4.297416676752192, 4.28826658396536, 4.283302824619439, 4.277133424775429, 4.266478067344414, 4.2627741581948255, 4.25528775684471, 4.248383794578022, 4.238464260260341, 4.22995333763649, 4.229486882093486, 4.2212827275294496], "val_losses": [5.81991061970339, 5.550315810381356, 5.3965681276483055, 5.292584414724576, 5.217804555084745, 5.16001953125, 5.113601694915254, 5.080662738347457, 5.047454316737288, 5.026407574152542, 5.003075675317796, 4.983651019597458, 4.971324814618644, 4.951916710805085, 4.936288731461865, 4.924252184851695, 4.916692597987288, 4.909210143008474, 4.902518207097458, 4.892018670550847, 4.884083024364407, 4.878125, 4.8742151085805085, 4.861251655190678, 4.857266287076271, 4.855376059322034, 4.846185778601695, 4.840810050317796, 4.833733117055084, 4.834361096398305, 4.8317369570974575, 4.823440148305084, 4.821197364936441, 4.817328522245763, 4.809925185381356, 4.809764962923729, 4.8095385328389835, 4.803419623940678, 4.801733646716102, 4.803038268008475, 4.7995838850635595, 4.796160950741525, 4.793841035487288, 4.795015558792373, 4.794938757944915, 4.789793101165254, 4.787793630826271, 4.792046477754237, 4.785203919491526, 4.78349311440678], "test_losses": [5.771452968560376, 5.500193179232403, 5.346742500379247, 5.244371728989685, 5.165623933366201, 5.101495539100425, 5.057764145934466, 5.025893128033981, 4.991217455817658, 4.967450188201608, 4.943860692885315, 4.921966256447209, 4.90782980317051, 4.889817913759102, 4.874410092251972, 4.861092576702822, 4.854321229805067, 4.848318155529429, 4.837345160326912, 4.828722018640018, 4.822230070540049, 4.815364504323422, 4.812279562348301, 4.799598471632281, 4.796782558404126, 4.791565237693416, 4.784139392445389, 4.777429969565382, 4.773730231720267, 4.774022074579035, 4.768496318928246, 4.762364952309618, 4.761375945748635, 4.755659084875607, 4.752245856720267, 4.750223400523361, 4.751272849666262, 4.744024184143659, 4.74229445966702, 4.742827776566292, 4.739891274461469, 4.735376450621966, 4.733017708491353, 4.734942389923392, 4.735197196886378, 4.728330741808253, 4.725756598907767, 4.729280934750455, 4.723733846423696, 4.722263669504703], "status": "OK"}