{"data": "data/ptb", "recepie_id": 2001845, "recepies_list_path": "data/new_recepies_fix.json", "cuda": true, "batch_size": 20, "model": "CustomRNN", "emsize": 400, "nhid": 600, "nlayers": 3, "dropout": 0.1, "dropouth": 0.25, "dropouti": 0.4, "dropoute": 0.0, "wdrop": 0.1, "tied": true, "bptt": 70, "lr": 0.001, "wdecay": 1.2e-06, "epochs": 50, "alpha": 2, "beta": 1, "log_interval": 200, "clip": 0.25, "eval_batch_size": 50, "recepie": "{\"node_1\": {\"op\": \"linear\", \"input\": [\"h_prev_2\", \"x\"]}, \"node_3\": {\"op\": \"linear\", \"input\": [\"h_prev_0\", \"h_prev_1\"]}, \"node_5\": {\"op\": \"linear\", \"input\": [\"h_prev_1\", \"h_new_1\"]}, \"node_6\": {\"op\": \"activation_leaky_relu\", \"input\": [\"node_5\"]}, \"node_7\": {\"op\": \"linear\", \"input\": [\"h_prev_0\", \"node_6\"]}, \"h_new_0\": {\"op\": \"activation_leaky_relu\", \"input\": [\"node_7\"]}, \"h_new_1\": {\"op\": \"activation_tanh\", \"input\": [\"node_3\"]}, \"h_new_2\": {\"op\": \"activation_tanh\", \"input\": [\"node_1\"]}}", "experiment_id": 999940798, "init_time": "2020-05-13_02-45-40", "num_params": 11016400, "wall_times": [119.04099082946777, 118.2534966468811, 120.95604729652405, 117.9849271774292, 116.07844662666321, 115.39138889312744, 115.49438619613647, 115.30562043190002, 115.36662578582764, 115.44779014587402, 115.27805495262146, 115.56065702438354, 115.44000792503357, 115.31917357444763, 115.43930053710938, 115.51739764213562, 115.5268886089325, 116.69356560707092, 115.64799189567566, 115.67837977409363, 115.44429326057434, 115.70300221443176, 115.57794618606567, 115.6594774723053, 115.62435340881348, 115.65234804153442, 115.60903763771057, 115.55307722091675, 115.61992478370667, 115.649738073349, 115.63116359710693, 115.56626677513123, 115.65491223335266, 115.6021339893341, 115.57953071594238, 115.66593027114868, 115.49285697937012, 115.7003288269043, 115.62112998962402, 115.54925417900085, 115.66186094284058, 115.56073379516602, 115.76328182220459, 115.5689971446991, 115.88508343696594, 115.7119312286377, 115.65106654167175, 115.7522521018982, 115.81216788291931, 115.72453117370605], "train_losses": [6.542943746301974, 6.542290708541768, 6.543305144290248, 6.542081854122963, 6.544857894949169, 6.5456458266096496, 6.5444435479533105, 6.5468825641439405, 6.548049123231671, 6.549221145312248, 6.551313471572266, 6.557521532596418, 6.558193060486257, 6.559610917244903, 6.5571513097735465, 6.55773122747566, 6.558675905007799, 6.557571960222688, 6.558516637754828, 6.55962394438169, 6.559457533214997, 6.5593209583938465, 6.5566844340003225, 6.555103527916734, 6.552997334059492, 6.555178328895702, 6.5552035427088375, 6.555493921790114, 6.555197659485772, 6.555579228524555, 6.5569832176859775, 6.556796635468775, 6.555162780377602, 6.555074532031628, 6.5537987130869775, 6.553878136598354, 6.552967917944167, 6.551620659862299, 6.551294140982196, 6.552564496934, 6.554452171077403, 6.554675313323651, 6.556122165967404, 6.555029147167985, 6.557605998870422, 6.556165449679953, 6.5557019357484805, 6.558353588429886, 6.559109582593728, 6.557693406755957], "val_losses": [6.53591498940678, 6.535655455508475, 6.536229475635594, 6.535010593220339, 6.538682468220339, 6.539805349576271, 6.539182997881356, 6.541663797669491, 6.542761520127119, 6.543782441737288, 6.5446987552966105, 6.552029263771186, 6.552947563559322, 6.554603416313559, 6.552283501059322, 6.552796610169492, 6.553840042372881, 6.553293167372881, 6.553235566737288, 6.555228416313559, 6.555505826271187, 6.555157574152543, 6.552311308262712, 6.550865333686441, 6.548362685381356, 6.55119968220339, 6.551069253177966, 6.550871292372881, 6.55064684851695, 6.550575344279661, 6.552381488347458, 6.551873675847458, 6.550760063559322, 6.551096398305085, 6.549630561440678, 6.5499986758474575, 6.548238877118644, 6.547408633474577, 6.54662407309322, 6.5476171875, 6.5499443855932205, 6.550360169491525, 6.551494968220339, 6.550259533898305, 6.552947563559322, 6.552083554025423, 6.551433395127119, 6.55444782838983, 6.555629634533898, 6.553920153601695], "test_losses": [6.468098760808556, 6.469891298164442, 6.471476434503944, 6.468824071791565, 6.472709581689927, 6.473287934238471, 6.470740457182949, 6.472303075697815, 6.474209979899879, 6.475762524651092, 6.478013121966019, 6.484835430256371, 6.482766753261529, 6.484366111385012, 6.482166475462682, 6.482030775940534, 6.483727908828883, 6.483143630537015, 6.483056522110133, 6.484455590109223, 6.485324304080704, 6.485791845229065, 6.481810338288835, 6.480460453959345, 6.47900153595267, 6.481278799112561, 6.48193359375, 6.480916736195389, 6.481073768393507, 6.481194653557342, 6.483298885012136, 6.482004110095571, 6.481120581765777, 6.48247579926426, 6.480080021237864, 6.479716180597694, 6.478525698763653, 6.477553876858313, 6.476644867832221, 6.478719470570389, 6.47992654448574, 6.480775703504247, 6.480890070350425, 6.480195573232706, 6.481402647148058, 6.481267540200243, 6.480869922823119, 6.483099780036408, 6.483645540996663, 6.482859787431735], "status": "OK"}