{"data": "data/ptb", "recepie_id": 2003120, "recepies_list_path": "data/new_recepies_fix.json", "cuda": true, "batch_size": 20, "model": "CustomRNN", "emsize": 400, "nhid": 600, "nlayers": 3, "dropout": 0.1, "dropouth": 0.25, "dropouti": 0.4, "dropoute": 0.0, "wdrop": 0.1, "tied": true, "bptt": 70, "lr": 0.001, "wdecay": 1.2e-06, "epochs": 50, "alpha": 2, "beta": 1, "log_interval": 200, "clip": 0.25, "eval_batch_size": 50, "recepie": "{\"node_2\": {\"op\": \"linear\", \"input\": [\"x\", \"h_prev_1\"]}, \"node_3\": {\"op\": \"activation_leaky_relu\", \"input\": [\"node_2\"]}, \"node_9\": {\"op\": \"linear\", \"input\": [\"node_3\", \"h_prev_0\"]}, \"node_15\": {\"op\": \"linear\", \"input\": [\"h_prev_1\", \"h_prev_0\"]}, \"h_new_0\": {\"op\": \"activation_tanh\", \"input\": [\"node_15\"]}, \"h_new_1\": {\"op\": \"activation_leaky_relu\", \"input\": [\"node_9\"]}}", "experiment_id": 999965570, "init_time": "2020-05-11_21-57-24", "num_params": 9254800, "wall_times": [139.7045817375183, 140.8869342803955, 139.6600260734558, 139.6115517616272, 139.60737872123718, 140.0720157623291, 140.2244610786438, 137.5409917831421, 137.68792986869812, 138.07611870765686, 139.7320523262024, 137.4439468383789, 138.3059539794922, 138.79910731315613, 139.28004240989685, 139.11946320533752, 138.1849308013916, 137.0198540687561, 136.7943766117096, 137.07231950759888, 136.9917528629303, 136.9790496826172, 137.04561233520508, 136.88794422149658, 137.09504866600037, 136.87650394439697, 136.86268639564514, 137.03980684280396, 136.9082052707672, 137.07787775993347, 136.95500111579895, 137.2464427947998, 136.95685243606567, 136.87702083587646, 137.02223825454712, 136.86406755447388, 136.98227405548096, 136.8102788925171, 136.93000149726868, 136.99799633026123, 136.82966876029968, 137.29233932495117, 136.8986737728119, 137.3333384990692, 137.40034556388855, 137.4082646369934, 137.3447539806366, 137.34756803512573, 139.9325258731842, 139.98620510101318], "train_losses": [6.474492025711366, 6.41197101420042, 6.384159337851648, 6.359568726130924, 6.332628607256199, 6.313345082970255, 6.304371907105589, 6.274625490828896, 6.24714327497176, 6.241305436770481, 6.208023623661987, 6.192316258539078, 6.17158209953741, 6.159574441261901, 6.151547203620031, 6.124141889892959, 6.108956450701952, 6.111081975149266, 6.0793369439513745, 6.090106183771717, 6.0486328230057556, 6.044463719003819, 6.0254100606476255, 6.0168419867140015, 6.0082516405787745, 5.993870942257006, 5.992266923511377, 5.985422213705556, 5.97127096108332, 5.965154930477112, 5.95590734427949, 5.955401387095907, 5.944461113576462, 5.938900207089452, 5.9314272531063414, 5.918968267575709, 5.909064702006347, 5.905999963019741, 5.908672627212092, 5.898259322387177, 5.900573950433005, 5.88080295909311, 5.8876556532730895, 5.87455497619816, 5.8718827322360285, 5.860955065623151, 5.862938972486687, 5.852840420095745, 5.857309988704212, 5.842832217201872], "val_losses": [6.482560911016949, 6.435554819915255, 6.4189036016949155, 6.40314155190678, 6.387670815677966, 6.375685911016949, 6.377218617584746, 6.358996954449153, 6.337501324152543, 6.340078125, 6.312905852754238, 6.310687897245763, 6.296035487288136, 6.294518008474577, 6.2933342161016945, 6.275188691737288, 6.264851032838983, 6.2850754766949155, 6.261635328389831, 6.270989804025424, 6.243179290254237, 6.246014962923729, 6.233708289194915, 6.240019200211864, 6.239586202330509, 6.229885460805085, 6.230702462923729, 6.235596530720339, 6.229359110169492, 6.228808924788136, 6.228870497881356, 6.228513638771187, 6.232529131355932, 6.229206832627119, 6.223008474576271, 6.223691075211865, 6.219874867584746, 6.2183501059322035, 6.225466763771187, 6.216031514830508, 6.222735699152542, 6.2224622616525425, 6.224431938559322, 6.22069716631356, 6.22326999470339, 6.217317266949152, 6.22111030190678, 6.218076006355933, 6.218751324152542, 6.217792637711864], "test_losses": [6.423129479861954, 6.384046832334648, 6.367412678246359, 6.358960197967233, 6.342769289479672, 6.335943425743325, 6.334509395858617, 6.316595281212075, 6.302304166034587, 6.300918134670813, 6.278682967991505, 6.275681578997269, 6.263100040769114, 6.264727842460558, 6.262560205552185, 6.245757167779126, 6.23974135315534, 6.258335743135619, 6.238834714426578, 6.244825048354065, 6.220252768507281, 6.220234991277306, 6.211759993173544, 6.218514747989988, 6.216914797292172, 6.207464421837075, 6.207086951987257, 6.212353160080401, 6.206505636567051, 6.209340512173847, 6.211626663948726, 6.208497871472997, 6.21271463042324, 6.208608682873179, 6.206453490025789, 6.206048761756675, 6.202356431090716, 6.200478563030947, 6.208377578883495, 6.197598059200546, 6.204391923922937, 6.200585818985133, 6.204126450621966, 6.201353795320085, 6.201731857744235, 6.202088587492415, 6.199656069857403, 6.197808423088592, 6.197731388425364, 6.197035706158981], "status": "OK"}