{"data": "data/ptb", "recepie_id": 1013342, "recepies_list_path": "data/models_recepies.json", "cuda": true, "batch_size": 20, "model": "CustomRNN", "emsize": 400, "nhid": 600, "nlayers": 3, "dropout": 0.1, "dropouth": 0.25, "dropouti": 0.4, "dropoute": 0.0, "wdrop": 0.1, "tied": true, "bptt": 70, "lr": 0.001, "wdecay": 1.2e-06, "epochs": 50, "alpha": 2, "beta": 1, "log_interval": 200, "clip": 0.25, "eval_batch_size": 50, "recepie": "{\"node_1\": {\"op\": \"linear\", \"input\": [\"h_prev_0\", \"h_prev_2\"]}, \"node_2\": {\"op\": \"activation_tanh\", \"input\": [\"node_1\"]}, \"node_4\": {\"op\": \"linear\", \"input\": [\"h_prev_0\", \"x\"]}, \"node_6\": {\"op\": \"linear\", \"input\": [\"h_prev_1\", \"node_2\"]}, \"node_13\": {\"op\": \"linear\", \"input\": [\"h_prev_1\", \"node_2\"]}, \"h_new_0\": {\"op\": \"activation_leaky_relu\", \"input\": [\"node_13\"]}, \"h_new_1\": {\"op\": \"activation_sigm\", \"input\": [\"node_6\"]}, \"h_new_2\": {\"op\": \"activation_sigm\", \"input\": [\"node_4\"]}}", "experiment_id": 999920126, "init_time": "2020-04-20_22-57-12", "num_params": 11016400, "wall_times": [202.32563424110413, 203.22371315956116, 202.86206030845642, 201.88898372650146, 199.27600002288818, 200.08862924575806, 202.66576671600342, 200.36233854293823, 200.41360902786255, 199.4010305404663, 199.40318250656128, 199.07874274253845, 200.1117286682129, 203.620135307312, 200.75760865211487, 201.7025110721588, 199.47051811218262, 199.58264088630676, 199.76778554916382, 198.1297047138214, 202.04773449897766, 201.0062596797943, 199.76657891273499, 199.2883381843567, 198.89448046684265, 200.0084834098816, 201.06715774536133, 199.33514046669006, 201.32726168632507, 199.64397859573364, 201.13050031661987, 200.55267643928528, 200.01018857955933, 198.8767330646515, 198.86812710762024, 202.1122329235077, 199.7124752998352, 200.93637776374817, 200.51891040802002, 200.63516330718994, 200.2182412147522, 203.0163037776947, 198.58635258674622, 198.11969113349915, 203.52375411987305, 198.9998300075531, 200.70405769348145, 200.97358512878418, 199.71762347221375, 200.8374719619751], "train_losses": [6.563421985100318, 6.562447050992415, 6.6248546003442526, 6.6074448826044865, 6.614028629444355, 6.637945612124146, 6.65169218304556, 6.604569667446614, 6.62928088524017, 6.651710252944973, 6.561199807702652, 6.5359645628260985, 6.527812516809209, 6.533500753052552, 6.496884413156904, 6.495486307218546, 6.486867805658652, 6.497853043811522, 6.484910373298908, 6.482707946721532, 6.475732965547846, 6.493172519633156, 6.484198083077834, 6.469907314022914, 6.494718966838793, 6.497858086574149, 6.481157297213706, 6.466878714835135, 6.463720264509709, 6.462715494056264, 6.466464788069496, 6.457565572723361, 6.443510132591038, 6.4522311703243505, 6.447735547442311, 6.45381165617772, 6.446746745737185, 6.437024299392179, 6.43450712038083, 6.440752161664246, 6.432826199505137, 6.4284461399333015, 6.426258841643806, 6.423551298343284, 6.4262142972406, 6.431241511349578, 6.415943030229681, 6.417305416599429, 6.417225993088054, 6.407305198079716], "val_losses": [6.559017478813559, 6.5590227754237285, 6.620342955508475, 6.60229939088983, 6.609572298728813, 6.633953257415254, 6.648873146186441, 6.6028125, 6.628217028601695, 6.650985831567796, 6.563497748940678, 6.545732256355932, 6.544242584745763, 6.555398569915254, 6.522722457627118, 6.523944650423728, 6.516300979872882, 6.530209878177966, 6.519088983050848, 6.520246292372882, 6.514381620762712, 6.533076668432203, 6.5240095338983055, 6.512283501059322, 6.533329581567797, 6.538091234110169, 6.524184984110169, 6.508491128177966, 6.507734375, 6.506960407838983, 6.509720603813559, 6.502922404661017, 6.49078125, 6.500762049788135, 6.497405985169491, 6.504890757415255, 6.498490466101695, 6.48909626588983, 6.487634401483051, 6.493634798728814, 6.487697298728814, 6.484958289194915, 6.482397378177966, 6.481555217161017, 6.484110831567796, 6.491012976694916, 6.476297007415254, 6.479783501059322, 6.479428628177966, 6.470865995762712], "test_losses": [6.494770531515473, 6.494765790920813, 6.562571108919903, 6.543619989191444, 6.550683475235133, 6.576152912621359, 6.591358369993932, 6.540456234830097, 6.566373658411711, 6.590236034208131, 6.503707145024272, 6.496760988698422, 6.495083410763046, 6.51141831481341, 6.47497084534284, 6.474999881485133, 6.468811627730583, 6.483951309352245, 6.472886761415352, 6.474841664138349, 6.466602510618932, 6.487394758798544, 6.476768715867719, 6.462401751175667, 6.490934205286711, 6.489237664972694, 6.476206362826153, 6.461972134784587, 6.460324185565837, 6.459375474059466, 6.466565178435983, 6.458666162583435, 6.443329153709041, 6.456887847011529, 6.453729425819175, 6.455297377503034, 6.454865983388956, 6.443198194781553, 6.441684167361954, 6.446421206576153, 6.439555640359527, 6.438871217005461, 6.434550164972694, 6.435127924946905, 6.437591256447209, 6.442948720987561, 6.430066747572815, 6.430939609564624, 6.428947374658677, 6.422875265473301], "status": "OK"}