{"data": "data/ptb", "recepie_id": 2008751, "recepies_list_path": "data/new_recepies_fix.json", "cuda": true, "batch_size": 20, "model": "CustomRNN", "emsize": 400, "nhid": 600, "nlayers": 3, "dropout": 0.1, "dropouth": 0.25, "dropouti": 0.4, "dropoute": 0.0, "wdrop": 0.1, "tied": true, "bptt": 70, "lr": 0.001, "wdecay": 1.2e-06, "epochs": 50, "alpha": 2, "beta": 1, "log_interval": 200, "clip": 0.25, "eval_batch_size": 50, "recepie": "{\"node_0\": {\"op\": \"linear\", \"input\": [\"x\", \"h_prev_1\"]}, \"node_1\": {\"op\": \"activation_sigm\", \"input\": [\"node_0\"]}, \"node_2\": {\"op\": \"linear\", \"input\": [\"x\", \"h_prev_0\"]}, \"node_3\": {\"op\": \"activation_tanh\", \"input\": [\"node_2\"]}, \"node_4\": {\"op\": \"linear\", \"input\": [\"h_prev_1\", \"node_3\"]}, \"node_5\": {\"op\": \"activation_sigm\", \"input\": [\"node_4\"]}, \"node_7\": {\"op\": \"linear\", \"input\": [\"node_1\", \"h_prev_1\"]}, \"node_8\": {\"op\": \"activation_tanh\", \"input\": [\"node_7\"]}, \"node_15\": {\"op\": \"linear\", \"input\": [\"x\", \"node_5\"]}, \"h_new_0\": {\"op\": \"activation_leaky_relu\", \"input\": [\"node_15\"]}, \"h_new_1\": {\"op\": \"linear\", \"input\": [\"node_1\", \"node_5\", \"node_8\"]}}", "experiment_id": 999981609, "init_time": "2020-05-12_00-04-39", "num_params": 15339600, "wall_times": [294.2334289550781, 287.25447154045105, 286.79854226112366, 286.6790065765381, 287.21395206451416, 286.83781242370605, 286.8066518306732, 286.7146825790405, 286.83133363723755, 287.1224009990692, 287.24260330200195, 286.6674294471741, 287.1048963069916, 287.1396687030792, 287.30974435806274, 286.74420404434204, 286.688472032547, 287.4290316104889, 287.4542489051819, 286.644118309021, 286.5568857192993, 286.8246681690216, 287.13427233695984, 287.34296679496765, 287.4432611465454, 285.07393288612366, 283.9239332675934, 284.2240378856659, 283.7644257545471, 283.7780513763428, 283.79764437675476, 283.8211200237274, 283.7946479320526, 283.7236518859863, 283.87686419487, 283.7890305519104, 283.6794021129608, 283.7372786998749, 283.8169252872467, 283.76769161224365, 283.82835936546326, 283.9129841327667, 283.96273827552795, 283.8942983150482, 283.6843225955963, 283.8248405456543, 283.74721360206604, 283.8702394962311, 283.59953355789185, 283.71163153648376], "train_losses": [5.693421884245065, 5.419410769996235, 5.294093496180948, 5.19081309504599, 5.112374183072454, 5.068984992738422, 5.016543203028347, 4.971965181404981, 4.9291147262116075, 4.903559686138454, 4.8681229324673225, 4.842882224597924, 4.823770574471519, 4.804892992577053, 4.790221074713571, 4.767586214431715, 4.74854054044968, 4.73660306062073, 4.724901750174816, 4.707429838362649, 4.703599019686945, 4.68043677048034, 4.676400879457802, 4.668603507745684, 4.654592612016567, 4.641438985934054, 4.637984693534506, 4.624885277150234, 4.615529271556129, 4.613104963423162, 4.602964388010328, 4.594909835404228, 4.588855998870422, 4.58940271838524, 4.577251341374859, 4.567805406513904, 4.5657782159378195, 4.557451774380076, 4.555901965332688, 4.552855296245495, 4.549940999677263, 4.543064772605024, 4.536752914716798, 4.531065939164112, 4.535029550588995, 4.527627615512882, 4.522813878355118, 4.523635428433113, 4.515331679307192, 4.51104743222527], "val_losses": [5.717116657838983, 5.483087261652543, 5.387613215042373, 5.313487486758475, 5.261736626059322, 5.231609176377119, 5.1960682600635595, 5.168449417372881, 5.145364141949153, 5.1289701403601695, 5.110243644067797, 5.09355766684322, 5.085215174788136, 5.075678959216102, 5.067219610699152, 5.055960341631356, 5.046764102224576, 5.0409739141949155, 5.0354260460805085, 5.028260063559322, 5.0256581038135595, 5.019980799788136, 5.017760527012712, 5.010068855932204, 5.00679389565678, 4.999087989936441, 5.001645259533898, 4.995859043961865, 4.993227621822034, 4.992798927436441, 4.988574880826271, 4.988753972457627, 4.985756422139831, 4.984174721927966, 4.981466829978814, 4.976532375529661, 4.980881223516949, 4.976476761122881, 4.97796047404661, 4.973314353813559, 4.972758209745763, 4.97306640625, 4.9721875, 4.973666909427966, 4.97501953125, 4.97067531779661, 4.973085606461864, 4.976514830508474, 4.968943326271186, 4.963477886652543], "test_losses": [5.670126313144721, 5.434457130802488, 5.342561888463289, 5.260140131978155, 5.204182745183556, 5.175178601903823, 5.139265634481189, 5.109506551501821, 5.081226534056432, 5.068249748748483, 5.043851093181129, 5.029345466095267, 5.019912867870145, 5.011229876175667, 5.002808802336165, 4.990588141876517, 4.981714341246966, 4.976150660838895, 4.971445620638653, 4.96259018981341, 4.961358820350425, 4.95059322616429, 4.949738437689624, 4.945935591910649, 4.938617298903974, 4.932970954376517, 4.932468747629703, 4.927046396199939, 4.922920004835406, 4.925564960368629, 4.9190673828125, 4.919168713023361, 4.916690567164745, 4.919692548733313, 4.911741090052336, 4.910133435888198, 4.91133339891156, 4.907522257091929, 4.908087869292324, 4.904885893886529, 4.905745422955856, 4.903338682304308, 4.901757101410801, 4.899207550345115, 4.905931195009102, 4.901789100424757, 4.902204791319023, 4.903229648627124, 4.899415543935831, 4.894595840602245], "status": "OK"}