{"data": "data/ptb", "recepie_id": 2007964, "recepies_list_path": "data/new_recepies_fix.json", "cuda": true, "batch_size": 20, "model": "CustomRNN", "emsize": 400, "nhid": 600, "nlayers": 3, "dropout": 0.1, "dropouth": 0.25, "dropouti": 0.4, "dropoute": 0.0, "wdrop": 0.1, "tied": true, "bptt": 70, "lr": 0.001, "wdecay": 1.2e-06, "epochs": 50, "alpha": 2, "beta": 1, "log_interval": 200, "clip": 0.25, "eval_batch_size": 50, "recepie": "{\"node_0\": {\"op\": \"linear\", \"input\": [\"h_prev_0\", \"h_prev_1\"]}, \"node_1\": {\"op\": \"activation_leaky_relu\", \"input\": [\"node_0\"]}, \"node_2\": {\"op\": \"linear\", \"input\": [\"h_prev_0\", \"node_1\"]}, \"node_3\": {\"op\": \"activation_leaky_relu\", \"input\": [\"node_2\"]}, \"node_6\": {\"op\": \"linear\", \"input\": [\"x\", \"node_1\"]}, \"node_7\": {\"op\": \"activation_sigm\", \"input\": [\"node_6\"]}, \"node_8\": {\"op\": \"linear\", \"input\": [\"x\", \"node_7\", \"node_1\"]}, \"h_new_0\": {\"op\": \"activation_sigm\", \"input\": [\"node_8\"]}, \"h_new_1\": {\"op\": \"elementwise_sum\", \"input\": [\"node_1\", \"node_3\"]}}", "experiment_id": 999925737, "init_time": "2020-05-16_10-18-28", "num_params": 11856400, "wall_times": [212.9855456352234, 213.10092306137085, 208.8608202934265, 209.48002815246582, 209.59789204597473, 209.2845494747162, 208.8517062664032, 208.44499468803406, 208.61751699447632, 208.92127776145935, 209.3295521736145, 209.33978748321533, 208.45341968536377, 208.6623215675354, 208.78285837173462, 208.48941731452942, 208.76179456710815, 208.8366060256958, 209.40096926689148, 208.9110939502716, 208.44566011428833, 208.4186406135559, 208.71499133110046, 209.92601466178894, 208.8252296447754, 209.74109625816345, 209.02965879440308, 208.46558117866516, 209.28284883499146, 209.22405576705933, 210.22517013549805, 214.08851099014282, 214.44573259353638, 214.16029691696167, 214.49268126487732, 214.4636926651001, 214.47179126739502, 214.43439507484436, 214.4526219367981, 214.5145218372345, 214.40799021720886, 214.41517543792725, 214.45965456962585, 214.47075390815735, 214.35493421554565, 214.74048852920532, 214.48174405097961, 214.56060934066772, 214.48324608802795, 214.3741419315338], "train_losses": [5.941324935452639, 5.704305846915174, 5.5709642770695496, 5.473299412350062, 5.394106607363778, 5.325846931983218, 5.267552175783981, 5.2215735268409444, 5.177687204157926, 5.1447865398579955, 5.118047291027917, 5.090715937819375, 5.058742721612608, 5.040474893765801, 5.013478043811522, 4.988217164891614, 4.964853205179926, 4.948536506239578, 4.9339158564628045, 4.914688643026196, 4.9032461943951375, 4.887427468264214, 4.869692492335001, 4.859604025469313, 4.847978776693023, 4.838787501344736, 4.822814970953687, 4.8160669140982195, 4.801391634392986, 4.798571889624012, 4.7876732188962405, 4.774016997471895, 4.768605272712603, 4.757538930127481, 4.7477933711204345, 4.734701098649884, 4.7312081450701955, 4.726485597869937, 4.7171258102038625, 4.712579339465333, 4.706270843418858, 4.698735275133129, 4.694875880802539, 4.689704107498252, 4.682701811360336, 4.677792261712657, 4.675802471626056, 4.673963964418267, 4.665978329568071, 4.663896088833306], "val_losses": [5.954786811440678, 5.742880693855932, 5.630067531779661, 5.552349708686441, 5.491543630826271, 5.437526483050847, 5.395799126059322, 5.366220868644068, 5.3384351827330505, 5.319216432733051, 5.299972854872881, 5.281418829449152, 5.262373543432203, 5.254261453919492, 5.234288268008474, 5.218245828919492, 5.206200344279661, 5.200095338983051, 5.190813360699153, 5.179232984639831, 5.175949748411017, 5.167122285487288, 5.161242717161017, 5.1559702727754235, 5.151090439618644, 5.146901483050847, 5.140325410487288, 5.1386248675847455, 5.131711467161017, 5.131706832627119, 5.130456832627119, 5.120768339512712, 5.1215303893008475, 5.114963585805085, 5.11182468220339, 5.106873344809322, 5.105491922669492, 5.107059719279661, 5.102494703389831, 5.101259600105932, 5.099681872351695, 5.0965913003177965, 5.094639499470339, 5.094259136652543, 5.094014168432204, 5.091489009533898, 5.090850436970339, 5.092416909427966, 5.089962592690678, 5.089543829449153], "test_losses": [5.899847234337075, 5.690756195957221, 5.575972770024272, 5.496249004475121, 5.43425802582676, 5.382572507395328, 5.341492884367415, 5.310630427980886, 5.281504806962985, 5.260243239912015, 5.240924724097391, 5.221964715753944, 5.200563301160497, 5.190901376668689, 5.174723504816444, 5.15856696564017, 5.145772100652306, 5.140824697550061, 5.131028258684769, 5.122245714502427, 5.118295614001821, 5.108820350424757, 5.101859972314927, 5.097528846518507, 5.092164271086165, 5.088685859754247, 5.081571412317961, 5.079556067013046, 5.071747715033374, 5.072589763159891, 5.070289982175364, 5.062485185641687, 5.062982355506675, 5.057353491922027, 5.054052260315534, 5.049025452252731, 5.048311400182039, 5.047382243628641, 5.044821137363471, 5.043486067392294, 5.039248568340413, 5.038059271655037, 5.036641833851639, 5.035442463402609, 5.034765743514867, 5.034257314737561, 5.034269758798544, 5.034654932114685, 5.030455950394417, 5.032153083282767], "status": "OK"}