{"data": "data/ptb", "recepie_id": 2007322, "recepies_list_path": "data/new_recepies_fix.json", "cuda": true, "batch_size": 20, "model": "CustomRNN", "emsize": 400, "nhid": 600, "nlayers": 3, "dropout": 0.1, "dropouth": 0.25, "dropouti": 0.4, "dropoute": 0.0, "wdrop": 0.1, "tied": true, "bptt": 70, "lr": 0.001, "wdecay": 1.2e-06, "epochs": 50, "alpha": 2, "beta": 1, "log_interval": 200, "clip": 0.25, "eval_batch_size": 50, "recepie": "{\"node_0\": {\"op\": \"blend\", \"input\": [\"h_prev_1\", \"h_prev_0\", \"h_prev_2\"]}, \"node_2\": {\"op\": \"blend\", \"input\": [\"h_prev_1\", \"h_prev_0\", \"h_prev_2\"]}, \"node_3\": {\"op\": \"linear\", \"input\": [\"h_prev_2\", \"h_prev_0\"]}, \"node_4\": {\"op\": \"activation_tanh\", \"input\": [\"node_3\"]}, \"node_6\": {\"op\": \"linear\", \"input\": [\"h_prev_2\", \"h_prev_0\"]}, \"node_7\": {\"op\": \"activation_sigm\", \"input\": [\"node_6\"]}, \"node_8\": {\"op\": \"elementwise_prod\", \"input\": [\"node_7\", \"node_0\"]}, \"node_10\": {\"op\": \"elementwise_prod\", \"input\": [\"node_8\", \"node_4\"]}, \"node_11\": {\"op\": \"linear\", \"input\": [\"h_prev_1\", \"x\"]}, \"node_21\": {\"op\": \"elementwise_prod\", \"input\": [\"node_10\", \"h_new_0\"]}, \"h_new_0\": {\"op\": \"blend\", \"input\": [\"node_4\", \"node_2\", \"node_8\"]}, \"h_new_1\": {\"op\": \"activation_leaky_relu\", \"input\": [\"node_11\"]}, \"h_new_2\": {\"op\": \"elementwise_prod\", \"input\": [\"node_21\", \"node_10\"]}}", "experiment_id": 999999136, "init_time": "2020-05-11_20-16-43", "num_params": 9254800, "wall_times": [263.7713108062744, 261.7750220298767, 254.82144403457642, 259.05093026161194, 259.72220516204834, 258.95217061042786, 256.9338364601135, 258.7711272239685, 255.38000988960266, 259.6407091617584, 258.69539046287537, 259.1617045402527, 257.28203892707825, 259.3798015117645, 257.145094871521, 260.94957089424133, 257.1445436477661, 257.4030544757843, 259.95314502716064, 257.5274796485901, 258.51055431365967, 255.6679835319519, 259.07901191711426, 255.44516348838806, 258.0304911136627, 257.3488070964813, 254.9412326812744, 257.6752996444702, 257.33758544921875, 257.87977838516235, 260.3947355747223, 257.48587346076965, 256.82944893836975, 257.6628601551056, 257.34027791023254, 260.08938908576965, 258.31142830848694, 259.31201434135437, 257.69298791885376, 260.0556175708771, 260.5287733078003, 259.9940733909607, 257.3404200077057, 256.8354380130768, 256.16641187667847, 261.35982728004456, 257.94561100006104, 258.5790238380432, 257.78388714790344, 257.2096812725067], "train_losses": [8.5806144438169, 8.05891375531171, 7.624920996718842, 7.276491313000914, 7.008048669383035, 6.812626909526115, 6.681863452073584, 6.604691534210102, 6.566440918993061, 6.5504784741272655, 6.543851023344629, 6.540333276182023, 6.538045542870206, 6.536425135146039, 6.53523042063364, 6.534318521058577, 6.533611693830348, 6.533051947178742, 6.532616588671938, 6.53226065367651, 6.531966492523264, 6.5317214983056315, 6.531520208030767, 6.531349594561885, 6.531206716287451, 6.531084009063525, 6.53098063242967, 6.5308919638534775, 6.530813380802539, 6.530743202355978, 6.530684370125329, 6.53063352226884, 6.530588557635415, 6.530548215534399, 6.53051627803776, 6.5304826596202465, 6.530458706497768, 6.5304305510731, 6.530402815878651, 6.530380123446829, 6.530363734468291, 6.530343143187564, 6.53032885536012, 6.530315828223334, 6.530300279705234, 6.530291875100855, 6.530274645661879, 6.5302700231294715, 6.530260357834436, 6.530254474611371], "val_losses": [8.572626456567797, 8.049347854872881, 7.613938029661017, 7.264549788135593, 6.995763373940678, 6.800510460805085, 6.670029131355932, 6.593074020127118, 6.554827860169492, 6.538753972457627, 6.531970338983051, 6.52835341631356, 6.525961334745762, 6.524331965042373, 6.523188559322034, 6.522330508474576, 6.5217319915254235, 6.521199020127119, 6.520816340042373, 6.520583289194915, 6.520375397245763, 6.520171477754237, 6.520001324152543, 6.519923199152543, 6.519800052966102, 6.519723914194915, 6.519644465042373, 6.5195583951271185, 6.519523967161017, 6.519448490466102, 6.519443855932203, 6.5194597457627115, 6.519436573093221, 6.51942531779661, 6.519388903601695, 6.519282309322034, 6.519333289194916, 6.519328654661017, 6.5193372616525425, 6.519328654661017, 6.519271054025424, 6.519287605932203, 6.519288930084746, 6.519334613347458, 6.519343220338983, 6.519315413135593, 6.519263109110169, 6.519272378177966, 6.519239936440678, 6.51925251588983], "test_losses": [8.564783781477548, 8.033798662204187, 7.591370221480583, 7.23559333282767, 6.960791134139867, 6.759955248786408, 6.624446535573422, 6.543180299036711, 6.501545433859223, 6.483135334496359, 6.474972623065837, 6.470502242301274, 6.467634182531857, 6.465558394645024, 6.464076366239381, 6.462896550743325, 6.461961468446602, 6.461178677753337, 6.460632916793083, 6.460173671685376, 6.459741092422633, 6.459333993856189, 6.459083927487864, 6.45880838042324, 6.458632978420813, 6.458477131371359, 6.458307062537925, 6.458206917475728, 6.458104402116201, 6.457970480317051, 6.457849002578883, 6.457723376820389, 6.457685452063107, 6.457618491163531, 6.457615528291869, 6.457484569364381, 6.457477458472391, 6.457408719849818, 6.4573974609375, 6.457353610436893, 6.457308574787621, 6.457283094091323, 6.457315685679611, 6.457286649537318, 6.457294945577973, 6.45726827973301, 6.457184726752124, 6.457170504968143, 6.457131987636529, 6.457152135163835], "status": "OK"}