{"data": "data/ptb", "recepie_id": 2005764, "recepies_list_path": "data/new_recepies_fix.json", "cuda": true, "batch_size": 20, "model": "CustomRNN", "emsize": 400, "nhid": 600, "nlayers": 3, "dropout": 0.1, "dropouth": 0.25, "dropouti": 0.4, "dropoute": 0.0, "wdrop": 0.1, "tied": true, "bptt": 70, "lr": 0.001, "wdecay": 1.2e-06, "epochs": 50, "alpha": 2, "beta": 1, "log_interval": 200, "clip": 0.25, "eval_batch_size": 50, "recepie": "{\"node_4\": {\"op\": \"linear\", \"input\": [\"x\", \"h_prev_0\"]}, \"node_5\": {\"op\": \"activation_sigm\", \"input\": [\"node_4\"]}, \"node_6\": {\"op\": \"linear\", \"input\": [\"node_5\", \"x\"]}, \"node_7\": {\"op\": \"activation_sigm\", \"input\": [\"node_6\"]}, \"node_12\": {\"op\": \"linear\", \"input\": [\"x\", \"node_5\"]}, \"node_13\": {\"op\": \"activation_tanh\", \"input\": [\"node_12\"]}, \"node_14\": {\"op\": \"linear\", \"input\": [\"node_5\", \"node_7\", \"node_13\"]}, \"h_new_0\": {\"op\": \"activation_sigm\", \"input\": [\"node_14\"]}}", "experiment_id": 999913931, "init_time": "2020-05-17_08-35-44", "num_params": 11816400, "wall_times": [207.97052216529846, 207.74982213974, 207.5266420841217, 207.69072580337524, 207.37173175811768, 206.43708086013794, 206.86389183998108, 207.7429256439209, 207.7189872264862, 207.02375435829163, 201.82429313659668, 201.69620513916016, 201.7553415298462, 201.8269248008728, 201.75490641593933, 201.5012810230255, 201.53387594223022, 201.31588172912598, 200.9628767967224, 200.9709014892578, 200.85363507270813, 201.08239579200745, 201.54760313034058, 201.65395188331604, 201.70394563674927, 201.5817346572876, 201.73166632652283, 201.5597882270813, 201.82931804656982, 201.4999544620514, 201.22242975234985, 201.46005511283875, 201.4019787311554, 201.56381797790527, 201.80757927894592, 201.54853701591492, 201.41388320922852, 201.32129979133606, 201.82734513282776, 201.65241074562073, 201.52787399291992, 201.70314526557922, 201.83935379981995, 201.47121167182922, 201.43416738510132, 201.334312915802, 201.23741960525513, 201.22755312919617, 201.30644845962524, 200.82171750068665], "train_losses": [6.574259722446345, 6.560051738744554, 6.552969178634823, 6.549548504652789, 6.54706200244742, 6.502597022752945, 6.244095345193911, 6.113199515222419, 5.950359464929267, 5.832589105615621, 5.733322323301597, 5.668851443574848, 5.617241289468022, 5.574969491286106, 5.5412123978000105, 5.505419709133451, 5.479708763649078, 5.452223185950191, 5.430947770426551, 5.408640689715454, 5.388391896616643, 5.366795425205745, 5.350558570006992, 5.333932161395299, 5.31584041001022, 5.3035717887687595, 5.289016274675919, 5.275460068043677, 5.262853161475983, 5.250084046043785, 5.240094753509763, 5.2284875746328865, 5.219024410332957, 5.2101205724544135, 5.200477969851003, 5.190776114786725, 5.181056610053251, 5.173118040987575, 5.164930695632295, 5.1590693245387556, 5.152608705153031, 5.144510448604163, 5.137990156527352, 5.130123026598892, 5.123430860362541, 5.118999532703997, 5.112197266150288, 5.107336042977785, 5.102710148727879, 5.097902715023398], "val_losses": [6.573918167372882, 6.557639698093221, 6.549950344279661, 6.545256223516949, 6.542742981991525, 6.499361758474576, 6.254108845338983, 6.130401218220339, 5.976733977754237, 5.869759004237288, 5.7806541313559325, 5.726140095338983, 5.68214314088983, 5.645390625, 5.620071504237288, 5.5891247351694915, 5.5678217690677965, 5.54561970338983, 5.530725966631356, 5.513000860699153, 5.496634004237288, 5.479739141949152, 5.466837592690678, 5.455423728813559, 5.44342922404661, 5.43559421345339, 5.424981792902543, 5.417248411016949, 5.4071504237288135, 5.399670617055085, 5.395207891949153, 5.388116393008475, 5.3827731064618645, 5.3777112023305085, 5.371162936970339, 5.365843816207627, 5.359755362817797, 5.356671742584746, 5.352690015889831, 5.347180879237288, 5.341392015360169, 5.340182070974576, 5.336978283898305, 5.33350205243644, 5.329053893008474, 5.326178826800848, 5.325124139300847, 5.322992915783899, 5.319214777542373, 5.318216697563559], "test_losses": [6.497218456083131, 6.486133760618932, 6.480323569288531, 6.476777604482706, 6.475053805749393, 6.430486290200243, 6.185407620031857, 6.063308271389563, 5.916509831993325, 5.809196398096177, 5.721930346442658, 5.665366756105886, 5.621417295585558, 5.584397399309769, 5.559297728307039, 5.529253617073726, 5.509484744766383, 5.48833991485892, 5.471770943947209, 5.453328845570389, 5.437333486612561, 5.421229686551881, 5.410790304535801, 5.399031852055522, 5.384917324029126, 5.377725841929611, 5.366917286104369, 5.358296514714806, 5.349953660687197, 5.340528765928398, 5.334459619614685, 5.327741604406857, 5.322243107175364, 5.317209780794903, 5.310329400219963, 5.304630020289745, 5.297705789214199, 5.293299999051881, 5.288978947019114, 5.285264691102852, 5.282261524385619, 5.277504930218447, 5.274092294637439, 5.270203229293083, 5.266522750113774, 5.263767872041869, 5.260983365253337, 5.257157705362561, 5.255402500189624, 5.252869837492415], "status": "OK"}