{"data": "data/ptb", "recepie_id": 2005017, "recepies_list_path": "data/new_recepies_fix.json", "cuda": true, "batch_size": 20, "model": "CustomRNN", "emsize": 400, "nhid": 600, "nlayers": 3, "dropout": 0.1, "dropouth": 0.25, "dropouti": 0.4, "dropoute": 0.0, "wdrop": 0.1, "tied": true, "bptt": 70, "lr": 0.001, "wdecay": 1.2e-06, "epochs": 50, "alpha": 2, "beta": 1, "log_interval": 200, "clip": 0.25, "eval_batch_size": 50, "recepie": "{\"node_2\": {\"op\": \"linear\", \"input\": [\"h_prev_0\", \"x\", \"h_prev_1\"]}, \"node_3\": {\"op\": \"activation_sigm\", \"input\": [\"node_2\"]}, \"node_4\": {\"op\": \"linear\", \"input\": [\"x\", \"node_3\", \"h_prev_0\"]}, \"node_5\": {\"op\": \"activation_sigm\", \"input\": [\"node_4\"]}, \"node_17\": {\"op\": \"linear\", \"input\": [\"h_prev_1\", \"node_5\"]}, \"h_new_0\": {\"op\": \"linear\", \"input\": [\"x\", \"node_5\"]}, \"h_new_1\": {\"op\": \"activation_sigm\", \"input\": [\"node_17\"]}}", "experiment_id": 999906430, "init_time": "2020-05-14_06-56-38", "num_params": 12696400, "wall_times": [216.18914675712585, 210.72257089614868, 211.05972528457642, 210.7400245666504, 210.69594144821167, 210.7407262325287, 210.70895528793335, 210.78951621055603, 210.87251996994019, 210.64631032943726, 210.76001524925232, 210.72323536872864, 215.97291350364685, 217.5965518951416, 217.53997588157654, 216.47360491752625, 216.77060413360596, 217.00167798995972, 217.7470543384552, 216.51205849647522, 217.47353553771973, 216.84936571121216, 217.63256669044495, 217.68529343605042, 217.33035516738892, 216.7900218963623, 216.68787670135498, 217.2699909210205, 215.64339780807495, 216.47968864440918, 217.33252143859863, 216.81942200660706, 217.8887219429016, 218.31608176231384, 218.11050391197205, 217.51085090637207, 216.96019768714905, 217.70210218429565, 217.33107113838196, 217.1874704360962, 217.20037961006165, 218.0698161125183, 218.57778978347778, 216.79147505760193, 217.71845364570618, 216.9106559753418, 214.9794042110443, 213.32438921928406, 213.22995781898499, 214.53942775726318], "train_losses": [5.6859548134850195, 5.505902133424775, 5.381434144881932, 5.2835406749233504, 5.2053194422032165, 5.1762785924640955, 5.188450980985423, 5.124288970469582, 5.110383972755635, 5.068640824189123, 5.06223063242967, 5.058176671507719, 5.035161923107956, 5.016740291001022, 4.995711970846108, 5.019487756172341, 5.008231469528266, 4.962300306599968, 4.961548094508095, 4.934669329245334, 4.938017723629713, 4.918794712495293, 4.93257490183422, 4.90775232303265, 4.914960952208058, 4.885677629632618, 4.871760445242321, 4.882578851998279, 4.879714983056318, 4.86287131542144, 4.853882170808456, 4.8599212992846, 4.851075453176268, 4.839181257059868, 4.847638810445915, 4.829784909364746, 4.834925165402614, 4.822706551557205, 4.804666488489054, 4.835815633236512, 4.808844417325588, 4.818488280619655, 4.814887327873702, 4.802383377709645, 4.798235705448873, 4.813391728524555, 4.783369641224248, 4.79107204090689, 4.784834983997634, 4.777196459308268], "val_losses": [5.713238215042373, 5.570499867584746, 5.477525820974576, 5.403115068855932, 5.3485321769067795, 5.336731329449153, 5.358546742584746, 5.303857587394067, 5.29721828654661, 5.267078257415254, 5.266200675317797, 5.273730799788136, 5.249817929025424, 5.240849112817797, 5.233505362817796, 5.252274563029661, 5.252906845868644, 5.2137543034957625, 5.216762778072034, 5.194816273834745, 5.201193723516949, 5.185628972457627, 5.207331501588983, 5.186376787605933, 5.1945299258474575, 5.170880561440678, 5.160289658368644, 5.172180548199153, 5.17172470868644, 5.1595895127118645, 5.151717425847457, 5.161102356991526, 5.154585540254237, 5.145560116525424, 5.1559113479872885, 5.141952793961864, 5.148250132415254, 5.138984043961864, 5.129203853283898, 5.1475324417372885, 5.126900489936441, 5.136602224576271, 5.135517743644068, 5.12976032838983, 5.119030389300847, 5.135201602224576, 5.111668101165254, 5.116873675847458, 5.116680349576272, 5.110495895127118], "test_losses": [5.664074351486651, 5.525360996283374, 5.426573521882585, 5.355701039138349, 5.301649371397148, 5.28143310546875, 5.312169936096784, 5.255827375986044, 5.248158278974515, 5.216220300174454, 5.215957197170813, 5.226267397982403, 5.208573720987561, 5.193802620600728, 5.186094413683253, 5.202142511756675, 5.205680773096177, 5.163212155832828, 5.166308356720267, 5.149997748217537, 5.154651234450849, 5.138114855127427, 5.160540238167476, 5.137290584230886, 5.142238579907463, 5.120953309883192, 5.113308508419296, 5.123088947777609, 5.122300823915352, 5.110186826835558, 5.104703143962379, 5.110939988812197, 5.108052374089806, 5.092249009215716, 5.101571388614988, 5.089430725690231, 5.09667257660801, 5.086815695160801, 5.074507333699939, 5.101141772223908, 5.078312253489078, 5.08624978667324, 5.083622312082828, 5.077230805332221, 5.073603065268507, 5.082731672861044, 5.060777978989685, 5.066843569857403, 5.062760140131978, 5.05670640075091], "status": "OK"}