{"data": "data/ptb", "recepie_id": 1010128, "recepies_list_path": "data/models_recepies.json", "cuda": true, "batch_size": 20, "model": "CustomRNN", "emsize": 400, "nhid": 600, "nlayers": 3, "dropout": 0.1, "dropouth": 0.25, "dropouti": 0.4, "dropoute": 0.0, "wdrop": 0.1, "tied": true, "bptt": 70, "lr": 0.001, "wdecay": 1.2e-06, "epochs": 50, "alpha": 2, "beta": 1, "log_interval": 200, "clip": 0.25, "eval_batch_size": 50, "recepie": "{\"node_0\": {\"op\": \"linear\", \"input\": [\"x\", \"h_prev_1\", \"h_prev_0\"]}, \"node_1\": {\"op\": \"activation_sigm\", \"input\": [\"node_0\"]}, \"node_2\": {\"op\": \"linear\", \"input\": [\"node_1\", \"h_prev_0\", \"x\"]}, \"node_5\": {\"op\": \"linear\", \"input\": [\"h_prev_1\", \"node_1\"]}, \"node_7\": {\"op\": \"linear\", \"input\": [\"node_1\", \"h_new_1\", \"h_prev_1\"]}, \"h_new_0\": {\"op\": \"elementwise_prod\", \"input\": [\"node_2\", \"node_7\"]}, \"h_new_1\": {\"op\": \"activation_sigm\", \"input\": [\"node_5\"]}}", "experiment_id": 999950587, "init_time": "2020-04-18_20-20-26", "num_params": 13616400, "wall_times": [297.9160830974579, 246.44009733200073, 244.1203715801239, 246.85247015953064, 246.41231536865234, 244.35100317001343, 244.22512555122375, 242.7488660812378, 242.06601810455322, 242.60852146148682, 241.941410779953, 241.35721850395203, 243.51364088058472, 235.63746643066406, 240.42707514762878, 236.71099972724915, 242.77520108222961, 242.34909749031067, 243.9411642551422, 243.1635980606079, 242.46215319633484, 243.29121208190918, 243.36249446868896, 242.4511661529541, 243.46808743476868, 243.42907619476318, 243.65292310714722, 243.13802981376648, 242.67652201652527, 241.0712811946869, 244.39117741584778, 242.9348340034485, 242.31969022750854, 242.39677023887634, 243.55470943450928, 244.14201521873474, 242.68775820732117, 240.825430393219, 244.7445092201233, 242.61825609207153, 244.17061948776245, 242.82027792930603, 240.47087383270264, 241.04125571250916, 240.54199075698853, 243.64493370056152, 241.95431089401245, 241.99400281906128, 242.81770968437195, 243.80929899215698], "train_losses": [5.704257100209779, 5.4055494762250555, 5.233507224597924, 5.107956302780916, 5.018654859878436, 4.943096626055619, 4.872212192727664, 4.8178789468022165, 4.767028568931203, 4.726594857726857, 4.679109263218762, 4.667033107417567, 4.614066029933839, 4.585955990129633, 4.575020339142596, 4.515608190791243, 4.503079447044269, 4.480462236431607, 4.446574871577645, 4.431375144559195, 4.419013652439352, 4.392134466946372, 4.368970536818891, 4.360634009735894, 4.340149887714485, 4.324896791458232, 4.300910470792319, 4.282442193131085, 4.278314691920822, 4.269727287397128, 4.256115610375988, 4.239222355575278, 4.222971212549083, 4.219728295949653, 4.218499122559303, 4.196682030283471, 4.179519407912431, 4.1826299519929, 4.186081302780916, 4.152074172314561, 4.153450006051315, 4.144509608143726, 4.133059595368727, 4.150961822925071, 4.100746412914852, 4.1152599039858, 4.100586305201442, 4.089733439567532, 4.097806902533484, 4.090512126163198], "val_losses": [5.731839909957627, 5.475712063029661, 5.335392280190678, 5.23795451536017, 5.169976496292373, 5.115173795021186, 5.066616128177966, 5.031770722987289, 4.9954733845338986, 4.974232653601695, 4.945003641419492, 4.938116061970339, 4.90577297404661, 4.886342359639831, 4.882179886122882, 4.848625860699152, 4.841823027012712, 4.83248344809322, 4.814450807733051, 4.804215108580508, 4.802478813559322, 4.786321173199153, 4.779180680614407, 4.772512910487288, 4.767475503177966, 4.760414128707627, 4.7489694782838985, 4.748382878707627, 4.737239141949153, 4.740539923199153, 4.73106594279661, 4.730316803495763, 4.720134401483051, 4.7265972590042376, 4.721566472457627, 4.714055879237288, 4.707595007944915, 4.715457825741526, 4.717998543432204, 4.6970739539194915, 4.699229012182204, 4.6951062632415255, 4.697521517478814, 4.708291181144068, 4.686246358580508, 4.696412870762712, 4.689353151483051, 4.68185017213983, 4.693051178495763, 4.687564883474576], "test_losses": [5.684099215905643, 5.425496814320389, 5.287893943416262, 5.184864821943265, 5.121305891611044, 5.063538782804915, 5.015157458851639, 4.983652059314321, 4.949595627275485, 4.923321770232858, 4.894146965545358, 4.89109580030719, 4.853691323289594, 4.838728228819023, 4.834276514145935, 4.799061006712682, 4.794361003394266, 4.78339334136074, 4.765870622060831, 4.756562168158374, 4.753163458074181, 4.739458102624393, 4.731325908771996, 4.725922519720874, 4.717653441197664, 4.711689180540807, 4.701073211373635, 4.695260057171572, 4.689152097239078, 4.689886593124242, 4.681786398285801, 4.682109351297027, 4.670966879835406, 4.674610323118932, 4.672830822398361, 4.664817439699636, 4.657900912090413, 4.665596674946905, 4.667418248445085, 4.647047024328732, 4.651143490689472, 4.645861579376517, 4.64462398788304, 4.655231068435224, 4.635444715185073, 4.643202402059314, 4.638176779145176, 4.633026123046875, 4.642057252161711, 4.637136514904429], "status": "OK"}