{"data": "data/ptb", "recepie_id": 2009425, "recepies_list_path": "data/new_recepies_fix.json", "cuda": true, "batch_size": 20, "model": "CustomRNN", "emsize": 400, "nhid": 600, "nlayers": 3, "dropout": 0.1, "dropouth": 0.25, "dropouti": 0.4, "dropoute": 0.0, "wdrop": 0.1, "tied": true, "bptt": 70, "lr": 0.001, "wdecay": 1.2e-06, "epochs": 50, "alpha": 2, "beta": 1, "log_interval": 200, "clip": 0.25, "eval_batch_size": 50, "recepie": "{\"node_0\": {\"op\": \"linear\", \"input\": [\"h_prev_1\", \"h_prev_2\"]}, \"node_3\": {\"op\": \"linear\", \"input\": [\"h_prev_1\", \"h_prev_0\"]}, \"node_4\": {\"op\": \"activation_leaky_relu\", \"input\": [\"node_3\"]}, \"node_6\": {\"op\": \"linear\", \"input\": [\"x\", \"node_4\", \"h_prev_1\"]}, \"node_8\": {\"op\": \"linear\", \"input\": [\"h_prev_0\", \"h_prev_2\", \"x\"]}, \"h_new_0\": {\"op\": \"activation_tanh\", \"input\": [\"node_0\"]}, \"h_new_1\": {\"op\": \"activation_sigm\", \"input\": [\"node_8\"]}, \"h_new_2\": {\"op\": \"elementwise_prod\", \"input\": [\"node_3\", \"node_6\"]}}", "experiment_id": 999954189, "init_time": "2020-05-12_06-30-18", "num_params": 12736400, "wall_times": [223.39402627944946, 223.2726926803589, 223.3781864643097, 223.2152898311615, 222.27456617355347, 217.19771146774292, 217.04579401016235, 216.92518949508667, 217.0780966281891, 217.11550664901733, 217.23837089538574, 217.1148293018341, 217.2863326072693, 217.05335760116577, 217.1633996963501, 217.026291847229, 217.19038319587708, 217.28433918952942, 217.49230003356934, 217.36317777633667, 217.46888327598572, 217.43410396575928, 217.20150113105774, 217.22369837760925, 217.30832409858704, 216.66582942008972, 216.61934185028076, 216.77496576309204, 217.2107858657837, 217.39386343955994, 217.45539832115173, 217.0632619857788, 217.07638931274414, 216.8933563232422, 217.06990694999695, 217.23346400260925, 216.75494146347046, 217.2108964920044, 217.10769176483154, 217.01981449127197, 217.32039666175842, 217.50598287582397, 217.61468505859375, 217.44291019439697, 217.67933440208435, 217.58588576316833, 217.3514015674591, 217.1717677116394, 216.83792328834534, 217.23855352401733], "train_losses": [6.458731291350653, 6.399571281130655, 6.36277003993868, 6.332688700177505, 6.315272258754236, 6.28588597977516, 6.258306690737454, 6.244058785164865, 6.210934138158248, 6.200630093190253, 6.166082126432144, 6.153652977247055, 6.127357911758378, 6.095330065623151, 6.081055265316551, 6.0779026982141895, 6.062650862648593, 6.037174405626378, 6.012925441073638, 5.999651208918293, 6.0062034384917435, 5.982762156419773, 5.976267918616535, 5.962440663493088, 5.954620179118929, 5.940104166666667, 5.942590668872035, 5.924386295788285, 5.900265501452315, 5.8823754605723195, 5.883300807514389, 5.880073859663278, 5.869240324619439, 5.8703572965413375, 5.827653921924587, 5.827955226991555, 5.8204852146199775, 5.815515992281211, 5.804331565004572, 5.793967427115271, 5.778316372841697, 5.77166202732505, 5.761868982303265, 5.758918545936206, 5.740327140820828, 5.760651575359045, 5.719618195632295, 5.7118830179925775, 5.7044138460814375, 5.71331011981604], "val_losses": [6.470031117584746, 6.42642876059322, 6.3990532309322035, 6.378635460805085, 6.373263373940678, 6.351653866525424, 6.336320842161017, 6.331234772245763, 6.302456302966101, 6.303729475635593, 6.278714247881356, 6.275385328389831, 6.261029528601695, 6.239740466101695, 6.239800715042373, 6.243777145127119, 6.242922404661017, 6.22453125, 6.21528469279661, 6.214068458686441, 6.218851297669492, 6.209327330508475, 6.2161169226694915, 6.212012711864407, 6.212464909957627, 6.2084130031779665, 6.215894465042373, 6.2126920021186445, 6.206216896186441, 6.196543961864407, 6.206639300847457, 6.214321371822034, 6.2005707097457625, 6.223925450211865, 6.193884401483051, 6.194376986228813, 6.204075741525424, 6.221039459745763, 6.207930349576271, 6.2117789989406775, 6.204266419491526, 6.207227224576271, 6.216413532838983, 6.217742981991526, 6.209735169491525, 6.223876456567797, 6.204237288135594, 6.2073132944915255, 6.215299258474576, 6.223720868644068], "test_losses": [6.41594747895176, 6.375522057986954, 6.356790190761529, 6.340580319895328, 6.332840113963895, 6.315929227662318, 6.303354800326153, 6.299452698346481, 6.279799378033981, 6.279017179915049, 6.25683119690534, 6.259010092726031, 6.243002882281553, 6.224310717536408, 6.223157567885315, 6.228956500303398, 6.229629664745145, 6.212960548771238, 6.204009120904126, 6.201700451304611, 6.205670106758192, 6.200878550705401, 6.205982986005765, 6.202175695919296, 6.202097476107403, 6.201027879437197, 6.211451854520631, 6.205283748293386, 6.197142369538835, 6.188141758002124, 6.201338388387439, 6.202919376706614, 6.19153543120449, 6.213406757243629, 6.184395503071905, 6.186071895858617, 6.19079352814017, 6.207771375341323, 6.195367016838592, 6.201290389866505, 6.19134047424909, 6.198830021237864, 6.200590559579794, 6.202020441444175, 6.194264236005765, 6.207719821374393, 6.191431730696299, 6.190817231113471, 6.198684247952063, 6.204862427942961], "status": "OK"}