{"data": "data/ptb", "recepie_id": 1004265, "recepies_list_path": "data/models_recepies.json", "cuda": true, "batch_size": 20, "model": "CustomRNN", "emsize": 400, "nhid": 600, "nlayers": 3, "dropout": 0.1, "dropouth": 0.25, "dropouti": 0.4, "dropoute": 0.0, "wdrop": 0.1, "tied": true, "bptt": 70, "lr": 0.001, "wdecay": 1.2e-06, "epochs": 50, "alpha": 2, "beta": 1, "log_interval": 200, "clip": 0.25, "eval_batch_size": 50, "recepie": "{\"node_0\": {\"op\": \"linear\", \"input\": [\"h_prev_0\", \"x\"]}, \"node_1\": {\"op\": \"activation_sigm\", \"input\": [\"node_0\"]}, \"node_2\": {\"op\": \"linear\", \"input\": [\"x\", \"h_prev_0\", \"node_1\"]}, \"node_3\": {\"op\": \"activation_tanh\", \"input\": [\"node_2\"]}, \"node_7\": {\"op\": \"linear\", \"input\": [\"x\", \"node_3\"]}, \"node_8\": {\"op\": \"activation_tanh\", \"input\": [\"node_7\"]}, \"h_new_0\": {\"op\": \"linear\", \"input\": [\"node_8\", \"node_1\"]}}", "experiment_id": 999937000, "init_time": "2020-04-14_15-53-06", "num_params": 11816400, "wall_times": [242.44384813308716, 201.68131732940674, 198.15591979026794, 198.5483043193817, 200.83508467674255, 198.20678234100342, 198.6326961517334, 198.12680912017822, 198.85011339187622, 198.96103501319885, 198.8721992969513, 199.07246279716492, 197.9404366016388, 198.5858018398285, 198.2904543876648, 198.52967405319214, 198.80654096603394, 198.50449109077454, 198.20122838020325, 198.32534050941467, 197.9197654724121, 198.12138891220093, 198.07596683502197, 198.9771203994751, 198.79604721069336, 198.12467074394226, 197.9989447593689, 198.60636138916016, 198.24361395835876, 198.44335675239563, 198.22677564620972, 198.41302299499512, 198.35833597183228, 198.23762941360474, 198.8618242740631, 198.3039493560791, 198.35078763961792, 198.4020721912384, 197.91768884658813, 198.29081773757935, 197.91800737380981, 197.77220058441162, 198.16222190856934, 198.4005320072174, 198.50272488594055, 197.75972652435303, 198.43007826805115, 199.38683652877808, 198.62376308441162, 198.40000891685486], "train_losses": [5.718193615190145, 5.412713140767038, 5.27759735893712, 5.1751582587004465, 5.104888622182776, 5.053430591415201, 4.99744794188048, 4.963016378893013, 4.927035006858157, 4.901083689688559, 4.880875238690765, 4.851365412027325, 4.8254414098219565, 4.811702823274703, 4.799124072131677, 4.797701172610403, 4.768004343499543, 4.756264792103706, 4.7393639731590556, 4.724086923780324, 4.721666817949545, 4.702150906352536, 4.695266274675919, 4.6817289784035285, 4.671101776397181, 4.6633073462965955, 4.6503655162444195, 4.638656221424345, 4.6540950594373625, 4.626185889677801, 4.62738816833414, 4.619575248103922, 4.602921944758216, 4.6172933980151685, 4.601176308428809, 4.603838887095907, 4.592361559356678, 4.578024144747459, 4.56922368350277, 4.5716702638373405, 4.565664333548491, 4.558009419880587, 4.553019606261094, 4.5536680214888925, 4.5539445329729435, 4.543500131111828, 4.536713833306439, 4.547428863428541, 4.530408699101716, 4.530376341374859], "val_losses": [5.749519332627119, 5.478519597457627, 5.376475436970339, 5.300060911016949, 5.252218617584746, 5.219183990995763, 5.17920517743644, 5.157109375, 5.131422470868644, 5.115675979872881, 5.1056773040254235, 5.093057468220339, 5.075124801377119, 5.076499602754238, 5.07377251059322, 5.064460407838983, 5.053863546080509, 5.0483080640889835, 5.038933726165254, 5.035535950741526, 5.034376655190678, 5.0196686308262715, 5.020113546080508, 5.014837129237288, 5.00572795286017, 5.008034957627118, 4.999133342161017, 4.996614472987289, 5.001674721927966, 4.995748808262712, 4.998876787605933, 4.9912549655720335, 4.9855922272245765, 4.993985699152542, 4.986830971927966, 4.98835341631356, 4.978332229872882, 4.976139433262712, 4.973508673199152, 4.983366326800848, 4.977893273305085, 4.971159295550848, 4.971878641419491, 4.966625397245763, 4.9671530720338986, 4.960555813029661, 4.9591829978813555, 4.96866061970339, 4.963684454449153, 4.96040188029661], "test_losses": [5.688673889752731, 5.429721869311287, 5.329455921950849, 5.248221684428095, 5.194324086013349, 5.160650456993325, 5.120813462340716, 5.098808214502427, 5.075392639752731, 5.055648062993022, 5.048880864115595, 5.036471172443871, 5.016524527836772, 5.020180711468447, 5.012301250568871, 5.003287602396845, 4.993805227927791, 4.985300008533071, 4.982576536900789, 4.975807560300364, 4.971716427108617, 4.955824176084648, 4.956835996757433, 4.951909630043993, 4.94584670576077, 4.944815033847846, 4.937367263349515, 4.932013057967992, 4.937762806716474, 4.930938128128792, 4.930867611783222, 4.924136856227245, 4.917564021730886, 4.929921270574181, 4.919186193966171, 4.922717344413683, 4.913616291527609, 4.908936435736499, 4.903060764942355, 4.916183916110437, 4.910204841095267, 4.902469375758495, 4.90156540361423, 4.899672424908981, 4.900618766118022, 4.898146249715564, 4.893869640757736, 4.902238271768811, 4.892571310395176, 4.893296325091019], "status": "OK"}