{"data": "data/ptb", "recepie_id": 2000393, "recepies_list_path": "data/new_recepies_fix.json", "cuda": true, "batch_size": 20, "model": "CustomRNN", "emsize": 400, "nhid": 600, "nlayers": 3, "dropout": 0.1, "dropouth": 0.25, "dropouti": 0.4, "dropoute": 0.0, "wdrop": 0.1, "tied": true, "bptt": 70, "lr": 0.001, "wdecay": 1.2e-06, "epochs": 50, "alpha": 2, "beta": 1, "log_interval": 200, "clip": 0.25, "eval_batch_size": 50, "recepie": "{\"node_0\": {\"op\": \"linear\", \"input\": [\"h_prev_0\", \"x\"]}, \"node_1\": {\"op\": \"activation_tanh\", \"input\": [\"node_0\"]}, \"node_4\": {\"op\": \"linear\", \"input\": [\"h_prev_0\", \"x\", \"node_1\"]}, \"node_5\": {\"op\": \"activation_sigm\", \"input\": [\"node_4\"]}, \"node_9\": {\"op\": \"linear\", \"input\": [\"node_5\", \"node_1\"]}, \"h_new_0\": {\"op\": \"activation_tanh\", \"input\": [\"node_9\"]}}", "experiment_id": 999993537, "init_time": "2020-05-16_03-13-16", "num_params": 10094800, "wall_times": [161.51724338531494, 158.70543479919434, 158.9061131477356, 158.75436425209045, 158.56174659729004, 158.4828815460205, 158.84768199920654, 158.36324882507324, 158.70912623405457, 158.75020098686218, 158.6270878314972, 158.57474970817566, 158.4560899734497, 158.66317176818848, 158.68946075439453, 158.6677041053772, 158.8950011730194, 158.6533362865448, 158.9088921546936, 158.162207365036, 158.09372520446777, 158.25892806053162, 157.9266562461853, 158.1113064289093, 158.14935040473938, 157.61477828025818, 157.5901598930359, 157.70856714248657, 157.95904755592346, 157.9084267616272, 157.85877203941345, 158.2734317779541, 157.90207409858704, 157.9789218902588, 158.00984168052673, 157.7955265045166, 158.06123518943787, 158.00919246673584, 157.98872256278992, 158.00368523597717, 158.12171840667725, 157.98136401176453, 158.0357916355133, 157.88228034973145, 157.94295024871826, 158.0108609199524, 157.62619829177856, 157.67806601524353, 157.7899830341339, 157.8293035030365], "train_losses": [5.655209089747728, 5.386854274245603, 5.238541162390404, 5.1178960081491045, 5.037327789656286, 4.96186999085579, 4.913404839707385, 4.869568944650638, 4.832380251196816, 4.804276094615674, 4.772328512452262, 4.747310946829111, 4.721094464391372, 4.707602973212845, 4.670929061777204, 4.649169541041364, 4.647713443332796, 4.638980218923135, 4.613291125410145, 4.603105585363886, 4.593299513205315, 4.5687723562476465, 4.567887351406594, 4.5468086036254105, 4.535637623715776, 4.542418038298101, 4.512263998709053, 4.507775099510516, 4.484492244231079, 4.482628943440375, 4.465213762707762, 4.4611102146199775, 4.4569856550212466, 4.450356943547954, 4.448567603275778, 4.436925545290732, 4.442632271663708, 4.447939359098489, 4.4174125753052556, 4.416029597654779, 4.409534939621322, 4.4020266862998225, 4.3953446055887255, 4.39933511174762, 4.382151057635415, 4.384432487493949, 4.380310029046313, 4.3694407744338655, 4.3647539468022165, 4.374811316631703], "val_losses": [5.686509533898305, 5.464802701271187, 5.352258342161017, 5.258133606991525, 5.203100503177966, 5.14916313559322, 5.119392876059322, 5.089452793961865, 5.068905587923729, 5.051298662605932, 5.033898305084746, 5.0245123808262715, 5.008502052436441, 5.003204780190678, 4.982158037605932, 4.969426310911017, 4.972265956038136, 4.970219147245762, 4.9600883871822035, 4.956255627648305, 4.9522758871822035, 4.936140757415254, 4.944435579978814, 4.932483117055085, 4.924303164724576, 4.935070180084746, 4.91189453125, 4.910509798728814, 4.901003707627119, 4.89813857256356, 4.8930392611228815, 4.885771318855932, 4.892366260593221, 4.889816273834746, 4.894385262182204, 4.8872732388771185, 4.893484507415255, 4.896915055614407, 4.88032375529661, 4.882819451800848, 4.88008938029661, 4.878153138241525, 4.87479939088983, 4.8742197431144065, 4.863019729872882, 4.869352158368644, 4.866176509533898, 4.8630859375, 4.865955376059322, 4.8660023834745765], "test_losses": [5.635673448877427, 5.411887752199636, 5.295216977017597, 5.202525314775485, 5.147114874089806, 5.093710297519721, 5.063917437803398, 5.035895190192658, 5.013404623976031, 5.000497169864988, 4.981850633343447, 4.972013899423544, 4.959639169637439, 4.951317944572967, 4.934583645422482, 4.916809378318416, 4.920267642123028, 4.920668814946147, 4.91180419921875, 4.903775705874545, 4.899242808517901, 4.885551378564927, 4.891842443966171, 4.876924088857706, 4.870611098206159, 4.88005880707676, 4.859001974457676, 4.860233047633495, 4.850379721632281, 4.846294514183859, 4.84322053483389, 4.830264785914745, 4.838667193662773, 4.838177727264108, 4.838873409530492, 4.83096669021162, 4.84062209638577, 4.83933561750986, 4.826549048562652, 4.827471686798392, 4.825132499620753, 4.823877723471632, 4.816673797311135, 4.821420910288986, 4.808323239817203, 4.815835897204946, 4.814356535383799, 4.80619826826077, 4.810465099742111, 4.81610107421875], "status": "OK"}