{"data": "data/ptb", "recepie_id": 2005939, "recepies_list_path": "data/new_recepies_fix.json", "cuda": true, "batch_size": 20, "model": "CustomRNN", "emsize": 400, "nhid": 600, "nlayers": 3, "dropout": 0.1, "dropouth": 0.25, "dropouti": 0.4, "dropoute": 0.0, "wdrop": 0.1, "tied": true, "bptt": 70, "lr": 0.001, "wdecay": 1.2e-06, "epochs": 50, "alpha": 2, "beta": 1, "log_interval": 200, "clip": 0.25, "eval_batch_size": 50, "recepie": "{\"node_0\": {\"op\": \"linear\", \"input\": [\"x\", \"h_prev_0\"]}, \"node_1\": {\"op\": \"activation_leaky_relu\", \"input\": [\"node_0\"]}, \"node_2\": {\"op\": \"elementwise_sum\", \"input\": [\"h_prev_1\", \"node_1\"]}, \"node_3\": {\"op\": \"linear\", \"input\": [\"node_1\", \"h_prev_0\", \"x\"]}, \"node_4\": {\"op\": \"activation_tanh\", \"input\": [\"node_3\"]}, \"node_5\": {\"op\": \"linear\", \"input\": [\"node_4\", \"h_prev_1\"]}, \"node_6\": {\"op\": \"activation_tanh\", \"input\": [\"node_5\"]}, \"node_8\": {\"op\": \"linear\", \"input\": [\"node_6\", \"node_1\"]}, \"h_new_0\": {\"op\": \"blend\", \"input\": [\"node_4\", \"node_0\", \"node_2\"]}, \"h_new_1\": {\"op\": \"elementwise_sum\", \"input\": [\"node_8\", \"node_4\"]}}", "experiment_id": 999912346, "init_time": "2020-05-09_06-47-26", "num_params": 11856400, "wall_times": [296.2285771369934, 245.9545795917511, 248.64423847198486, 248.6303939819336, 246.514000415802, 242.56190514564514, 241.97245049476624, 241.93232035636902, 243.66328930854797, 242.31771278381348, 242.48156595230103, 241.40573453903198, 242.7915952205658, 242.045804977417, 242.07932567596436, 243.8740210533142, 243.22471690177917, 243.8435618877411, 244.72585368156433, 241.0471179485321, 242.5550253391266, 241.15565133094788, 242.30187249183655, 242.79105830192566, 242.81068778038025, 240.98501992225647, 242.24870371818542, 246.3589334487915, 243.99235939979553, 242.6082785129547, 243.3180878162384, 243.49675679206848, 240.8807783126831, 243.78734135627747, 243.83305263519287, 242.17981028556824, 240.36500525474548, 241.34000897407532, 243.29645991325378, 244.83101415634155, 245.26574873924255, 238.82640981674194, 244.88582110404968, 239.1654350757599, 242.80030703544617, 242.5644986629486, 241.98272228240967, 243.46476459503174, 239.31219816207886, 242.51099014282227], "train_losses": [5.894060802269916, 5.570862161126351, 5.359608648001721, 5.232131811091389, 5.107709627642407, 5.0328842753213925, 4.965086012721209, 4.9025250793394655, 4.835342033779786, 4.8007234683448985, 4.771015293018127, 4.720011951347426, 4.702502218815556, 4.64832445807111, 4.626364067290624, 4.629611606422462, 4.5885685614006775, 4.571708925017481, 4.542088157576247, 4.5232202409768165, 4.508300807514389, 4.480283218358346, 4.482678110375988, 4.44947614100909, 4.45783914259588, 4.418703522537787, 4.406203354445699, 4.393738905922221, 4.385106956995321, 4.367877097789253, 4.3623393039642835, 4.338179848448174, 4.338847174035823, 4.330300531843365, 4.320487736001291, 4.299092554865258, 4.288735560889678, 4.286752074256361, 4.272020483701791, 4.261962273411866, 4.257375040342101, 4.252769317142704, 4.254416619600883, 4.232620538835996, 4.237708266096498, 4.220718778575655, 4.217625463934161, 4.206280928944112, 4.203103988489054, 4.199388733123555], "val_losses": [5.9141532044491525, 5.631328787076272, 5.449364075741525, 5.347302039194915, 5.243546742584746, 5.191419160487288, 5.145263175317797, 5.094572629766949, 5.053584811970339, 5.032403667902543, 5.023996292372881, 4.9867693988347455, 4.985821305614407, 4.9434378310381355, 4.937695643538135, 4.948450410487288, 4.926479740466101, 4.922891949152542, 4.897458289194915, 4.88720405190678, 4.8840075476694915, 4.872208024364407, 4.880436308262712, 4.847951204978814, 4.871837592690678, 4.843176972987288, 4.842532110699152, 4.833396782309322, 4.825810381355932, 4.824658368644068, 4.82306342690678, 4.813340505826271, 4.813028998940678, 4.811665121822034, 4.813969478283898, 4.799338254766949, 4.791332428495763, 4.7870822298728815, 4.789554753707627, 4.7851734639830505, 4.786349642478814, 4.7772652939618645, 4.781214578919491, 4.766969345868644, 4.777143802966101, 4.765671676377119, 4.76512844279661, 4.761763109110169, 4.764521318855932, 4.762289459745762], "test_losses": [5.885767668196299, 5.597386036104369, 5.415196094698119, 5.314174615063713, 5.213947185034891, 5.164249753489078, 5.118209690723605, 5.068405595797937, 5.026551478117415, 5.005874189358313, 4.990054232402913, 4.95795151793841, 4.9538820137098, 4.912312035421723, 4.904712862181432, 4.91413864580173, 4.893005667380916, 4.889369038702215, 4.866790178910042, 4.857835195596936, 4.853603029714047, 4.839756641573119, 4.847349296495753, 4.821552758077973, 4.838951036768052, 4.815779602643356, 4.811999570976183, 4.801260642635012, 4.799434624829338, 4.793670358009709, 4.793058228724211, 4.780494764013198, 4.782611143241808, 4.778262240215413, 4.780082332277761, 4.767832339388653, 4.760783963990443, 4.760266350310983, 4.757667319288531, 4.754968735778216, 4.754191278253944, 4.747424671950849, 4.749916447019114, 4.739885052430977, 4.743880188580856, 4.73850316908753, 4.737889558366201, 4.731972111081614, 4.732867787185224, 4.732130328428398], "status": "OK"}