{"data": "data/ptb", "recepie_id": 2000212, "recepies_list_path": "data/new_recepies_fix.json", "cuda": true, "batch_size": 20, "model": "CustomRNN", "emsize": 400, "nhid": 600, "nlayers": 3, "dropout": 0.1, "dropouth": 0.25, "dropouti": 0.4, "dropoute": 0.0, "wdrop": 0.1, "tied": true, "bptt": 70, "lr": 0.001, "wdecay": 1.2e-06, "epochs": 50, "alpha": 2, "beta": 1, "log_interval": 200, "clip": 0.25, "eval_batch_size": 50, "recepie": "{\"node_3\": {\"op\": \"linear\", \"input\": [\"h_prev_1\", \"h_prev_0\"]}, \"node_5\": {\"op\": \"linear\", \"input\": [\"x\", \"h_prev_0\", \"h_prev_1\"]}, \"h_new_0\": {\"op\": \"activation_tanh\", \"input\": [\"node_3\"]}, \"h_new_1\": {\"op\": \"activation_tanh\", \"input\": [\"node_5\"]}}", "experiment_id": 999937600, "init_time": "2020-05-07_02-24-04", "num_params": 8373200, "wall_times": [126.95171976089478, 126.16697812080383, 126.17167949676514, 126.28785800933838, 126.26582551002502, 126.22404098510742, 126.07248759269714, 126.14495825767517, 124.32017016410828, 123.48862910270691, 123.19072484970093, 123.07519936561584, 123.22086024284363, 123.18402218818665, 123.09180641174316, 123.1953010559082, 123.20513820648193, 123.184072971344, 123.00621438026428, 123.24318552017212, 122.964852809906, 122.86187028884888, 122.88250350952148, 122.74148297309875, 122.881502866745, 122.83454823493958, 122.88845086097717, 122.81207990646362, 122.62244844436646, 122.97572088241577, 122.82480192184448, 123.02704215049744, 122.8898606300354, 123.05340266227722, 122.98476052284241, 123.3864815235138, 123.24804282188416, 123.49342846870422, 123.25860810279846, 122.9586021900177, 122.99015402793884, 122.97084856033325, 122.9756383895874, 123.0490345954895, 123.08325266838074, 122.99215149879456, 123.17508578300476, 123.37694811820984, 123.08038115501404, 123.1970272064209], "train_losses": [6.468260852025174, 6.442484770856867, 6.38000284075628, 6.334684373487171, 6.30452361021462, 6.2619051221020925, 6.261721481496423, 6.222232027593997, 6.204852146199774, 6.165023566510677, 6.1405556620138775, 6.146301469797214, 6.130481062745415, 6.09231785541391, 6.076615953283847, 6.072473323785703, 6.044702409768167, 6.051168071916519, 6.042523095852832, 6.005187321822387, 6.002681489026949, 6.006858157172825, 5.978738031843365, 5.960251684282717, 5.960741252487763, 5.961564483486633, 5.933090944543059, 5.912116834086386, 5.905058647329353, 5.885166629686408, 5.895008421413587, 5.870612796514442, 5.8582025576892045, 5.855911882765854, 5.863224729035555, 5.848110308751546, 5.8604520500511, 5.864427007691894, 5.850728763245656, 5.853102223522134, 5.839271186326717, 5.837434360039804, 5.828465386477328, 5.817072104781884, 5.810192515867893, 5.799779211042978, 5.814638971814318, 5.796712791135496, 5.780575110268409, 5.780177572481308], "val_losses": [6.484554422669492, 6.463415651483051, 6.411244703389831, 6.378789724576271, 6.361460540254237, 6.333662605932203, 6.346861096398305, 6.329326006355932, 6.3275, 6.307660884533898, 6.303832759533898, 6.320811043432204, 6.3325933527542375, 6.308573225635593, 6.307504634533898, 6.321023569915254, 6.313213056144067, 6.322926377118644, 6.33122219279661, 6.323015757415254, 6.325709745762712, 6.339705376059322, 6.327369570974576, 6.325411811440678, 6.3298841366525425, 6.350015227754238, 6.32963188559322, 6.32172404661017, 6.329155190677966, 6.322584083686441, 6.337933659957627, 6.326421477754237, 6.323849973516949, 6.324457759533899, 6.337836996822034, 6.334331302966102, 6.342932997881356, 6.349906647245763, 6.346947828389831, 6.351281779661017, 6.344946371822034, 6.34931938559322, 6.343824814618644, 6.342013373940678, 6.3554171080508475, 6.337473516949153, 6.351742584745763, 6.350096001059322, 6.341267876059322, 6.351753177966102], "test_losses": [6.436284630043993, 6.423379546230279, 6.365610659701153, 6.337412417513653, 6.321098253564927, 6.301591891686893, 6.312472741580704, 6.299733578580097, 6.298725017066141, 6.279058660118325, 6.274643981341019, 6.298879086392597, 6.304387657387743, 6.280208846897755, 6.279207988850121, 6.293122819326456, 6.284101467688107, 6.299841427108617, 6.310223921988774, 6.291007328959345, 6.299474623596784, 6.314459643317658, 6.300244970229065, 6.298946047292172, 6.307035872079794, 6.323355961771845, 6.304137591019417, 6.301507746131675, 6.305748208055219, 6.298634353193265, 6.314800966133192, 6.303150362181432, 6.297134547557645, 6.300185712795813, 6.313517450128944, 6.310242291793083, 6.318436409663228, 6.331999843560376, 6.328421287166262, 6.331079575621966, 6.327492723187197, 6.330279600273058, 6.326891260239685, 6.322358659170206, 6.335532179156553, 6.319952807380158, 6.334247478003641, 6.336024608426881, 6.326431422557645, 6.336016312386226], "status": "OK"}