{"data": "data/ptb", "recepie_id": 2005405, "recepies_list_path": "data/new_recepies_fix.json", "cuda": true, "batch_size": 20, "model": "CustomRNN", "emsize": 400, "nhid": 600, "nlayers": 3, "dropout": 0.1, "dropouth": 0.25, "dropouti": 0.4, "dropoute": 0.0, "wdrop": 0.1, "tied": true, "bptt": 70, "lr": 0.001, "wdecay": 1.2e-06, "epochs": 50, "alpha": 2, "beta": 1, "log_interval": 200, "clip": 0.25, "eval_batch_size": 50, "recepie": "{\"node_3\": {\"op\": \"linear\", \"input\": [\"x\", \"h_prev_1\"]}, \"node_4\": {\"op\": \"activation_tanh\", \"input\": [\"node_3\"]}, \"node_5\": {\"op\": \"linear\", \"input\": [\"x\", \"h_prev_1\"]}, \"node_6\": {\"op\": \"activation_tanh\", \"input\": [\"node_5\"]}, \"node_9\": {\"op\": \"linear\", \"input\": [\"node_4\", \"x\", \"h_prev_1\"]}, \"node_11\": {\"op\": \"linear\", \"input\": [\"h_new_0\", \"h_prev_0\"]}, \"node_12\": {\"op\": \"activation_tanh\", \"input\": [\"node_11\"]}, \"node_16\": {\"op\": \"linear\", \"input\": [\"node_6\", \"node_4\", \"h_new_0\"]}, \"node_17\": {\"op\": \"activation_leaky_relu\", \"input\": [\"node_16\"]}, \"h_new_0\": {\"op\": \"activation_leaky_relu\", \"input\": [\"node_9\"]}, \"h_new_1\": {\"op\": \"linear\", \"input\": [\"x\", \"node_12\", \"node_17\"]}}", "experiment_id": 999985137, "init_time": "2020-05-11_09-17-47", "num_params": 17059600, "wall_times": [406.50280809402466, 347.5053496360779, 345.19035172462463, 340.68252396583557, 338.9728090763092, 342.03033232688904, 341.6829192638397, 340.9229316711426, 341.2752470970154, 338.4725251197815, 339.85478377342224, 338.9662845134735, 342.22152185440063, 340.8770172595978, 338.60118675231934, 338.2388336658478, 341.0006365776062, 341.6018362045288, 338.0349564552307, 340.28840947151184, 342.3205614089966, 339.3327007293701, 337.7918915748596, 342.1801459789276, 341.30569672584534, 336.27976298332214, 337.3912811279297, 340.000515460968, 338.34005212783813, 341.3094890117645, 337.77628326416016, 337.00325059890747, 341.59153056144714, 339.54453921318054, 341.239661693573, 340.6423850059509, 339.457049369812, 338.1175150871277, 339.77650356292725, 340.5762894153595, 341.4538629055023, 340.6554021835327, 336.4600365161896, 335.5547466278076, 338.7893879413605, 338.3206696510315, 338.33283972740173, 339.53395771980286, 337.2135236263275, 342.2743270397186], "train_losses": [5.5212876021999895, 5.193260095610779, 5.035900267602603, 4.9181055349362595, 4.838503425716745, 4.769399928056586, 4.697767905169168, 4.651390457748373, 4.605118067882309, 4.568824464794793, 4.529592612016567, 4.491384019821419, 4.469226541068259, 4.445674318218493, 4.423004999058684, 4.40050167083535, 4.381131158894089, 4.36220441006401, 4.340241497902211, 4.331673003738368, 4.31167634877091, 4.291176258001183, 4.284131098380937, 4.270009682104244, 4.255650835753859, 4.241349981173686, 4.237355272712603, 4.220872162605562, 4.2177406070141465, 4.210909344575332, 4.201215473885213, 4.1886358822817495, 4.179637912834167, 4.173308405276747, 4.162409734548976, 4.155823886558012, 4.148311430934323, 4.140084583938465, 4.134433748184605, 4.126579225162713, 4.122067633532354, 4.120534213463504, 4.11242671184982, 4.109231281265128, 4.095944862433435, 4.0911554986283685, 4.083423682830402, 4.079559245737185, 4.069408164568878, 4.069543058469152], "val_losses": [5.55644001588983, 5.279465042372881, 5.160025489936441, 5.079102224576271, 5.027507282838983, 4.986685315148305, 4.939041644597458, 4.9180793167372885, 4.891055680614407, 4.875054290254237, 4.852169954978813, 4.831910421080509, 4.822109706038136, 4.811218551377118, 4.801504237288135, 4.79207858845339, 4.7839122086864405, 4.778289194915255, 4.771101694915254, 4.767279528601695, 4.760303893008475, 4.7531137447033895, 4.749249867584746, 4.747087195444915, 4.740899761652543, 4.738711268538135, 4.741486030190678, 4.732420550847458, 4.733048199152543, 4.7323533501059325, 4.730313162076271, 4.72769829184322, 4.723464314088983, 4.721201006355932, 4.724357123940678, 4.719669292902543, 4.7199841101694915, 4.716359904661017, 4.717389764300847, 4.718042240466102, 4.71838188559322, 4.718027674788136, 4.715372086864407, 4.715983845338983, 4.711999801377119, 4.707504303495763, 4.706414856991525, 4.707076271186441, 4.700778601694915, 4.699523305084746], "test_losses": [5.519899238660497, 5.240342223528519, 5.119269213630158, 5.036365694212682, 4.984200783146238, 4.94024895232858, 4.891419642179915, 4.86920166015625, 4.841667990082676, 4.824295784663228, 4.802805483919903, 4.783107720532463, 4.771878140643962, 4.76254390975804, 4.756538761472239, 4.747334896939472, 4.738709088668083, 4.733249701342537, 4.725880150656098, 4.72542505356872, 4.719034139392446, 4.70671096357327, 4.706365789024575, 4.701568899802791, 4.696728456367567, 4.69346396436969, 4.694063353307039, 4.684676087018356, 4.686310703314624, 4.690207175838137, 4.684132400068265, 4.681229970987561, 4.679412249222542, 4.678232433726486, 4.674670469413683, 4.675124381352397, 4.671441235588592, 4.670464969375758, 4.669872987617567, 4.669504702669903, 4.669922171287166, 4.669782916319023, 4.669539664555522, 4.668728430294296, 4.664469598566444, 4.663772731151395, 4.662627284966626, 4.660913559996966, 4.65808342498483, 4.657124047140473], "status": "OK"}