{"data": "data/ptb", "recepie_id": 1009694, "recepies_list_path": "data/models_recepies.json", "cuda": true, "batch_size": 20, "model": "CustomRNN", "emsize": 400, "nhid": 600, "nlayers": 3, "dropout": 0.1, "dropouth": 0.25, "dropouti": 0.4, "dropoute": 0.0, "wdrop": 0.1, "tied": true, "bptt": 70, "lr": 0.001, "wdecay": 1.2e-06, "epochs": 50, "alpha": 2, "beta": 1, "log_interval": 200, "clip": 0.25, "eval_batch_size": 50, "recepie": "{\"node_0\": {\"op\": \"linear\", \"input\": [\"x\", \"h_prev_0\"]}, \"node_1\": {\"op\": \"activation_leaky_relu\", \"input\": [\"node_0\"]}, \"node_2\": {\"op\": \"linear\", \"input\": [\"h_prev_1\", \"node_1\", \"x\"]}, \"node_3\": {\"op\": \"activation_sigm\", \"input\": [\"node_2\"]}, \"node_4\": {\"op\": \"linear\", \"input\": [\"node_3\", \"node_1\"]}, \"node_5\": {\"op\": \"activation_tanh\", \"input\": [\"node_4\"]}, \"node_6\": {\"op\": \"linear\", \"input\": [\"x\", \"node_1\"]}, \"node_7\": {\"op\": \"activation_leaky_relu\", \"input\": [\"node_6\"]}, \"node_9\": {\"op\": \"linear\", \"input\": [\"h_prev_0\", \"node_1\"]}, \"node_10\": {\"op\": \"activation_tanh\", \"input\": [\"node_9\"]}, \"node_14\": {\"op\": \"linear\", \"input\": [\"node_5\", \"node_3\"]}, \"h_new_0\": {\"op\": \"activation_sigm\", \"input\": [\"node_14\"]}, \"h_new_1\": {\"op\": \"elementwise_prod\", \"input\": [\"node_7\", \"node_10\"]}}", "experiment_id": 999940642, "init_time": "2020-04-18_19-08-39", "num_params": 15339600, "wall_times": [378.902854681015, 309.9508991241455, 305.1791441440582, 302.23768377304077, 305.8961992263794, 304.0975008010864, 304.730970621109, 306.5694012641907, 305.2920095920563, 303.59994411468506, 303.7330553531647, 303.959912776947, 307.5218172073364, 305.62112188339233, 305.76561093330383, 299.8609504699707, 304.9186661243439, 306.33607053756714, 306.16100025177, 303.2652065753937, 307.69251918792725, 304.3272707462311, 306.4184567928314, 306.1194157600403, 304.3825583457947, 305.52942657470703, 305.26741099357605, 305.87915563583374, 306.66949439048767, 305.70811772346497, 306.376975774765, 304.9108259677887, 305.27711939811707, 304.661367893219, 306.9212598800659, 303.31278443336487, 305.77728176116943, 304.6898739337921, 305.8978886604309, 306.0917065143585, 304.5704712867737, 305.92530131340027, 306.7487578392029, 304.98286628723145, 306.58430767059326, 305.599258184433, 305.2640697956085, 304.90879487991333, 304.8317561149597, 305.5939528942108], "train_losses": [6.589373302269916, 6.569350593028885, 6.557806868915066, 6.551383650018827, 6.549269471787424, 6.546607733580765, 6.545631538782207, 6.543671585041149, 6.542456279248023, 6.5420419322521655, 6.373835962293583, 6.1972455590070465, 6.1142921137916195, 6.059052011053736, 6.007178372599645, 5.939188064789414, 5.861382439755796, 5.7798182756441285, 5.721013780189339, 5.671811545236943, 5.6339206470873, 5.600034122693777, 5.569989342961648, 5.538231704857189, 5.513199010946157, 5.4880503334947015, 5.462620101796568, 5.4372360954225165, 5.414048212172557, 5.3912696331558285, 5.372214714108978, 5.350875003361842, 5.333879632617934, 5.313423666021193, 5.297636877386908, 5.280313727072239, 5.266394861761067, 5.251797744876553, 5.236213507207789, 5.2216869890000535, 5.209412904765747, 5.193711843096122, 5.1845945282663655, 5.172970960410952, 5.160627538190522, 5.150724813081599, 5.137729193561401, 5.127375141197353, 5.119396650260879, 5.109003516486472], "val_losses": [6.589509401483051, 6.568070047669491, 6.554862950211865, 6.5478144862288135, 6.5451449947033895, 6.541696901483051, 6.54032375529661, 6.538384533898305, 6.536848516949153, 6.53555217161017, 6.3767247086864405, 6.210338320974576, 6.133037605932204, 6.083488479872881, 6.0358408368644065, 5.970934189618644, 5.8977476165254235, 5.822094147245763, 5.769512711864407, 5.729077065677966, 5.696833289194915, 5.666050715042373, 5.639839115466102, 5.611471795550847, 5.58997219279661, 5.570293961864407, 5.547611228813559, 5.526226827330508, 5.507891287076271, 5.488637115995763, 5.4751347325211865, 5.456865399894068, 5.443506686970339, 5.427570511122881, 5.414403138241526, 5.402165320444915, 5.3924705376059325, 5.380885195974576, 5.367853217690678, 5.358562632415254, 5.348311043432203, 5.3377631753177965, 5.328513638771186, 5.322531448622882, 5.31326701536017, 5.305341300317797, 5.294808328919491, 5.289299523305084, 5.281910752118644, 5.2750099311440675], "test_losses": [6.511997259936287, 6.495638060338289, 6.484933205021238, 6.479331599855886, 6.477528396162015, 6.474689965109223, 6.473627479331007, 6.47155287659284, 6.47027587890625, 6.469421979293083, 6.307080315154733, 6.149076887704794, 6.071056773361651, 6.022006432986954, 5.973904211544296, 5.908087573005158, 5.834422880006068, 5.759667257660801, 5.704944795775182, 5.662691282994539, 5.629968735778216, 5.599789517597087, 5.572717759215716, 5.546057247421117, 5.524184143658981, 5.503249677639563, 5.481964407615291, 5.460940462871663, 5.442839687310376, 5.423737461127124, 5.410386761415352, 5.3924560546875, 5.380367538304005, 5.363221992566747, 5.351282212340716, 5.338900371662621, 5.328420694591929, 5.317562362522755, 5.305972793727245, 5.294670030908677, 5.286571910080401, 5.273721343105279, 5.267118287317961, 5.260800259784587, 5.250738940192658, 5.243413536293993, 5.233528803853155, 5.225978814282463, 5.218173425174454, 5.213508680028823], "status": "OK"}