{"data": "data/ptb", "recepie_id": 1003072, "recepies_list_path": "data/models_recepies.json", "cuda": true, "batch_size": 20, "model": "CustomRNN", "emsize": 400, "nhid": 600, "nlayers": 3, "dropout": 0.1, "dropouth": 0.25, "dropouti": 0.4, "dropoute": 0.0, "wdrop": 0.1, "tied": true, "bptt": 70, "lr": 0.001, "wdecay": 1.2e-06, "epochs": 50, "alpha": 2, "beta": 1, "log_interval": 200, "clip": 0.25, "eval_batch_size": 50, "recepie": "{\"node_0\": {\"op\": \"linear\", \"input\": [\"x\", \"h_prev_0\"]}, \"node_1\": {\"op\": \"activation_leaky_relu\", \"input\": [\"node_0\"]}, \"node_2\": {\"op\": \"linear\", \"input\": [\"x\", \"node_1\", \"h_prev_0\"]}, \"node_3\": {\"op\": \"activation_leaky_relu\", \"input\": [\"node_2\"]}, \"node_8\": {\"op\": \"linear\", \"input\": [\"node_1\", \"node_3\"]}, \"node_9\": {\"op\": \"activation_sigm\", \"input\": [\"node_8\"]}, \"node_10\": {\"op\": \"linear\", \"input\": [\"x\", \"node_9\"]}, \"h_new_0\": {\"op\": \"activation_leaky_relu\", \"input\": [\"node_10\"]}}", "experiment_id": 999995296, "init_time": "2020-04-20_14-20-22", "num_params": 11816400, "wall_times": [199.20726418495178, 239.53546810150146, 239.01093530654907, 237.96750235557556, 233.87339758872986, 234.40531182289124, 234.09111523628235, 220.47445273399353, 186.29031705856323, 234.54500651359558, 216.46867036819458, 233.76222848892212, 222.3053925037384, 233.70894384384155, 217.81720638275146, 227.84129643440247, 221.45660829544067, 228.80943322181702, 227.4752814769745, 235.14726328849792, 233.55799007415771, 234.49672031402588, 223.9799361228943, 234.43282556533813, 233.58649826049805, 232.5330216884613, 234.25983810424805, 231.19044852256775, 233.19247102737427, 229.38688158988953, 221.34779524803162, 227.365873336792, 232.49437642097473, 232.14570999145508, 232.56789994239807, 231.93662548065186, 232.2700424194336, 232.0534701347351, 232.2438952922821, 234.70743608474731, 235.1871247291565, 235.22791814804077, 235.7215712070465, 235.60057950019836, 235.35225009918213, 222.8172471523285, 226.29558515548706, 234.21616768836975, 234.25967454910278, 235.3088719844818], "train_losses": [5.708663214055188, 5.50524447313216, 5.361249647006616, 5.287774494379001, 5.232872256737131, 5.191113139422301, 5.158496550750363, 5.115308650691195, 5.101154456457426, 5.073299916626325, 5.047925575547308, 5.031009628314776, 5.011493296487548, 4.997884140847722, 4.978329147840353, 4.962825594373622, 4.955147988273896, 4.950249364611909, 4.932673655935668, 4.924907801489968, 4.916499835269754, 4.906169736028185, 4.901551405922221, 4.890042560916573, 4.882218294470443, 4.876093018799419, 4.873871681862191, 4.8644896219945135, 4.860122589559464, 4.854573869748803, 4.845476725969555, 4.845646919208219, 4.843685284546286, 4.838662272739498, 4.83612114060567, 4.8321831632241405, 4.827640474557581, 4.827691322414071, 4.820491097843043, 4.8190286966811895, 4.816698099887042, 4.8087011188209345, 4.804931233526975, 4.80158115822172, 4.796775405438115, 4.78623729223818, 4.786423033994944, 4.781572316577914, 4.770296699343769, 4.767875753052552], "val_losses": [5.736481726694915, 5.564823225635593, 5.452723781779661, 5.407191472457627, 5.37232421875, 5.347701602224577, 5.331498609639831, 5.308703985699153, 5.302775092690678, 5.289235632944915, 5.276222854872882, 5.2693359375, 5.262729740466102, 5.255113215042373, 5.24628608315678, 5.241882282838983, 5.239521649894068, 5.240686242055085, 5.236940876588983, 5.235052304025424, 5.233123344809322, 5.23029296875, 5.229095603813559, 5.229250860699152, 5.228678164724577, 5.223531514830508, 5.227236162605932, 5.224642809851695, 5.226351297669492, 5.2275907044491525, 5.228841366525423, 5.228371292372882, 5.229324020127119, 5.228192200741526, 5.228701668432203, 5.229475304555085, 5.232648967161017, 5.236273834745763, 5.2366177833686445, 5.23717028601695, 5.234190611758475, 5.232778403072034, 5.234732521186441, 5.2336536679025425, 5.224743114406779, 5.22510063559322, 5.224529263771187, 5.22814982786017, 5.223298463983051, 5.220729608050847], "test_losses": [5.680899314510012, 5.515347675212379, 5.400666764638956, 5.348252972352852, 5.312418224742111, 5.287088634898361, 5.268595575128944, 5.241833733123483, 5.237342019682949, 5.221475841929611, 5.207198355961772, 5.200777220494539, 5.191712610929915, 5.187315709382585, 5.177407866542779, 5.171744041072512, 5.169775509139867, 5.172573645138046, 5.165668969015473, 5.165467493742415, 5.163573626175667, 5.159315979596481, 5.159135244425061, 5.156951015435376, 5.156516065875303, 5.155284103837985, 5.157449963023361, 5.154490054232403, 5.154356132433253, 5.155659203390473, 5.154744861195389, 5.155618908335861, 5.157179156553398, 5.155538318226639, 5.155967342043386, 5.156658876289442, 5.156576508457221, 5.158009353193265, 5.157047012477245, 5.158484597807949, 5.159952997003944, 5.157820321981189, 5.157532330855583, 5.157528182835255, 5.153714967005461, 5.149271844660194, 5.150548249772451, 5.150409587378641, 5.145088269872573, 5.143241215678095], "status": "OK"}