{"data": "data/ptb", "recepie_id": 2004301, "recepies_list_path": "data/new_recepies_fix.json", "cuda": true, "batch_size": 20, "model": "CustomRNN", "emsize": 400, "nhid": 600, "nlayers": 3, "dropout": 0.1, "dropouth": 0.25, "dropouti": 0.4, "dropoute": 0.0, "wdrop": 0.1, "tied": true, "bptt": 70, "lr": 0.001, "wdecay": 1.2e-06, "epochs": 50, "alpha": 2, "beta": 1, "log_interval": 200, "clip": 0.25, "eval_batch_size": 50, "recepie": "{\"node_0\": {\"op\": \"elementwise_sum\", \"input\": [\"h_prev_2\", \"h_prev_1\"]}, \"node_3\": {\"op\": \"linear\", \"input\": [\"x\", \"h_prev_0\"]}, \"node_4\": {\"op\": \"activation_sigm\", \"input\": [\"node_3\"]}, \"node_5\": {\"op\": \"linear\", \"input\": [\"h_prev_0\", \"h_prev_2\"]}, \"node_6\": {\"op\": \"activation_sigm\", \"input\": [\"node_5\"]}, \"node_7\": {\"op\": \"linear\", \"input\": [\"h_prev_0\", \"node_4\"]}, \"node_9\": {\"op\": \"linear\", \"input\": [\"node_4\", \"node_6\"]}, \"node_10\": {\"op\": \"activation_tanh\", \"input\": [\"node_9\"]}, \"node_13\": {\"op\": \"linear\", \"input\": [\"h_new_0\", \"node_10\", \"node_6\"]}, \"node_14\": {\"op\": \"activation_tanh\", \"input\": [\"node_13\"]}, \"node_15\": {\"op\": \"blend\", \"input\": [\"node_9\", \"h_prev_2\", \"h_prev_0\"]}, \"node_16\": {\"op\": \"elementwise_prod\", \"input\": [\"node_15\", \"node_5\"]}, \"node_17\": {\"op\": \"linear\", \"input\": [\"node_4\", \"node_6\"]}, \"node_18\": {\"op\": \"activation_tanh\", \"input\": [\"node_17\"]}, \"node_22\": {\"op\": \"linear\", \"input\": [\"node_14\", \"node_18\", \"node_6\"]}, \"h_new_0\": {\"op\": \"activation_sigm\", \"input\": [\"node_7\"]}, \"h_new_1\": {\"op\": \"activation_leaky_relu\", \"input\": [\"node_22\"]}, \"h_new_2\": {\"op\": \"elementwise_prod\", \"input\": [\"node_16\", \"node_0\"]}}", "experiment_id": 999906940, "init_time": "2020-05-14_14-59-28", "num_params": 18061200, "wall_times": [236.7942657470703, 237.55940699577332, 236.97396111488342, 237.20040559768677, 234.945077419281, 234.35654664039612, 232.81060218811035, 232.30380129814148, 233.65641283988953, 232.67079377174377, 232.412091255188, 233.883038520813, 234.6235795021057, 233.23648929595947, 232.99260473251343, 233.33969521522522, 231.47560787200928, 232.61299467086792, 232.03150248527527, 236.39251685142517, 231.61465287208557, 233.6589732170105, 233.86228919029236, 232.3751847743988, 235.08768010139465, 234.73768734931946, 235.68396735191345, 232.89024114608765, 235.25399947166443, 235.61370944976807, 236.31652688980103, 234.0572657585144, 234.5222451686859, 233.7733871936798, 235.2702238559723, 234.32800459861755, 233.30262804031372, 233.231121301651, 234.20630407333374, 233.73221564292908, 234.65312242507935, 234.7552936077118, 233.3916802406311, 234.59721112251282, 234.88861918449402, 235.02345252037048, 235.68347787857056, 233.1667079925537, 235.01231980323792, 234.6188452243805], "train_losses": [6.604514617287935, 6.575853235436502, 6.55993197313216, 6.551684955085794, 6.5479117079500835, 6.5456185116454195, 6.543683771717498, 6.542630674788876, 6.541616239040396, 6.5412073550373835, 6.541232568850519, 6.540074834597386, 6.540083239201764, 6.539947084610834, 6.539714697299769, 6.5395634144209565, 6.538994842934754, 6.539261689123769, 6.538591421924587, 6.539436504894842, 6.540902267898446, 6.541131713597977, 6.541225424936798, 6.541983100021516, 6.543415664837824, 6.543055527540208, 6.5433303581033835, 6.5438804394599535, 6.544422116212146, 6.544602394976064, 6.5440657609864985, 6.544577601393147, 6.545117597224463, 6.544884369452961, 6.544850330805228, 6.545902587273412, 6.546397618471303, 6.5463072689742345, 6.546407703996557, 6.548152079635307, 6.548359673363455, 6.54790120219461, 6.548873614921199, 6.548766456215373, 6.549129535124522, 6.549298887902749, 6.549679616481093, 6.550512933005217, 6.550108251304395, 6.550178429750955], "val_losses": [6.603720868644068, 6.57516750529661, 6.557619835805085, 6.548734110169492, 6.543413665254238, 6.540707759533898, 6.5386281779661015, 6.537027939618644, 6.5354184322033895, 6.534720603813559, 6.534651747881356, 6.533233580508474, 6.533237552966102, 6.532882018008475, 6.532071636652542, 6.532284163135593, 6.531409560381356, 6.531743908898305, 6.531101694915254, 6.531948490466101, 6.5333083951271185, 6.533579184322034, 6.534005561440678, 6.5349331302966105, 6.536557865466102, 6.536510195974576, 6.536853813559322, 6.537702595338983, 6.538594412076272, 6.539014168432203, 6.538538797669491, 6.539386917372881, 6.5401297669491525, 6.539879502118644, 6.53991061970339, 6.5412109375, 6.541116922669492, 6.541622748940678, 6.54131157309322, 6.543178628177966, 6.543244835805084, 6.543212394067797, 6.543983050847458, 6.544107521186441, 6.544651747881356, 6.544298199152542, 6.544788135593221, 6.545555481991525, 6.5453753972457624, 6.545620365466101], "test_losses": [6.523672752010012, 6.498437974059466, 6.484565808935073, 6.477801572929308, 6.474356345760012, 6.472182783108313, 6.470387875455097, 6.469379313941141, 6.468517710861651, 6.467749141952367, 6.468051354861954, 6.466796875, 6.467149456727852, 6.467007831462379, 6.466788578959345, 6.466651694288531, 6.465749203580097, 6.466202522944478, 6.465452323839503, 6.466358962568265, 6.468206016762743, 6.467657292930825, 6.467731364722391, 6.4688720703125, 6.470025219963592, 6.470080921950849, 6.469933963516383, 6.471020152267901, 6.471463990442961, 6.471586653329794, 6.470748753223605, 6.471391696374393, 6.471540432531857, 6.471052743856189, 6.471414214199029, 6.47240973907767, 6.47258810395176, 6.473030164403823, 6.472658027722997, 6.475244022110133, 6.475399869159587, 6.475041954262743, 6.475880446943265, 6.475943259822512, 6.476798937158677, 6.476093773702973, 6.476856416868932, 6.477401585254855, 6.477161592650182, 6.476656719318871], "status": "OK"}