{"data": "data/ptb", "recepie_id": 2009732, "recepies_list_path": "data/new_recepies_fix.json", "cuda": true, "batch_size": 20, "model": "CustomRNN", "emsize": 400, "nhid": 600, "nlayers": 3, "dropout": 0.1, "dropouth": 0.25, "dropouti": 0.4, "dropoute": 0.0, "wdrop": 0.1, "tied": true, "bptt": 70, "lr": 0.001, "wdecay": 1.2e-06, "epochs": 50, "alpha": 2, "beta": 1, "log_interval": 200, "clip": 0.25, "eval_batch_size": 50, "recepie": "{\"node_0\": {\"op\": \"linear\", \"input\": [\"x\", \"h_prev_1\"]}, \"node_1\": {\"op\": \"activation_sigm\", \"input\": [\"node_0\"]}, \"node_2\": {\"op\": \"linear\", \"input\": [\"h_prev_1\", \"node_1\"]}, \"node_4\": {\"op\": \"linear\", \"input\": [\"node_1\", \"h_new_1\"]}, \"node_5\": {\"op\": \"activation_leaky_relu\", \"input\": [\"node_4\"]}, \"node_8\": {\"op\": \"linear\", \"input\": [\"x\", \"h_prev_0\", \"node_5\"]}, \"node_9\": {\"op\": \"activation_tanh\", \"input\": [\"node_8\"]}, \"h_new_0\": {\"op\": \"linear\", \"input\": [\"node_5\", \"node_9\", \"node_1\"]}, \"h_new_1\": {\"op\": \"activation_sigm\", \"input\": [\"node_2\"]}}", "experiment_id": 999928357, "init_time": "2020-05-11_20-21-09", "num_params": 14498000, "wall_times": [266.71204113960266, 266.23738861083984, 265.7798488140106, 264.2814338207245, 261.038920879364, 261.37507224082947, 261.54364371299744, 261.3804180622101, 261.3311870098114, 261.28487634658813, 261.4911344051361, 261.4128782749176, 261.46582865715027, 261.34784412384033, 261.2634389400482, 261.28990650177, 261.19941687583923, 261.44909620285034, 261.28489542007446, 261.3234372138977, 261.31701469421387, 261.3662886619568, 261.5437870025635, 261.4994912147522, 261.2487678527832, 261.3569211959839, 261.3421199321747, 261.1598446369171, 261.20142674446106, 261.2014169692993, 261.48764657974243, 261.10305881500244, 261.1668894290924, 261.2092742919922, 261.4479522705078, 261.17437958717346, 261.34048080444336, 261.56655263900757, 261.79556035995483, 261.7200710773468, 261.27369356155396, 265.58175230026245, 264.44435143470764, 264.4322564601898, 264.30416440963745, 264.43754506111145, 264.3013961315155, 264.0870952606201, 264.5295310020447, 264.42909049987793], "train_losses": [5.716401333306439, 5.443042836587596, 5.264347920364693, 5.133808445618848, 5.05074237870475, 4.995635488946264, 4.95383897114195, 4.899141805846916, 4.860955906083589, 4.821380725216502, 4.8040579951320534, 4.782588433247271, 4.754728010193104, 4.725805665375719, 4.695999996638158, 4.679303829810123, 4.672449034479049, 4.6446264321445865, 4.638008646656985, 4.626887674143402, 4.601986092060675, 4.584617977112582, 4.58390022389866, 4.570178026329945, 4.562515968748319, 4.561190562637836, 4.531574417729009, 4.531498356059384, 4.516302411112904, 4.505777745279974, 4.496093539884891, 4.48520243330106, 4.492011423538271, 4.4824226104028835, 4.472473239739659, 4.469773260583078, 4.454591603464042, 4.457490351514173, 4.4547592753213925, 4.4380307507665, 4.4311931848744015, 4.432630792453337, 4.429430319106019, 4.4162296272389865, 4.41612709106557, 4.419398163089667, 4.4253872841697595, 4.416861653488247, 4.392514355064279, 4.397184373487171], "val_losses": [5.743034957627119, 5.509589512711864, 5.359834149894068, 5.264179025423728, 5.200821967690678, 5.1572735699152545, 5.136663466631356, 5.102926046080508, 5.0761371159957624, 5.0507541048728815, 5.0422811837923724, 5.027945577330509, 5.015686242055085, 4.997602290783898, 4.981002052436441, 4.971215903072034, 4.967941604872881, 4.957216631355932, 4.952681408898305, 4.952737023305085, 4.938619570974576, 4.92895358845339, 4.930091035487288, 4.923004502118644, 4.91891452595339, 4.9199169094279664, 4.9038800979872885, 4.90516452595339, 4.89744968220339, 4.889338254766949, 4.890760394597458, 4.880205574682203, 4.8924897378177965, 4.880710738877118, 4.877331832627118, 4.8736089777542375, 4.867843617584746, 4.872960143008474, 4.872668498411017, 4.863031647245763, 4.859089314088983, 4.857597325211865, 4.865623675847457, 4.860105601165254, 4.864529594809322, 4.861709149894068, 4.868624205508475, 4.857967756885593, 4.848609639830508, 4.855497219279661], "test_losses": [5.687993614418993, 5.462654780415655, 5.314360683404126, 5.213590455286711, 5.153698374924151, 5.105731853003641, 5.089172955855583, 5.048493320502124, 5.025224111612561, 5.001003228344963, 4.994471281477549, 4.978267928929005, 4.964174141004247, 4.9485838066027, 4.930573991201456, 4.922247432967992, 4.918859389221784, 4.909600415276092, 4.902326861631523, 4.90020277893659, 4.884814808669599, 4.875703385732706, 4.87887928786787, 4.870401919466778, 4.865917909492567, 4.872590000189624, 4.854644479103459, 4.857096255404278, 4.849920476524575, 4.841134376896238, 4.840265662924757, 4.832675970873787, 4.844032361669448, 4.83340098556963, 4.826661637685831, 4.829294445445236, 4.821260618932039, 4.825086575109982, 4.822896124089806, 4.813126054782312, 4.810587466341778, 4.809684086771845, 4.818146640814624, 4.81040732374469, 4.814747041868932, 4.814562454964351, 4.819419490480886, 4.813674482327063, 4.804297289802033, 4.80581309494463], "status": "OK"}