{"data": "data/ptb", "recepie_id": 2008193, "recepies_list_path": "data/new_recepies_fix.json", "cuda": true, "batch_size": 20, "model": "CustomRNN", "emsize": 400, "nhid": 600, "nlayers": 3, "dropout": 0.1, "dropouth": 0.25, "dropouti": 0.4, "dropoute": 0.0, "wdrop": 0.1, "tied": true, "bptt": 70, "lr": 0.001, "wdecay": 1.2e-06, "epochs": 50, "alpha": 2, "beta": 1, "log_interval": 200, "clip": 0.25, "eval_batch_size": 50, "recepie": "{\"node_0\": {\"op\": \"linear\", \"input\": [\"x\", \"h_prev_1\"]}, \"node_1\": {\"op\": \"activation_sigm\", \"input\": [\"node_0\"]}, \"node_4\": {\"op\": \"linear\", \"input\": [\"h_prev_1\", \"node_1\"]}, \"node_5\": {\"op\": \"activation_leaky_relu\", \"input\": [\"node_4\"]}, \"node_8\": {\"op\": \"linear\", \"input\": [\"h_prev_1\", \"node_1\"]}, \"node_9\": {\"op\": \"activation_sigm\", \"input\": [\"node_8\"]}, \"node_10\": {\"op\": \"linear\", \"input\": [\"h_prev_0\", \"node_5\"]}, \"node_11\": {\"op\": \"activation_sigm\", \"input\": [\"node_10\"]}, \"node_19\": {\"op\": \"linear\", \"input\": [\"node_1\", \"h_prev_1\"]}, \"h_new_0\": {\"op\": \"activation_leaky_relu\", \"input\": [\"node_19\"]}, \"h_new_1\": {\"op\": \"linear\", \"input\": [\"node_9\", \"node_11\"]}}", "experiment_id": 999986620, "init_time": "2020-05-13_20-20-17", "num_params": 14539600, "wall_times": [305.17938446998596, 311.9260604381561, 312.4037756919861, 304.65059757232666, 318.34563064575195, 315.8659543991089, 316.9203791618347, 307.71477365493774, 304.79427194595337, 322.65677285194397, 315.65919375419617, 314.4495186805725, 306.87104773521423, 320.1214554309845, 317.00065326690674, 313.1388568878174, 313.4887800216675, 311.9032964706421, 318.05047845840454, 321.98190236091614, 308.09341955184937, 308.0616509914398, 317.18253445625305, 318.4966516494751, 321.06256914138794, 309.7577166557312, 313.89443469047546, 314.94642066955566, 321.89898014068604, 314.2595510482788, 302.73954820632935, 296.2100384235382, 308.54227924346924, 301.91616892814636, 304.0401668548584, 308.82736229896545, 306.5128667354584, 302.812447309494, 302.2331578731537, 307.3176052570343, 297.0261688232422, 306.92765045166016, 298.22268772125244, 297.9642505645752, 304.40223121643066, 295.9779212474823, 309.62293553352356, 306.83660197257996, 299.335001707077, 296.941344499588], "train_losses": [6.099052464902372, 5.88319112742725, 5.761884951051584, 5.649753661045668, 5.563793048383626, 5.495988062099941, 5.43814001062342, 5.378482027593997, 5.343119654671615, 5.292692448631058, 5.2646004787262655, 5.2317359542251625, 5.204471837851648, 5.178715087273412, 5.158301563928783, 5.138058233822817, 5.113315498762843, 5.099906372707224, 5.08571898028616, 5.064017451320532, 5.051349191140875, 5.041888127992039, 5.027935644263353, 5.017545872330698, 5.000613536119627, 4.991805510730999, 4.979857525146576, 4.982374704157926, 4.964287155075036, 4.954110860093594, 4.943541229627239, 4.937627749986553, 4.927746876849013, 4.920389486176107, 4.909468963476951, 4.906368084691517, 4.895567747834974, 4.88722996006132, 4.882504891479749, 4.879551933731375, 4.870718694529611, 4.863312136921091, 4.857433956618794, 4.8547100243397345, 4.845387216932925, 4.839317411650799, 4.8332841663977195, 4.830337091872411, 4.823448257893604, 4.820812994190738], "val_losses": [6.1126946504237285, 5.913050185381356, 5.808089909957627, 5.7116810116525425, 5.637203389830509, 5.582115995762712, 5.535711069915254, 5.487000132415254, 5.46012016684322, 5.423221332097458, 5.4018160752118645, 5.379216432733051, 5.360787208686441, 5.344047934322034, 5.330818988347458, 5.316758805614406, 5.305093683792373, 5.293265029131356, 5.2869153866525425, 5.273794028072034, 5.266580045021186, 5.259765956038136, 5.251764764300847, 5.247985632944915, 5.235322431144068, 5.235202926377118, 5.224629568326272, 5.227258673199152, 5.219032375529661, 5.212544690148305, 5.207468220338983, 5.205113546080509, 5.202503972457627, 5.196686308262712, 5.189064155190678, 5.186882944915254, 5.181906779661017, 5.17561970338983, 5.176357256355932, 5.17464314088983, 5.170753773834746, 5.164671941207627, 5.163512314618644, 5.163305415783898, 5.156246358580509, 5.153905918961865, 5.152731064618644, 5.148173662605932, 5.146207958156779, 5.145703787076271], "test_losses": [6.056073531363774, 5.858593394455401, 5.753744477207221, 5.651868505385315, 5.578969418423847, 5.523550089123179, 5.481091545623483, 5.430936646692961, 5.407419149158071, 5.365891539934769, 5.344969517976335, 5.324954134746663, 5.303991817733617, 5.286395915503641, 5.27118393981341, 5.258431740177488, 5.241282046419903, 5.234225671268204, 5.224529377465109, 5.210683878185679, 5.202997003944175, 5.195213540086469, 5.188844551160497, 5.182397342422633, 5.170948213743932, 5.166790712226942, 5.15772195464199, 5.163891838592233, 5.150097893279733, 5.144752280226031, 5.138052634822512, 5.136930891611044, 5.129732891193871, 5.127114897792779, 5.119810233995753, 5.11852553284284, 5.112091953314624, 5.107277879437197, 5.105964734716323, 5.103466441330401, 5.099409084875607, 5.094920926881068, 5.09228989684466, 5.089792788607403, 5.085696322246663, 5.081094982554611, 5.080437817619842, 5.075944326456311, 5.073084562727549, 5.073310926122573], "status": "OK"}