{"data": "data/ptb", "recepie_id": 2000052, "recepies_list_path": "data/new_recepies_fix.json", "cuda": true, "batch_size": 20, "model": "CustomRNN", "emsize": 400, "nhid": 600, "nlayers": 3, "dropout": 0.1, "dropouth": 0.25, "dropouti": 0.4, "dropoute": 0.0, "wdrop": 0.1, "tied": true, "bptt": 70, "lr": 0.001, "wdecay": 1.2e-06, "epochs": 50, "alpha": 2, "beta": 1, "log_interval": 200, "clip": 0.25, "eval_batch_size": 50, "recepie": "{\"node_0\": {\"op\": \"linear\", \"input\": [\"x\", \"h_prev_0\"]}, \"node_1\": {\"op\": \"activation_sigm\", \"input\": [\"node_0\"]}, \"node_2\": {\"op\": \"linear\", \"input\": [\"node_1\", \"h_prev_0\"]}, \"node_3\": {\"op\": \"activation_leaky_relu\", \"input\": [\"node_2\"]}, \"node_7\": {\"op\": \"linear\", \"input\": [\"h_prev_0\", \"node_3\"]}, \"h_new_0\": {\"op\": \"activation_tanh\", \"input\": [\"node_7\"]}}", "experiment_id": 999981919, "init_time": "2020-05-11_22-16-27", "num_params": 9254800, "wall_times": [145.98413610458374, 142.60162234306335, 144.17896962165833, 146.25819611549377, 144.08421111106873, 142.7531774044037, 139.0709638595581, 141.01508927345276, 135.61403155326843, 135.1771206855774, 135.14924597740173, 133.0087375640869, 133.02411460876465, 132.61177802085876, 132.91103148460388, 132.36338186264038, 133.44708371162415, 132.3199920654297, 134.4111499786377, 132.2313416004181, 133.05696487426758, 132.3419668674469, 132.82732391357422, 132.55250668525696, 132.72265219688416, 132.3171191215515, 133.9335117340088, 131.95181250572205, 133.10038709640503, 132.88796401023865, 133.48585104942322, 132.88094544410706, 132.3825352191925, 133.00389671325684, 132.37537741661072, 133.4523527622223, 132.10799551010132, 132.81978487968445, 141.0003445148468, 142.14283752441406, 141.82822608947754, 141.6635446548462, 141.88205432891846, 141.73057651519775, 141.072744846344, 140.8669729232788, 141.84454727172852, 141.66563296318054, 141.78513932228088, 141.58968949317932], "train_losses": [6.1825068245387556, 5.894412534963155, 5.719832933274165, 5.565605921548061, 5.4544453633478565, 5.3696017226077135, 5.298805957855952, 5.241119695013716, 5.198565081894465, 5.151953986471948, 5.110493652842774, 5.080710256306815, 5.052749398230326, 5.023739645527406, 4.999064987762896, 4.9808131286644075, 4.951686972190845, 4.933508233150449, 4.918643429616481, 4.906660564923888, 4.885635186380506, 4.869526501398526, 4.855791696923243, 4.844973290167285, 4.830860278494971, 4.823357067936098, 4.802613243639396, 4.798702581222097, 4.785775038997365, 4.772587794497338, 4.768534253805605, 4.756187469743424, 4.746565458420741, 4.7367556041902, 4.729851641923512, 4.720081289333549, 4.713717322898177, 4.708726668818246, 4.699369402533484, 4.696704302485073, 4.686742324915282, 4.681675188935507, 4.671526629148513, 4.668148818648809, 4.662410154779194, 4.661633569334624, 4.651208077833361, 4.640593062503362, 4.641993269592814, 4.629327530794471], "val_losses": [6.193994968220339, 5.922849576271187, 5.766796875, 5.628789724576271, 5.5354949020127115, 5.466903469279661, 5.413942002118644, 5.369348516949152, 5.338573556673729, 5.304448490466101, 5.274947033898305, 5.250427039194915, 5.229811970338983, 5.2100562764830505, 5.200194650423729, 5.180876920021187, 5.163232918432203, 5.1487960143008475, 5.142578125, 5.13233547404661, 5.11996689618644, 5.106104012182203, 5.098228614936441, 5.092629104872882, 5.08381686970339, 5.077188162076271, 5.0625761387711865, 5.058096199682203, 5.053861559851695, 5.042423199152543, 5.044760659427966, 5.034842425847458, 5.029091300317797, 5.023285553495763, 5.020070180084746, 5.011582693326271, 5.006756157309322, 5.004158501059322, 5.000330707097458, 4.994177039194915, 4.988488148834746, 4.985872285487289, 4.979443193855932, 4.977133209745762, 4.974377317266949, 4.970508805614407, 4.96727919756356, 4.95573987023305, 4.958536811440678, 4.949987420550848], "test_losses": [6.140959804497876, 5.871193895062197, 5.721260144872573, 5.583106772413531, 5.489813647223908, 5.418174373293386, 5.364296329831614, 5.317407700621966, 5.287525362181432, 5.24896714293841, 5.22112800079642, 5.196739418992719, 5.177277500189624, 5.155806161824939, 5.143939860816141, 5.130241319971177, 5.109583586165049, 5.094463459496359, 5.085904315837379, 5.079685840791869, 5.067314073877427, 5.054996823801578, 5.044758324484223, 5.038512591019417, 5.033538522072209, 5.025755058214503, 5.010174501289442, 5.008286559466019, 5.004297941633799, 4.991539816254551, 4.995450214274879, 4.986143834382585, 4.978614584913531, 4.973302748596784, 4.971080002275485, 4.963754005802488, 4.957018213364685, 4.954914278197057, 4.949840360474818, 4.945575010429308, 4.938346788721177, 4.938291383021086, 4.931222563808404, 4.928332578788683, 4.925380077176881, 4.923892715602245, 4.919105011282615, 4.909782039309011, 4.913014236005765, 4.902493078731796], "status": "OK"}