{"data": "data/ptb", "recepie_id": 2000794, "recepies_list_path": "data/new_recepies_fix.json", "cuda": true, "batch_size": 20, "model": "CustomRNN", "emsize": 400, "nhid": 600, "nlayers": 3, "dropout": 0.1, "dropouth": 0.25, "dropouti": 0.4, "dropoute": 0.0, "wdrop": 0.1, "tied": true, "bptt": 70, "lr": 0.001, "wdecay": 1.2e-06, "epochs": 50, "alpha": 2, "beta": 1, "log_interval": 200, "clip": 0.25, "eval_batch_size": 50, "recepie": "{\"node_1\": {\"op\": \"linear\", \"input\": [\"h_prev_1\", \"h_prev_0\"]}, \"node_2\": {\"op\": \"activation_tanh\", \"input\": [\"node_1\"]}, \"node_8\": {\"op\": \"linear\", \"input\": [\"x\", \"h_prev_2\"]}, \"node_9\": {\"op\": \"activation_sigm\", \"input\": [\"node_8\"]}, \"node_15\": {\"op\": \"activation_sigm\", \"input\": [\"h_new_0\"]}, \"node_19\": {\"op\": \"linear\", \"input\": [\"node_9\", \"node_15\"]}, \"h_new_0\": {\"op\": \"linear\", \"input\": [\"node_9\", \"node_2\"]}, \"h_new_1\": {\"op\": \"linear\", \"input\": [\"node_15\", \"x\"]}, \"h_new_2\": {\"op\": \"activation_leaky_relu\", \"input\": [\"node_19\"]}}", "experiment_id": 999900480, "init_time": "2020-05-11_15-55-53", "num_params": 12738000, "wall_times": [245.81854939460754, 241.15296697616577, 239.5974042415619, 239.0418028831482, 240.03466486930847, 240.14284992218018, 239.23490071296692, 240.50829529762268, 241.47875809669495, 241.4162106513977, 240.61527490615845, 237.7571246623993, 240.0824522972107, 240.03874945640564, 240.02322340011597, 237.34637451171875, 239.1104772090912, 241.01502537727356, 241.56503629684448, 240.12024807929993, 241.0856807231903, 239.62806582450867, 238.77888536453247, 238.47564053535461, 239.12671637535095, 240.2277615070343, 240.40119051933289, 240.43848252296448, 239.81758165359497, 240.4103446006775, 240.28408074378967, 239.97816514968872, 240.83452796936035, 241.77523827552795, 238.9073987007141, 242.2915620803833, 239.01491570472717, 241.26403546333313, 240.51676225662231, 238.93802905082703, 237.89305448532104, 240.089182138443, 240.4348337650299, 237.3571698665619, 239.92065858840942, 238.88520503044128, 239.01685309410095, 237.84893679618835, 238.43082118034363, 239.3876085281372], "train_losses": [5.8869790826206225, 5.604206168307245, 5.451718069227045, 5.295204164649562, 5.194117365257383, 5.118773028615997, 5.056900432332849, 4.996202799741811, 4.956692334328438, 4.927659889193696, 4.870997727394976, 4.852122666881825, 4.812273495912001, 4.769955052175784, 4.7541959987359474, 4.719370259803131, 4.688887600182884, 4.675283067075466, 4.657290910252272, 4.625666485127212, 4.620803160803614, 4.5998046769942444, 4.592857010784789, 4.573401612339304, 4.543139573583992, 4.541383431499113, 4.542852976574687, 4.498465319240493, 4.500143718734872, 4.482462112043462, 4.471180191356033, 4.451732357054489, 4.4467047227152925, 4.432123154348878, 4.434650418885482, 4.405827668629982, 4.400709684793718, 4.400028491608843, 4.382922600317358, 4.371087236431607, 4.3720886450433, 4.346909290785864, 4.360374307460599, 4.338855998870422, 4.339100152627616, 4.342166992765317, 4.322259426604271, 4.3230994668118985, 4.318179411408746, 4.303429330724544], "val_losses": [5.907276218220339, 5.656783633474577, 5.5354429290254235, 5.401972325211864, 5.319885460805085, 5.2568607653601696, 5.215587592690678, 5.172257018008475, 5.148783103813559, 5.126780985169492, 5.0850125794491525, 5.083261056673729, 5.049686837923729, 5.025243644067797, 5.01844345868644, 4.994414393538135, 4.975793829449152, 4.971672404661017, 4.965127780720339, 4.942404661016949, 4.943247815148305, 4.94212592690678, 4.930724311440678, 4.926594610699152, 4.908892677436441, 4.910086069915255, 4.917690677966101, 4.8902174920550845, 4.895701469809322, 4.885578654661017, 4.875427370233051, 4.870467094809322, 4.8673050185381355, 4.861179488877118, 4.862307997881356, 4.846765426377119, 4.845322762182203, 4.85048828125, 4.845066538665254, 4.831035818326272, 4.83656018273305, 4.817732057733051, 4.826777012711864, 4.821359242584745, 4.823631488347457, 4.818679819915254, 4.816485368114407, 4.8171054025423725, 4.8166515492584745, 4.813068392478813], "test_losses": [5.867016246017901, 5.624391426160497, 5.494541205248787, 5.358972049453883, 5.282564329869539, 5.223286156515473, 5.178761898892597, 5.134365044751213, 5.106726192733617, 5.090382992642597, 5.047866969432645, 5.046886851486651, 5.012752792210255, 4.985213492680522, 4.983876052412015, 4.958871193302488, 4.939767189396238, 4.936829205855583, 4.930665840222997, 4.908778514676881, 4.909952108142446, 4.901727176407008, 4.896657406705097, 4.887982118476942, 4.871504404012439, 4.87707993590716, 4.87664320862409, 4.848767326873483, 4.85658249345798, 4.846226071848453, 4.836701920888956, 4.829246446924302, 4.823768393507281, 4.819659186798392, 4.823202188732554, 4.800180972201153, 4.803477166925819, 4.804891938144721, 4.799431958244842, 4.789130053473908, 4.794948244557797, 4.773271579186893, 4.782826247724515, 4.774917750682645, 4.780867493268356, 4.775742021579187, 4.772265091683101, 4.775092263823574, 4.772587452119994, 4.768746385296572], "status": "OK"}