{"data": "data/ptb", "recepie_id": 2008936, "recepies_list_path": "data/new_recepies_fix.json", "cuda": true, "batch_size": 20, "model": "CustomRNN", "emsize": 400, "nhid": 600, "nlayers": 3, "dropout": 0.1, "dropouth": 0.25, "dropouti": 0.4, "dropoute": 0.0, "wdrop": 0.1, "tied": true, "bptt": 70, "lr": 0.001, "wdecay": 1.2e-06, "epochs": 50, "alpha": 2, "beta": 1, "log_interval": 200, "clip": 0.25, "eval_batch_size": 50, "recepie": "{\"node_0\": {\"op\": \"linear\", \"input\": [\"h_prev_1\", \"x\"]}, \"node_1\": {\"op\": \"activation_sigm\", \"input\": [\"node_0\"]}, \"node_3\": {\"op\": \"linear\", \"input\": [\"node_1\", \"x\", \"h_prev_1\"]}, \"node_4\": {\"op\": \"activation_leaky_relu\", \"input\": [\"node_3\"]}, \"node_7\": {\"op\": \"linear\", \"input\": [\"node_4\", \"node_1\"]}, \"node_15\": {\"op\": \"linear\", \"input\": [\"h_new_0\", \"h_prev_0\"]}, \"h_new_0\": {\"op\": \"activation_sigm\", \"input\": [\"node_7\"]}, \"h_new_1\": {\"op\": \"activation_leaky_relu\", \"input\": [\"node_15\"]}}", "experiment_id": 999931627, "init_time": "2020-05-12_04-35-10", "num_params": 11856400, "wall_times": [217.74132776260376, 217.27100825309753, 216.6265640258789, 212.13097882270813, 213.53589487075806, 213.54519057273865, 215.4807722568512, 211.5925853252411, 212.63361811637878, 211.49724912643433, 213.56791973114014, 213.75609159469604, 213.92151546478271, 214.46337270736694, 213.28764986991882, 215.77701473236084, 212.95060992240906, 211.69980239868164, 212.9954104423523, 212.30689072608948, 213.930419921875, 213.43130373954773, 213.35192584991455, 211.74058985710144, 214.70786666870117, 211.34299683570862, 212.40374994277954, 213.8239448070526, 212.34870409965515, 213.10622429847717, 213.6454496383667, 213.92803859710693, 214.45835614204407, 213.82843041419983, 212.7167842388153, 213.1201150417328, 213.4382140636444, 212.901597738266, 212.67908000946045, 214.983624458313, 211.6537914276123, 212.87173104286194, 213.2668595314026, 212.6533441543579, 212.77912282943726, 214.60439491271973, 214.66316080093384, 211.51273703575134, 213.71364068984985, 213.2065737247467], "train_losses": [6.236279903582378, 5.9963318104190195, 5.8868332627346565, 5.75984935587112, 5.6696633283578075, 5.611086177451455, 5.561826791189286, 5.515966647167985, 5.470577581222097, 5.43662970321661, 5.396925931902533, 5.368571738341132, 5.344060129901565, 5.320735251600237, 5.30076549136679, 5.280892384083696, 5.264493740250659, 5.248480447528374, 5.236098364127804, 5.2208898122747565, 5.206373379592276, 5.190036929831639, 5.178349066752729, 5.1676790012640526, 5.153871917191114, 5.146004787262654, 5.133214660319509, 5.126637216932925, 5.118925572185466, 5.108818194959927, 5.103934279355602, 5.101447777150234, 5.094841758108762, 5.086193420203324, 5.07846454601689, 5.071267683287612, 5.063896004787263, 5.06021730945081, 5.054041606153515, 5.049829218439029, 5.041947380452907, 5.040167285245549, 5.032069869157119, 5.028335703431768, 5.022747902210747, 5.019701653353773, 5.015618276316498, 5.012889721505029, 5.011022638642354, 5.004217430477112], "val_losses": [6.248463320974576, 6.023741393008475, 5.920882547669492, 5.804953654661017, 5.725797139830508, 5.679723914194915, 5.641030852754238, 5.6041796875, 5.5699271716101695, 5.545185381355933, 5.511462195444915, 5.488924126059322, 5.473665254237289, 5.457638042902542, 5.442537738347458, 5.431894200211865, 5.419774894067797, 5.408660950741526, 5.404638175317797, 5.395321438029661, 5.387152740995763, 5.3755766684322035, 5.371047735699152, 5.364290254237289, 5.3592475503177965, 5.354902674788136, 5.350381686970339, 5.3481097722457624, 5.344780190677966, 5.337912804555085, 5.337492717161017, 5.336475768008475, 5.336482719809322, 5.331205309851695, 5.330030124470339, 5.328761255296611, 5.325115863347458, 5.320471398305084, 5.319010858050848, 5.3180750132415255, 5.318086930614407, 5.310566075211864, 5.310068855932204, 5.307842955508475, 5.310262844279661, 5.30731826006356, 5.307588387182204, 5.30357951536017, 5.307184189618644, 5.3045722987288135], "test_losses": [6.188350936741505, 5.966329333851639, 5.865559698308556, 5.749754674226335, 5.668480141648969, 5.620908866808253, 5.580897062727549, 5.544668845760012, 5.509168310072815, 5.482675496814321, 5.450278865480886, 5.428951522679005, 5.412418106227245, 5.395285597125303, 5.381139662659284, 5.367501564396238, 5.355742519341626, 5.344776931318265, 5.339231620714503, 5.328757276812803, 5.320891445122876, 5.309669272413531, 5.303893450394417, 5.298633760618932, 5.291295912659284, 5.287194113129551, 5.281193112864078, 5.278414531818871, 5.274318065458131, 5.269523546533677, 5.266235944136833, 5.267296652192051, 5.264068899802791, 5.259592000720571, 5.255729601221177, 5.25450949067051, 5.251527064054915, 5.248073540844963, 5.246736693150789, 5.245120150371663, 5.244023887856493, 5.239205665958738, 5.237825560338289, 5.235874213061287, 5.235602221442658, 5.234738248065837, 5.23442892426426, 5.231304279808859, 5.233295922140473, 5.231373611005765], "status": "OK"}