{"data": "data/ptb", "recepie_id": 1008595, "recepies_list_path": "data/models_recepies.json", "cuda": true, "batch_size": 20, "model": "CustomRNN", "emsize": 400, "nhid": 600, "nlayers": 3, "dropout": 0.1, "dropouth": 0.25, "dropouti": 0.4, "dropoute": 0.0, "wdrop": 0.1, "tied": true, "bptt": 70, "lr": 0.001, "wdecay": 1.2e-06, "epochs": 50, "alpha": 2, "beta": 1, "log_interval": 200, "clip": 0.25, "eval_batch_size": 50, "recepie": "{\"node_1\": {\"op\": \"linear\", \"input\": [\"x\", \"h_prev_0\"]}, \"node_2\": {\"op\": \"activation_leaky_relu\", \"input\": [\"node_1\"]}, \"node_3\": {\"op\": \"linear\", \"input\": [\"h_prev_1\", \"node_2\"]}, \"node_7\": {\"op\": \"linear\", \"input\": [\"node_2\", \"h_prev_0\"]}, \"node_8\": {\"op\": \"activation_leaky_relu\", \"input\": [\"node_7\"]}, \"node_11\": {\"op\": \"linear\", \"input\": [\"h_prev_0\", \"node_8\"]}, \"h_new_0\": {\"op\": \"activation_sigm\", \"input\": [\"node_3\"]}, \"h_new_1\": {\"op\": \"activation_leaky_relu\", \"input\": [\"node_11\"]}}", "experiment_id": 999976780, "init_time": "2020-04-16_06-27-03", "num_params": 11016400, "wall_times": [238.40975379943848, 191.69269227981567, 190.8647964000702, 187.18559312820435, 187.43175292015076, 188.24160385131836, 186.11854195594788, 188.28029084205627, 187.96772027015686, 190.64130687713623, 186.06728410720825, 181.03409028053284, 185.9825930595398, 188.672611951828, 186.708824634552, 188.07716751098633, 185.39902997016907, 189.18046593666077, 185.3013243675232, 188.58652353286743, 189.49281978607178, 190.8624176979065, 188.79641556739807, 189.87489247322083, 189.29863858222961, 188.62380623817444, 188.53973245620728, 186.62190675735474, 190.17539954185486, 187.8121645450592, 188.26713132858276, 186.20588755607605, 185.6940417289734, 190.70603728294373, 189.5423080921173, 188.09685349464417, 189.2215564250946, 185.65564608573914, 187.89167284965515, 183.25181913375854, 188.28455352783203, 190.56534099578857, 187.80323433876038, 186.0353662967682, 187.4085099697113, 185.4263641834259, 189.2281849384308, 186.00383949279785, 186.38234543800354, 191.11235666275024], "train_losses": [6.283589841858964, 6.059615119547093, 5.900507133828197, 5.759108910225378, 5.648225703969663, 5.572965413372062, 5.502708803991179, 5.442547385159486, 5.383090272174708, 5.33488776491313, 5.292934081006939, 5.256290846377279, 5.224561363697488, 5.192293986337475, 5.162609343902964, 5.136413452745952, 5.116284845489753, 5.094906473562476, 5.070288126647302, 5.048229401995589, 5.02759357686515, 5.010824710209241, 4.995780048141574, 4.975112285514497, 4.958544288903233, 4.943317246920553, 4.928288973831424, 4.918248413210693, 4.901571576972729, 4.888063696815664, 4.875763558307783, 4.86279357283094, 4.856252269243182, 4.845383014630736, 4.8353130378946805, 4.825083373675434, 4.814176298343284, 4.804142461406057, 4.79785833871228, 4.7914989948093165, 4.780417103706094, 4.771708252649131, 4.76599564305309, 4.754535964983057, 4.751700671695982, 4.742403498332527, 4.736071889624012, 4.723367489645527, 4.7179776168576195, 4.709691937631112], "val_losses": [6.2977754237288135, 6.083587791313559, 5.9331349311440675, 5.803558659957627, 5.704365068855933, 5.642029925847457, 5.5819504766949155, 5.533867849576271, 5.483084944385594, 5.449280654131356, 5.413941009004238, 5.388531845868644, 5.362210010593221, 5.339418697033898, 5.31657077595339, 5.301591962394068, 5.2839535884533895, 5.272769796080508, 5.255583951271187, 5.239426310911017, 5.2269134004237285, 5.218776814088983, 5.209066803495762, 5.194111824682204, 5.181555879237288, 5.1759010858050845, 5.167521186440678, 5.164789459745763, 5.154341896186441, 5.145684255826271, 5.136289393538136, 5.12993015095339, 5.1282262976694915, 5.122074615995762, 5.118826138771187, 5.110599510063559, 5.105707759533899, 5.105553495762712, 5.095037738347457, 5.0949404131355935, 5.0922189486228815, 5.08325046345339, 5.081144729872881, 5.073573225635593, 5.076517478813559, 5.072277211334746, 5.066352621822034, 5.065346265889831, 5.055287341101695, 5.051400291313559], "test_losses": [6.231106359981796, 6.025718911180219, 5.877092972542476, 5.749541347466626, 5.647076949332524, 5.582016435641687, 5.524975230392901, 5.475337648854672, 5.425443482630461, 5.388785649271845, 5.354366561741505, 5.327843527192051, 5.304076555863167, 5.281554583206917, 5.258845949635922, 5.241627517255765, 5.223821251137743, 5.213677563713592, 5.196300913986651, 5.178683679080704, 5.166023921040655, 5.155640833586165, 5.146404970039442, 5.132280960823726, 5.12023451721784, 5.111219683897148, 5.102336994652609, 5.099303606644417, 5.087061020934466, 5.077890933138653, 5.070186281667172, 5.062561627730583, 5.059591645175971, 5.055857834306735, 5.049043229482706, 5.043366959951456, 5.037742836961469, 5.036600946222694, 5.028472604103459, 5.027666703011226, 5.023511571791565, 5.015920694591929, 5.012806123900182, 5.004267127768507, 5.005806635884405, 5.002644066671723, 4.996849282273969, 4.995187111271238, 4.986712113167476, 4.983505100879855], "status": "OK"}