{"data": "data/ptb", "recepie_id": 2004719, "recepies_list_path": "data/new_recepies_fix.json", "cuda": true, "batch_size": 20, "model": "CustomRNN", "emsize": 400, "nhid": 600, "nlayers": 3, "dropout": 0.1, "dropouth": 0.25, "dropouti": 0.4, "dropoute": 0.0, "wdrop": 0.1, "tied": true, "bptt": 70, "lr": 0.001, "wdecay": 1.2e-06, "epochs": 50, "alpha": 2, "beta": 1, "log_interval": 200, "clip": 0.25, "eval_batch_size": 50, "recepie": "{\"node_0\": {\"op\": \"linear\", \"input\": [\"x\", \"h_prev_1\"]}, \"node_1\": {\"op\": \"activation_sigm\", \"input\": [\"node_0\"]}, \"node_2\": {\"op\": \"linear\", \"input\": [\"x\", \"h_prev_1\"]}, \"node_3\": {\"op\": \"activation_leaky_relu\", \"input\": [\"node_2\"]}, \"node_4\": {\"op\": \"linear\", \"input\": [\"node_1\", \"node_3\"]}, \"node_5\": {\"op\": \"activation_leaky_relu\", \"input\": [\"node_4\"]}, \"node_22\": {\"op\": \"linear\", \"input\": [\"h_prev_0\", \"node_3\", \"node_5\"]}, \"h_new_0\": {\"op\": \"linear\", \"input\": [\"node_5\", \"node_1\"]}, \"h_new_1\": {\"op\": \"activation_leaky_relu\", \"input\": [\"node_22\"]}}", "experiment_id": 999964628, "init_time": "2020-05-09_15-34-08", "num_params": 13618000, "wall_times": [260.1397912502289, 259.5046458244324, 256.1545889377594, 251.87214350700378, 257.33831763267517, 256.24299025535583, 251.8436315059662, 254.5006763935089, 252.36344480514526, 252.1543745994568, 252.31221890449524, 254.76193976402283, 251.65746569633484, 249.7446093559265, 255.4172558784485, 257.9927897453308, 253.30982303619385, 251.36641144752502, 252.6819941997528, 252.12836742401123, 252.43159198760986, 251.72651028633118, 251.5940239429474, 253.35160279273987, 254.2149064540863, 255.08393263816833, 253.34481954574585, 251.30630159378052, 251.689138174057, 251.09134125709534, 254.26840806007385, 252.70541906356812, 251.2969970703125, 251.6882359981537, 251.3729498386383, 250.49445748329163, 250.31226062774658, 253.70437002182007, 252.43021082878113, 249.98257613182068, 254.69993901252747, 253.5521137714386, 254.08104062080383, 253.59464287757874, 250.78256726264954, 254.01360154151917, 251.6791296005249, 251.06122207641602, 255.11379599571228, 251.3934087753296], "train_losses": [5.856784280700339, 5.570571782045076, 5.40137196761874, 5.279625389973643, 5.191075318702598, 5.116677340514228, 5.061570870985961, 5.004512432090797, 4.95906033161207, 4.924016913425851, 4.884395507234683, 4.851100246759184, 4.824811484723791, 4.801714791431338, 4.772898764859341, 4.754066147598301, 4.7327134097143775, 4.713889197057716, 4.695239800172127, 4.677597274891077, 4.659795902587273, 4.648513981899844, 4.634919534317681, 4.619633660104352, 4.604913415765693, 4.593415916975956, 4.58564459953741, 4.573889499623474, 4.5644280162444195, 4.552629632617934, 4.540102149561616, 4.536527251089237, 4.527334715050293, 4.516124233500081, 4.507325453176268, 4.499526820773492, 4.490065757624657, 4.4844464391372165, 4.471484858264752, 4.467200190952611, 4.4603575822978865, 4.451495767441235, 4.4427259830025285, 4.436852005002421, 4.430113193211769, 4.424480007127104, 4.421506037867785, 4.414502060808994, 4.4090915967403586, 4.399851574686676], "val_losses": [5.8740505826271185, 5.6203012447033895, 5.475351231461865, 5.375384004237288, 5.30616657838983, 5.250347259004237, 5.213973781779661, 5.174535553495763, 5.141929290254238, 5.121159295550847, 5.097959480932204, 5.07888373940678, 5.060485632944915, 5.045986493644068, 5.031376456567797, 5.024523305084746, 5.012163334216102, 5.006140095338983, 4.9939198225635595, 4.987704250529661, 4.982663532838983, 4.975411480402542, 4.967991591631356, 4.964663003177966, 4.959769597457627, 4.955577992584746, 4.951907441737288, 4.949965240995763, 4.9452731064618645, 4.944362420550847, 4.93541545286017, 4.938921808792373, 4.9372133209745765, 4.931424126059322, 4.925335341631356, 4.926062632415254, 4.9235507150423725, 4.91895358845339, 4.915582958156779, 4.917066671080509, 4.91275920286017, 4.908594743114406, 4.9060093352754235, 4.904861626059322, 4.899301840572034, 4.897276218220339, 4.90135295286017, 4.899515360169492, 4.893235566737288, 4.893790717690678], "test_losses": [5.825599448194781, 5.569501265738774, 5.419556256636833, 5.320138875720571, 5.254262979748179, 5.196265359526699, 5.161527467005461, 5.116623961809769, 5.084811016193871, 5.062770806469963, 5.038840877199636, 5.018005963668083, 5.000823678322209, 4.986709150295813, 4.969740191709648, 4.962935364362106, 4.949923024594205, 4.943665439642749, 4.93225334685983, 4.925229859583586, 4.918578212701001, 4.911917973490595, 4.902588779486499, 4.895339225102397, 4.891161279770935, 4.888742687632736, 4.883088047064624, 4.880204284075394, 4.876211518222846, 4.875498947587985, 4.866235825621966, 4.868901521256826, 4.867003209382585, 4.861261164100425, 4.855320013842537, 4.854248343162166, 4.853101711828732, 4.849463601714199, 4.84159391829111, 4.844494865935983, 4.840625948118932, 4.837797294542628, 4.833406911312955, 4.831447564282463, 4.827074069421268, 4.824198602472694, 4.828018632907312, 4.82658164015094, 4.822247255195692, 4.818939505271541], "status": "OK"}