{"data": "data/ptb", "recepie_id": 2001998, "recepies_list_path": "data/new_recepies_fix.json", "cuda": true, "batch_size": 20, "model": "CustomRNN", "emsize": 400, "nhid": 600, "nlayers": 3, "dropout": 0.1, "dropouth": 0.25, "dropouti": 0.4, "dropoute": 0.0, "wdrop": 0.1, "tied": true, "bptt": 70, "lr": 0.001, "wdecay": 1.2e-06, "epochs": 50, "alpha": 2, "beta": 1, "log_interval": 200, "clip": 0.25, "eval_batch_size": 50, "recepie": "{\"node_0\": {\"op\": \"elementwise_prod\", \"input\": [\"h_prev_1\", \"h_prev_0\"]}, \"node_3\": {\"op\": \"linear\", \"input\": [\"x\", \"h_prev_1\", \"h_prev_0\"]}, \"node_5\": {\"op\": \"linear\", \"input\": [\"x\", \"h_prev_1\"]}, \"node_6\": {\"op\": \"activation_tanh\", \"input\": [\"node_5\"]}, \"h_new_0\": {\"op\": \"activation_sigm\", \"input\": [\"node_3\"]}, \"h_new_1\": {\"op\": \"elementwise_prod\", \"input\": [\"node_6\", \"node_0\"]}}", "experiment_id": 999913765, "init_time": "2020-05-10_16-05-42", "num_params": 8333200, "wall_times": [140.64899516105652, 138.61155319213867, 139.38069128990173, 138.570791721344, 138.057785987854, 137.54947543144226, 137.7408366203308, 140.84208917617798, 137.83900117874146, 137.46988558769226, 138.29540085792542, 139.31347608566284, 139.08451962471008, 139.08976316452026, 140.87467694282532, 137.09777688980103, 138.5780942440033, 137.5676646232605, 137.30913996696472, 137.63273525238037, 137.4383454322815, 137.31972098350525, 137.8444163799286, 137.10284614562988, 138.36752104759216, 138.3432285785675, 138.02388310432434, 138.5051987171173, 137.09456849098206, 138.39137029647827, 138.60181307792664, 137.93191719055176, 139.40364837646484, 138.6832206249237, 139.23484802246094, 137.67088150978088, 138.45263290405273, 137.99965476989746, 139.00307154655457, 138.85022354125977, 138.26076102256775, 138.71674847602844, 137.18928122520447, 138.74822235107422, 138.0300657749176, 137.72877669334412, 138.57741522789001, 137.79015803337097, 138.15180850028992, 138.040424823761], "train_losses": [5.940982447824216, 5.682911926469798, 5.548666861653488, 5.439203613307514, 5.338971562180625, 5.274001869184014, 5.216846777338497, 5.173036096094885, 5.132754928460008, 5.104377622236566, 5.071753469420687, 5.039984064870098, 5.012669520870314, 4.992917439890269, 4.969107615916304, 4.953790644666774, 4.938476615028778, 4.922657048437416, 4.907665335377333, 4.892714804878705, 4.883014210505083, 4.86371849954279, 4.853577083669517, 4.843662592114464, 4.830229092706148, 4.820025482760475, 4.812945444032058, 4.803699118525093, 4.794190989591738, 4.783992002178474, 4.782888477623581, 4.771116568500887, 4.764045774837287, 4.755565529019418, 4.747135290597601, 4.743859175810877, 4.729611690468507, 4.723499441934269, 4.71843398687537, 4.7134408114141255, 4.708714902372115, 4.701075957452531, 4.694421191705664, 4.686266204077242, 4.681065434887849, 4.672256148808564, 4.670382342262385, 4.664748315717283, 4.662430746059921, 4.654145066833414], "val_losses": [5.957480799788136, 5.7232819120762715, 5.609244570974576, 5.518394465042373, 5.4422844941737285, 5.391500595868644, 5.351140095338983, 5.32366061970339, 5.296477092161017, 5.28608249470339, 5.265238678495763, 5.244438228283898, 5.225722987288136, 5.21247748940678, 5.205992452330508, 5.195797139830509, 5.1904790121822035, 5.183085275423728, 5.175397576800847, 5.169909295550847, 5.163644398834745, 5.156384732521186, 5.153783434851695, 5.150453191207627, 5.146540982521186, 5.142132878707627, 5.13886122881356, 5.136952131885593, 5.13179985434322, 5.127175913665254, 5.130069186970339, 5.123712261652543, 5.123388506355933, 5.120725966631356, 5.117938625529661, 5.12028171345339, 5.11246623411017, 5.111804157838983, 5.111313559322034, 5.108672206038135, 5.1081485037076275, 5.103935050317797, 5.101700211864407, 5.0973175979872885, 5.09643107786017, 5.094092624470339, 5.092530124470339, 5.092438757944915, 5.092747616525424, 5.089366393008475], "test_losses": [5.899715090260922, 5.669209008077973, 5.557885623672633, 5.465769943681735, 5.384231715526395, 5.334875606796117, 5.294364262553095, 5.265162199446299, 5.237166025106189, 5.222204115784284, 5.202112883040049, 5.180610730810073, 5.164893289214199, 5.152286862864078, 5.143119737939927, 5.133274707979369, 5.126752242301274, 5.11926980620449, 5.110599851145328, 5.104588184541869, 5.100251133002124, 5.091347111081614, 5.089059774158071, 5.086405041148361, 5.079921685376213, 5.077444132091929, 5.074826138690837, 5.072374658677185, 5.068135974476639, 5.06328871643659, 5.065627014752731, 5.060599021541262, 5.057912882091929, 5.057058982478762, 5.055082154505461, 5.056236489305219, 5.047474092650182, 5.046541973225121, 5.044843062613774, 5.042823569288531, 5.04156968200091, 5.036406581841626, 5.035080993059769, 5.03277587890625, 5.031341256447209, 5.028310831310679, 5.02728745543841, 5.026136676084648, 5.026621994462985, 5.023903263425364], "status": "OK"}