{"data": "data/ptb", "recepie_id": 2000637, "recepies_list_path": "data/new_recepies_fix.json", "cuda": true, "batch_size": 20, "model": "CustomRNN", "emsize": 400, "nhid": 600, "nlayers": 3, "dropout": 0.1, "dropouth": 0.25, "dropouti": 0.4, "dropoute": 0.0, "wdrop": 0.1, "tied": true, "bptt": 70, "lr": 0.001, "wdecay": 1.2e-06, "epochs": 50, "alpha": 2, "beta": 1, "log_interval": 200, "clip": 0.25, "eval_batch_size": 50, "recepie": "{\"node_0\": {\"op\": \"linear\", \"input\": [\"h_prev_0\", \"x\"]}, \"node_1\": {\"op\": \"activation_leaky_relu\", \"input\": [\"node_0\"]}, \"node_2\": {\"op\": \"linear\", \"input\": [\"x\", \"node_1\"]}, \"node_3\": {\"op\": \"activation_tanh\", \"input\": [\"node_2\"]}, \"node_9\": {\"op\": \"linear\", \"input\": [\"node_1\", \"node_3\"]}, \"node_10\": {\"op\": \"activation_sigm\", \"input\": [\"node_9\"]}, \"node_12\": {\"op\": \"linear\", \"input\": [\"node_3\", \"node_10\", \"node_1\"]}, \"node_13\": {\"op\": \"activation_sigm\", \"input\": [\"node_12\"]}, \"node_14\": {\"op\": \"linear\", \"input\": [\"node_13\", \"node_1\", \"x\"]}, \"h_new_0\": {\"op\": \"activation_sigm\", \"input\": [\"node_14\"]}}", "experiment_id": 999958023, "init_time": "2020-05-09_19-05-31", "num_params": 14458000, "wall_times": [346.47687101364136, 323.8652513027191, 328.49028635025024, 328.00815176963806, 326.1655101776123, 326.31432127952576, 327.801926612854, 324.6978335380554, 324.44977712631226, 326.6893153190613, 326.45171427726746, 314.5901527404785, 326.05042600631714, 326.1123616695404, 323.0599522590637, 325.15645575523376, 323.628618478775, 326.2984046936035, 323.11267828941345, 322.5492148399353, 329.22121262550354, 327.27663254737854, 324.8185338973999, 326.28756618499756, 325.52015566825867, 320.38336181640625, 327.3498179912567, 328.04758310317993, 323.30692625045776, 326.71809935569763, 325.68591594696045, 318.3697874546051, 328.2344009876251, 327.1494662761688, 325.56611013412476, 326.36594009399414, 326.6585326194763, 327.28303146362305, 325.81685876846313, 316.7257876396179, 320.26988554000854, 327.93766021728516, 327.31965827941895, 328.87567591667175, 326.81830644607544, 326.5591239929199, 324.24931955337524, 326.79116320610046, 327.0251259803772, 328.1853184700012], "train_losses": [5.946565626512829, 5.706848659969878, 5.567075886853854, 5.469134090420096, 5.398123167796245, 5.335341613549567, 5.285402715023398, 5.24017753886289, 5.207105000403421, 5.176644612984777, 5.149760804959389, 5.123957408826851, 5.109259436689796, 5.083724567667151, 5.062006649722984, 5.048551718573504, 5.033502433973428, 5.016822235893712, 5.009472829594965, 4.992779184148244, 4.988728585068044, 4.9741209624280565, 4.962587323839492, 4.950949468156635, 4.94141780633102, 4.928825607820989, 4.923507594400516, 4.906868578882255, 4.901064359098489, 4.891264170162982, 4.884133703808295, 4.870541357377226, 4.863921890968748, 4.8546948960518534, 4.846921477462213, 4.838495021112366, 4.831526763622183, 4.82154965776451, 4.815175185573665, 4.808062789118391, 4.800733974100371, 4.795837451589478, 4.793467773384971, 4.789396583024044, 4.781829077241676, 4.785272443655532, 4.783244412619009, 4.774950749018342, 4.77463179428218, 4.776644697030822], "val_losses": [5.9616419491525425, 5.746667108050848, 5.628881091101695, 5.552441075211864, 5.497917770127119, 5.450458818855933, 5.418526549258474, 5.3905174126059325, 5.3700532971398305, 5.350309520656779, 5.338792703919491, 5.321609176377119, 5.312989605402542, 5.2989479608050845, 5.285820974576271, 5.279260129766949, 5.27263142213983, 5.264421345338983, 5.263241525423729, 5.256044756355932, 5.25635593220339, 5.249003244173728, 5.243744041313559, 5.2387278204449155, 5.236991525423729, 5.231567134533898, 5.230884533898305, 5.223817862817796, 5.220677635063559, 5.218813559322034, 5.217334149894068, 5.2122626456567795, 5.206193061440678, 5.206577396716102, 5.202666843220339, 5.198416975635594, 5.198535818326271, 5.191748543432204, 5.187618842690678, 5.185643538135594, 5.185862023305085, 5.187202065677966, 5.189141618114407, 5.187323225635593, 5.185765029131356, 5.188166710805085, 5.191840903072034, 5.188030654131356, 5.188237884004237, 5.191461202330508], "test_losses": [5.910264098528519, 5.692864575432342, 5.57207540863926, 5.494300027495449, 5.438900845722087, 5.393633499886226, 5.359950982251213, 5.330905358768204, 5.309551942695692, 5.288174823649879, 5.274005186210558, 5.258447739684466, 5.249004475121359, 5.235267416944781, 5.221322957751821, 5.213661564206614, 5.205081680445995, 5.198543215260922, 5.196459131333435, 5.189371942316444, 5.188235977320995, 5.180669988243325, 5.175927615860133, 5.170727776092233, 5.167817643545206, 5.163556441520024, 5.161910862598605, 5.154395242339199, 5.150155965564321, 5.150071820009102, 5.147669523665049, 5.14331291717233, 5.137423913455704, 5.136387500948119, 5.133864319440231, 5.130416129399272, 5.129395716398665, 5.122829992794296, 5.119082552715413, 5.119158994804308, 5.11620382660801, 5.118536791755158, 5.120032449370449, 5.117819184238471, 5.115303113622573, 5.117582747079794, 5.12091301482858, 5.117300089123179, 5.116587222201153, 5.12055154448574], "status": "OK"}