{"data": "data/ptb", "recepie_id": 2010975, "recepies_list_path": "data/new_recepies_fix.json", "cuda": true, "batch_size": 20, "model": "CustomRNN", "emsize": 400, "nhid": 600, "nlayers": 3, "dropout": 0.1, "dropouth": 0.25, "dropouti": 0.4, "dropoute": 0.0, "wdrop": 0.1, "tied": true, "bptt": 70, "lr": 0.001, "wdecay": 1.2e-06, "epochs": 50, "alpha": 2, "beta": 1, "log_interval": 200, "clip": 0.25, "eval_batch_size": 50, "recepie": "{\"node_0\": {\"op\": \"linear\", \"input\": [\"x\", \"h_prev_0\"]}, \"node_1\": {\"op\": \"activation_leaky_relu\", \"input\": [\"node_0\"]}, \"node_5\": {\"op\": \"linear\", \"input\": [\"h_prev_0\", \"x\"]}, \"node_6\": {\"op\": \"activation_sigm\", \"input\": [\"node_5\"]}, \"node_7\": {\"op\": \"linear\", \"input\": [\"x\", \"node_6\"]}, \"node_8\": {\"op\": \"activation_tanh\", \"input\": [\"node_7\"]}, \"h_new_0\": {\"op\": \"linear\", \"input\": [\"node_1\", \"node_8\"]}}", "experiment_id": 999980410, "init_time": "2020-05-12_09-42-23", "num_params": 10936400, "wall_times": [189.49630999565125, 186.84052681922913, 185.1056888103485, 185.2312343120575, 184.91574716567993, 185.13278365135193, 184.88053584098816, 184.8291072845459, 184.78615713119507, 184.87050580978394, 184.96476197242737, 185.04787683486938, 185.19723200798035, 185.17582821846008, 184.91635632514954, 185.35184240341187, 184.72652864456177, 184.6096453666687, 184.5237376689911, 184.58789730072021, 184.74540638923645, 184.66914200782776, 184.71112990379333, 184.79222083091736, 184.67558598518372, 184.45299816131592, 184.87045192718506, 184.48047399520874, 184.7804570198059, 184.46142101287842, 184.70924615859985, 184.29226803779602, 184.72947072982788, 184.50149059295654, 184.80465817451477, 184.64278292655945, 184.76434111595154, 185.90844058990479, 184.72972655296326, 184.67559504508972, 184.76893949508667, 184.5263385772705, 184.72585725784302, 184.80595993995667, 184.76496815681458, 183.8270070552826, 183.97509360313416, 183.80006670951843, 184.4949984550476, 184.638765335083], "train_losses": [5.6294624246947444, 5.339332119708461, 5.1910891862998225, 5.090951686972191, 5.0192637734656556, 4.96422328008176, 4.909867761954709, 4.87568287410575, 4.841832489511054, 4.814667967699425, 4.800017061346888, 4.761600875423592, 4.736865284277338, 4.7246504525039, 4.715302431283955, 4.687391580603518, 4.6717195148189985, 4.662565639960196, 4.639997176052929, 4.631241259211446, 4.640074078182992, 4.60302195955032, 4.599532788042601, 4.600483769028024, 4.584622179414771, 4.573618451132268, 4.564460794201495, 4.557484132106933, 4.533965527674681, 4.538577134097144, 4.522011238636975, 4.534499220052714, 4.536564231348502, 4.520881239578291, 4.502162924936798, 4.496246923914797, 4.491989571566887, 4.489526602253779, 4.488463840030122, 4.476707059195309, 4.474681129309881, 4.457514724866871, 4.467153545398311, 4.459639829083965, 4.446789188989296, 4.433888121268356, 4.441055567882309, 4.438595119950514, 4.440341176510139, 4.431924385455328], "val_losses": [5.6587797934322035, 5.4127396716101694, 5.300768670550847, 5.232271252648305, 5.180309851694915, 5.142553628177966, 5.105436308262711, 5.087520524364407, 5.067214645127119, 5.051773702330508, 5.047532772775424, 5.023537142478814, 5.015624006885593, 5.005432335805085, 4.999552105402542, 4.980281051377118, 4.978295484639831, 4.974759335275424, 4.965665717690678, 4.9588814221398305, 4.9727102092161015, 4.940570709745763, 4.941438360699152, 4.942560579978814, 4.937636056673729, 4.931959414724576, 4.929802370233051, 4.927364936440678, 4.910993445444915, 4.915821967690678, 4.909184984110169, 4.9243114406779664, 4.927102092161017, 4.916182137182203, 4.898684785487288, 4.895989472987288, 4.898096861758474, 4.898872153072034, 4.906496292372881, 4.894919557733051, 4.891414856991525, 4.888212725105932, 4.900550185381356, 4.887669491525424, 4.882495034427966, 4.877144465042373, 4.881272841631356, 4.879643802966101, 4.888697695974576, 4.879880826271187], "test_losses": [5.608835164783071, 5.363021702442355, 5.247735773475425, 5.175570293537621, 5.124240319705704, 5.088843484526699, 5.049818316709648, 5.030464839009405, 5.008502849097391, 4.996989722390777, 4.990588734450849, 4.967720994671572, 4.956166091474515, 4.947628280491505, 4.945580639885467, 4.925915171799151, 4.920470302544751, 4.921725078693871, 4.910266765113016, 4.902917065666717, 4.918181484185376, 4.890474486119539, 4.892781970570389, 4.892360353932797, 4.886737119804308, 4.878654109621511, 4.877379778519417, 4.873914107535649, 4.858356364722391, 4.864405067221632, 4.854810103629399, 4.867722298335103, 4.87317131560983, 4.860196011737712, 4.846608578580097, 4.843556524480431, 4.845381949711772, 4.845741346044448, 4.849969956481341, 4.843402751441141, 4.840110408449636, 4.835498106132433, 4.846030818605886, 4.833848971765018, 4.825349381826456, 4.821121956538228, 4.825506414024575, 4.822740869614685, 4.830766696374393, 4.8254640449598], "status": "OK"}