{"data": "data/ptb", "recepie_id": 2007330, "recepies_list_path": "data/new_recepies_fix.json", "cuda": true, "batch_size": 20, "model": "CustomRNN", "emsize": 400, "nhid": 600, "nlayers": 3, "dropout": 0.1, "dropouth": 0.25, "dropouti": 0.4, "dropoute": 0.0, "wdrop": 0.1, "tied": true, "bptt": 70, "lr": 0.001, "wdecay": 1.2e-06, "epochs": 50, "alpha": 2, "beta": 1, "log_interval": 200, "clip": 0.25, "eval_batch_size": 50, "recepie": "{\"node_2\": {\"op\": \"linear\", \"input\": [\"x\", \"h_prev_0\"]}, \"node_7\": {\"op\": \"linear\", \"input\": [\"h_prev_0\", \"x\"]}, \"node_8\": {\"op\": \"activation_leaky_relu\", \"input\": [\"node_7\"]}, \"node_12\": {\"op\": \"linear\", \"input\": [\"h_prev_0\", \"h_prev_1\", \"node_8\"]}, \"h_new_0\": {\"op\": \"activation_leaky_relu\", \"input\": [\"node_12\"]}, \"h_new_1\": {\"op\": \"activation_leaky_relu\", \"input\": [\"node_2\"]}}", "experiment_id": 999992969, "init_time": "2020-05-18_09-18-12", "num_params": 10094800, "wall_times": [170.40238761901855, 170.681049823761, 169.4079978466034, 170.16149425506592, 170.72419142723083, 171.1974720954895, 170.64246606826782, 170.815532207489, 169.2112455368042, 169.55952954292297, 171.51080060005188, 170.67463326454163, 170.17974400520325, 169.86899662017822, 170.54439449310303, 169.00960874557495, 171.9298758506775, 169.28705310821533, 170.4690306186676, 170.05560946464539, 171.8704297542572, 170.8684663772583, 170.6998884677887, 170.86149334907532, 170.91231203079224, 169.45097279548645, 170.2283730506897, 169.8906409740448, 168.36796593666077, 171.77362632751465, 169.0419373512268, 170.38172554969788, 170.798686504364, 169.92480635643005, 170.0808765888214, 171.0779013633728, 170.2312285900116, 169.72348141670227, 170.8440842628479, 169.9099133014679, 169.6540811061859, 169.35309410095215, 169.5481436252594, 171.00200247764587, 169.36432313919067, 171.8671748638153, 170.55354571342468, 171.01458144187927, 171.15076661109924, 169.87783026695251], "train_losses": [5.844811921763219, 5.457213419799904, 5.240366222231187, 5.10658887364854, 5.000924506481631, 4.920976547791942, 4.860427676698403, 4.798278148700985, 4.754655310365231, 4.708649766688183, 4.6741555893980955, 4.636644999596579, 4.6127393631326985, 4.577077786294444, 4.544606177048034, 4.524205680840192, 4.4992914918508955, 4.480336587596149, 4.456806216717767, 4.443123941019849, 4.424308973428003, 4.407134164380614, 4.391766345274595, 4.376378355118068, 4.358876186730138, 4.348890676268087, 4.334410803614652, 4.323417160857404, 4.311064493572158, 4.2984151437523535, 4.288330879188855, 4.279565297052337, 4.270014724866871, 4.261709715050293, 4.25108881649723, 4.244963961056425, 4.235422213705556, 4.227699222742187, 4.224196603867463, 4.213094541713732, 4.205502662578667, 4.197838924076166, 4.189042244903448, 4.183997381125276, 4.183224997982895, 4.173615173336561, 4.166421252218815, 4.16067502420526, 4.154821217255662, 4.1503928312086495], "val_losses": [5.862725768008475, 5.515805746822034, 5.33679985434322, 5.236244041313559, 5.159155521716102, 5.106189420021186, 5.064493511652542, 5.030877251059322, 5.002333487817797, 4.971232786016949, 4.9512135858050845, 4.933782110699153, 4.92090141684322, 4.901145060911017, 4.893908236228814, 4.877032905190678, 4.8742809851694915, 4.8618458686440675, 4.851956435381356, 4.844582560911017, 4.8374271716101696, 4.832073953919491, 4.8275, 4.8232838983050845, 4.815557468220339, 4.809716962394067, 4.808664261122881, 4.805875264830508, 4.805161877648305, 4.799204846398305, 4.792074284957627, 4.788736096398305, 4.793259401483051, 4.788408368644068, 4.788774165783899, 4.781950807733051, 4.78247517213983, 4.777810182733051, 4.775347259004238, 4.775494570974576, 4.776019928495763, 4.773809255826271, 4.7702578787076275, 4.768132944915254, 4.764298861228814, 4.76688923463983, 4.763873146186441, 4.76505859375, 4.7606346001059325, 4.763857918432203], "test_losses": [5.826199133419296, 5.473263046116505, 5.293384144607099, 5.190893673202367, 5.112488978117415, 5.057016317126821, 5.014882504361347, 4.976045182607706, 4.947883383741656, 4.922257803018811, 4.902235012609982, 4.882242443492111, 4.871474479008647, 4.852570468939624, 4.840547432019872, 4.828383066121814, 4.819797552905037, 4.811687284302943, 4.80174033155719, 4.79415063950622, 4.787826093655188, 4.783867697113926, 4.775359514847542, 4.772379458529278, 4.765882177260315, 4.762468356530643, 4.757740798505765, 4.755781747762439, 4.752724064206614, 4.750174809428095, 4.742847627806432, 4.739385512268659, 4.740455701513198, 4.737731044732251, 4.735873027912621, 4.729592925136529, 4.730865478515625, 4.729710551141535, 4.725591270668993, 4.725041657975576, 4.725485496150637, 4.722960833206917, 4.721155851790049, 4.718591190078883, 4.715451138690837, 4.715148036919751, 4.71313713592233, 4.715235145346632, 4.711235861176426, 4.710680322739685], "status": "OK"}