{"data": "data/ptb", "recepie_id": 1007354, "recepies_list_path": "data/models_recepies.json", "cuda": true, "batch_size": 20, "model": "CustomRNN", "emsize": 400, "nhid": 600, "nlayers": 3, "dropout": 0.1, "dropouth": 0.25, "dropouti": 0.4, "dropoute": 0.0, "wdrop": 0.1, "tied": true, "bptt": 70, "lr": 0.001, "wdecay": 1.2e-06, "epochs": 50, "alpha": 2, "beta": 1, "log_interval": 200, "clip": 0.25, "eval_batch_size": 50, "recepie": "{\"node_0\": {\"op\": \"linear\", \"input\": [\"h_prev_1\", \"x\"]}, \"node_1\": {\"op\": \"activation_sigm\", \"input\": [\"node_0\"]}, \"node_3\": {\"op\": \"linear\", \"input\": [\"h_prev_1\", \"node_1\", \"h_prev_0\"]}, \"node_5\": {\"op\": \"linear\", \"input\": [\"h_prev_0\", \"node_1\"]}, \"h_new_0\": {\"op\": \"activation_sigm\", \"input\": [\"node_3\"]}, \"h_new_1\": {\"op\": \"activation_leaky_relu\", \"input\": [\"node_5\"]}}", "experiment_id": 999992585, "init_time": "2020-04-23_08-27-09", "num_params": 10134800, "wall_times": [250.2099256515503, 238.65344190597534, 243.66143083572388, 240.2260935306549, 245.02314448356628, 237.96688795089722, 240.57645773887634, 235.2209050655365, 238.07402324676514, 241.95643138885498, 241.13001704216003, 236.69283485412598, 237.7830445766449, 238.84067606925964, 238.75987672805786, 243.09295845031738, 237.77829265594482, 238.24457597732544, 237.65340900421143, 243.40029311180115, 239.09210777282715, 236.14681315422058, 236.48403120040894, 243.19271802902222, 241.04437375068665, 241.4799349308014, 235.35099983215332, 241.80638122558594, 236.2453751564026, 242.05436182022095, 237.79784774780273, 238.23270511627197, 243.6213366985321, 238.67438960075378, 240.92348957061768, 239.3328938484192, 236.02494859695435, 239.29135513305664, 241.56670594215393, 238.49519681930542, 237.99911904335022, 236.73805022239685, 239.21230554580688, 239.63963556289673, 237.61974048614502, 237.36301565170288, 237.99130177497864, 237.70142936706543, 240.85019254684448, 240.49713325500488], "train_losses": [6.595383014630736, 6.568136547926416, 6.555888097735464, 6.550026306411705, 6.547143106879673, 6.545048259238341, 6.543688394249906, 6.542309618901619, 6.543293377844118, 6.541772144451617, 6.542643281695444, 6.54158724315529, 6.541043465252003, 6.541164491555054, 6.541448146952827, 6.5409632012801895, 6.5414594931687375, 6.542170942929374, 6.543298840836965, 6.542604620515303, 6.54431117543435, 6.543516520090367, 6.546171954843742, 6.5454281473562475, 6.545980750094132, 6.547399867543435, 6.547133021354419, 6.548959762116078, 6.5498485490291, 6.549614060566941, 6.550704978215266, 6.550552014415578, 6.550561679710612, 6.549547664192351, 6.5505310029046315, 6.550032189634769, 6.549776689661664, 6.550014960195794, 6.549740970093056, 6.549234172449035, 6.549507322091334, 6.548652573826045, 6.549519928997902, 6.550146072024098, 6.550038913318272, 6.548869412619009, 6.549113146145984, 6.549306872276908, 6.548932447151848, 6.548832012129525], "val_losses": [6.595482653601695, 6.566972325211864, 6.553076006355933, 6.546563162076271, 6.542515889830509, 6.539964909957627, 6.538140889830508, 6.536307600635594, 6.537155720338983, 6.5354237288135595, 6.535587923728814, 6.534646451271186, 6.534322033898305, 6.5338188559322035, 6.534040651483051, 6.533842028601695, 6.534698093220339, 6.535877251059322, 6.536859772245763, 6.53599841101695, 6.538313691737288, 6.537525158898305, 6.540313162076271, 6.539700079449153, 6.540253575211865, 6.541776350635593, 6.541642611228814, 6.5435646186440675, 6.544292902542373, 6.544139962923729, 6.545393935381356, 6.545654131355932, 6.545988479872881, 6.544891419491526, 6.545804422669492, 6.545082759533899, 6.545146318855932, 6.545104608050847, 6.544738479872882, 6.5442174258474575, 6.544755693855932, 6.543589777542373, 6.544658368644067, 6.545421742584746, 6.545158898305084, 6.544238612288136, 6.544463718220339, 6.544617319915254, 6.544655058262712, 6.544396848516949], "test_losses": [6.515417006409284, 6.492277571298544, 6.481712563523969, 6.47711892729824, 6.474223609109527, 6.472700100500607, 6.471398214692051, 6.470030553132585, 6.471290366163531, 6.469659601600425, 6.470703125, 6.469805374886226, 6.469242429270328, 6.469300501554915, 6.469392350576456, 6.468792665351942, 6.469682119425061, 6.470197066520024, 6.471891236536711, 6.469947592726031, 6.472509884139867, 6.471484730544599, 6.474698261149879, 6.472685878716626, 6.473258898096177, 6.474710705210861, 6.474315458131068, 6.476662052487864, 6.477395659511529, 6.476407245524879, 6.477770166489685, 6.477783795699333, 6.477878015018204, 6.476026220229065, 6.477255811969053, 6.47656012970267, 6.476413763842537, 6.476695236650485, 6.476520427222391, 6.475550383040049, 6.475756598907767, 6.474992770593143, 6.475926075166869, 6.476956561931129, 6.476641312386226, 6.474778258684769, 6.475575271162015, 6.475661787014563, 6.475185357251213, 6.475335278557342], "status": "OK"}