{"data": "data/ptb", "recepie_id": 1010394, "recepies_list_path": "data/models_recepies.json", "cuda": true, "batch_size": 20, "model": "CustomRNN", "emsize": 400, "nhid": 600, "nlayers": 3, "dropout": 0.1, "dropouth": 0.25, "dropouti": 0.4, "dropoute": 0.0, "wdrop": 0.1, "tied": true, "bptt": 70, "lr": 0.001, "wdecay": 1.2e-06, "epochs": 50, "alpha": 2, "beta": 1, "log_interval": 200, "clip": 0.25, "eval_batch_size": 50, "recepie": "{\"node_0\": {\"op\": \"linear\", \"input\": [\"h_prev_1\", \"x\", \"h_prev_0\"]}, \"node_1\": {\"op\": \"activation_sigm\", \"input\": [\"node_0\"]}, \"node_2\": {\"op\": \"linear\", \"input\": [\"node_1\", \"h_prev_0\"]}, \"node_3\": {\"op\": \"activation_leaky_relu\", \"input\": [\"node_2\"]}, \"node_4\": {\"op\": \"linear\", \"input\": [\"node_1\", \"h_prev_0\"]}, \"node_5\": {\"op\": \"activation_leaky_relu\", \"input\": [\"node_4\"]}, \"node_6\": {\"op\": \"linear\", \"input\": [\"node_1\", \"node_5\"]}, \"h_new_0\": {\"op\": \"elementwise_sum\", \"input\": [\"node_2\", \"node_6\"]}, \"h_new_1\": {\"op\": \"elementwise_sum\", \"input\": [\"node_6\", \"node_3\"]}}", "experiment_id": 999959242, "init_time": "2020-04-11_06-49-05", "num_params": 11896400, "wall_times": [253.3039529323578, 216.09942412376404, 217.66476607322693, 216.7897846698761, 217.06633877754211, 218.73303031921387, 217.78438901901245, 217.4948890209198, 216.0117678642273, 213.5950529575348, 215.26962018013, 217.10901761054993, 216.83107686042786, 217.18452835083008, 216.36096811294556, 216.70126938819885, 216.4429428577423, 216.68602418899536, 217.35323452949524, 215.81463074684143, 216.63238954544067, 216.2814598083496, 216.77516055107117, 219.16259264945984, 216.46006727218628, 216.89837861061096, 215.97465062141418, 216.36594152450562, 217.04288053512573, 216.82906079292297, 217.1660828590393, 215.94315910339355, 216.43121910095215, 216.76290678977966, 216.67601490020752, 216.46121764183044, 217.7440369129181, 218.9737424850464, 217.40960264205933, 216.75205445289612, 217.60062313079834, 217.47160720825195, 217.5813319683075, 215.65759587287903, 217.45678186416626, 218.8589324951172, 217.64327454566956, 218.3499617576599, 216.59716486930847, 216.56187224388123], "train_losses": [5.9900178513797, 5.625906436582217, 5.421026975418213, 5.27822938518638, 5.170801311790651, 5.089876317841966, 5.029535460706794, 4.955374072131677, 4.926393315313861, 4.881509786321338, 4.827359340541122, 4.8020635825130435, 4.7696755990802, 4.7399707855951805, 4.71030547375074, 4.675466287450917, 4.656957247458448, 4.650589919181324, 4.6176762277446075, 4.611284946345005, 4.599510095610779, 4.568007117018988, 4.559753375289119, 4.541527990694422, 4.52550587313754, 4.503158450325427, 4.508660524581787, 4.489833370313592, 4.4824175676402565, 4.472030737319133, 4.457349994621053, 4.457400842477543, 4.448900005378947, 4.4257751566618255, 4.425966781641654, 4.404012694314453, 4.402953714162767, 4.393350613199935, 4.394068786644075, 4.380354573449519, 4.375725317357861, 4.36300032609865, 4.359141351998279, 4.350507722150503, 4.340541962508741, 4.325402328411597, 4.329014207143241, 4.3193568964821685, 4.311234686810822, 4.310035349766016], "val_losses": [6.002650291313559, 5.669135990466102, 5.501647245762712, 5.38050251588983, 5.294246557203389, 5.234894729872881, 5.192548331567797, 5.1430912341101696, 5.123746358580508, 5.096810447563559, 5.058793697033899, 5.042293101165254, 5.026524430614407, 5.009165452860169, 4.991616790254238, 4.9697782044491525, 4.960906382415255, 4.955759732521186, 4.9341459216101695, 4.933426575741525, 4.922587394067796, 4.912040519067797, 4.909446835275424, 4.895620034427966, 4.889455111228814, 4.880755760063559, 4.879384269067796, 4.872178893008474, 4.868365333686441, 4.865509467690678, 4.859925847457627, 4.858409361758475, 4.856970338983051, 4.849038334216102, 4.846795550847458, 4.838883077330508, 4.835913996292373, 4.832804555084746, 4.833528866525424, 4.829591167902542, 4.827831038135593, 4.82006389036017, 4.819376986228813, 4.813779462394068, 4.810383673199152, 4.8090548861228815, 4.8063731461864405, 4.800230733580508, 4.801266220868644, 4.800363479872881], "test_losses": [5.955928469167172, 5.627353705248787, 5.454285853117415, 5.33617927032767, 5.249639122231493, 5.191568615367111, 5.150013747724515, 5.093899328731796, 5.074145270782767, 5.049030192847391, 5.010768260770631, 4.997175790731189, 4.981176283753034, 4.963737413721177, 4.943146640814624, 4.925123788778064, 4.915593415788076, 4.91103296372497, 4.890166940040959, 4.890240715545358, 4.879167278993477, 4.866722921723301, 4.86834716796875, 4.852941124184618, 4.845406541546572, 4.837392862560679, 4.840227738167476, 4.831134685034891, 4.826141061134709, 4.824103494292324, 4.816803867377124, 4.814557121795358, 4.814860816140777, 4.803410798600576, 4.803962485304156, 4.794755657899727, 4.792814384386378, 4.788730065799454, 4.789933880555977, 4.786604797955856, 4.781781539176274, 4.775445438125758, 4.773031882869387, 4.768839715753944, 4.766983180370145, 4.764178822341474, 4.761239357364988, 4.757255776414594, 4.758416333244842, 4.755081917475728], "status": "OK"}