{"data": "data/ptb", "recepie_id": 1012573, "recepies_list_path": "data/models_recepies.json", "cuda": true, "batch_size": 20, "model": "CustomRNN", "emsize": 400, "nhid": 600, "nlayers": 3, "dropout": 0.1, "dropouth": 0.25, "dropouti": 0.4, "dropoute": 0.0, "wdrop": 0.1, "tied": true, "bptt": 70, "lr": 0.001, "wdecay": 1.2e-06, "epochs": 50, "alpha": 2, "beta": 1, "log_interval": 200, "clip": 0.25, "eval_batch_size": 50, "recepie": "{\"node_1\": {\"op\": \"linear\", \"input\": [\"h_prev_0\", \"h_prev_2\", \"h_prev_1\"]}, \"node_4\": {\"op\": \"linear\", \"input\": [\"h_prev_1\", \"h_prev_0\"]}, \"node_6\": {\"op\": \"linear\", \"input\": [\"h_prev_1\", \"x\"]}, \"node_7\": {\"op\": \"activation_leaky_relu\", \"input\": [\"node_6\"]}, \"node_9\": {\"op\": \"linear\", \"input\": [\"node_7\", \"x\", \"h_prev_2\"]}, \"h_new_0\": {\"op\": \"activation_leaky_relu\", \"input\": [\"node_9\"]}, \"h_new_1\": {\"op\": \"activation_leaky_relu\", \"input\": [\"node_4\"]}, \"h_new_2\": {\"op\": \"activation_leaky_relu\", \"input\": [\"node_1\"]}}", "experiment_id": 999959399, "init_time": "2020-04-19_00-25-09", "num_params": 12736400, "wall_times": [234.65695810317993, 229.66157793998718, 229.35186743736267, 232.58112025260925, 229.50762486457825, 229.1531858444214, 229.46839213371277, 229.02973246574402, 229.25507402420044, 229.47058820724487, 229.54623675346375, 229.40542459487915, 229.30636954307556, 229.30892038345337, 229.43226599693298, 229.44297885894775, 229.48030734062195, 229.3861756324768, 229.6493055820465, 229.7659876346588, 229.82103276252747, 229.9112148284912, 229.85928392410278, 229.63558673858643, 229.70864057540894, 229.56042504310608, 229.55008125305176, 229.62864208221436, 229.6026954650879, 229.61364769935608, 229.67098927497864, 229.6214611530304, 229.49670958518982, 229.69882440567017, 229.6104826927185, 229.63366556167603, 229.55469870567322, 229.69775485992432, 229.67961740493774, 229.7657687664032, 229.72307991981506, 229.724999666214, 229.74904680252075, 229.76757407188416, 229.77900767326355, 229.66019487380981, 229.8280966281891, 229.56427526474, 229.32701754570007, 229.38079261779785], "train_losses": [5.653641631031144, 5.394695770130708, 5.252882359071593, 5.164184366763488, 5.095656164273035, 5.042045714324136, 4.9918172771771285, 4.960294547765048, 4.928318389946749, 4.892975767844656, 4.87293961123662, 4.846836590957991, 4.828090541122048, 4.813628738368028, 4.7907039192351135, 4.779674977139476, 4.762735497014685, 4.747249593217148, 4.7329037740035504, 4.725240875961487, 4.705752699558927, 4.695691547657469, 4.688395090366306, 4.682969918240008, 4.671012267360551, 4.664701249932763, 4.652050639422301, 4.647942468802109, 4.642272722688397, 4.636417655048142, 4.634772453741057, 4.623703589774622, 4.621259110591146, 4.607132651551826, 4.602452547603679, 4.601373816631703, 4.600990986902264, 4.59627096108332, 4.580592591845517, 4.583113132698617, 4.5733982504975526, 4.580477868995751, 4.573509191275348, 4.565235698725189, 4.560276561911678, 4.557155512075735, 4.5474225599752565, 4.547775133128933, 4.542363408369641, 4.545916454870636], "val_losses": [5.682200079449153, 5.467603283898305, 5.362274894067797, 5.301362221927966, 5.254582229872882, 5.218440810381356, 5.190050979872882, 5.175747484110169, 5.158066075211864, 5.137623477224576, 5.131173199152542, 5.115838188559322, 5.111413863877119, 5.103009136652543, 5.095338983050848, 5.090769663665254, 5.084589181673729, 5.078313029661017, 5.074520325741525, 5.073025688559322, 5.063119372351695, 5.064144597457627, 5.060617055084745, 5.058644729872881, 5.058143869173729, 5.053228283898305, 5.04881389036017, 5.052410288665254, 5.045987486758475, 5.050070180084746, 5.050201602224576, 5.04086533368644, 5.043866194385593, 5.04126655190678, 5.044276019597458, 5.041428429555085, 5.04576171875, 5.042398702330509, 5.036678694385593, 5.038582163665255, 5.036081832627119, 5.039634202860169, 5.038232918432203, 5.033764565677966, 5.0347609904661015, 5.032069981461865, 5.0290148305084745, 5.032713850635593, 5.0254545153601695, 5.029970206567796], "test_losses": [5.634804142331614, 5.420599780036408, 5.31536628204642, 5.252425999317355, 5.205580628033981, 5.170690443909284, 5.140107090033374, 5.123440344356796, 5.106672861043689, 5.089210880612864, 5.078888828314624, 5.064368979444781, 5.057195274575243, 5.051479302563713, 5.041993965222997, 5.038159416717233, 5.031049117301274, 5.022907738546723, 5.020040863925971, 5.019489177222391, 5.010087392862561, 5.009665479937803, 5.006771939472087, 5.004298534208131, 5.003372933100728, 5.000527391155947, 4.995321625644721, 4.994805493401092, 4.992799036711165, 4.997029424871056, 4.995706206386529, 4.987943482630461, 4.990618363167476, 4.986850182986954, 4.98718735778216, 4.986005171988774, 4.988395024271845, 4.987004844887743, 4.98272231018659, 4.983865386074029, 4.981299539214199, 4.985767549681432, 4.98412374848301, 4.979254565192658, 4.977747648665049, 4.977070928777306, 4.973353117415049, 4.975977629133799, 4.971821905339806, 4.974766999772451], "status": "OK"}