{"data": "data/ptb", "recepie_id": 2010817, "recepies_list_path": "data/new_recepies_fix.json", "cuda": true, "batch_size": 20, "model": "CustomRNN", "emsize": 400, "nhid": 600, "nlayers": 3, "dropout": 0.1, "dropouth": 0.25, "dropouti": 0.4, "dropoute": 0.0, "wdrop": 0.1, "tied": true, "bptt": 70, "lr": 0.001, "wdecay": 1.2e-06, "epochs": 50, "alpha": 2, "beta": 1, "log_interval": 200, "clip": 0.25, "eval_batch_size": 50, "recepie": "{\"node_0\": {\"op\": \"linear\", \"input\": [\"h_prev_1\", \"h_prev_0\", \"x\"]}, \"node_1\": {\"op\": \"activation_leaky_relu\", \"input\": [\"node_0\"]}, \"node_2\": {\"op\": \"linear\", \"input\": [\"h_prev_0\", \"x\"]}, \"node_3\": {\"op\": \"activation_sigm\", \"input\": [\"node_2\"]}, \"node_4\": {\"op\": \"linear\", \"input\": [\"h_prev_1\", \"h_prev_2\"]}, \"node_5\": {\"op\": \"activation_leaky_relu\", \"input\": [\"node_4\"]}, \"node_6\": {\"op\": \"blend\", \"input\": [\"node_3\", \"node_2\", \"node_4\"]}, \"h_new_0\": {\"op\": \"elementwise_prod\", \"input\": [\"node_4\", \"node_6\"]}, \"h_new_1\": {\"op\": \"activation_leaky_relu\", \"input\": [\"h_new_2\"]}, \"h_new_2\": {\"op\": \"linear\", \"input\": [\"node_1\", \"node_5\"]}}", "experiment_id": 999961514, "init_time": "2020-05-11_05-09-59", "num_params": 11856400, "wall_times": [252.98607873916626, 251.82143998146057, 251.72036218643188, 251.74986267089844, 249.5714979171753, 246.73422956466675, 246.7010955810547, 246.88608956336975, 246.81698656082153, 246.80014777183533, 246.64265370368958, 246.9067506790161, 246.87105798721313, 246.829980134964, 246.83259558677673, 246.56202745437622, 246.86806654930115, 246.971116065979, 246.94926118850708, 246.88073062896729, 247.05561423301697, 247.1000247001648, 246.94332027435303, 247.02721858024597, 246.95223784446716, 247.07090997695923, 246.9471526145935, 247.00349640846252, 246.76094126701355, 246.63783955574036, 246.54974699020386, 246.64838027954102, 246.79233193397522, 246.71369576454163, 246.6179232597351, 246.74275636672974, 246.81919884681702, 246.76782298088074, 246.63844871520996, 246.80618929862976, 246.75140380859375, 246.6572868824005, 246.9725203514099, 247.06623315811157, 246.76594805717468, 246.88197684288025, 246.7913932800293, 246.8644940853119, 246.79248118400574, 246.70984387397766], "train_losses": [6.010787309719757, 5.5436636006669895, 5.298924462777688, 5.109361552632994, 4.984438874993276, 4.882646509063525, 4.803593640740143, 4.7266339391372165, 4.671222382470012, 4.614489201764295, 4.5708823321768595, 4.532851077134097, 4.4994667278521865, 4.464468694529611, 4.434870619520198, 4.403567670512613, 4.373662407213168, 4.348899501102684, 4.326657135845301, 4.301313471572266, 4.280175471330214, 4.261957230649239, 4.240589784707654, 4.227065515572051, 4.207658443601742, 4.194536755015868, 4.180122018046367, 4.1672545687429405, 4.153935371954171, 4.1429135737722556, 4.127949595906622, 4.117789269673498, 4.107153663062772, 4.09419502380184, 4.090115849066753, 4.079976534344575, 4.06290594239148, 4.056369261336131, 4.0474523963208, 4.040797630573934, 4.034970298128126, 4.024743995750632, 4.016858795922758, 4.005782367812382, 4.006081151498036, 3.9929615640632563, 3.9892668999784844, 3.9836833010596524, 3.9835362204830296, 3.9695568420203324], "val_losses": [6.025654131355933, 5.59844345868644, 5.395335010593221, 5.245162539724577, 5.152465240995762, 5.0827846927966105, 5.029239274364407, 4.985805415783898, 4.953531845868644, 4.923825807733051, 4.900541578389831, 4.882674126059322, 4.866541644597458, 4.852530124470339, 4.835860368114407, 4.825333024364407, 4.813713254766949, 4.805450873940678, 4.79876953125, 4.794326668432204, 4.783920484639831, 4.777948225635593, 4.772891287076271, 4.7650529661016945, 4.762028932733051, 4.760824615995762, 4.755293299788136, 4.754116459216101, 4.749677568855932, 4.744951337394068, 4.748548066737288, 4.742326867055085, 4.738902939618644, 4.739867915783898, 4.73113579184322, 4.731639962923729, 4.730994438559322, 4.7271024231991525, 4.727345736228814, 4.727246424788135, 4.7222907838983055, 4.726166247351695, 4.720051310911017, 4.72331799523305, 4.71752482786017, 4.721498278601695, 4.718486824682204, 4.715713387182204, 4.708230601165254, 4.712905190677966], "test_losses": [5.985602221442658, 5.557106980999697, 5.347183375682645, 5.195836335709951, 5.101950636187803, 5.030543651395631, 4.977679502616808, 4.928233618875152, 4.896953693871359, 4.867887626573878, 4.845308470494539, 4.827325320938258, 4.809658902362712, 4.798155553132585, 4.780663647697967, 4.770541589236954, 4.762644351107403, 4.749867559636681, 4.743209690723605, 4.736756259955249, 4.728604807437045, 4.724217090791869, 4.71840601059997, 4.712047095437652, 4.70894556138122, 4.706796294277154, 4.700694260087985, 4.698470624905188, 4.696287581064169, 4.690526277116201, 4.691476766345571, 4.687394225481644, 4.685260365310224, 4.684326468162166, 4.67998793518659, 4.679061445217688, 4.678893154107251, 4.673767682418083, 4.673497468522451, 4.674048562651699, 4.668214668347997, 4.672229655738016, 4.667438988546723, 4.670221717612257, 4.663360003128792, 4.668910350614381, 4.66546630859375, 4.662973052089654, 4.656558434940079, 4.66104007461696], "status": "OK"}