{"data": "data/ptb", "recepie_id": 2000355, "recepies_list_path": "data/new_recepies_fix.json", "cuda": true, "batch_size": 20, "model": "CustomRNN", "emsize": 400, "nhid": 600, "nlayers": 3, "dropout": 0.1, "dropouth": 0.25, "dropouti": 0.4, "dropoute": 0.0, "wdrop": 0.1, "tied": true, "bptt": 70, "lr": 0.001, "wdecay": 1.2e-06, "epochs": 50, "alpha": 2, "beta": 1, "log_interval": 200, "clip": 0.25, "eval_batch_size": 50, "recepie": "{\"node_0\": {\"op\": \"linear\", \"input\": [\"x\", \"h_prev_0\"]}, \"node_1\": {\"op\": \"activation_tanh\", \"input\": [\"node_0\"]}, \"node_4\": {\"op\": \"linear\", \"input\": [\"node_1\", \"h_prev_0\"]}, \"node_5\": {\"op\": \"activation_leaky_relu\", \"input\": [\"node_4\"]}, \"node_7\": {\"op\": \"elementwise_sum\", \"input\": [\"h_prev_0\", \"node_4\"]}, \"node_8\": {\"op\": \"linear\", \"input\": [\"node_5\", \"x\"]}, \"node_12\": {\"op\": \"elementwise_prod\", \"input\": [\"node_7\", \"h_prev_0\"]}, \"h_new_0\": {\"op\": \"elementwise_prod\", \"input\": [\"node_12\", \"node_8\"]}}", "experiment_id": 999900722, "init_time": "2020-05-12_08-40-58", "num_params": 9214800, "wall_times": [160.9178273677826, 160.06183385849, 159.3515751361847, 159.44760084152222, 159.35168194770813, 159.34345030784607, 159.33788871765137, 159.41720414161682, 159.3903613090515, 159.25940775871277, 159.4383361339569, 159.3005666732788, 159.4378252029419, 159.36701345443726, 159.39094924926758, 159.23897457122803, 159.3495500087738, 159.39937734603882, 159.351069688797, 159.48115396499634, 159.2721688747406, 159.51620244979858, 159.42464900016785, 159.37432622909546, 159.3452033996582, 159.48343896865845, 159.42411422729492, 159.48790502548218, 159.46632409095764, 159.3885862827301, 159.4015703201294, 159.33766269683838, 159.1478226184845, 159.18559098243713, 159.50701904296875, 159.6410093307495, 159.6592915058136, 159.44642663002014, 159.465717792511, 159.57015562057495, 159.47653937339783, 159.479150056839, 159.65535593032837, 159.77479577064514, 159.73197960853577, 159.57724714279175, 159.55565786361694, 159.62331676483154, 159.44867420196533, 159.71848320960999], "train_losses": [8.5799748534237, 8.057775771878866, 7.624389825722123, 7.275700439728901, 7.00749228457318, 6.812273916142219, 6.681550800790705, 6.604479317949545, 6.5663455267333655, 6.55044569617019, 6.543853964956162, 6.540355128153408, 6.53805184632349, 6.536426816066914, 6.535225798101232, 6.534311377144855, 6.533612534290786, 6.533061192243559, 6.532615327981281, 6.532257291834759, 6.531963130681513, 6.531725280377602, 6.531518527109892, 6.531352115943198, 6.5312079769781075, 6.531080647221774, 6.530979791969233, 6.530889862702383, 6.530813801032758, 6.530747824888387, 6.5306944556505835, 6.530640245952343, 6.530594020628261, 6.530553678527244, 6.5305171184981985, 6.530480138238933, 6.530451982814265, 6.530432652224195, 6.530404917029745, 6.53037970321661, 6.530367936770481, 6.530350287101285, 6.530332637432091, 6.530316248453553, 6.530311205690926, 6.530295236942607, 6.530287252568447, 6.530273384971222, 6.530264980366844, 6.530258676913561], "val_losses": [8.572061043432203, 8.048310381355932, 7.6134851694915255, 7.26360500529661, 6.994934454449153, 6.799870233050847, 6.669494173728814, 6.592760195974576, 6.554644465042373, 6.538624867584746, 6.531822695974577, 6.5282296080508475, 6.526001059322034, 6.524374337923729, 6.523206435381356, 6.522369570974576, 6.521708156779661, 6.521271186440678, 6.520891154661017, 6.520632282838983, 6.520374073093221, 6.520185381355932, 6.52005561440678, 6.519951668432204, 6.519824549788136, 6.519756355932204, 6.51966565148305, 6.519585540254237, 6.519538532838983, 6.519529925847458, 6.51946438029661, 6.519441207627119, 6.519422007415254, 6.519422669491526, 6.5193915519067795, 6.519364406779661, 6.519318061440678, 6.519338585805085, 6.519326668432203, 6.519316737288135, 6.519294888771187, 6.519261122881356, 6.5192538400423725, 6.519237950211864, 6.519286281779661, 6.519273040254237, 6.519256488347458, 6.519263109110169, 6.519251853813559, 6.519312102754237], "test_losses": [8.564146171495752, 8.032643142255765, 7.590836904581311, 7.234758988167476, 6.960216929611651, 6.759554075963289, 6.624142544940837, 6.542977638614988, 6.501454769986347, 6.483077854786105, 6.474906254740595, 6.470539574484223, 6.467677440458131, 6.465602837719963, 6.464054440989078, 6.462852107668386, 6.461914655074333, 6.461194084685983, 6.460609806394114, 6.460142265245753, 6.459702575091019, 6.459396214161105, 6.459097556697512, 6.45886941557949, 6.458646607630461, 6.458488390283677, 6.458334913531553, 6.458203362029733, 6.458106179839199, 6.457975813486044, 6.457903519417476, 6.457869742680522, 6.457822929308253, 6.457740561476031, 6.457666489684466, 6.457629750075849, 6.457555085709951, 6.45751479065534, 6.457444274309769, 6.457362499051881, 6.457374350538531, 6.45733405548392, 6.457283686665655, 6.457306797064624, 6.457276575773665, 6.457246354482706, 6.457228577252731, 6.457227984678398, 6.457191837644114, 6.457188282198119], "status": "OK"}