{"data": "data/ptb", "recepie_id": 1006857, "recepies_list_path": "data/models_recepies.json", "cuda": true, "batch_size": 20, "model": "CustomRNN", "emsize": 400, "nhid": 600, "nlayers": 3, "dropout": 0.1, "dropouth": 0.25, "dropouti": 0.4, "dropoute": 0.0, "wdrop": 0.1, "tied": true, "bptt": 70, "lr": 0.001, "wdecay": 1.2e-06, "epochs": 50, "alpha": 2, "beta": 1, "log_interval": 200, "clip": 0.25, "eval_batch_size": 50, "recepie": "{\"node_0\": {\"op\": \"linear\", \"input\": [\"h_prev_1\", \"h_prev_0\"]}, \"node_1\": {\"op\": \"activation_sigm\", \"input\": [\"node_0\"]}, \"node_2\": {\"op\": \"linear\", \"input\": [\"h_prev_1\", \"node_1\", \"h_prev_0\"]}, \"node_3\": {\"op\": \"activation_sigm\", \"input\": [\"node_2\"]}, \"node_4\": {\"op\": \"linear\", \"input\": [\"h_prev_1\", \"node_1\"]}, \"node_5\": {\"op\": \"activation_tanh\", \"input\": [\"node_4\"]}, \"node_6\": {\"op\": \"linear\", \"input\": [\"x\", \"node_3\"]}, \"h_new_0\": {\"op\": \"linear\", \"input\": [\"h_new_1\", \"node_5\"]}, \"h_new_1\": {\"op\": \"activation_leaky_relu\", \"input\": [\"node_6\"]}}", "experiment_id": 999961820, "init_time": "2020-04-14_19-19-42", "num_params": 13658000, "wall_times": [292.95385360717773, 241.3328766822815, 242.49626851081848, 241.126855134964, 241.13829016685486, 242.72017788887024, 242.69776344299316, 243.81435227394104, 243.5618453025818, 240.374009847641, 244.21151733398438, 242.8343584537506, 241.4844799041748, 239.13760828971863, 242.37694334983826, 243.31493210792542, 238.41245484352112, 237.56052374839783, 244.44968843460083, 241.29174876213074, 247.05357360839844, 241.5121991634369, 243.80969047546387, 237.26428413391113, 247.02503967285156, 243.093900680542, 241.64021348953247, 242.78138375282288, 241.89381885528564, 242.65135669708252, 241.46380019187927, 241.52121424674988, 241.12408232688904, 242.10968136787415, 241.9859631061554, 242.70586395263672, 239.35457253456116, 244.25250840187073, 240.55486392974854, 243.28148317337036, 241.78716135025024, 244.33294582366943, 234.83297109603882, 243.22034788131714, 244.25231337547302, 241.9290680885315, 240.92579293251038, 244.37652969360352, 242.07503628730774, 245.61466526985168], "train_losses": [5.714969608950567, 5.408983177343876, 5.22581322951966, 5.104616733231134, 5.0011379834328435, 4.93095953687268, 4.87076996261632, 4.814133014630736, 4.767645887122802, 4.729788187160454, 4.694137116077672, 4.658889886235275, 4.62723604499489, 4.604101951212953, 4.578640202248399, 4.5541491850895595, 4.532912010515841, 4.513777667957614, 4.4980001243881444, 4.472302626270777, 4.4669778891668015, 4.450440569361519, 4.437250803480179, 4.4288159425259535, 4.405607047765048, 4.39501514509709, 4.395049603975042, 4.374400751707816, 4.366477731160239, 4.358144565918993, 4.347080744715185, 4.3299315697111505, 4.325685143348932, 4.31511845449411, 4.306413385509117, 4.301793794712495, 4.293525765155183, 4.2754020762734655, 4.282782159378193, 4.272171346350385, 4.260230084449465, 4.271356940186111, 4.254006895137432, 4.250431576434834, 4.2510862951159165, 4.239527022483998, 4.240251079151202, 4.228767868188909, 4.228176184040665, 4.224036075923834], "val_losses": [5.737875397245762, 5.473978416313559, 5.3220617055084745, 5.231280455508474, 5.1579455773305085, 5.1099884136652545, 5.067199748411017, 5.029136652542373, 5.002313294491525, 4.981482719809322, 4.959543498411017, 4.944337261652542, 4.930714049258475, 4.917069319385593, 4.907586069915254, 4.890921279131356, 4.8828962526483055, 4.875100304555085, 4.868192200741525, 4.862588718220339, 4.858808924788136, 4.852945577330509, 4.847787341101695, 4.845263506355932, 4.835678628177966, 4.8322374867584745, 4.829828522245763, 4.826139433262711, 4.826828323622881, 4.822400357521186, 4.820232057733051, 4.812869107521187, 4.812111030190678, 4.809680217161017, 4.80988512976695, 4.801602224576271, 4.803180283368644, 4.808135593220339, 4.801671080508474, 4.800815015889831, 4.8015171477754235, 4.804498477224576, 4.796670087394068, 4.795700476694916, 4.793154462394067, 4.793317664194915, 4.78938029661017, 4.790998742055085, 4.7901953125, 4.788518935381356], "test_losses": [5.692717616997876, 5.425685845532463, 5.273332021768811, 5.18700934845267, 5.106406202594053, 5.054930455476335, 5.015739366846177, 4.980114390549151, 4.951101654941596, 4.930023785933708, 4.911073555066747, 4.895402630555977, 4.879430678284284, 4.869049961127124, 4.85956047576608, 4.842132864646541, 4.83367445862409, 4.827416873672633, 4.820506864381068, 4.812418817316444, 4.808262204660953, 4.800388669504703, 4.792964601979672, 4.792408767255765, 4.784349163759102, 4.780811198706766, 4.777746996833283, 4.776437703845571, 4.773985334970419, 4.772692041489685, 4.767371909132281, 4.760196426539745, 4.757030598168234, 4.756952674643507, 4.75629373198574, 4.752478738432949, 4.750690645384557, 4.751719354425819, 4.746398629494084, 4.746847504550971, 4.745639245486954, 4.745835683878186, 4.739423733313107, 4.740637918120449, 4.740542513652913, 4.739236479824029, 4.736522193093902, 4.736696409947664, 4.736383530700091, 4.732848528519417], "status": "OK"}