{"data": "data/ptb", "recepie_id": 2009142, "recepies_list_path": "data/new_recepies_fix.json", "cuda": true, "batch_size": 20, "model": "CustomRNN", "emsize": 400, "nhid": 600, "nlayers": 3, "dropout": 0.1, "dropouth": 0.25, "dropouti": 0.4, "dropoute": 0.0, "wdrop": 0.1, "tied": true, "bptt": 70, "lr": 0.001, "wdecay": 1.2e-06, "epochs": 50, "alpha": 2, "beta": 1, "log_interval": 200, "clip": 0.25, "eval_batch_size": 50, "recepie": "{\"node_0\": {\"op\": \"linear\", \"input\": [\"h_prev_2\", \"x\"]}, \"node_1\": {\"op\": \"activation_tanh\", \"input\": [\"node_0\"]}, \"node_5\": {\"op\": \"linear\", \"input\": [\"h_prev_1\", \"h_prev_0\"]}, \"node_7\": {\"op\": \"linear\", \"input\": [\"h_prev_2\", \"x\"]}, \"node_8\": {\"op\": \"activation_sigm\", \"input\": [\"node_7\"]}, \"node_9\": {\"op\": \"linear\", \"input\": [\"x\", \"h_prev_1\", \"node_8\"]}, \"node_10\": {\"op\": \"activation_sigm\", \"input\": [\"node_9\"]}, \"node_12\": {\"op\": \"linear\", \"input\": [\"node_8\", \"h_new_1\"]}, \"node_13\": {\"op\": \"activation_sigm\", \"input\": [\"node_12\"]}, \"h_new_0\": {\"op\": \"elementwise_prod\", \"input\": [\"h_new_2\", \"node_1\"]}, \"h_new_1\": {\"op\": \"activation_leaky_relu\", \"input\": [\"node_5\"]}, \"h_new_2\": {\"op\": \"linear\", \"input\": [\"node_10\", \"node_13\"]}}", "experiment_id": 999992113, "init_time": "2020-05-10_05-54-52", "num_params": 15339600, "wall_times": [309.93874740600586, 307.67291259765625, 307.6571741104126, 309.55801343917847, 306.6603174209595, 305.1892788410187, 306.7773103713989, 306.8721113204956, 307.87143087387085, 309.66703963279724, 305.1998391151428, 306.5786063671112, 309.1439514160156, 305.9869704246521, 306.8408463001251, 308.11180353164673, 306.01345205307007, 304.66789841651917, 307.8218722343445, 304.83134722709656, 305.2644109725952, 307.8046591281891, 304.5915005207062, 305.6737675666809, 307.52194142341614, 307.48938727378845, 304.7219054698944, 307.34215545654297, 306.870911359787, 307.2906267642975, 306.56244468688965, 305.7931342124939, 305.029513835907, 309.1657199859619, 306.44730377197266, 306.4220700263977, 304.19614720344543, 307.1276512145996, 304.75805735588074, 305.3614914417267, 309.42091131210327, 307.0597107410431, 304.45712971687317, 304.3898355960846, 304.4089641571045, 305.470543384552, 308.2625629901886, 304.5575797557831, 304.19309282302856, 306.7081880569458], "train_losses": [5.697891032623312, 5.416280054865258, 5.233302992711527, 5.104570928137271, 5.0000420230218925, 4.92289742012264, 4.852444142999301, 4.800785662417299, 4.751132100209779, 4.71138630587381, 4.6754024124576405, 4.640905713786241, 4.604940310499704, 4.575642279866602, 4.547965917648324, 4.523245875020171, 4.500841300898284, 4.481309840783175, 4.45973942364585, 4.438862806599968, 4.4228772490721315, 4.406268490129633, 4.390439678473455, 4.374082217201872, 4.359785144693669, 4.344459768839761, 4.332173497929105, 4.31774447313216, 4.311427572481308, 4.300094383707171, 4.287621110349094, 4.276180342638911, 4.26702604754989, 4.259461063148835, 4.248284620246356, 4.237278790812759, 4.231517434511323, 4.222056791592706, 4.2117880459631, 4.20637968304556, 4.200647742859448, 4.190402530122102, 4.181614675783981, 4.182883350814911, 4.172652846135227, 4.161852929508902, 4.157843092759937, 4.148733342074122, 4.145426550481416, 4.136349997982895], "val_losses": [5.725146318855932, 5.481212923728814, 5.33322563559322, 5.232766154661017, 5.162358977754237, 5.108439155190678, 5.067947894597458, 5.032071305614407, 5.009229674258474, 4.990764036016949, 4.971801840572034, 4.955302237817796, 4.9391565148305085, 4.928111096398305, 4.9178336864406775, 4.908693392478813, 4.90337890625, 4.899601761122882, 4.8919670286016945, 4.885575013241525, 4.886081832627118, 4.87756984904661, 4.876273834745763, 4.8728475900423724, 4.866432402012712, 4.862350039724577, 4.860282375529661, 4.860293630826271, 4.85597126588983, 4.856815082097458, 4.855043365995763, 4.849598450741525, 4.8524337923728815, 4.853712261652542, 4.849177701271186, 4.850957362288136, 4.8472540386652545, 4.846400291313559, 4.844284626588983, 4.84357421875, 4.842100105932204, 4.841797537076271, 4.842498675847458, 4.842245100635593, 4.834092955508474, 4.840958024364407, 4.836677039194916, 4.83513440148305, 4.834579250529661, 4.834047934322034], "test_losses": [5.671934850007585, 5.429635353458738, 5.278031136225728, 5.177624748748483, 5.101742642597087, 5.047469352055522, 5.00336404448574, 4.969173986934921, 4.941848310452063, 4.921398866523817, 4.904481461904581, 4.886709861385012, 4.870751538322967, 4.858449695179764, 4.850837485304156, 4.836405337435528, 4.829993090583283, 4.823519512287621, 4.817303111252276, 4.809690308802336, 4.809151658734072, 4.801018576020176, 4.796470271730886, 4.792757200963289, 4.789578632243629, 4.785446018848605, 4.784859073972239, 4.782737657861802, 4.779286504949181, 4.778816889790655, 4.777626111669448, 4.773008476183253, 4.771448820540049, 4.774206068909284, 4.770298633760619, 4.768767717972542, 4.767688343825849, 4.76544900542324, 4.763539138349515, 4.762930564510012, 4.763286997971026, 4.762362285725121, 4.759664887363471, 4.761504830665959, 4.75663772138577, 4.758923576873483, 4.755559236100576, 4.755842782918689, 4.754970217214047, 4.755401611328125], "status": "OK"}