{"data": "data/ptb", "recepie_id": 2000233, "recepies_list_path": "data/new_recepies_fix.json", "cuda": true, "batch_size": 20, "model": "CustomRNN", "emsize": 400, "nhid": 600, "nlayers": 3, "dropout": 0.1, "dropouth": 0.25, "dropouti": 0.4, "dropoute": 0.0, "wdrop": 0.1, "tied": true, "bptt": 70, "lr": 0.001, "wdecay": 1.2e-06, "epochs": 50, "alpha": 2, "beta": 1, "log_interval": 200, "clip": 0.25, "eval_batch_size": 50, "recepie": "{\"node_0\": {\"op\": \"linear\", \"input\": [\"x\", \"h_prev_0\"]}, \"node_1\": {\"op\": \"activation_tanh\", \"input\": [\"node_0\"]}, \"node_8\": {\"op\": \"linear\", \"input\": [\"x\", \"node_1\"]}, \"node_9\": {\"op\": \"activation_leaky_relu\", \"input\": [\"node_8\"]}, \"h_new_0\": {\"op\": \"linear\", \"input\": [\"node_1\", \"node_9\"]}}", "experiment_id": 999901664, "init_time": "2020-05-13_02-35-15", "num_params": 9214800, "wall_times": [193.63873147964478, 146.15668511390686, 144.2952709197998, 143.89981365203857, 146.71854710578918, 144.34392762184143, 142.2768201828003, 141.56878066062927, 141.2148633003235, 141.68543696403503, 141.1656002998352, 141.62365341186523, 141.04083967208862, 141.34155225753784, 142.0138931274414, 142.01826786994934, 142.31027173995972, 141.83957529067993, 141.70049834251404, 140.3552906513214, 141.0301911830902, 142.70479249954224, 140.58931827545166, 141.20961999893188, 141.98012614250183, 140.8654956817627, 141.07139110565186, 140.38248562812805, 141.3964066505432, 141.26831316947937, 141.19918513298035, 140.89711451530457, 141.93921732902527, 141.07330346107483, 140.82985711097717, 141.37314248085022, 141.14730429649353, 141.325110912323, 141.27474355697632, 141.77145266532898, 140.93924045562744, 141.29567337036133, 143.7121138572693, 142.75794124603271, 141.60258507728577, 141.0687403678894, 141.1109299659729, 140.74692106246948, 140.96621918678284, 141.48870658874512], "train_losses": [5.500355934995428, 5.207863936178796, 5.052055177908666, 4.949893009386262, 4.886017175649508, 4.819257722150503, 4.778886625248776, 4.7140993121671775, 4.6855476104028835, 4.650424768705287, 4.617781285299339, 4.593495340487332, 4.581904550588995, 4.554409727825292, 4.526029479990318, 4.513957106261094, 4.502816803157442, 4.487779285003496, 4.466479075896939, 4.4501901121510405, 4.450635976413318, 4.4304355097896835, 4.422080912807273, 4.426033598246463, 4.40020919060298, 4.3972011826959285, 4.387466969904793, 4.375535793529127, 4.371551170593298, 4.359087562530257, 4.3466088261793345, 4.333952752676026, 4.342446025630681, 4.335822777150234, 4.321629501506105, 4.318359269942445, 4.319297644021301, 4.307966976628476, 4.307744254612447, 4.295691211473294, 4.293805218250767, 4.292112530928944, 4.289252023828734, 4.280803295277285, 4.2792997115539775, 4.273529530417944, 4.262582953445215, 4.2718763447367, 4.2499478914528535, 4.259763208676241], "val_losses": [5.54181640625, 5.299845736228813, 5.18106594279661, 5.109174059851695, 5.071353283898305, 5.026407905190678, 5.010937831038135, 4.96886122881356, 4.954211136122882, 4.928125662076271, 4.91430217161017, 4.912165982521186, 4.9020703125, 4.8888804290254235, 4.875967293432203, 4.86793266684322, 4.864165783898305, 4.860109904661017, 4.849247881355932, 4.841192399364407, 4.8464320709745765, 4.8344776218220336, 4.8315701138771185, 4.842108712923729, 4.822991922669492, 4.825009269067797, 4.817313625529661, 4.811533037605932, 4.8187102754237285, 4.808411016949153, 4.801133805614406, 4.802672139830508, 4.804210143008475, 4.8013824152542375, 4.801163268008475, 4.794771914724576, 4.794611361228814, 4.788258739406779, 4.790891485699152, 4.785491922669491, 4.786590638241526, 4.788787738347458, 4.784535553495763, 4.783483514300848, 4.78035454184322, 4.782699615995763, 4.770287672139831, 4.781923000529661, 4.771040783898305, 4.774650423728813], "test_losses": [5.497707922481796, 5.254066245069781, 5.131083960672027, 5.065881229141383, 5.025278035876821, 4.982338914593447, 4.960480625189624, 4.916682863698422, 4.904651827025182, 4.883806247155643, 4.867336236157463, 4.858767315021996, 4.852904384576001, 4.839538277931584, 4.824573702025182, 4.820456199275637, 4.818965282255006, 4.814856075546117, 4.802494678682494, 4.796593823479217, 4.799642322132889, 4.788188452859527, 4.786307918215261, 4.79224343901699, 4.77817839094736, 4.777505226505613, 4.771293269777761, 4.765371970760012, 4.768593204831614, 4.762137996340261, 4.758048937158677, 4.752807913474666, 4.759087423676426, 4.757022302127579, 4.75375247696071, 4.746406925534739, 4.748728039195236, 4.743006437727549, 4.744266250758495, 4.737926297974818, 4.742247350007585, 4.742412381959193, 4.738196511870449, 4.738641831481341, 4.731588715488471, 4.732655349287015, 4.724786851012591, 4.733933532122269, 4.724729667589503, 4.728638584173999], "status": "OK"}