{"data": "data/ptb", "recepie_id": 1002298, "recepies_list_path": "data/models_recepies.json", "cuda": true, "batch_size": 20, "model": "CustomRNN", "emsize": 400, "nhid": 600, "nlayers": 3, "dropout": 0.1, "dropouth": 0.25, "dropouti": 0.4, "dropoute": 0.0, "wdrop": 0.1, "tied": true, "bptt": 70, "lr": 0.001, "wdecay": 1.2e-06, "epochs": 50, "alpha": 2, "beta": 1, "log_interval": 200, "clip": 0.25, "eval_batch_size": 50, "recepie": "{\"node_0\": {\"op\": \"linear\", \"input\": [\"x\", \"h_prev_0\"]}, \"node_1\": {\"op\": \"activation_leaky_relu\", \"input\": [\"node_0\"]}, \"node_2\": {\"op\": \"linear\", \"input\": [\"node_1\", \"x\"]}, \"node_3\": {\"op\": \"activation_tanh\", \"input\": [\"node_2\"]}, \"node_5\": {\"op\": \"linear\", \"input\": [\"node_3\", \"x\"]}, \"node_6\": {\"op\": \"activation_sigm\", \"input\": [\"node_5\"]}, \"node_9\": {\"op\": \"linear\", \"input\": [\"node_3\", \"node_6\"]}, \"h_new_0\": {\"op\": \"activation_tanh\", \"input\": [\"node_9\"]}}", "experiment_id": 999931084, "init_time": "2020-04-20_15-41-08", "num_params": 10936400, "wall_times": [243.21946001052856, 192.25100135803223, 189.34949040412903, 189.90348887443542, 189.2069058418274, 189.84034514427185, 189.4487545490265, 189.73439264297485, 188.22267842292786, 188.95110821723938, 189.2462933063507, 189.8367509841919, 190.36382293701172, 188.2202651500702, 188.09735870361328, 189.6806354522705, 189.34813523292542, 189.909095287323, 189.28763127326965, 188.49011993408203, 188.3753798007965, 188.91707253456116, 190.24903202056885, 188.8952648639679, 189.17635869979858, 189.9451823234558, 188.74033880233765, 188.88367199897766, 189.5704743862152, 187.98142671585083, 189.52414107322693, 188.70481705665588, 188.1481008529663, 188.32386779785156, 183.81671500205994, 188.73322248458862, 189.06822752952576, 187.75017070770264, 189.18578124046326, 189.0639476776123, 190.12100958824158, 189.08109068870544, 188.43035626411438, 190.39900517463684, 188.13780117034912, 188.06726717948914, 188.85067176818848, 188.93544626235962, 190.07931327819824, 188.6215181350708], "train_losses": [5.658826851702437, 5.416630947098058, 5.27327781251681, 5.191288375423592, 5.128579941235007, 5.071893406083589, 5.036134335834544, 4.991170542870206, 4.974766015814104, 4.952621143967511, 4.930525859286751, 4.8867126566618255, 4.855424415711903, 4.852163008982841, 4.822226648647195, 4.8176864813619495, 4.786133075143887, 4.77764820679361, 4.7745876701091925, 4.757719629121618, 4.73876892716906, 4.725537138265827, 4.714493908342747, 4.706521720859556, 4.69665891762143, 4.688903568931203, 4.673633663466194, 4.676212616319725, 4.673566426631166, 4.658042702113926, 4.654390061051046, 4.652124179710612, 4.651450970899898, 4.636287803910494, 4.626707395379484, 4.6322817492335, 4.615273351352805, 4.61458837609596, 4.594809820612124, 4.605824474880318, 4.59120970832661, 4.58601146051853, 4.578834348609543, 4.581171248856974, 4.581181334382228, 4.571375682453875, 4.558195581867571, 4.5611695511268895, 4.557833343418858, 4.558882238045291], "val_losses": [5.685505826271187, 5.479316075211864, 5.374228019067797, 5.318578191207627, 5.279782838983051, 5.238527542372881, 5.222343418961865, 5.1921474443855935, 5.190862023305085, 5.171483381885594, 5.164903336864406, 5.133781448622881, 5.118215042372881, 5.118455707097458, 5.100829250529661, 5.101201999470339, 5.08840969279661, 5.082838320974576, 5.0857534427966105, 5.082595007944915, 5.070132084216102, 5.067305349576271, 5.057593021716102, 5.054715638241525, 5.049091631355933, 5.049589512711864, 5.0411453919491525, 5.042228879766949, 5.046416843220339, 5.0350969941737285, 5.040128773834746, 5.037205707097457, 5.033920815677966, 5.03333752648305, 5.028981395656779, 5.0305064883474575, 5.029962923728814, 5.024268405720339, 5.017258342161017, 5.023948622881356, 5.017361295021186, 5.0175288003177965, 5.0111688956567795, 5.010138042902542, 5.009692134533898, 5.0147414592161015, 5.011319518008475, 5.003686771716102, 5.006678694385593, 5.004182335805084], "test_losses": [5.636837857440837, 5.432163868135619, 5.325397380347391, 5.26305915314017, 5.218623781667172, 5.185338881409284, 5.167166996928095, 5.134009500151699, 5.131581723111347, 5.114337810034891, 5.104283008760619, 5.077373615746359, 5.05774162810983, 5.060446729937803, 5.040612674453883, 5.036512652647148, 5.023752749544903, 5.018756162773058, 5.020517886263653, 5.013142706121056, 5.002076380461165, 4.998023764601031, 4.992423344584345, 4.984648176767294, 4.984965204035194, 4.983705391004247, 4.975040176539745, 4.976548870790352, 4.979312044902913, 4.968566005669751, 4.972393739570692, 4.969286872345267, 4.971847386036105, 4.964479316785497, 4.960822244292324, 4.963611491675516, 4.963719932778368, 4.961033200754703, 4.9515626777723, 4.956534672709345, 4.947378510410346, 4.94878439301426, 4.942128598111347, 4.93961637922861, 4.940989966531402, 4.945730857478762, 4.939162763577063, 4.934720233806129, 4.934801120202518, 4.935359621510922], "status": "OK"}