{"data": "data/ptb", "recepie_id": 1006358, "recepies_list_path": "data/models_recepies.json", "cuda": true, "batch_size": 20, "model": "CustomRNN", "emsize": 400, "nhid": 600, "nlayers": 3, "dropout": 0.1, "dropouth": 0.25, "dropouti": 0.4, "dropoute": 0.0, "wdrop": 0.1, "tied": true, "bptt": 70, "lr": 0.001, "wdecay": 1.2e-06, "epochs": 50, "alpha": 2, "beta": 1, "log_interval": 200, "clip": 0.25, "eval_batch_size": 50, "recepie": "{\"node_1\": {\"op\": \"linear\", \"input\": [\"h_prev_1\", \"x\"]}, \"node_2\": {\"op\": \"activation_leaky_relu\", \"input\": [\"node_1\"]}, \"node_5\": {\"op\": \"linear\", \"input\": [\"x\", \"node_2\"]}, \"node_7\": {\"op\": \"linear\", \"input\": [\"node_2\", \"h_new_0\", \"h_prev_0\"]}, \"h_new_0\": {\"op\": \"activation_leaky_relu\", \"input\": [\"node_5\"]}, \"h_new_1\": {\"op\": \"activation_leaky_relu\", \"input\": [\"node_7\"]}}", "experiment_id": 999960292, "init_time": "2020-04-18_02-23-29", "num_params": 10094800, "wall_times": [207.85302710533142, 169.29786086082458, 167.02496671676636, 166.92200183868408, 166.49601697921753, 167.57625603675842, 167.51679039001465, 168.04328298568726, 168.0924186706543, 168.1659243106842, 167.78471732139587, 167.52636170387268, 167.52152466773987, 167.4787917137146, 167.3480989933014, 166.64236044883728, 166.80658650398254, 167.23448371887207, 166.64439344406128, 167.0400516986847, 171.90118837356567, 166.69097661972046, 166.34814453125, 166.05665588378906, 165.89786672592163, 167.428852558136, 166.80565309524536, 161.6935691833496, 166.86420226097107, 165.72518014907837, 166.5763111114502, 166.67825984954834, 166.87453317642212, 166.91016459465027, 166.23079371452332, 166.37664151191711, 166.526269197464, 167.65404605865479, 166.7739098072052, 167.01926350593567, 167.07814836502075, 167.48477411270142, 166.960116147995, 165.59834456443787, 166.53792786598206, 166.76182794570923, 166.93208694458008, 166.54839944839478, 166.80385661125183, 167.7273211479187], "train_losses": [5.6265775442418375, 5.343007453203163, 5.18873715776451, 5.085812271394761, 5.011315959335162, 4.943348343956753, 4.893909099160885, 4.850152207385294, 4.810200500242052, 4.778149961675004, 4.743793619896724, 4.715658366279382, 4.694554824915282, 4.673995061454467, 4.657469087865096, 4.633299126593513, 4.6164739490882685, 4.603360244876553, 4.587138938195901, 4.574928728954871, 4.559889529880049, 4.549154328707439, 4.5333259372814805, 4.5259155976009895, 4.513817589828411, 4.504991494540369, 4.496336853181647, 4.487029594292937, 4.479100270292077, 4.473485574337045, 4.461582973616266, 4.457785773358077, 4.446494607605831, 4.439270429912323, 4.436475058496047, 4.428456645688774, 4.423081060728309, 4.417850455193373, 4.408690276881287, 4.403341166424614, 4.402500705986768, 4.392376099322253, 4.388420892501748, 4.38278518503577, 4.378287881232855, 4.37637373258566, 4.373820413775483, 4.36835826138992, 4.366628173578613, 4.36003476144371], "val_losses": [5.6512374205508475, 5.415964645127119, 5.294773238877118, 5.219107190148305, 5.168254766949152, 5.126650225105932, 5.096142412605932, 5.066720405190678, 5.044582229872882, 5.028436175847458, 5.009173066737288, 4.994732852224576, 4.985183726165254, 4.97778171345339, 4.970770656779661, 4.9547394729872885, 4.948895656779661, 4.941625397245763, 4.937064684851695, 4.9321729343220335, 4.928709613347458, 4.921937897245763, 4.918467293432204, 4.9143690413135594, 4.908752317266949, 4.906447298728813, 4.902473847987288, 4.902009732521186, 4.898895987817797, 4.8974215439618645, 4.893995299258474, 4.890130429025424, 4.890484308792373, 4.884609043961865, 4.883326602224576, 4.883628840042373, 4.884268736758474, 4.881045749470339, 4.88145656779661, 4.876500264830509, 4.877475834216102, 4.878837063029661, 4.870842161016949, 4.87497219279661, 4.8686228813559325, 4.872409626588983, 4.871330773305084, 4.868791379766949, 4.86846298993644, 4.870475039724576], "test_losses": [5.609857355506675, 5.366341303853155, 5.244755124582828, 5.167413507850425, 5.114037374848301, 5.068089753678701, 5.034987958889563, 5.006642165693265, 4.981224282273969, 4.963682008021086, 4.945596046818113, 4.930687469186135, 4.920738146143052, 4.911756200697815, 4.901233561988016, 4.88967065903747, 4.883767137249697, 4.87668913313486, 4.871397148058253, 4.866964988338137, 4.860494076626972, 4.855236164574484, 4.850739117964958, 4.848522001099818, 4.843351197474211, 4.840308328276699, 4.83651614883571, 4.83569098907767, 4.833865267559163, 4.833476538797027, 4.830672477055522, 4.826416608199333, 4.82473636367946, 4.81954126450622, 4.820008509367415, 4.818741289157312, 4.818607663645328, 4.814936369368174, 4.814061137079035, 4.810976787678246, 4.811085228781098, 4.811069525561287, 4.807302234242264, 4.81085442107858, 4.80127190154733, 4.806083012553095, 4.806687438372269, 4.803546794409891, 4.80131308546344, 4.801190126289442], "status": "OK"}