{"data": "data/ptb", "recepie_id": 1008669, "recepies_list_path": "data/models_recepies.json", "cuda": true, "batch_size": 20, "model": "CustomRNN", "emsize": 400, "nhid": 600, "nlayers": 3, "dropout": 0.1, "dropouth": 0.25, "dropouti": 0.4, "dropoute": 0.0, "wdrop": 0.1, "tied": true, "bptt": 70, "lr": 0.001, "wdecay": 1.2e-06, "epochs": 50, "alpha": 2, "beta": 1, "log_interval": 200, "clip": 0.25, "eval_batch_size": 50, "recepie": "{\"node_0\": {\"op\": \"linear\", \"input\": [\"x\", \"h_prev_1\"]}, \"node_1\": {\"op\": \"activation_leaky_relu\", \"input\": [\"node_0\"]}, \"node_3\": {\"op\": \"linear\", \"input\": [\"h_prev_0\", \"node_1\"]}, \"node_4\": {\"op\": \"activation_tanh\", \"input\": [\"node_3\"]}, \"node_7\": {\"op\": \"linear\", \"input\": [\"node_1\", \"node_4\", \"h_prev_0\"]}, \"node_8\": {\"op\": \"activation_sigm\", \"input\": [\"node_7\"]}, \"node_9\": {\"op\": \"linear\", \"input\": [\"x\", \"node_8\"]}, \"node_12\": {\"op\": \"linear\", \"input\": [\"node_8\", \"h_new_0\"]}, \"node_13\": {\"op\": \"activation_tanh\", \"input\": [\"node_12\"]}, \"h_new_0\": {\"op\": \"activation_leaky_relu\", \"input\": [\"node_9\"]}, \"h_new_1\": {\"op\": \"linear\", \"input\": [\"node_13\", \"x\"]}}", "experiment_id": 999936676, "init_time": "2020-04-18_07-40-51", "num_params": 15339600, "wall_times": [325.20800828933716, 288.46692872047424, 279.80738711357117, 281.1816294193268, 279.8259344100952, 279.6578893661499, 282.0588023662567, 280.31591153144836, 279.3020911216736, 277.72632575035095, 278.6400821208954, 279.3239920139313, 280.338990688324, 279.94232869148254, 281.5359170436859, 304.99323296546936, 281.96088337898254, 282.1651384830475, 282.2367708683014, 294.8303110599518, 303.50216007232666, 280.4720516204834, 281.49258184432983, 280.9135310649872, 281.64769673347473, 280.33456230163574, 280.8539867401123, 281.06976890563965, 279.91710782051086, 278.8755702972412, 278.5081694126129, 279.5779526233673, 280.8945198059082, 278.6267158985138, 278.2621166706085, 279.178498506546, 278.61055994033813, 279.02640104293823, 278.3045403957367, 280.54723262786865, 278.59192419052124, 280.0457065105438, 279.77749490737915, 277.54087471961975, 278.71298909187317, 278.4160158634186, 278.88030982017517, 280.6864676475525, 278.7065918445587, 280.59971165657043], "train_losses": [5.6413830953149375, 5.362701542412996, 5.197388857511699, 5.083113132698617, 4.994722748910763, 4.93003082808886, 4.879944848986068, 4.825726746140606, 4.790816120703567, 4.744560960276478, 4.709500312651283, 4.679111784600075, 4.65921178258297, 4.633664726883976, 4.6121812974019685, 4.590799143402721, 4.570704154564036, 4.549956127965144, 4.534927014415578, 4.525651693023506, 4.512362332580281, 4.486827463557636, 4.480623184605454, 4.4671724557581625, 4.452963211365715, 4.446562684901297, 4.436023311010704, 4.425508310472809, 4.416151884648486, 4.406201253294605, 4.398870337125491, 4.395658097332042, 4.387524121214566, 4.382165345462858, 4.3671564029638, 4.3714877158302405, 4.361592134635038, 4.353590531036523, 4.352192845328385, 4.337783151121511, 4.327736707277715, 4.331320010354473, 4.322024938142111, 4.313876253966973, 4.312721881555591, 4.309258344091227, 4.302325385939433, 4.300544870501856, 4.294394381017697, 4.290653491608843], "val_losses": [5.663416313559322, 5.425001655190678, 5.293221994173729, 5.210796146716102, 5.149788797669491, 5.106587989936441, 5.074350503177966, 5.042322894597458, 5.024799059851695, 4.995620696504237, 4.9807064353813555, 4.965229740466102, 4.956394663665254, 4.94375529661017, 4.935193326271186, 4.9252658236228815, 4.918577529131356, 4.90889499470339, 4.903243180614407, 4.898125, 4.8939989406779665, 4.885232057733051, 4.8835000662076276, 4.880070511122882, 4.875505826271186, 4.871845868644068, 4.870082759533898, 4.865606461864407, 4.865942134533898, 4.858359706038136, 4.858384864936441, 4.859378641419491, 4.8575148967161015, 4.853533170021186, 4.8505465439618645, 4.854156845868644, 4.850564420021186, 4.8445845471398306, 4.849322364936441, 4.8433378575211865, 4.839744769597457, 4.84175483315678, 4.840690214512712, 4.837261983580508, 4.836502582097458, 4.834254502118644, 4.835854078389831, 4.83829780190678, 4.836402608580508, 4.8380078125], "test_losses": [5.618173543689321, 5.378091460292779, 5.246438035687197, 5.159024433024879, 5.095802677487864, 5.050787175743325, 5.020778026395631, 4.986003394265777, 4.965716908278974, 4.935570874260467, 4.916544201304611, 4.900990310224515, 4.892740490367111, 4.8820554862902, 4.871554476543538, 4.860538223414745, 4.85344747895176, 4.841977313884254, 4.836755845153216, 4.834949382300516, 4.82900882461696, 4.818151381409284, 4.814476531686135, 4.810673389619994, 4.80705039015094, 4.805789095684163, 4.800835766838592, 4.797757935755461, 4.795824661995601, 4.790575045983768, 4.788893616315231, 4.791313097314927, 4.788007717688107, 4.785862302317203, 4.780350472163228, 4.784481307835255, 4.781348663626365, 4.776610142976335, 4.778372459041262, 4.773614383438258, 4.769604729217233, 4.773214395763804, 4.769367403197057, 4.765913583699939, 4.768558242945995, 4.765074202157919, 4.764646659777003, 4.765680701987257, 4.764519848869842, 4.76422593200091], "status": "OK"}