{"data": "data/ptb", "recepie_id": 1008249, "recepies_list_path": "data/models_recepies.json", "cuda": true, "batch_size": 20, "model": "CustomRNN", "emsize": 400, "nhid": 600, "nlayers": 3, "dropout": 0.1, "dropouth": 0.25, "dropouti": 0.4, "dropoute": 0.0, "wdrop": 0.1, "tied": true, "bptt": 70, "lr": 0.001, "wdecay": 1.2e-06, "epochs": 50, "alpha": 2, "beta": 1, "log_interval": 200, "clip": 0.25, "eval_batch_size": 50, "recepie": "{\"node_0\": {\"op\": \"linear\", \"input\": [\"h_prev_0\", \"x\"]}, \"node_1\": {\"op\": \"activation_leaky_relu\", \"input\": [\"node_0\"]}, \"node_4\": {\"op\": \"linear\", \"input\": [\"node_1\", \"h_prev_0\"]}, \"node_5\": {\"op\": \"activation_sigm\", \"input\": [\"node_4\"]}, \"node_6\": {\"op\": \"linear\", \"input\": [\"h_prev_1\", \"node_5\"]}, \"node_7\": {\"op\": \"activation_leaky_relu\", \"input\": [\"node_6\"]}, \"node_9\": {\"op\": \"linear\", \"input\": [\"h_prev_0\", \"node_7\", \"node_1\"]}, \"node_10\": {\"op\": \"activation_sigm\", \"input\": [\"node_9\"]}, \"node_12\": {\"op\": \"linear\", \"input\": [\"node_10\", \"node_5\"]}, \"h_new_0\": {\"op\": \"activation_sigm\", \"input\": [\"node_12\"]}, \"h_new_1\": {\"op\": \"elementwise_prod\", \"input\": [\"node_0\", \"node_1\"]}}", "experiment_id": 999984364, "init_time": "2020-04-15_05-47-05", "num_params": 13658000, "wall_times": [320.3292164802551, 260.4034061431885, 255.1054298877716, 252.0432643890381, 255.5924460887909, 252.7190010547638, 257.51367688179016, 252.79942965507507, 252.0507686138153, 248.61544108390808, 254.04206824302673, 256.88485622406006, 258.1013903617859, 254.68491125106812, 255.21188831329346, 253.07745838165283, 257.2389769554138, 254.65535068511963, 255.1813521385193, 253.2041540145874, 254.30500030517578, 260.17845344543457, 255.08207893371582, 253.49001240730286, 253.91746306419373, 252.83600521087646, 253.7774374485016, 255.39262342453003, 253.48394680023193, 250.397953748703, 254.75852394104004, 249.15614533424377, 251.706387758255, 253.30068182945251, 253.51224541664124, 259.55836296081543, 253.9006597995758, 257.83239102363586, 254.30662417411804, 257.6322958469391, 255.02735424041748, 253.86731958389282, 252.35398769378662, 254.22741842269897, 252.87267088890076, 255.52491855621338, 253.71702980995178, 254.5931854248047, 255.6560583114624, 252.26175713539124], "train_losses": [6.605257164084772, 6.576799173659298, 6.563899366629014, 6.555550652869668, 6.5501927175783985, 6.547258249959658, 6.545593718062503, 6.543899770050024, 6.5425604963423165, 6.542252887822064, 6.540790906890431, 6.540179471921897, 6.5397436931848745, 6.539594931687375, 6.539204958044215, 6.5388624704157925, 6.538233806008283, 6.5384430806573075, 6.53811025832392, 6.537748019875209, 6.537339556102415, 6.537856859501909, 6.537135744446237, 6.536999589855307, 6.537475290463127, 6.537370653138615, 6.537054640013985, 6.537276941799796, 6.537281984562423, 6.536842843983648, 6.53800898284116, 6.537733732047765, 6.538962064977677, 6.538047644021301, 6.537566480420634, 6.537561437658007, 6.5366655068312625, 6.538568309262546, 6.536104499489, 6.536891590689043, 6.5362532609864985, 6.539466341240385, 6.539330186649454, 6.537363088994675, 6.536304529073208, 6.536965971437793, 6.537342497713948, 6.537019760905815, 6.536547842369964, 6.53775516378893], "val_losses": [6.604567664194915, 6.575731594279661, 6.561262579449153, 6.552257018008475, 6.545857388771187, 6.542632415254237, 6.539813294491525, 6.538656647245762, 6.536476430084746, 6.53571967690678, 6.5338334216101694, 6.533379899364407, 6.532309322033898, 6.532097457627119, 6.531490995762712, 6.5309335275423726, 6.530214512711864, 6.530262844279661, 6.529962923728814, 6.529367055084745, 6.529072431144068, 6.529451800847458, 6.528655985169491, 6.528661943855933, 6.529195577330508, 6.529157838983051, 6.528627515889831, 6.528928098516949, 6.528860566737288, 6.528820180084746, 6.529891419491525, 6.5295888506355935, 6.530836202330509, 6.530058924788135, 6.52962063029661, 6.529738479872881, 6.5287010063559325, 6.5308792372881355, 6.527884666313559, 6.529156514830508, 6.528608977754237, 6.531521451271186, 6.531421477754237, 6.529327992584745, 6.528206435381356, 6.528871822033898, 6.529204184322034, 6.528869173728814, 6.52848781779661, 6.52985500529661], "test_losses": [6.527076498976031, 6.501547211582221, 6.491355525637136, 6.483249701342537, 6.478358592801881, 6.475725785042476, 6.473831917475728, 6.472048861309163, 6.470098699180825, 6.4700927734375, 6.468110019720874, 6.46765373748483, 6.467051089388653, 6.466686656174151, 6.466414071981189, 6.465736166944781, 6.465274551539745, 6.465670391193871, 6.465659132281553, 6.464875749013956, 6.464365542513653, 6.465450546116505, 6.463940666717233, 6.464388652912621, 6.465161369842233, 6.464933228724211, 6.464287915276092, 6.464506575204794, 6.464661829679915, 6.463700674112561, 6.465534099097391, 6.465353956500303, 6.467223528519417, 6.465340919864988, 6.465305957979369, 6.465383585216929, 6.463914000872269, 6.466773172026699, 6.463504532008495, 6.46459723907767, 6.463731487977852, 6.468452527685073, 6.468188239532767, 6.465432176312197, 6.464187177639563, 6.465084335179005, 6.465607578314624, 6.465248478269114, 6.464766122762439, 6.466265335823726], "status": "OK"}