{"data": "data/ptb", "recepie_id": 1012668, "recepies_list_path": "data/models_recepies.json", "cuda": true, "batch_size": 20, "model": "CustomRNN", "emsize": 400, "nhid": 600, "nlayers": 3, "dropout": 0.1, "dropouth": 0.25, "dropouti": 0.4, "dropoute": 0.0, "wdrop": 0.1, "tied": true, "bptt": 70, "lr": 0.001, "wdecay": 1.2e-06, "epochs": 50, "alpha": 2, "beta": 1, "log_interval": 200, "clip": 0.25, "eval_batch_size": 50, "recepie": "{\"node_0\": {\"op\": \"elementwise_sum\", \"input\": [\"h_prev_1\", \"h_prev_0\"]}, \"node_1\": {\"op\": \"linear\", \"input\": [\"h_prev_2\", \"x\", \"h_prev_1\"]}, \"node_2\": {\"op\": \"activation_tanh\", \"input\": [\"node_1\"]}, \"node_5\": {\"op\": \"linear\", \"input\": [\"h_prev_0\", \"h_prev_1\"]}, \"node_10\": {\"op\": \"linear\", \"input\": [\"h_new_1\", \"x\"]}, \"h_new_0\": {\"op\": \"activation_leaky_relu\", \"input\": [\"node_10\"]}, \"h_new_1\": {\"op\": \"activation_tanh\", \"input\": [\"node_5\"]}, \"h_new_2\": {\"op\": \"elementwise_prod\", \"input\": [\"node_2\", \"node_0\"]}}", "experiment_id": 999928421, "init_time": "2020-04-15_20-05-45", "num_params": 10094800, "wall_times": [148.82089829444885, 147.00604248046875, 145.49743843078613, 145.18105816841125, 145.50385689735413, 145.45223927497864, 145.08685302734375, 140.76006627082825, 145.67072010040283, 145.7387387752533, 145.3486406803131, 145.94420313835144, 145.5037100315094, 145.29082226753235, 145.95769023895264, 141.99720525741577, 143.08147430419922, 145.26780557632446, 145.55893445014954, 145.69923567771912, 145.01107168197632, 144.9896399974823, 145.03920102119446, 145.6712658405304, 140.4937469959259, 145.4134340286255, 145.38946342468262, 145.23498725891113, 145.5888946056366, 145.61863231658936, 145.24918150901794, 145.53546714782715, 144.291846036911, 141.61109852790833, 145.76231288909912, 145.55463480949402, 145.46809363365173, 145.25748586654663, 145.66230964660645, 145.60005283355713, 145.34120655059814, 140.74964880943298, 144.3955934047699, 145.65341067314148, 145.5447084903717, 145.46688890457153, 145.75909280776978, 145.73036932945251, 145.65730595588684, 145.0414845943451], "train_losses": [5.600782552713679, 5.278262583373675, 5.116369311763757, 5.008301647974826, 4.931816386289064, 4.8655486021462, 4.809157488838685, 4.770694237130869, 4.727626943144532, 4.6893439702006345, 4.668342965009951, 4.639043253455974, 4.614774117852725, 4.590493215803345, 4.563832550024205, 4.550900385267065, 4.5466800131784195, 4.515583817438546, 4.502082660964983, 4.489759830025281, 4.480237413264483, 4.467891889892959, 4.449951001156474, 4.443331114517777, 4.436015746866763, 4.427063162282825, 4.4132901168576195, 4.404452255123447, 4.4028957223925556, 4.395879138427196, 4.38914200755742, 4.381754360308752, 4.37251433825507, 4.367432494217632, 4.3644673497929105, 4.358872824888387, 4.3486032387983435, 4.340744933704481, 4.337259124038513, 4.336958239201764, 4.327580381636276, 4.3329063794309075, 4.32475727502555, 4.314723858318541, 4.3158198187294925, 4.3125369802592655, 4.308022447017374, 4.303822245979237, 4.301892969044161, 4.293514418939272], "val_losses": [5.6284229343220336, 5.358262711864406, 5.235143339512712, 5.151293034957627, 5.103737420550847, 5.064635527012712, 5.027709878177966, 5.004527277542373, 4.979084017478813, 4.957741988877118, 4.950562764830509, 4.933211731991525, 4.921856130826272, 4.912864472987288, 4.899897047139831, 4.894920219809322, 4.895191671080508, 4.877087195444915, 4.871340704449152, 4.865640558792373, 4.866559189618644, 4.860970934851695, 4.854492849576271, 4.853854939088983, 4.852191803495763, 4.846923662605932, 4.841775688559322, 4.836104674258475, 4.8412523172669495, 4.838874470338983, 4.835287010063559, 4.833522907838983, 4.83090439618644, 4.8275926906779665, 4.827706898834745, 4.825919954978813, 4.82359375, 4.823054157838983, 4.819118445444915, 4.81873874470339, 4.815956369173729, 4.818839049258474, 4.820059255826271, 4.816361228813559, 4.812555283368644, 4.814196570444915, 4.810125794491525, 4.812711533368644, 4.812373543432203, 4.811863413665254], "test_losses": [5.587382196222694, 5.313665593712075, 5.186622397413531, 5.106622492225425, 5.054193293006675, 5.010924700394417, 4.974129982364988, 4.950477970456614, 4.926019761168841, 4.904611235683404, 4.895490627844357, 4.877647325830552, 4.865970944895328, 4.857876675800212, 4.8399658203125, 4.836693032273969, 4.83711227861423, 4.820705969356796, 4.817581917475728, 4.80834486878034, 4.80969475310983, 4.80426262420358, 4.796921220797937, 4.795979916470722, 4.794446334098149, 4.789574780510467, 4.782453814756523, 4.778810075185831, 4.78387925231341, 4.780109886984223, 4.778649783828883, 4.777257826721784, 4.773126694762591, 4.770117898589199, 4.770148416167324, 4.770094195615898, 4.766463196393356, 4.762063331974363, 4.760975365499848, 4.763458844527458, 4.761627789839958, 4.764464146882585, 4.762561094413683, 4.761005290503641, 4.757158297936893, 4.756674757281553, 4.755992407937652, 4.755137026888653, 4.752863022887591, 4.751962606189321], "status": "OK"}