{"data": "data/ptb", "recepie_id": 2001291, "recepies_list_path": "data/new_recepies_fix.json", "cuda": true, "batch_size": 20, "model": "CustomRNN", "emsize": 400, "nhid": 600, "nlayers": 3, "dropout": 0.1, "dropouth": 0.25, "dropouti": 0.4, "dropoute": 0.0, "wdrop": 0.1, "tied": true, "bptt": 70, "lr": 0.001, "wdecay": 1.2e-06, "epochs": 50, "alpha": 2, "beta": 1, "log_interval": 200, "clip": 0.25, "eval_batch_size": 50, "recepie": "{\"node_0\": {\"op\": \"linear\", \"input\": [\"x\", \"h_prev_0\"]}, \"node_1\": {\"op\": \"activation_tanh\", \"input\": [\"node_0\"]}, \"node_3\": {\"op\": \"linear\", \"input\": [\"node_1\", \"x\"]}, \"h_new_0\": {\"op\": \"activation_tanh\", \"input\": [\"node_3\"]}}", "experiment_id": 999955969, "init_time": "2020-05-14_07-28-46", "num_params": 7453200, "wall_times": [105.07399916648865, 104.53673076629639, 103.4285876750946, 103.56079864501953, 103.34694790840149, 103.3243682384491, 109.59332633018494, 113.04297399520874, 114.8021810054779, 115.07391333580017, 115.1138002872467, 110.49576783180237, 103.17698621749878, 103.24530553817749, 103.18634700775146, 103.24814009666443, 102.95820498466492, 112.91411638259888, 115.16029334068298, 105.84296345710754, 103.22048163414001, 103.84257102012634, 103.87947630882263, 112.28948068618774, 112.58380103111267, 112.76739621162415, 103.10600662231445, 109.201340675354, 115.25722146034241, 113.75706243515015, 103.86201691627502, 103.35766267776489, 103.72873425483704, 103.79818940162659, 115.08862519264221, 115.2434811592102, 110.83917450904846, 112.44293403625488, 110.98564505577087, 110.69995999336243, 111.3033549785614, 113.25477266311646, 103.68981552124023, 103.54580426216125, 103.3222484588623, 108.84228372573853, 111.22268414497375, 115.16635203361511, 115.55142903327942, 117.1170654296875], "train_losses": [5.527145191221559, 5.293360614679146, 5.167290708541768, 5.092525869372277, 5.020497149158195, 4.9633416370824595, 4.933447299768705, 4.896216163062772, 4.865933112796514, 4.840763003603894, 4.808584715050293, 4.780190179387876, 4.766495717013608, 4.76154708595557, 4.743902459523425, 4.730800941988059, 4.719187459657899, 4.707601712522188, 4.698681065434888, 4.685150492846001, 4.6779204319294285, 4.6682542964337586, 4.652009036630628, 4.6491632375880805, 4.652723007772578, 4.647753365203593, 4.634337935694691, 4.633761800064548, 4.620272410037114, 4.6267426947178745, 4.608993010730999, 4.606991874428487, 4.611613146145984, 4.599015904873326, 4.5963121436447745, 4.5884824142057985, 4.584035958259372, 4.58689730582002, 4.585120992684632, 4.5891610860093595, 4.5705621167500405, 4.5636724423107955, 4.561357394034748, 4.562186088026465, 4.55043014765209, 4.562543283712549, 4.548654674977139, 4.548886221827766, 4.540689211177451, 4.536546581679307], "val_losses": [5.571376456567797, 5.385599841101695, 5.298311374470339, 5.252093154131356, 5.199611361228814, 5.168043233580509, 5.15524563029661, 5.135844809322034, 5.123977092161017, 5.113660288665254, 5.09122748940678, 5.077507282838983, 5.075454515360169, 5.0768541445974575, 5.068716565148305, 5.0645706435381355, 5.059803694385593, 5.05992419226695, 5.063400754766949, 5.050981528072034, 5.055060248940678, 5.05057766154661, 5.040139367055085, 5.042250728283898, 5.052880031779661, 5.051567134533898, 5.043884732521186, 5.046222523834746, 5.036766419491525, 5.047300052966102, 5.0351933262711865, 5.035907706567796, 5.038705971927966, 5.034354806673729, 5.032233183262712, 5.030397576800848, 5.026829647775424, 5.0332421875, 5.036444981461864, 5.041009004237288, 5.026658832097458, 5.024881488347457, 5.02314751059322, 5.0260285354872885, 5.014656382415255, 5.027506289724577, 5.016424126059322, 5.016693591101695, 5.013352423199152, 5.011698887711864], "test_losses": [5.530931195009102, 5.341763098263046, 5.249821042551578, 5.20422600310983, 5.152882400068265, 5.121737878299454, 5.110484299150485, 5.091577622496966, 5.082323389145935, 5.070195762856493, 5.048923529467537, 5.030458320691747, 5.028511714009405, 5.033953916679308, 5.025644246814321, 5.019325034132281, 5.015956249051881, 5.013708022034284, 5.016989698687803, 5.006618462719963, 5.006179365139563, 5.003533520744842, 4.99609612029733, 4.996346779239988, 5.006386766155947, 5.00615981018659, 4.996444554004855, 5.000469911445692, 4.992905700091019, 5.002828949863471, 4.990214820047027, 4.990004456158981, 4.994887268658981, 4.988073848983617, 4.986610782956614, 4.985468299643507, 4.984594252503034, 4.989843275940534, 4.991373302867111, 4.997582296723301, 4.982335951721784, 4.979997653405643, 4.981071398096177, 4.982839639904429, 4.973534445160801, 4.986160426463895, 4.97643331879551, 4.976406060376213, 4.973304526319781, 4.966861169315079], "status": "OK"}