{"data": "data/ptb", "recepie_id": 2009079, "recepies_list_path": "data/new_recepies_fix.json", "cuda": true, "batch_size": 20, "model": "CustomRNN", "emsize": 400, "nhid": 600, "nlayers": 3, "dropout": 0.1, "dropouth": 0.25, "dropouti": 0.4, "dropoute": 0.0, "wdrop": 0.1, "tied": true, "bptt": 70, "lr": 0.001, "wdecay": 1.2e-06, "epochs": 50, "alpha": 2, "beta": 1, "log_interval": 200, "clip": 0.25, "eval_batch_size": 50, "recepie": "{\"node_0\": {\"op\": \"linear\", \"input\": [\"x\", \"h_prev_0\"]}, \"node_1\": {\"op\": \"activation_tanh\", \"input\": [\"node_0\"]}, \"node_4\": {\"op\": \"linear\", \"input\": [\"x\", \"node_1\"]}, \"node_5\": {\"op\": \"activation_sigm\", \"input\": [\"node_4\"]}, \"h_new_0\": {\"op\": \"linear\", \"input\": [\"node_5\", \"node_1\"]}}", "experiment_id": 999978955, "init_time": "2020-05-13_19-35-06", "num_params": 9214800, "wall_times": [142.58069825172424, 141.17357301712036, 141.11884307861328, 140.88156700134277, 141.1769106388092, 140.69152855873108, 139.9572479724884, 139.57872819900513, 139.84853267669678, 139.55598998069763, 139.87497115135193, 139.45561146736145, 139.93911695480347, 139.453852891922, 139.79232740402222, 139.53911113739014, 139.80434489250183, 139.4340808391571, 139.74981260299683, 139.58981156349182, 139.77731919288635, 139.55608463287354, 139.76040029525757, 139.7465889453888, 139.8700053691864, 139.73995542526245, 139.77239346504211, 139.6681423187256, 139.6131076812744, 139.514750957489, 139.57782983779907, 139.50637483596802, 139.8511028289795, 139.86655020713806, 139.6229372024536, 139.83513021469116, 139.7317876815796, 139.73798847198486, 139.61004781723022, 139.81656527519226, 139.37013792991638, 139.4191393852234, 139.50475025177002, 139.4967486858368, 139.31229734420776, 139.3460955619812, 138.96069860458374, 139.62305903434753, 139.2496793270111, 139.5548436641693], "train_losses": [5.678447820854177, 5.382641886531117, 5.249323009117314, 5.1135516681458775, 5.029420737857028, 4.977735362541014, 4.931635687294928, 4.884836328734334, 4.846573106610726, 4.812827359340541, 4.779296349712227, 4.750653457990426, 4.74641375531171, 4.704929048329837, 4.7059464256898496, 4.667924835942123, 4.646102700903663, 4.641949145419827, 4.623780912134904, 4.608695067505782, 4.6081975149265775, 4.589655696977032, 4.575255247834974, 4.553054485369264, 4.556238149507826, 4.536955885912539, 4.554348794443548, 4.513763380130171, 4.502345725082029, 4.517325671695982, 4.492917860120488, 4.486117274487655, 4.47573128462697, 4.478713238260449, 4.47195383518907, 4.460174361922435, 4.458060183691034, 4.454337364181593, 4.445255768920445, 4.430567041848206, 4.4287146670431925, 4.42534442068743, 4.415124001533, 4.417955092517885, 4.41912375275671, 4.394477250416869, 4.397863045290732, 4.386939160749825, 4.3894941604808775, 4.38389711419504], "val_losses": [5.703624205508475, 5.453082296080509, 5.357704912605932, 5.243987023305085, 5.189561043432203, 5.156045749470339, 5.12902045815678, 5.092507282838983, 5.067298066737288, 5.047672139830508, 5.025076138771187, 5.014715638241525, 5.014019796080508, 4.985668697033899, 4.995361824682203, 4.966851496292373, 4.959686175847458, 4.957788003177966, 4.942197762182204, 4.938460672669492, 4.941937566207627, 4.931881951800848, 4.930322100105932, 4.910844809322034, 4.920241988877119, 4.908331236758475, 4.927298397775424, 4.896284759004237, 4.8958885063559325, 4.902992584745762, 4.895207229872882, 4.883688757944915, 4.879404793432204, 4.886182137182203, 4.888651681673728, 4.885302237817797, 4.881111295021187, 4.881349311440678, 4.87244438559322, 4.867466565148305, 4.872533103813559, 4.861695577330509, 4.86243313029661, 4.86510295286017, 4.870216498940678, 4.850825940148305, 4.850715042372881, 4.843638109110169, 4.851143074682203, 4.844881157309322], "test_losses": [5.655077295395935, 5.409795964805825, 5.302984441368325, 5.194903623710558, 5.138052634822512, 5.104504631560983, 5.07587143981341, 5.040332979368932, 5.018478245411105, 4.997937248748483, 4.975269502806432, 4.96818557294827, 4.965934383059011, 4.93730978363926, 4.946340616466929, 4.916494425060679, 4.911787014563107, 4.909986773740898, 4.896759922064624, 4.890299676691444, 4.896133867282312, 4.884075275902609, 4.8810789237902, 4.864741649442506, 4.874797339578277, 4.861695224798999, 4.88162349960179, 4.852262626573878, 4.850946815268507, 4.854772178872118, 4.846449768658981, 4.839332654638198, 4.834265551520783, 4.839952191102852, 4.83645511367946, 4.834204220077367, 4.834143481208283, 4.830414114646541, 4.824284822038076, 4.817362072398361, 4.823148857042628, 4.812729326266687, 4.814390015833586, 4.81795435044372, 4.817181040939776, 4.803285172842081, 4.800912505214654, 4.795408674814169, 4.805201558233465, 4.797064327499242], "status": "OK"}