{"data": "data/ptb", "recepie_id": 2007264, "recepies_list_path": "data/new_recepies_fix.json", "cuda": true, "batch_size": 20, "model": "CustomRNN", "emsize": 400, "nhid": 600, "nlayers": 3, "dropout": 0.1, "dropouth": 0.25, "dropouti": 0.4, "dropoute": 0.0, "wdrop": 0.1, "tied": true, "bptt": 70, "lr": 0.001, "wdecay": 1.2e-06, "epochs": 50, "alpha": 2, "beta": 1, "log_interval": 200, "clip": 0.25, "eval_batch_size": 50, "recepie": "{\"node_1\": {\"op\": \"linear\", \"input\": [\"x\", \"h_prev_0\"]}, \"node_2\": {\"op\": \"activation_leaky_relu\", \"input\": [\"node_1\"]}, \"node_3\": {\"op\": \"linear\", \"input\": [\"x\", \"node_2\"]}, \"node_4\": {\"op\": \"activation_leaky_relu\", \"input\": [\"node_3\"]}, \"node_7\": {\"op\": \"elementwise_prod\", \"input\": [\"node_4\", \"h_prev_0\"]}, \"node_9\": {\"op\": \"linear\", \"input\": [\"h_prev_1\", \"node_4\"]}, \"node_10\": {\"op\": \"activation_leaky_relu\", \"input\": [\"node_9\"]}, \"node_12\": {\"op\": \"linear\", \"input\": [\"node_10\", \"x\"]}, \"h_new_0\": {\"op\": \"linear\", \"input\": [\"x\", \"node_4\"]}, \"h_new_1\": {\"op\": \"elementwise_prod\", \"input\": [\"node_7\", \"node_12\"]}}", "experiment_id": 999983124, "init_time": "2020-05-08_21-36-04", "num_params": 12658000, "wall_times": [261.3225359916687, 190.5755934715271, 189.930588722229, 190.29301238059998, 191.6156041622162, 193.0265703201294, 190.64790964126587, 191.62287163734436, 185.94411897659302, 181.97453665733337, 185.6490912437439, 182.22239327430725, 184.75995230674744, 186.95945978164673, 180.96503901481628, 186.4153118133545, 186.63364553451538, 188.32960987091064, 186.71306586265564, 186.88291430473328, 187.94478273391724, 187.1308605670929, 189.5504834651947, 187.69248509407043, 186.6605761051178, 186.26564955711365, 188.33805584907532, 188.38891983032227, 190.8887939453125, 186.18234944343567, 188.9530475139618, 185.77785634994507, 182.45154881477356, 182.37000799179077, 181.98325157165527, 183.89155507087708, 182.22814011573792, 183.31860661506653, 183.2942533493042, 182.18203043937683, 183.1882643699646, 181.7473042011261, 182.63318347930908, 182.46672582626343, 182.73061680793762, 183.32243084907532, 182.61249351501465, 182.29879212379456, 181.80855703353882, 183.01910400390625], "train_losses": [5.574369822763703, 5.345916286778548, 5.217061094750148, 5.140657777957076, 5.083837609596041, 5.026479546554785, 4.98820707936636, 4.9567608318541225, 4.929735826475176, 4.908329299123231, 4.891033463772794, 4.875337865096014, 4.861348821338282, 4.842776746812974, 4.823885297321285, 4.825168260179657, 4.811949078182992, 4.799906961029531, 4.794267891721801, 4.772248248480447, 4.770024390161907, 4.779101362890646, 4.746872226480555, 4.752557521112366, 4.733595893174116, 4.742032435049217, 4.734854482679792, 4.721614709402399, 4.709553261658868, 4.708162299634232, 4.6962823913452745, 4.68493617543435, 4.695581027109892, 4.694464055187995, 4.692613361303857, 4.686815024743155, 4.673826549136679, 4.664461718707977, 4.684670169705772, 4.6571530747404655, 4.652582650879458, 4.649085494997579, 4.656814789414232, 4.650663459469635, 4.638170015061051, 4.632417063363993, 4.633457553386047, 4.644122155881878, 4.632900748345974, 4.63201658396536], "val_losses": [5.610205905720339, 5.426616790254237, 5.333011122881356, 5.281098384533898, 5.246728350105932, 5.210618048199152, 5.191225503177966, 5.174731859110169, 5.159202198093221, 5.148493114406779, 5.1441657838983055, 5.13375827595339, 5.1308100503177965, 5.121646583686441, 5.107998874470339, 5.112944253177966, 5.107410288665254, 5.103812897245763, 5.10229641154661, 5.086659825211864, 5.087190479343221, 5.096576072563559, 5.080115532309322, 5.079585209216102, 5.062447033898305, 5.076912407309322, 5.07491657838983, 5.062529131355932, 5.051621424788135, 5.058039923199153, 5.049702727754237, 5.036536016949152, 5.058201469809322, 5.055581302966102, 5.053572232521186, 5.052244107521187, 5.044632547669491, 5.036253641419491, 5.048426906779661, 5.029499801377119, 5.027561904131356, 5.029909957627119, 5.033344809322034, 5.033815876588983, 5.021514830508474, 5.016841896186441, 5.024322695974576, 5.035624337923728, 5.020815015889831, 5.019278005826271], "test_losses": [5.565325394417476, 5.376961421040655, 5.280908084610133, 5.228651917096481, 5.192798799681432, 5.153809778898665, 5.135471973604369, 5.114882978420813, 5.103666731454794, 5.094896038759102, 5.087169462037318, 5.077314358313107, 5.073261149878641, 5.06572775238926, 5.051436637211772, 5.057604743439017, 5.051062130233617, 5.047973040238167, 5.044774323991201, 5.026187637477245, 5.028168613470874, 5.03955078125, 5.02202658051426, 5.018763273665049, 5.007056967726031, 5.018340768165959, 5.015480411862864, 5.003256788531553, 4.992847627806432, 4.998723594887743, 4.992646745107706, 4.977889273930522, 4.994393654239988, 4.992719039176274, 4.993015918916869, 4.992632523323726, 4.982806455741808, 4.97766350310983, 4.991490632584951, 4.97000477614912, 4.966748580191899, 4.970176622705552, 4.972858910421723, 4.971304587947512, 4.962440268507281, 4.95509323564548, 4.963130617604672, 4.969762709534284, 4.961132456955401, 4.958563943511074], "status": "OK"}