{"data": "data/ptb", "recepie_id": 2003968, "recepies_list_path": "data/new_recepies_fix.json", "cuda": true, "batch_size": 20, "model": "CustomRNN", "emsize": 400, "nhid": 600, "nlayers": 3, "dropout": 0.1, "dropouth": 0.25, "dropouti": 0.4, "dropoute": 0.0, "wdrop": 0.1, "tied": true, "bptt": 70, "lr": 0.001, "wdecay": 1.2e-06, "epochs": 50, "alpha": 2, "beta": 1, "log_interval": 200, "clip": 0.25, "eval_batch_size": 50, "recepie": "{\"node_0\": {\"op\": \"linear\", \"input\": [\"x\", \"h_prev_0\"]}, \"node_1\": {\"op\": \"activation_leaky_relu\", \"input\": [\"node_0\"]}, \"node_4\": {\"op\": \"linear\", \"input\": [\"h_prev_0\", \"x\"]}, \"node_5\": {\"op\": \"activation_sigm\", \"input\": [\"node_4\"]}, \"node_9\": {\"op\": \"linear\", \"input\": [\"node_5\", \"node_1\"]}, \"h_new_0\": {\"op\": \"activation_leaky_relu\", \"input\": [\"node_9\"]}}", "experiment_id": 999967790, "init_time": "2020-05-09_14-56-13", "num_params": 9214800, "wall_times": [148.9247691631317, 148.60158348083496, 148.32117176055908, 150.41324543952942, 149.94980430603027, 149.75245881080627, 146.00147438049316, 145.86729645729065, 145.0912220478058, 150.03225755691528, 148.47765231132507, 145.943749666214, 145.99771857261658, 147.8240568637848, 148.72068238258362, 149.10472226142883, 145.31122612953186, 146.44049882888794, 145.66037249565125, 147.49251341819763, 146.4741768836975, 146.16992783546448, 146.16507244110107, 145.6786825656891, 147.93885612487793, 145.93622660636902, 146.63602948188782, 146.91188025474548, 147.8014509677887, 147.138090133667, 145.11409258842468, 147.4013533592224, 147.02586030960083, 147.04102897644043, 146.56761956214905, 147.5291531085968, 146.6192901134491, 146.36404943466187, 146.6239049434662, 146.3172631263733, 146.0716073513031, 146.11642003059387, 144.62601447105408, 147.09532165527344, 146.47799015045166, 146.67818307876587, 145.1142864227295, 147.68060970306396, 145.9578094482422, 145.5762722492218], "train_losses": [5.769702493814211, 5.5055541828035075, 5.348500702624926, 5.241301234468291, 5.161678533968049, 5.100358540422786, 5.044509944327901, 5.002981113173041, 4.96432455556452, 4.92938703539347, 4.900699179038244, 4.873049291323759, 4.851323809235652, 4.8254246006132, 4.8072202275294496, 4.783964687214244, 4.766483950567479, 4.752377662578667, 4.7349498749394865, 4.7198312523532895, 4.704925266257867, 4.69491075991071, 4.679762300978968, 4.668734619573987, 4.659869863105804, 4.646357360416331, 4.636971098246463, 4.624653730299607, 4.614972886746275, 4.607884863643698, 4.599889983728686, 4.591295015061051, 4.583837609596041, 4.575912067667151, 4.567857515061051, 4.563058906191168, 4.558290133666828, 4.549437984105213, 4.547535181673928, 4.539060819079125, 4.532224093647464, 4.529445951670163, 4.523382449841321, 4.519255368861277, 4.513066218196977, 4.513182621967618, 4.507033813404336, 4.501876748157711, 4.496723464983057, 4.492385848663332], "val_losses": [5.789714645127119, 5.554801377118644, 5.426781978283898, 5.346401284427966, 5.290248940677966, 5.247313625529661, 5.2097692664194915, 5.182791975635594, 5.1620600503177965, 5.140236030190678, 5.122792637711864, 5.110109904661017, 5.096462857521186, 5.08365234375, 5.079791777012712, 5.063359375, 5.057654925847458, 5.051735301906779, 5.044687168961865, 5.03455078125, 5.032361957097458, 5.028291512182204, 5.021687632415254, 5.021243379237288, 5.0135421080508475, 5.011271517478813, 5.004782507944915, 5.003602688029661, 4.999818591101695, 4.997462592690678, 4.994362420550847, 4.990937168961865, 4.994938095868644, 4.983913201800847, 4.988650026483051, 4.987813162076272, 4.9885043697033895, 4.983824152542373, 4.987548662605932, 4.984372351694915, 4.982714181673729, 4.976494968220339, 4.975128111758474, 4.984903336864407, 4.976790585275424, 4.976620762711865, 4.9772348384533895, 4.974291247351695, 4.978220670021186, 4.975438956567797], "test_losses": [5.741714625682645, 5.502597253299454, 5.372945544789139, 5.288906652950546, 5.228157710103155, 5.18817849761074, 5.148668011415352, 5.121170784663228, 5.098495927829187, 5.07506850159284, 5.059490314965109, 5.043884869918083, 5.033997174605583, 5.019778946070995, 5.013001080855583, 4.995714502427185, 4.988937229786105, 4.982546908184163, 4.975600159283981, 4.967542629797482, 4.962812997762439, 4.960568622478004, 4.951602676539745, 4.94991235825622, 4.943349301236347, 4.939837113167476, 4.936291148361651, 4.933422792305067, 4.927128171457828, 4.927149800420965, 4.925678142066141, 4.920602150333738, 4.922484166413835, 4.914292122553853, 4.917999563865291, 4.915710745505916, 4.915244093219053, 4.908678962189017, 4.912424920832069, 4.910133732175364, 4.908494078997269, 4.903124762970267, 4.901909985588592, 4.904759379266535, 4.900261740082676, 4.901393260770631, 4.901870283108313, 4.896700960918538, 4.899966934352245, 4.898572014373483], "status": "OK"}