{"data": "data/ptb", "recepie_id": 2006458, "recepies_list_path": "data/new_recepies_fix.json", "cuda": true, "batch_size": 20, "model": "CustomRNN", "emsize": 400, "nhid": 600, "nlayers": 3, "dropout": 0.1, "dropouth": 0.25, "dropouti": 0.4, "dropoute": 0.0, "wdrop": 0.1, "tied": true, "bptt": 70, "lr": 0.001, "wdecay": 1.2e-06, "epochs": 50, "alpha": 2, "beta": 1, "log_interval": 200, "clip": 0.25, "eval_batch_size": 50, "recepie": "{\"node_1\": {\"op\": \"linear\", \"input\": [\"x\", \"h_prev_0\"]}, \"node_2\": {\"op\": \"activation_leaky_relu\", \"input\": [\"node_1\"]}, \"node_3\": {\"op\": \"linear\", \"input\": [\"h_prev_2\", \"h_prev_1\"]}, \"node_4\": {\"op\": \"activation_sigm\", \"input\": [\"node_3\"]}, \"node_5\": {\"op\": \"linear\", \"input\": [\"node_4\", \"h_prev_1\"]}, \"node_6\": {\"op\": \"activation_leaky_relu\", \"input\": [\"node_5\"]}, \"node_9\": {\"op\": \"elementwise_prod\", \"input\": [\"h_prev_0\", \"node_6\"]}, \"node_11\": {\"op\": \"linear\", \"input\": [\"h_prev_2\", \"h_prev_1\"]}, \"node_18\": {\"op\": \"linear\", \"input\": [\"h_prev_0\", \"h_new_2\"]}, \"node_19\": {\"op\": \"activation_tanh\", \"input\": [\"node_18\"]}, \"node_22\": {\"op\": \"linear\", \"input\": [\"node_2\", \"node_19\"]}, \"h_new_0\": {\"op\": \"activation_tanh\", \"input\": [\"node_22\"]}, \"h_new_1\": {\"op\": \"elementwise_sum\", \"input\": [\"node_2\", \"node_9\"]}, \"h_new_2\": {\"op\": \"activation_leaky_relu\", \"input\": [\"node_11\"]}}", "experiment_id": 999934205, "init_time": "2020-05-12_17-30-31", "num_params": 14539600, "wall_times": [305.0189757347107, 302.7593529224396, 302.9099545478821, 295.921758890152, 295.6235861778259, 296.5301375389099, 295.84824228286743, 295.7854092121124, 295.67035937309265, 295.7331385612488, 295.90549635887146, 296.900226354599, 295.8275623321533, 295.74789357185364, 295.338387966156, 295.17762660980225, 295.41473484039307, 295.41980147361755, 294.5024936199188, 294.96023511886597, 295.2561717033386, 295.106733083725, 295.3302946090698, 295.32135033607483, 295.3272330760956, 295.36386728286743, 295.3403549194336, 295.134250164032, 295.25383019447327, 295.3734624385834, 294.8599977493286, 295.5853798389435, 295.3371887207031, 295.0865218639374, 295.1196632385254, 294.85128951072693, 295.07706451416016, 297.9219226837158, 295.62940979003906, 296.13956594467163, 295.8443138599396, 298.48365473747253, 295.7116537094116, 295.6127233505249, 299.866397857666, 295.32274651527405, 293.67339754104614, 295.52926898002625, 295.61969447135925, 295.71478509902954], "train_losses": [5.619229398633747, 5.292482333521597, 5.107832755096552, 4.982641130116723, 4.900953418320693, 4.822293465252003, 4.758677333790544, 4.709491908046904, 4.667546208514873, 4.626542665133667, 4.591495044645258, 4.5697893133774405, 4.545722728739713, 4.510054428217955, 4.488317179683718, 4.4739730413909955, 4.442646979721371, 4.421602690818138, 4.404044631811091, 4.3940982027594, 4.392274823839492, 4.364196301301705, 4.3584719252595345, 4.349427730487871, 4.31895053386047, 4.3184626465763, 4.309935755204131, 4.293192102361358, 4.291684316335862, 4.27609503590447, 4.274911247377763, 4.264381538782207, 4.255083104728095, 4.24824385791512, 4.244322689742348, 4.23562770628261, 4.231145950997795, 4.222553083481254, 4.214248073664677, 4.207249559598731, 4.204048666021193, 4.193702177801087, 4.186533470496477, 4.191799375369802, 4.189834378866118, 4.173602566429993, 4.170802152251089, 4.16803913856167, 4.159510146038405, 4.154327866978646], "val_losses": [5.649491525423729, 5.37110500529661, 5.221740598516949, 5.128051178495762, 5.073295153601695, 5.018600039724577, 4.977492386122881, 4.949753376588983, 4.926741260593221, 4.903609639830509, 4.885267478813559, 4.873368644067797, 4.8644716631355935, 4.8417405985169495, 4.832210341631356, 4.831670749470339, 4.81285685911017, 4.811298000529661, 4.798256422139831, 4.790302568855933, 4.797058395127118, 4.780012248411017, 4.78328125, 4.776214578919491, 4.761804157838983, 4.762970405190678, 4.75739936440678, 4.757774099576271, 4.761765426377119, 4.756599907309322, 4.748725172139831, 4.746354939088983, 4.746664790783898, 4.744961268538136, 4.741477754237288, 4.738662936970339, 4.747116657838983, 4.738883077330509, 4.735676972987288, 4.7382196769067795, 4.736814088983051, 4.732364936440678, 4.739469014830508, 4.731974642478813, 4.735203919491526, 4.7268359375, 4.722884997351695, 4.72131984904661, 4.7254363082627115, 4.7210930879237285], "test_losses": [5.605621041603459, 5.325087463971481, 5.176744775864685, 5.082612565420206, 5.024776125417172, 4.972018640018204, 4.932059278765928, 4.904885301312197, 4.879491417153368, 4.85503439301426, 4.83593987029733, 4.825339308062803, 4.814250464578277, 4.791941522394569, 4.782528479122421, 4.779710491884102, 4.764362224097391, 4.758285374317355, 4.751087373900182, 4.744179734905947, 4.746585882983162, 4.730822220589351, 4.730449195047027, 4.727584690723605, 4.713498013690837, 4.714821824749697, 4.711464298581614, 4.710187300895024, 4.71224383011605, 4.706700297235285, 4.704903611859072, 4.698611065021996, 4.699316524764867, 4.696126104558556, 4.69251199370449, 4.690070883741656, 4.694776812803398, 4.68779006513577, 4.685498283904733, 4.685293253185679, 4.685008224931735, 4.681147899442506, 4.685162886832524, 4.67682121795358, 4.682938362788228, 4.676881364248331, 4.670985545926881, 4.670820513975273, 4.673129479861954, 4.670801551596632], "status": "OK"}