{"data": "data/ptb", "recepie_id": 2010593, "recepies_list_path": "data/new_recepies_fix.json", "cuda": true, "batch_size": 20, "model": "CustomRNN", "emsize": 400, "nhid": 600, "nlayers": 3, "dropout": 0.1, "dropouth": 0.25, "dropouti": 0.4, "dropoute": 0.0, "wdrop": 0.1, "tied": true, "bptt": 70, "lr": 0.001, "wdecay": 1.2e-06, "epochs": 50, "alpha": 2, "beta": 1, "log_interval": 200, "clip": 0.25, "eval_batch_size": 50, "recepie": "{\"node_0\": {\"op\": \"linear\", \"input\": [\"h_prev_2\", \"h_prev_1\"]}, \"node_1\": {\"op\": \"activation_sigm\", \"input\": [\"node_0\"]}, \"node_3\": {\"op\": \"linear\", \"input\": [\"h_prev_1\", \"node_1\"]}, \"node_4\": {\"op\": \"activation_leaky_relu\", \"input\": [\"node_3\"]}, \"node_5\": {\"op\": \"linear\", \"input\": [\"h_prev_1\", \"node_1\"]}, \"node_6\": {\"op\": \"activation_sigm\", \"input\": [\"node_5\"]}, \"node_7\": {\"op\": \"linear\", \"input\": [\"h_prev_0\", \"x\"]}, \"node_11\": {\"op\": \"linear\", \"input\": [\"node_1\", \"node_6\"]}, \"h_new_0\": {\"op\": \"blend\", \"input\": [\"node_11\", \"node_4\", \"node_6\"]}, \"h_new_1\": {\"op\": \"activation_sigm\", \"input\": [\"node_7\"]}, \"h_new_2\": {\"op\": \"activation_sigm\", \"input\": [\"node_11\"]}}", "experiment_id": 999995024, "init_time": "2020-05-17_21-25-32", "num_params": 12778000, "wall_times": [329.01455640792847, 320.85127091407776, 318.1822979450226, 318.15914487838745, 317.312059879303, 323.4024212360382, 318.6436719894409, 320.3464848995209, 317.0178768634796, 320.2711181640625, 320.26437520980835, 318.57770919799805, 318.72449707984924, 319.2050757408142, 322.86407446861267, 318.37023091316223, 319.9736530780792, 320.53938603401184, 320.08224058151245, 319.4779734611511, 321.28909373283386, 317.36092257499695, 318.772846698761, 317.25204038619995, 323.2379057407379, 321.3119468688965, 317.265337228775, 317.8362011909485, 318.73604917526245, 319.53354835510254, 320.7875626087189, 316.37004494667053, 320.44920682907104, 314.90655303001404, 320.7941253185272, 319.71602869033813, 319.7360155582428, 320.9919927120209, 320.5415232181549, 320.5720019340515, 319.70127296447754, 322.0836453437805, 319.446408033371, 317.14799189567566, 318.21613907814026, 319.9672019481659, 318.88684701919556, 319.80379605293274, 320.50381803512573, 321.14400124549866], "train_losses": [6.560917833225754, 6.5474212992846, 6.547006111828304, 6.548665180732613, 6.544196032354365, 6.542904664891614, 6.5425432669033405, 6.545895863589909, 6.54932956470873, 6.552540543811522, 6.557877467591846, 6.559057053816363, 6.565486155935668, 6.566485043166048, 6.567552427922113, 6.566034976601581, 6.567136820235598, 6.568525681109139, 6.565463463503846, 6.567891973939003, 6.56580931297402, 6.567692784815233, 6.5722325318702595, 6.573105350034963, 6.572730924909902, 6.574355955166478, 6.578347722016029, 6.575791041364101, 6.578708699774085, 6.580677478349739, 6.5848785198483135, 6.584832714754451, 6.579452927491797, 6.577862356113173, 6.554259705637136, 6.542623530875154, 6.538901131595933, 6.532959076300361, 6.532160638884406, 6.528960165537088, 6.5270804757678444, 6.530072094696359, 6.52735530633102, 6.525694976736055, 6.521494775697918, 6.518036280996181, 6.516138521327524, 6.512282488838685, 6.506629551933731, 6.50076902130063], "val_losses": [6.55810248940678, 6.543947298728813, 6.542259004237288, 6.544122748940678, 6.538915519067797, 6.537454978813559, 6.537211334745763, 6.5419140625, 6.546522113347458, 6.549686837923729, 6.555287341101695, 6.555581302966102, 6.561471133474576, 6.561965704449152, 6.562302701271187, 6.5605078125, 6.561180481991525, 6.562999205508475, 6.558796345338983, 6.561291048728814, 6.559163797669491, 6.560599179025424, 6.5649265095338984, 6.566283103813559, 6.565658765889831, 6.567257018008474, 6.571413532838983, 6.568090572033898, 6.57139499470339, 6.573405720338983, 6.578031647245763, 6.578062764830508, 6.571677701271186, 6.570389300847458, 6.548685778601695, 6.541427436440678, 6.54076999470339, 6.537629104872881, 6.538087261652542, 6.5355025158898306, 6.533650026483051, 6.53840373411017, 6.536842558262712, 6.534153204449153, 6.532632415254238, 6.525866657838983, 6.524505429025424, 6.5234692796610165, 6.518757282838983, 6.514828522245763], "test_losses": [6.489158260012136, 6.475186542399879, 6.476158956879551, 6.478747914138349, 6.473497112977852, 6.471722945426274, 6.471248293385922, 6.474047614532767, 6.477802758077973, 6.480070540048544, 6.485242528822815, 6.484683731227245, 6.491876398475425, 6.492501564396238, 6.492407937651699, 6.489984308631675, 6.489295144682949, 6.492547192619842, 6.488176364343143, 6.491971210368629, 6.488521835179005, 6.487837411824939, 6.492330310414139, 6.496070639601031, 6.495444288531553, 6.497045424378034, 6.50116203826608, 6.495649319250607, 6.500639980279126, 6.501789574484223, 6.507040375644721, 6.508120638652913, 6.500151699029126, 6.500343100538531, 6.483981530643204, 6.474646707182949, 6.477150926312197, 6.472746321298544, 6.475072768128034, 6.471100149802791, 6.471226368135619, 6.476910933707524, 6.473338895631068, 6.473346006523058, 6.472747506447209, 6.468211349931735, 6.467740845911711, 6.46399162810983, 6.460684470760012, 6.456292309807342], "status": "OK"}