{"data": "data/ptb", "recepie_id": 2008945, "recepies_list_path": "data/new_recepies_fix.json", "cuda": true, "batch_size": 20, "model": "CustomRNN", "emsize": 400, "nhid": 600, "nlayers": 3, "dropout": 0.1, "dropouth": 0.25, "dropouti": 0.4, "dropoute": 0.0, "wdrop": 0.1, "tied": true, "bptt": 70, "lr": 0.001, "wdecay": 1.2e-06, "epochs": 50, "alpha": 2, "beta": 1, "log_interval": 200, "clip": 0.25, "eval_batch_size": 50, "recepie": "{\"node_0\": {\"op\": \"linear\", \"input\": [\"h_prev_0\", \"x\"]}, \"node_1\": {\"op\": \"activation_leaky_relu\", \"input\": [\"node_0\"]}, \"node_2\": {\"op\": \"linear\", \"input\": [\"node_1\", \"h_prev_0\"]}, \"node_3\": {\"op\": \"activation_tanh\", \"input\": [\"node_2\"]}, \"node_4\": {\"op\": \"linear\", \"input\": [\"x\", \"node_1\"]}, \"node_5\": {\"op\": \"activation_leaky_relu\", \"input\": [\"node_4\"]}, \"node_7\": {\"op\": \"linear\", \"input\": [\"node_3\", \"node_5\"]}, \"node_8\": {\"op\": \"activation_tanh\", \"input\": [\"node_7\"]}, \"node_13\": {\"op\": \"linear\", \"input\": [\"h_prev_0\", \"node_8\", \"x\"]}, \"h_new_0\": {\"op\": \"activation_sigm\", \"input\": [\"node_13\"]}}", "experiment_id": 999988873, "init_time": "2020-05-19_05-31-21", "num_params": 13578000, "wall_times": [254.41658997535706, 257.13654947280884, 253.37493181228638, 251.3149254322052, 249.86500573158264, 250.20033526420593, 249.7950837612152, 249.04065680503845, 248.9824733734131, 248.34325742721558, 251.89362955093384, 250.36796021461487, 250.37579202651978, 251.11072659492493, 252.69969511032104, 251.32172465324402, 251.32064867019653, 249.95216631889343, 250.7956521511078, 249.39926028251648, 250.01534032821655, 249.86011385917664, 249.98527598381042, 249.61394238471985, 249.4099462032318, 249.48088026046753, 249.9324734210968, 250.1785671710968, 249.16533637046814, 249.66489911079407, 250.56586003303528, 250.53111934661865, 249.98815274238586, 251.21496105194092, 249.80887746810913, 250.3569827079773, 251.89253640174866, 251.61604237556458, 249.90580868721008, 250.5133125782013, 251.90169215202332, 249.41477870941162, 252.7858910560608, 248.92198967933655, 252.48925638198853, 252.69229078292847, 250.74732065200806, 252.7841601371765, 250.10207152366638, 252.78823280334473], "train_losses": [5.964833874589855, 5.6900398714431715, 5.531724019686945, 5.4166935614006775, 5.326035195121295, 5.263567132617934, 5.198436071217255, 5.151121510408262, 5.11290661475983, 5.081030891963853, 5.049008088591254, 5.022699575735571, 4.997603847291701, 4.977286136436986, 4.959633525630681, 4.939152765451024, 4.925879373756119, 4.9120361498843526, 4.895718610483567, 4.883377289414232, 4.869148714431715, 4.855292043192943, 4.84268471639503, 4.832091132806196, 4.814903296622021, 4.801866494540369, 4.7934711352267225, 4.787266436044322, 4.772429787935022, 4.76091463947609, 4.755989541310312, 4.750260962965951, 4.73993590648701, 4.728369489941369, 4.718844131569039, 4.708049257705341, 4.69677195955032, 4.691200127077618, 4.682591711042978, 4.6765794773008444, 4.6674024897800015, 4.6586369076434835, 4.6554919046850625, 4.648396737668764, 4.640613653784089, 4.639729909633694, 4.630233547146469, 4.6227042823140225, 4.61906466838793, 4.61599740802001], "val_losses": [5.977808527542373, 5.727068988347457, 5.593170021186441, 5.501735632944915, 5.430888506355932, 5.3851509533898305, 5.339614671610169, 5.307853879766949, 5.28678032309322, 5.267490730932203, 5.249978482521186, 5.233927436440678, 5.2177217955508475, 5.208219676906779, 5.196243048199152, 5.188519928495762, 5.1821438029661016, 5.176284096927966, 5.1686609507415255, 5.163227290783898, 5.15762248411017, 5.153996954449153, 5.1465191340042376, 5.143452727754237, 5.133358050847457, 5.12987983315678, 5.128559322033898, 5.126112619173729, 5.119863612288135, 5.115441273834746, 5.113060778601695, 5.11457262976695, 5.111130164194916, 5.104746424788136, 5.100757084216101, 5.095042372881356, 5.09404892743644, 5.090672007415254, 5.088645391949153, 5.087089181673729, 5.082151747881356, 5.081874006885593, 5.07915485963983, 5.078566604872881, 5.07451171875, 5.07645954713983, 5.074715969279661, 5.072042174258475, 5.0676694915254235, 5.067716829978814], "test_losses": [5.929949417854976, 5.67657707732858, 5.539652704035194, 5.446168177336165, 5.374475571715716, 5.330104198270631, 5.281031340071299, 5.248267905226031, 5.223863916489685, 5.203473433707524, 5.183473457410497, 5.166860635998179, 5.150286331917476, 5.141109133229672, 5.129916589236954, 5.120161630574939, 5.113623165389867, 5.107171216057342, 5.099310717536408, 5.09430168670358, 5.086546666413835, 5.082495235702367, 5.075335160042476, 5.071316913493629, 5.063776405112257, 5.060482284397755, 5.058511382167779, 5.055857834306735, 5.049504844887743, 5.046159170206311, 5.044949133419296, 5.044552701190837, 5.042395730620449, 5.035729269379551, 5.031354885656857, 5.026440666717233, 5.023702973300971, 5.021746292854976, 5.018884158828883, 5.01726820862409, 5.014248449825546, 5.012713089729976, 5.009844437386226, 5.010010950773665, 5.005445165541565, 5.006750014221784, 5.004721039707221, 5.002591920130461, 4.999946668310073, 4.999176321677791], "status": "OK"}