{"data": "data/ptb", "recepie_id": 1013798, "recepies_list_path": "data/models_recepies.json", "cuda": true, "batch_size": 20, "model": "CustomRNN", "emsize": 400, "nhid": 600, "nlayers": 3, "dropout": 0.1, "dropouth": 0.25, "dropouti": 0.4, "dropoute": 0.0, "wdrop": 0.1, "tied": true, "bptt": 70, "lr": 0.001, "wdecay": 1.2e-06, "epochs": 50, "alpha": 2, "beta": 1, "log_interval": 200, "clip": 0.25, "eval_batch_size": 50, "recepie": "{\"node_0\": {\"op\": \"linear\", \"input\": [\"h_prev_0\", \"h_prev_1\", \"h_prev_2\"]}, \"node_1\": {\"op\": \"activation_leaky_relu\", \"input\": [\"node_0\"]}, \"node_3\": {\"op\": \"linear\", \"input\": [\"x\", \"h_prev_0\"]}, \"node_8\": {\"op\": \"linear\", \"input\": [\"h_prev_1\", \"node_1\", \"x\"]}, \"node_9\": {\"op\": \"activation_tanh\", \"input\": [\"node_8\"]}, \"node_10\": {\"op\": \"linear\", \"input\": [\"node_1\", \"node_9\", \"h_prev_2\"]}, \"node_12\": {\"op\": \"linear\", \"input\": [\"h_new_2\", \"h_prev_1\"]}, \"node_13\": {\"op\": \"activation_leaky_relu\", \"input\": [\"node_12\"]}, \"h_new_0\": {\"op\": \"activation_tanh\", \"input\": [\"node_3\"]}, \"h_new_1\": {\"op\": \"linear\", \"input\": [\"h_new_0\", \"node_13\"]}, \"h_new_2\": {\"op\": \"activation_leaky_relu\", \"input\": [\"node_10\"]}}", "experiment_id": 999976544, "init_time": "2020-04-17_14-20-25", "num_params": 17139600, "wall_times": [230.40996050834656, 167.4020447731018, 169.18714690208435, 169.66826725006104, 168.229074716568, 169.18637371063232, 167.34122347831726, 168.1122851371765, 168.17800188064575, 170.32498812675476, 168.580881357193, 168.46052646636963, 170.5416338443756, 169.6397840976715, 173.34628200531006, 166.55351161956787, 166.03737688064575, 166.53986024856567, 169.5924060344696, 169.27717900276184, 167.83344745635986, 168.95285630226135, 168.93115830421448, 169.42395687103271, 170.30279684066772, 171.33893132209778, 168.5898139476776, 168.7249357700348, 165.33651161193848, 166.19586634635925, 167.22650599479675, 169.4680416584015, 168.35402369499207, 167.86400198936462, 167.3416895866394, 167.32945609092712, 167.06472277641296, 167.4791178703308, 167.09931135177612, 168.4221968650818, 167.42964124679565, 168.81528520584106, 167.906320810318, 168.79307055473328, 167.09552454948425, 168.4062647819519, 170.62212133407593, 169.7749936580658, 168.17718529701233, 169.02846908569336], "train_losses": [5.505620158947878, 5.26348266634393, 5.128529933838954, 5.028581958340057, 4.960235295304179, 4.896484690172664, 4.841236182830402, 4.795862665402614, 4.760322535097628, 4.726525939970954, 4.69446573610887, 4.665221074713571, 4.641478907804852, 4.6273818648808565, 4.602644172583508, 4.591167265074499, 4.576161684417191, 4.559806324296702, 4.542118834382228, 4.526490052310257, 4.514851776397181, 4.50954510919262, 4.493849510515841, 4.48470277957076, 4.478338392905169, 4.467850287101285, 4.453973024581787, 4.465332687859717, 4.446532428325534, 4.434785733015976, 4.426274390161907, 4.431828993195633, 4.416907878812329, 4.408502433973428, 4.407559437362164, 4.406439523828734, 4.393295983271475, 4.3931921864074015, 4.380254558657415, 4.382554478645581, 4.378332005405841, 4.374048598784358, 4.3692735228067345, 4.364262277446076, 4.363759682104244, 4.356493061158625, 4.353877128045829, 4.346397450379215, 4.342359037975364, 4.33580512748104], "val_losses": [5.5514512711864406, 5.359482256355932, 5.263377251059322, 5.19332627118644, 5.149650092690678, 5.114993048199152, 5.085692862817797, 5.064005892478813, 5.050504171080508, 5.035456170550847, 5.017274231991525, 5.010090373411017, 5.000974245233051, 4.996557534427966, 4.9865625, 4.988070047669492, 4.98280422404661, 4.978853945974576, 4.971716101694915, 4.971105667372881, 4.963371623411017, 4.964150556144068, 4.964141949152542, 4.963289856991525, 4.959431607521187, 4.9566803495762715, 4.952107388771187, 4.964623609639831, 4.956901152012712, 4.954935116525424, 4.950785553495763, 4.957853217690678, 4.946800847457627, 4.951036149364406, 4.952603945974576, 4.953951602224576, 4.949266419491526, 4.952976363877118, 4.947059719279661, 4.950372748940678, 4.950643869173729, 4.952733050847457, 4.951511851165254, 4.951729343220339, 4.95391220868644, 4.9477886652542376, 4.9526539327330505, 4.9461937235169495, 4.948906581038136, 4.944732521186441], "test_losses": [5.511708676236347, 5.317958202176881, 5.223882286293993, 5.155696535573422, 5.113721532729065, 5.076900741429005, 5.046376052412015, 5.026617253868325, 5.013382106151395, 4.997256973414745, 4.981116433745449, 4.972788394076153, 4.962966178227397, 4.962845589350728, 4.953958752085861, 4.954757245998938, 4.949281266592081, 4.947223552222391, 4.938709740499848, 4.938335233521693, 4.930618730563562, 4.930425847618325, 4.928339689680674, 4.927198095229065, 4.92598183641156, 4.925087049169448, 4.916526424074636, 4.931200638558101, 4.922739862238319, 4.917247883324484, 4.914965583282767, 4.925162009822512, 4.914408563410194, 4.913818655662166, 4.915940664346936, 4.918651395631068, 4.911939009879399, 4.915698597732099, 4.912054561874242, 4.914159682190534, 4.91299319961696, 4.91742654448574, 4.913748731890928, 4.911461691254551, 4.915184835785801, 4.910286023778823, 4.915639636586014, 4.909181465222997, 4.909413754361347, 4.906251185148665], "status": "OK"}