{"data": "data/ptb", "recepie_id": 2007851, "recepies_list_path": "data/new_recepies_fix.json", "cuda": true, "batch_size": 20, "model": "CustomRNN", "emsize": 400, "nhid": 600, "nlayers": 3, "dropout": 0.1, "dropouth": 0.25, "dropouti": 0.4, "dropoute": 0.0, "wdrop": 0.1, "tied": true, "bptt": 70, "lr": 0.001, "wdecay": 1.2e-06, "epochs": 50, "alpha": 2, "beta": 1, "log_interval": 200, "clip": 0.25, "eval_batch_size": 50, "recepie": "{\"node_0\": {\"op\": \"linear\", \"input\": [\"x\", \"h_prev_0\"]}, \"node_2\": {\"op\": \"linear\", \"input\": [\"h_prev_0\", \"h_prev_1\", \"h_prev_2\"]}, \"node_3\": {\"op\": \"activation_leaky_relu\", \"input\": [\"node_2\"]}, \"node_5\": {\"op\": \"linear\", \"input\": [\"h_prev_0\", \"h_prev_1\"]}, \"node_6\": {\"op\": \"activation_sigm\", \"input\": [\"node_5\"]}, \"node_7\": {\"op\": \"linear\", \"input\": [\"h_new_0\", \"node_3\"]}, \"node_8\": {\"op\": \"activation_tanh\", \"input\": [\"node_7\"]}, \"node_9\": {\"op\": \"linear\", \"input\": [\"node_3\", \"node_8\"]}, \"node_10\": {\"op\": \"activation_leaky_relu\", \"input\": [\"node_9\"]}, \"h_new_0\": {\"op\": \"activation_tanh\", \"input\": [\"node_0\"]}, \"h_new_1\": {\"op\": \"linear\", \"input\": [\"node_6\", \"x\"]}, \"h_new_2\": {\"op\": \"elementwise_sum\", \"input\": [\"node_10\", \"node_8\"]}}", "experiment_id": 999950338, "init_time": "2020-05-09_11-34-09", "num_params": 15379600, "wall_times": [167.50032949447632, 166.0851948261261, 167.4319133758545, 165.1420078277588, 167.45316815376282, 165.25222277641296, 163.81514024734497, 165.66875624656677, 164.13244247436523, 164.76671409606934, 163.0079734325409, 164.40927577018738, 164.67423725128174, 164.12564706802368, 163.31071162223816, 162.85066294670105, 164.55574893951416, 163.56162548065186, 164.14177680015564, 165.3831992149353, 163.6654007434845, 162.97654747962952, 163.47820472717285, 164.27277874946594, 165.30017805099487, 163.63729977607727, 164.2476315498352, 164.54565024375916, 163.2020194530487, 163.21159505844116, 165.2055025100708, 163.27915263175964, 163.9104495048523, 163.24927306175232, 163.20465469360352, 164.29350805282593, 164.48680925369263, 165.0116651058197, 165.35592460632324, 164.05590963363647, 163.7775251865387, 164.46956825256348, 165.4441111087799, 164.43119287490845, 165.2014651298523, 165.520911693573, 165.13152027130127, 164.22224140167236, 164.74125051498413, 164.57127976417542], "train_losses": [5.491315522295735, 5.270431173013824, 5.127655854983594, 5.0237783067075465, 4.9577899756602655, 4.890348488515949, 4.8427477509278685, 4.798684931552902, 4.757988576461729, 4.71708000511, 4.690922775133129, 4.667287766930235, 4.639643342208595, 4.618888171695982, 4.6036544060298, 4.591418142515195, 4.575825500242052, 4.557585407589694, 4.54917744136948, 4.532390084583938, 4.5194390094669465, 4.501283383088591, 4.490088870286698, 4.478880910117799, 4.469924123231671, 4.466982511699209, 4.461247629901565, 4.454897951293637, 4.442642777419182, 4.429450069926308, 4.428566325775913, 4.4256667372653435, 4.413759934242376, 4.408675148593406, 4.403984538889786, 4.401025277688128, 4.39199873258566, 4.384440892098327, 4.387091284089076, 4.371594874536066, 4.369368494836211, 4.3665113495777526, 4.371372572750255, 4.362274588510569, 4.3508863495777526, 4.345933516217524, 4.347605192028401, 4.3330320282663655, 4.331037195417137, 4.333379978887634], "val_losses": [5.539810315148305, 5.367530124470339, 5.262009070444916, 5.19015095338983, 5.1501645259533895, 5.1157842293432205, 5.089148569915254, 5.063899298199153, 5.04619140625, 5.028305084745763, 5.015863016419492, 5.009263440148305, 5.001101363877119, 4.994158501059322, 4.992674126059322, 4.99093220338983, 4.988203787076271, 4.9811947166313555, 4.978767876059322, 4.9759666313559325, 4.971027542372881, 4.9675205243644065, 4.964434586864407, 4.961643273305085, 4.964088320974576, 4.963905587923729, 4.9631259931144065, 4.962412936970339, 4.962211996822034, 4.956581038135593, 4.954174721927966, 4.95854641154661, 4.955609441207627, 4.952368908898305, 4.950424059851695, 4.951127515889831, 4.944932137182203, 4.94884467690678, 4.9573844676906775, 4.942538069385593, 4.946261586334746, 4.946929952330509, 4.94961765095339, 4.945216498940678, 4.94152641684322, 4.938948953919492, 4.947257018008474, 4.932012049788136, 4.935558461334746, 4.942979674258474], "test_losses": [5.497928952707828, 5.327226657311893, 5.220089810565837, 5.15270285004551, 5.110859398702973, 5.077835231151395, 5.049789280567355, 5.028765928398058, 5.006814604824029, 4.988956192164745, 4.978864058707524, 4.972439367794296, 4.959614281515473, 4.95697495543841, 4.95652074721253, 4.950608929384102, 4.948970757641838, 4.942796133096936, 4.940916487314169, 4.937186528178095, 4.93135055986423, 4.928355689187652, 4.926793070672785, 4.923120591246966, 4.924971497174606, 4.924124708453428, 4.92391612228838, 4.924814761263653, 4.919979354710255, 4.918009341341778, 4.91583726012591, 4.923340732611499, 4.915621266781705, 4.914897733521693, 4.913470221954642, 4.915222464255916, 4.911839753678701, 4.911376360550667, 4.918492881997118, 4.908526966872724, 4.911643907861802, 4.909560712795813, 4.91541238432949, 4.911559169732251, 4.905616834325698, 4.903360607554611, 4.910484536180219, 4.899854048941899, 4.899968415788076, 4.908760144872573], "status": "OK"}