{"data": "data/ptb", "recepie_id": 1006560, "recepies_list_path": "data/models_recepies.json", "cuda": true, "batch_size": 20, "model": "CustomRNN", "emsize": 400, "nhid": 600, "nlayers": 3, "dropout": 0.1, "dropouth": 0.25, "dropouti": 0.4, "dropoute": 0.0, "wdrop": 0.1, "tied": true, "bptt": 70, "lr": 0.001, "wdecay": 1.2e-06, "epochs": 50, "alpha": 2, "beta": 1, "log_interval": 200, "clip": 0.25, "eval_batch_size": 50, "recepie": "{\"node_0\": {\"op\": \"linear\", \"input\": [\"x\", \"h_prev_1\"]}, \"node_1\": {\"op\": \"activation_sigm\", \"input\": [\"node_0\"]}, \"node_2\": {\"op\": \"linear\", \"input\": [\"node_1\", \"x\", \"h_prev_0\"]}, \"node_3\": {\"op\": \"activation_tanh\", \"input\": [\"node_2\"]}, \"node_4\": {\"op\": \"linear\", \"input\": [\"x\", \"h_prev_0\"]}, \"node_5\": {\"op\": \"activation_leaky_relu\", \"input\": [\"node_4\"]}, \"node_6\": {\"op\": \"linear\", \"input\": [\"x\", \"h_prev_1\"]}, \"node_7\": {\"op\": \"activation_leaky_relu\", \"input\": [\"node_6\"]}, \"node_12\": {\"op\": \"linear\", \"input\": [\"node_3\", \"node_5\"]}, \"h_new_0\": {\"op\": \"linear\", \"input\": [\"node_7\", \"node_3\"]}, \"h_new_1\": {\"op\": \"activation_leaky_relu\", \"input\": [\"node_12\"]}}", "experiment_id": 999990146, "init_time": "2020-04-21_13-31-42", "num_params": 15299600, "wall_times": [364.6753489971161, 296.1877498626709, 294.48883390426636, 292.973815202713, 293.9340341091156, 294.1538631916046, 293.27033138275146, 287.8144464492798, 291.74833846092224, 295.24587416648865, 295.58305954933167, 293.2847058773041, 295.54357528686523, 293.67132687568665, 291.86245465278625, 293.3663811683655, 293.57663559913635, 294.5444288253784, 293.65571904182434, 293.60855174064636, 292.538046836853, 293.08003401756287, 297.60743260383606, 292.56907844543457, 292.62020444869995, 293.0049591064453, 292.84861969947815, 294.86320090293884, 294.5167727470398, 293.0403790473938, 293.0511164665222, 293.43339014053345, 293.73818159103394, 289.5061159133911, 294.61433267593384, 289.7703483104706, 291.17330408096313, 290.7603220939636, 291.2764482498169, 291.8740990161896, 295.4349002838135, 291.605340719223, 291.9153199195862, 292.06476974487305, 293.6113827228546, 294.40553402900696, 294.2040274143219, 293.85068559646606, 293.4449646472931, 293.72586703300476], "train_losses": [5.581109054784573, 5.263469218976924, 5.114601403232747, 4.989050481415739, 4.91374648687537, 4.855213039911785, 4.795159200016137, 4.732917641600775, 4.711005997525684, 4.656691661960088, 4.633172637297617, 4.602005002420526, 4.575748177881771, 4.5494249569684255, 4.541958726668819, 4.521844407240063, 4.49647636961433, 4.465983624468829, 4.458729190199559, 4.4362556983217685, 4.435368172099403, 4.4236945968479375, 4.398946398795116, 4.382880157065246, 4.377119641224248, 4.371315421440482, 4.36811620878382, 4.357349070114571, 4.346417201199505, 4.332673571889624, 4.322925491501264, 4.311210733688344, 4.287273579958044, 4.292148670727771, 4.282366971921897, 4.266443188236243, 4.27359382564144, 4.260545677343876, 4.257759971222635, 4.259683785164865, 4.2521385515841, 4.233384517373998, 4.224507153999247, 4.219189560808994, 4.214611572804045, 4.2056144438169, 4.20723022900866, 4.194358577403045, 4.192218765128288, 4.189347752272605], "val_losses": [5.611768405720339, 5.346229806673729, 5.237492055084746, 5.1361811440677965, 5.086435712394068, 5.052126588983051, 5.014509070444915, 4.9696381753177965, 4.96673828125, 4.922484441207627, 4.917397047139831, 4.901542637711865, 4.888117717161017, 4.873311043432204, 4.874960275423729, 4.856753177966102, 4.848700344279661, 4.833034626588983, 4.831830309851695, 4.816188095868644, 4.825280720338983, 4.819314088983051, 4.808572232521186, 4.800934189618644, 4.797806210275423, 4.798041247351695, 4.800938493114407, 4.795889830508474, 4.783059454449153, 4.772199417372882, 4.774778866525423, 4.773360037076271, 4.755926575741525, 4.7708885063559325, 4.75744140625, 4.75821438029661, 4.755720007944915, 4.752866790254237, 4.749763638771187, 4.746422470868644, 4.7482286149364406, 4.740321438029661, 4.740358183262712, 4.734814618644068, 4.734145590572034, 4.7245140360169495, 4.722813162076271, 4.722004104872881, 4.726604872881356, 4.721335407838983], "test_losses": [5.561953646465413, 5.296690709382585, 5.185921974552488, 5.089272508343447, 5.040781558138653, 5.004834221404733, 4.967497297861044, 4.920552966664139, 4.918481326797633, 4.876168556583738, 4.867247942581917, 4.854985505631826, 4.840701797633495, 4.826781337701001, 4.829259187272451, 4.812490222523514, 4.806478555920054, 4.790010618932039, 4.784440716493477, 4.773126398475425, 4.779813007243629, 4.775119225955704, 4.765236863812197, 4.755329613546723, 4.753198716246966, 4.753782994538835, 4.758063455229824, 4.749682083870601, 4.741749291281098, 4.73423307844736, 4.735276601846936, 4.728865540143356, 4.714196362541717, 4.727067077044144, 4.714797232914897, 4.715382103781098, 4.713633416925819, 4.712279977150334, 4.708971338364685, 4.70963591047861, 4.70703362029733, 4.695405830457372, 4.69784664413304, 4.695425681697512, 4.689783781477549, 4.685897382717688, 4.685068074939321, 4.681991132717688, 4.684661272660042, 4.682962362048696], "status": "OK"}