{"data": "data/ptb", "recepie_id": 2010725, "recepies_list_path": "data/new_recepies_fix.json", "cuda": true, "batch_size": 20, "model": "CustomRNN", "emsize": 400, "nhid": 600, "nlayers": 3, "dropout": 0.1, "dropouth": 0.25, "dropouti": 0.4, "dropoute": 0.0, "wdrop": 0.1, "tied": true, "bptt": 70, "lr": 0.001, "wdecay": 1.2e-06, "epochs": 50, "alpha": 2, "beta": 1, "log_interval": 200, "clip": 0.25, "eval_batch_size": 50, "recepie": "{\"node_0\": {\"op\": \"linear\", \"input\": [\"h_prev_2\", \"x\", \"h_prev_0\"]}, \"node_1\": {\"op\": \"activation_leaky_relu\", \"input\": [\"node_0\"]}, \"node_4\": {\"op\": \"linear\", \"input\": [\"h_prev_2\", \"node_1\"]}, \"node_8\": {\"op\": \"linear\", \"input\": [\"h_prev_1\", \"node_1\"]}, \"node_9\": {\"op\": \"activation_tanh\", \"input\": [\"node_8\"]}, \"node_10\": {\"op\": \"linear\", \"input\": [\"x\", \"node_1\"]}, \"node_20\": {\"op\": \"linear\", \"input\": [\"x\", \"node_9\"]}, \"h_new_0\": {\"op\": \"activation_tanh\", \"input\": [\"node_20\"]}, \"h_new_1\": {\"op\": \"activation_sigm\", \"input\": [\"node_10\"]}, \"h_new_2\": {\"op\": \"activation_sigm\", \"input\": [\"node_4\"]}}", "experiment_id": 999965221, "init_time": "2020-05-09_19-39-33", "num_params": 13578000, "wall_times": [299.16883540153503, 296.8634374141693, 290.2242338657379, 290.17027521133423, 295.03988337516785, 291.6418468952179, 288.0631754398346, 289.87770080566406, 286.6045458316803, 293.2402114868164, 291.7536723613739, 290.31953048706055, 286.88641333580017, 286.93886709213257, 287.98127484321594, 290.6339201927185, 289.2174859046936, 289.34259843826294, 294.4047420024872, 286.83168482780457, 288.7839472293854, 282.7968165874481, 285.40081691741943, 292.4387016296387, 289.4985935688019, 282.9205467700958, 279.4721441268921, 280.2191891670227, 281.235475063324, 281.819828748703, 283.29541277885437, 284.4217870235443, 279.8487968444824, 285.6146788597107, 281.9292531013489, 278.5261287689209, 280.87520837783813, 289.96044516563416, 290.72208070755005, 278.97087836265564, 284.8504407405853, 284.32482862472534, 282.8861093521118, 283.89746141433716, 287.3066098690033, 286.8767786026001, 290.99922609329224, 282.4437572956085, 290.2801399230957, 282.96564841270447], "train_losses": [5.580118572158572, 5.304702628287881, 5.145713147490722, 5.035418263541499, 4.953492281211338, 4.893616198698295, 4.837089771260287, 4.802342615378409, 4.764537023963208, 4.733033204910979, 4.694718294470443, 4.672041831396912, 4.641133058334678, 4.624885277150234, 4.598179646737669, 4.57704038580496, 4.5604635643590985, 4.537537484535528, 4.533067495696843, 4.5167781117207255, 4.505773122747566, 4.495711970846108, 4.461564063256414, 4.4546084126727985, 4.463326929024797, 4.447146804905599, 4.442644458340057, 4.418650993760422, 4.425315424802323, 4.4061218297832285, 4.413961644747459, 4.388209936931848, 4.382667940804691, 4.374714243451132, 4.364273623661987, 4.353344276128234, 4.350482088107149, 4.331412881232855, 4.337879383841644, 4.333110191087085, 4.325042611344199, 4.326018385912539, 4.308251892716906, 4.309546201791189, 4.305154375773224, 4.292987450244742, 4.283855007127104, 4.302134601420042, 4.28109409458878, 4.280299019014577], "val_losses": [5.615666048728814, 5.391291048728814, 5.269348847987288, 5.197515227754237, 5.144092955508475, 5.101983580508475, 5.071889565677966, 5.058014433262712, 5.035270127118644, 5.02020888506356, 4.995942134533898, 4.990745828919492, 4.974644465042373, 4.97233845338983, 4.950614737817797, 4.951870696504237, 4.944326337394068, 4.926816737288136, 4.935726959745763, 4.925773636122881, 4.92192829713983, 4.924275026483051, 4.90239406779661, 4.898208752648305, 4.909920219809322, 4.904341234110169, 4.903089909957627, 4.889270060911017, 4.895262844279661, 4.88862453654661, 4.900326072563559, 4.879607057733051, 4.882619835805085, 4.875959017478814, 4.876934255826272, 4.874828522245763, 4.865210871292373, 4.858846994173729, 4.864799721927966, 4.86398735434322, 4.858076337394068, 4.863210076800847, 4.858068061440678, 4.857902873411017, 4.859706700211865, 4.853460010593221, 4.847343418961865, 4.85912639036017, 4.8527966101694915, 4.849861957097458], "test_losses": [5.569525561286408, 5.343220831121056, 5.223060978269114, 5.142737527495449, 5.090726685755461, 5.05200669371966, 5.019667542096481, 5.002879318681735, 4.986458491353155, 4.972451219280947, 4.948315666717233, 4.938506191216626, 4.929072111555674, 4.921557083870601, 4.905892381390322, 4.904564718598301, 4.894824574294599, 4.881956230089503, 4.890573149745904, 4.882886275504399, 4.881450467896693, 4.878504188315382, 4.854664922917931, 4.852993863300212, 4.866256565723605, 4.857410319800516, 4.857520538626365, 4.842955654107251, 4.849071317506068, 4.841977017597087, 4.853096971234072, 4.834484507736651, 4.837993140359527, 4.836701328314624, 4.830266563637743, 4.826191133665807, 4.821217361005765, 4.81173113480355, 4.820288500739533, 4.820431607440837, 4.818182787848908, 4.82124313798923, 4.810864198555067, 4.813304715943568, 4.814825261680825, 4.807349047614533, 4.800024828864533, 4.813563374639715, 4.805145559959041, 4.803302950072057], "status": "OK"}