{"data": "data/ptb", "recepie_id": 2011410, "recepies_list_path": "data/new_recepies_fix.json", "cuda": true, "batch_size": 20, "model": "CustomRNN", "emsize": 400, "nhid": 600, "nlayers": 3, "dropout": 0.1, "dropouth": 0.25, "dropouti": 0.4, "dropoute": 0.0, "wdrop": 0.1, "tied": true, "bptt": 70, "lr": 0.001, "wdecay": 1.2e-06, "epochs": 50, "alpha": 2, "beta": 1, "log_interval": 200, "clip": 0.25, "eval_batch_size": 50, "recepie": "{\"node_0\": {\"op\": \"linear\", \"input\": [\"h_prev_1\", \"h_prev_0\"]}, \"node_1\": {\"op\": \"activation_tanh\", \"input\": [\"node_0\"]}, \"node_5\": {\"op\": \"linear\", \"input\": [\"x\", \"node_1\"]}, \"node_6\": {\"op\": \"activation_leaky_relu\", \"input\": [\"node_5\"]}, \"node_10\": {\"op\": \"linear\", \"input\": [\"x\", \"h_prev_0\", \"node_6\"]}, \"node_14\": {\"op\": \"linear\", \"input\": [\"h_prev_0\", \"h_new_1\"]}, \"h_new_0\": {\"op\": \"activation_tanh\", \"input\": [\"node_14\"]}, \"h_new_1\": {\"op\": \"activation_tanh\", \"input\": [\"node_10\"]}}", "experiment_id": 999938705, "init_time": "2020-05-15_06-28-20", "num_params": 11856400, "wall_times": [217.16024899482727, 218.13707280158997, 215.86467742919922, 216.98955988883972, 212.94319033622742, 211.15912914276123, 211.56557607650757, 211.05704402923584, 210.81109237670898, 211.83609175682068, 211.22652077674866, 211.27897000312805, 211.28599166870117, 211.1765353679657, 211.00414633750916, 211.21713209152222, 211.58777952194214, 211.41770458221436, 211.57292461395264, 212.7134072780609, 211.52156233787537, 208.6159164905548, 208.5614321231842, 208.63030767440796, 208.35996961593628, 208.5198609828949, 208.50268030166626, 208.65235781669617, 208.61682605743408, 208.64691352844238, 208.66276121139526, 208.54675197601318, 208.59015822410583, 208.56500554084778, 208.48672914505005, 208.6092631816864, 208.3885064125061, 208.69732689857483, 208.66280603408813, 208.56087374687195, 208.59692120552063, 208.637761592865, 208.55407547950745, 208.5154311656952, 208.73959040641785, 208.53217601776123, 208.44126629829407, 208.40135049819946, 208.6245937347412, 208.55795693397522], "train_losses": [5.582376469124846, 5.293213534102523, 5.126965836964122, 5.006147968102845, 4.911340668872035, 4.838347520305525, 4.784912726588134, 4.726868007369157, 4.677601897423484, 4.626968358345436, 4.591121459980636, 4.581770497149158, 4.538939792776074, 4.519295710962294, 4.476080075708676, 4.45805009816578, 4.441403518503577, 4.420793327416492, 4.400026390457748, 4.381311017427787, 4.359819603571621, 4.368711675004034, 4.352111740896133, 4.342013608735409, 4.321328196439137, 4.316658178016245, 4.321071435775375, 4.30156939177559, 4.284142024366629, 4.269173423968587, 4.261783675568823, 4.252338581168307, 4.249765091307622, 4.242229943252111, 4.23084338524017, 4.231404392582433, 4.212222564009467, 4.206780162444193, 4.19210866481093, 4.195436888144801, 4.1950263232209135, 4.180022843714701, 4.165706020386208, 4.159995511941262, 4.15589868753698, 4.153689117045882, 4.153027254451079, 4.14234626297671, 4.140863690764348, 4.138138497794632], "val_losses": [5.619539856991525, 5.379859970868644, 5.243027012711864, 5.162730402542373, 5.094658368644068, 5.044564022775424, 5.015586268538136, 4.983216366525424, 4.950847126588983, 4.91813029661017, 4.900681276483051, 4.909512049788136, 4.882911811440678, 4.872410950741526, 4.850786215572034, 4.840959679555085, 4.834603085275424, 4.8288953257415255, 4.8168382547669495, 4.817398702330508, 4.804400158898305, 4.815895127118644, 4.812384136652542, 4.808273636122881, 4.795332693326271, 4.800408501059322, 4.806559189618644, 4.802553297139831, 4.787129899364407, 4.780081435381356, 4.78083984375, 4.772995895127119, 4.775232719809322, 4.773885063559322, 4.771214909957627, 4.779221067266949, 4.763942995233051, 4.765291975635593, 4.7529935778601695, 4.757364936440678, 4.759287936970339, 4.753538797669491, 4.74828422934322, 4.745639896716102, 4.746880627648305, 4.746997484110169, 4.750701138771187, 4.743524563029661, 4.740587261652542, 4.741509202860169], "test_losses": [5.585101377616808, 5.336528296609527, 5.200638558100728, 5.119920452821602, 5.056898987408981, 5.011111953883495, 4.979788474666262, 4.940934560831311, 4.915295647185983, 4.88100366684997, 4.864502249412166, 4.872702589312803, 4.846737463497421, 4.834896050610588, 4.814563343825849, 4.804773423278216, 4.796922998520935, 4.792207291982706, 4.780025148854672, 4.776079788948726, 4.764713916963744, 4.77710197967233, 4.772638709799757, 4.765273603420813, 4.756032702992264, 4.760899515985285, 4.769078819497118, 4.761436388330552, 4.749354686551881, 4.741312563998028, 4.739401511775637, 4.73665078172406, 4.732855046837075, 4.737079509253641, 4.730354383153823, 4.733223035497573, 4.722165894739836, 4.724896180976942, 4.711954061267446, 4.714967301748331, 4.715702686494994, 4.711306970096329, 4.70613083330173, 4.70685288512591, 4.70114965346253, 4.701439718598301, 4.704570585084193, 4.699857841417628, 4.693129159871814, 4.697960418404885], "status": "OK"}