{"data": "data/ptb", "recepie_id": 2008159, "recepies_list_path": "data/new_recepies_fix.json", "cuda": true, "batch_size": 20, "model": "CustomRNN", "emsize": 400, "nhid": 600, "nlayers": 3, "dropout": 0.1, "dropouth": 0.25, "dropouti": 0.4, "dropoute": 0.0, "wdrop": 0.1, "tied": true, "bptt": 70, "lr": 0.001, "wdecay": 1.2e-06, "epochs": 50, "alpha": 2, "beta": 1, "log_interval": 200, "clip": 0.25, "eval_batch_size": 50, "recepie": "{\"node_0\": {\"op\": \"linear\", \"input\": [\"x\", \"h_prev_0\"]}, \"node_1\": {\"op\": \"activation_tanh\", \"input\": [\"node_0\"]}, \"node_3\": {\"op\": \"linear\", \"input\": [\"x\", \"h_prev_0\"]}, \"node_4\": {\"op\": \"activation_sigm\", \"input\": [\"node_3\"]}, \"node_7\": {\"op\": \"linear\", \"input\": [\"h_prev_0\", \"node_4\", \"node_1\"]}, \"node_8\": {\"op\": \"activation_sigm\", \"input\": [\"node_7\"]}, \"node_18\": {\"op\": \"linear\", \"input\": [\"node_4\", \"node_8\"]}, \"h_new_0\": {\"op\": \"activation_leaky_relu\", \"input\": [\"node_18\"]}}", "experiment_id": 999919899, "init_time": "2020-05-13_23-56-04", "num_params": 11856400, "wall_times": [212.43368792533875, 210.53144192695618, 208.93632626533508, 212.4298906326294, 206.76846575737, 208.151611328125, 207.69953846931458, 205.82043194770813, 209.76729941368103, 211.41837692260742, 206.27609753608704, 210.71138882637024, 209.6346037387848, 210.43259048461914, 207.56726717948914, 211.7561845779419, 211.4650797843933, 210.10365080833435, 208.62744522094727, 208.80902194976807, 208.65928840637207, 207.09636759757996, 211.24081134796143, 211.0142469406128, 208.08995485305786, 210.37433862686157, 212.32483220100403, 207.76475644111633, 207.14351272583008, 209.42026805877686, 209.9376678466797, 206.78308272361755, 208.61588430404663, 208.97293186187744, 206.4566502571106, 207.895498752594, 205.53732109069824, 208.00286483764648, 206.78675317764282, 208.29656386375427, 207.5450358390808, 207.36402106285095, 205.87920999526978, 210.66393876075745, 209.95313048362732, 206.87359070777893, 209.25043201446533, 208.50801420211792, 211.22279453277588, 205.49702429771423], "train_losses": [6.0048977832015495, 5.81049003886289, 5.661984881797644, 5.561721313404336, 5.481027446076058, 5.418375742967027, 5.354650771878866, 5.305419961271583, 5.261240317895756, 5.229189779328707, 5.195345698187295, 5.163241370152225, 5.140488004948631, 5.1162449236189556, 5.099041959146899, 5.080735470119951, 5.063324071459308, 5.044140982195686, 5.0280033013286, 5.0129098925555375, 4.997920280646549, 4.989199663143457, 4.977384890538432, 4.964761594992201, 4.95299640955301, 4.940842511161315, 4.931035598542305, 4.92168757732236, 4.91490926389113, 4.909939621322145, 4.895044981442633, 4.8897534425259535, 4.883423514738314, 4.875520245011026, 4.869819401861116, 4.8643417009574526, 4.8550525119681565, 4.851328851998279, 4.844079880721854, 4.8403289057877465, 4.835665190818138, 4.828950752380184, 4.823979428890324, 4.820916370824593, 4.815675259534183, 4.814164952127373, 4.805321627400355, 4.802899840648701, 4.797536862594804, 4.791511601715884], "val_losses": [6.019680217161017, 5.842690015889831, 5.714036016949152, 5.629842425847458, 5.5627575476694915, 5.514149894067796, 5.46522080243644, 5.425083090572034, 5.395213188559322, 5.374287274894068, 5.348862884004237, 5.329679555084746, 5.315556806144068, 5.30073920815678, 5.291419822563559, 5.27973185911017, 5.267069650423728, 5.261795881885593, 5.249730865995763, 5.24160685911017, 5.235131753177966, 5.230771649894068, 5.221016287076271, 5.214395193326271, 5.209622616525424, 5.204817597987288, 5.201880627648305, 5.193798993644068, 5.1948881091101695, 5.187510262182204, 5.185757415254237, 5.1814453125, 5.177634732521186, 5.176915386652542, 5.173063095868644, 5.167502317266949, 5.163089578919491, 5.163458355402542, 5.160213188559322, 5.159186308262712, 5.156798861228814, 5.157191141419491, 5.151986559851695, 5.153863546080508, 5.1541770391949155, 5.152121623411017, 5.149606726694915, 5.148508342161017, 5.145102290783898, 5.143676509533898], "test_losses": [5.964180659321905, 5.790342460558253, 5.658241049757281, 5.572599244349211, 5.506689571639867, 5.458216991239381, 5.406982421875, 5.368658862067658, 5.336445336202973, 5.314092839805825, 5.290283795699333, 5.268711127123787, 5.253963137135922, 5.236921291906857, 5.227698464995449, 5.217043978496663, 5.204970869045813, 5.195393682683556, 5.185002891762743, 5.174760244425061, 5.165756077442355, 5.16369154846784, 5.153701930370145, 5.146254456158981, 5.140090497952063, 5.13445570862409, 5.130292873938107, 5.123741372117719, 5.123826110247269, 5.119563723073422, 5.113789086202973, 5.109808764411408, 5.107000554649575, 5.10425041717233, 5.102143222845874, 5.096000004740595, 5.092833880081917, 5.093628522261833, 5.088592825584041, 5.088908075128944, 5.086429929270328, 5.085394109337075, 5.08013678985892, 5.082363684200546, 5.079854131902306, 5.081429194478155, 5.076876445881371, 5.076981924112561, 5.072259699256675, 5.069601410800971], "status": "OK"}