{"data": "data/ptb", "recepie_id": 2010716, "recepies_list_path": "data/new_recepies_fix.json", "cuda": true, "batch_size": 20, "model": "CustomRNN", "emsize": 400, "nhid": 600, "nlayers": 3, "dropout": 0.1, "dropouth": 0.25, "dropouti": 0.4, "dropoute": 0.0, "wdrop": 0.1, "tied": true, "bptt": 70, "lr": 0.001, "wdecay": 1.2e-06, "epochs": 50, "alpha": 2, "beta": 1, "log_interval": 200, "clip": 0.25, "eval_batch_size": 50, "recepie": "{\"node_0\": {\"op\": \"linear\", \"input\": [\"x\", \"h_prev_0\"]}, \"node_1\": {\"op\": \"activation_sigm\", \"input\": [\"node_0\"]}, \"node_2\": {\"op\": \"linear\", \"input\": [\"h_prev_0\", \"x\", \"node_1\"]}, \"node_3\": {\"op\": \"activation_leaky_relu\", \"input\": [\"node_2\"]}, \"node_8\": {\"op\": \"linear\", \"input\": [\"node_3\", \"x\", \"h_prev_0\"]}, \"h_new_0\": {\"op\": \"activation_leaky_relu\", \"input\": [\"node_8\"]}}", "experiment_id": 999946019, "init_time": "2020-05-15_13-36-22", "num_params": 10934800, "wall_times": [180.42960858345032, 180.4134464263916, 179.84110617637634, 179.89805793762207, 179.59270930290222, 177.68327617645264, 177.7037968635559, 177.85209441184998, 177.69797277450562, 177.7129089832306, 177.79785823822021, 177.6588339805603, 177.73607110977173, 177.78348970413208, 177.7512810230255, 177.75206208229065, 177.68311405181885, 177.76725053787231, 177.9861295223236, 177.7229254245758, 177.29607129096985, 177.3756980895996, 177.47006511688232, 177.64448308944702, 177.53597569465637, 177.48799467086792, 177.3856644630432, 177.50942635536194, 177.57131147384644, 177.52122807502747, 177.57727336883545, 177.39240622520447, 177.42732644081116, 177.66363883018494, 177.53706169128418, 177.46659326553345, 177.31227588653564, 177.7550332546234, 177.71774339675903, 177.7415599822998, 177.44663524627686, 177.49847626686096, 177.5106019973755, 177.738187789917, 177.73126530647278, 177.4868609905243, 176.97117471694946, 176.18236184120178, 176.2654266357422, 176.2205662727356], "train_losses": [5.57145972849766, 5.2691007241407135, 5.110481045936206, 5.004251469124846, 4.9228478329568075, 4.85081322951966, 4.801359276666129, 4.750283655397773, 4.714267824484966, 4.674127013743209, 4.651911122989619, 4.619647947931795, 4.585714357753752, 4.5650175992415685, 4.547481392205906, 4.52365223764187, 4.509850616561777, 4.487931408342747, 4.470252743262869, 4.456901188747243, 4.445274259050078, 4.432432443790006, 4.41904180786402, 4.405827668629982, 4.394508767683288, 4.398651397181432, 4.377097789252864, 4.372270184497875, 4.354794910843957, 4.353668273627024, 4.344956060728309, 4.337771804905599, 4.3286712992846, 4.323426405922221, 4.31485328922597, 4.307749297375074, 4.303374700796084, 4.2948436071217255, 4.28826658396536, 4.27968128059276, 4.28480892972406, 4.2739901027378835, 4.26745132053144, 4.266420075574203, 4.264457180221613, 4.258096155397773, 4.258520587918886, 4.2490616259211444, 4.24411929831639, 4.2441428312086495], "val_losses": [5.601527409957627, 5.346682004766949, 5.225266485699152, 5.1506680349576275, 5.093338850635593, 5.046531051377118, 5.018867849576271, 4.9879081700211865, 4.9690297272245765, 4.945994438559322, 4.93534858315678, 4.919596795550848, 4.905099311440678, 4.896319518008474, 4.8876046080508475, 4.879157507944916, 4.873732123940678, 4.865023834745763, 4.85859672934322, 4.851417836334746, 4.848427899894068, 4.8447828389830505, 4.840593551377118, 4.838997285487288, 4.834385593220339, 4.83614108845339, 4.829301840572034, 4.823834745762712, 4.8215932865466105, 4.819989075741526, 4.816553893008474, 4.816659494173729, 4.8139178363347455, 4.812204713983051, 4.810302899894068, 4.810031117584746, 4.808445113877118, 4.809635195974576, 4.805966300317797, 4.804387910487288, 4.80719875529661, 4.802658567266949, 4.798951271186441, 4.801609176377118, 4.802005097987288, 4.798192531779661, 4.796124867584746, 4.795542571504237, 4.7974318061440675, 4.796816737288135], "test_losses": [5.556775139373483, 5.301428341171117, 5.179798311400182, 5.102107668385922, 5.044758324484223, 4.996773432759405, 4.96815949967764, 4.933650933423088, 4.915352534321905, 4.89138912460179, 4.883411296363016, 4.866537742244387, 4.847951352017597, 4.838866298638501, 4.831468896958435, 4.820907148342688, 4.816326548752276, 4.806833804232403, 4.798829902722997, 4.793315998558859, 4.79317881760088, 4.787603878280492, 4.783078388103004, 4.77907495591247, 4.776177860000758, 4.778660746454035, 4.770145749582828, 4.768917639278671, 4.761261875189624, 4.763697948270631, 4.760485306526851, 4.760041172064624, 4.757834425250303, 4.755214654126213, 4.752635178056735, 4.75277117386605, 4.751255665010619, 4.74920180237409, 4.747578148702973, 4.746409592119235, 4.74628159606341, 4.744503576778671, 4.740245337625152, 4.741554630612864, 4.740175117566747, 4.736899959230886, 4.739836757622876, 4.735649034814927, 4.738484799283222, 4.736588265131978], "status": "OK"}