{"data": "data/ptb", "recepie_id": 1008728, "recepies_list_path": "data/models_recepies.json", "cuda": true, "batch_size": 20, "model": "CustomRNN", "emsize": 400, "nhid": 600, "nlayers": 3, "dropout": 0.1, "dropouth": 0.25, "dropouti": 0.4, "dropoute": 0.0, "wdrop": 0.1, "tied": true, "bptt": 70, "lr": 0.001, "wdecay": 1.2e-06, "epochs": 50, "alpha": 2, "beta": 1, "log_interval": 200, "clip": 0.25, "eval_batch_size": 50, "recepie": "{\"node_1\": {\"op\": \"linear\", \"input\": [\"x\", \"h_prev_0\"]}, \"node_3\": {\"op\": \"linear\", \"input\": [\"h_prev_1\", \"h_prev_0\"]}, \"h_new_0\": {\"op\": \"activation_tanh\", \"input\": [\"node_3\"]}, \"h_new_1\": {\"op\": \"activation_tanh\", \"input\": [\"node_1\"]}}", "experiment_id": 999906427, "init_time": "2020-04-21_00-25-25", "num_params": 7493200, "wall_times": [107.67725896835327, 106.84801578521729, 106.93622541427612, 106.50159120559692, 106.13291454315186, 105.87376737594604, 105.8595700263977, 106.12538814544678, 105.88383316993713, 106.07323789596558, 106.03493165969849, 105.9988226890564, 106.12150716781616, 106.0887668132782, 105.90160965919495, 106.11777544021606, 105.93986058235168, 106.20926308631897, 106.08944630622864, 106.07324361801147, 106.22051501274109, 106.30268287658691, 106.21514678001404, 106.25195026397705, 106.02915692329407, 105.99415493011475, 105.98100996017456, 106.06770348548889, 106.17675161361694, 106.18492460250854, 106.17119574546814, 105.99515795707703, 106.20182418823242, 106.08363938331604, 106.27306413650513, 106.21532583236694, 106.18037056922913, 106.26162052154541, 106.06339406967163, 106.0088472366333, 106.3009557723999, 106.1870493888855, 106.18031120300293, 106.20181655883789, 106.26305794715881, 106.18115520477295, 106.22435474395752, 106.16013264656067, 106.23886108398438, 106.16589498519897], "train_losses": [6.4459096471410895, 6.405264560136625, 6.356190075170781, 6.308579252057447, 6.2877097789252865, 6.263188084960465, 6.223119553816363, 6.215941181216718, 6.182990929750955, 6.1618335989188315, 6.146313656473563, 6.120228285864128, 6.097303886961433, 6.112907034990049, 6.07643147221774, 6.079723975983002, 6.050195238959712, 6.040897645366037, 6.046258942499058, 6.036212078425044, 6.024730128153408, 6.01657345960411, 5.9983140363616805, 6.000898452208058, 5.972317334328438, 5.962261645419827, 5.963491239040396, 5.944965810069388, 5.918500971572266, 5.916881404308536, 5.904490496073369, 5.902290170647087, 5.9020712307030285, 5.889181929428218, 5.894480192028401, 5.880818927841428, 5.87031317236835, 5.863669332607175, 5.861030707062557, 5.858901820773492, 5.8529496799526655, 5.845434702947663, 5.860383972755635, 5.83710405908773, 5.845230050831047, 5.8401162692969715, 5.855369785783443, 5.840855454252058, 5.832718116292829, 5.842113203297294], "val_losses": [6.462133871822034, 6.427596663135593, 6.386097060381356, 6.358369968220339, 6.348698358050847, 6.338759269067797, 6.313150158898305, 6.319612685381356, 6.312950211864407, 6.303221001059322, 6.309182335805085, 6.295627648305085, 6.290201933262712, 6.319352489406779, 6.296588983050848, 6.316096398305085, 6.299661679025424, 6.298118379237288, 6.3122325211864405, 6.317395391949153, 6.323393802966102, 6.32237685381356, 6.3137096133474575, 6.324182335805085, 6.306197033898305, 6.3088658633474575, 6.3220180084745765, 6.3151966366525425, 6.298171345338983, 6.302007415254237, 6.30053561970339, 6.304898702330508, 6.312814486228813, 6.303953257415254, 6.316434719279661, 6.3039585540254235, 6.314947695974576, 6.306876986228813, 6.308509666313559, 6.313452065677966, 6.304887447033899, 6.30953125, 6.326517478813559, 6.306912076271186, 6.315103945974577, 6.318129634533898, 6.333859904661017, 6.329995365466102, 6.315472060381356, 6.327962129237288], "test_losses": [6.411546429384102, 6.382205703883495, 6.347560252958131, 6.321427724893811, 6.314879778519417, 6.307195867149575, 6.284192724135315, 6.288981317316444, 6.282058863963895, 6.279082955665959, 6.281391032691141, 6.274393322398361, 6.264372890435376, 6.293481919371966, 6.274257622876213, 6.291659753299454, 6.278258092195085, 6.276208377578883, 6.290060987750303, 6.299572990935983, 6.301406415920813, 6.304382916793083, 6.293193335672027, 6.305390293158374, 6.283942065192658, 6.286847457145024, 6.298007409549454, 6.291448796837075, 6.276795026168083, 6.281828945122876, 6.279781008229672, 6.282704177412015, 6.291732639942355, 6.281307479710255, 6.298298956121056, 6.284963663341929, 6.290702153178095, 6.283916584496359, 6.284394199408374, 6.290421272944478, 6.284893146996359, 6.288845617794296, 6.300972058935073, 6.287986385012136, 6.29357199067051, 6.298373027912621, 6.313369306545813, 6.306849803739381, 6.297371577290655, 6.311894981606493], "status": "OK"}