{"data": "data/ptb", "recepie_id": 2011157, "recepies_list_path": "data/new_recepies_fix.json", "cuda": true, "batch_size": 20, "model": "CustomRNN", "emsize": 400, "nhid": 600, "nlayers": 3, "dropout": 0.1, "dropouth": 0.25, "dropouti": 0.4, "dropoute": 0.0, "wdrop": 0.1, "tied": true, "bptt": 70, "lr": 0.001, "wdecay": 1.2e-06, "epochs": 50, "alpha": 2, "beta": 1, "log_interval": 200, "clip": 0.25, "eval_batch_size": 50, "recepie": "{\"node_0\": {\"op\": \"linear\", \"input\": [\"h_prev_0\", \"x\"]}, \"node_1\": {\"op\": \"activation_leaky_relu\", \"input\": [\"node_0\"]}, \"node_2\": {\"op\": \"linear\", \"input\": [\"h_prev_0\", \"x\"]}, \"h_new_0\": {\"op\": \"blend\", \"input\": [\"node_2\", \"node_0\", \"node_1\"]}}", "experiment_id": 999941999, "init_time": "2020-05-09_01-23-53", "num_params": 7453200, "wall_times": [124.65779113769531, 123.62433552742004, 123.61867666244507, 123.1674280166626, 123.47426748275757, 124.48504590988159, 123.48869919776917, 123.67802000045776, 124.01205444335938, 122.5510585308075, 122.19965267181396, 121.978675365448, 121.89295291900635, 121.92832136154175, 121.82474303245544, 121.84356546401978, 121.87084007263184, 121.86890482902527, 122.18723821640015, 122.15216708183289, 122.18620443344116, 122.07502484321594, 122.04389262199402, 121.77708554267883, 121.84819340705872, 121.7893750667572, 121.97193098068237, 121.6848464012146, 121.77683615684509, 122.254221200943, 122.1621527671814, 122.32117819786072, 122.3195629119873, 122.13626837730408, 122.01262736320496, 122.08044528961182, 122.16090893745422, 122.42104125022888, 122.1271767616272, 121.92832398414612, 122.34522700309753, 122.37199664115906, 122.12943911552429, 123.21408677101135, 122.28880429267883, 121.83513021469116, 121.97984409332275, 121.91736459732056, 122.1086585521698, 122.41650986671448], "train_losses": [5.594160564923888, 5.188944331262439, 5.0131368168737565, 4.8939498614921195, 4.817141442768006, 4.749463366010435, 4.686478420337798, 4.638635630143618, 4.595797361626594, 4.556038540153838, 4.519741154994352, 4.488488213382819, 4.4589182937980745, 4.434279355602173, 4.409758922328008, 4.384679582862676, 4.36630165469851, 4.3558770036576835, 4.3295638682695925, 4.321147917675219, 4.3005230185304715, 4.289199495051369, 4.274946966946372, 4.260248154348878, 4.242795152896563, 4.2456237225001345, 4.229901229089345, 4.215096098246463, 4.206126284223549, 4.196511837044807, 4.190216788365338, 4.181852946318111, 4.169360762600183, 4.168174872922382, 4.1648399259050075, 4.152303197783874, 4.147520137432091, 4.139673178554139, 4.136032724167608, 4.1285942290624495, 4.125589582997149, 4.117409381555591, 4.115097274891077, 4.103376633855091, 4.1057097520305526, 4.0986225693884135, 4.090878146683879, 4.090075086735517, 4.083566140874617, 4.079945017078156], "val_losses": [5.624763638771187, 5.280773305084746, 5.150127118644067, 5.064109507415254, 5.016304290254237, 4.973918167372881, 4.938462989936441, 4.912345736228813, 4.887737685381356, 4.870747153072034, 4.847988612288136, 4.835094676906779, 4.823076668432203, 4.813637447033899, 4.798875794491526, 4.791794226694916, 4.788607653601695, 4.785088718220339, 4.772519862288136, 4.771949483580508, 4.762363943326271, 4.75805217161017, 4.7549933792372885, 4.753675847457627, 4.748930084745763, 4.747560579978813, 4.741918034957627, 4.7376655190677965, 4.736305945444915, 4.733313360699152, 4.730734573622882, 4.724181011652543, 4.721439684851695, 4.726403932733051, 4.724222060381356, 4.717094147245763, 4.719735831567797, 4.712563228283899, 4.710974907309322, 4.715838188559322, 4.710052635063559, 4.709412407309322, 4.712111361228813, 4.705126125529661, 4.709461731991525, 4.70783732786017, 4.7022858183262715, 4.704794094279661, 4.704448159427966, 4.701195047669492], "test_losses": [5.586272897072209, 5.237045732516687, 5.103287483881978, 5.017957965147148, 4.96823001602321, 4.92617442306963, 4.891405420395935, 4.865730656003489, 4.844495458510315, 4.82434793120449, 4.803862636529126, 4.790528528898665, 4.775210186115746, 4.768661350879855, 4.75533939102321, 4.749219283316899, 4.744029517312652, 4.736881589426578, 4.726279842043386, 4.725839559314321, 4.718452823972239, 4.713990146673999, 4.711307858957828, 4.710825503451153, 4.703937715697057, 4.705266267350576, 4.696444316975121, 4.693405003223605, 4.692357331803701, 4.693193454186893, 4.689795336677033, 4.681131603648361, 4.678699086013349, 4.682962658335861, 4.681800916356948, 4.676230125056887, 4.676900030339806, 4.674136263652913, 4.669789138349515, 4.674069302753337, 4.669624698972239, 4.668970793196299, 4.669851654941596, 4.666009699256675, 4.667258845949636, 4.664739812462075, 4.660880079547178, 4.66349807294827, 4.660453426027761, 4.658785032994539], "status": "OK"}