{"data": "data/ptb", "recepie_id": 2008176, "recepies_list_path": "data/new_recepies_fix.json", "cuda": true, "batch_size": 20, "model": "CustomRNN", "emsize": 400, "nhid": 600, "nlayers": 3, "dropout": 0.1, "dropouth": 0.25, "dropouti": 0.4, "dropoute": 0.0, "wdrop": 0.1, "tied": true, "bptt": 70, "lr": 0.001, "wdecay": 1.2e-06, "epochs": 50, "alpha": 2, "beta": 1, "log_interval": 200, "clip": 0.25, "eval_batch_size": 50, "recepie": "{\"node_0\": {\"op\": \"linear\", \"input\": [\"x\", \"h_prev_0\"]}, \"node_2\": {\"op\": \"linear\", \"input\": [\"h_prev_1\", \"h_new_1\"]}, \"node_3\": {\"op\": \"activation_sigm\", \"input\": [\"node_2\"]}, \"node_8\": {\"op\": \"linear\", \"input\": [\"node_3\", \"h_new_1\"]}, \"node_9\": {\"op\": \"activation_tanh\", \"input\": [\"node_8\"]}, \"node_17\": {\"op\": \"linear\", \"input\": [\"h_new_1\", \"node_9\"]}, \"h_new_0\": {\"op\": \"activation_tanh\", \"input\": [\"node_17\"]}, \"h_new_1\": {\"op\": \"activation_tanh\", \"input\": [\"node_0\"]}}", "experiment_id": 999943591, "init_time": "2020-05-18_11-35-01", "num_params": 11016400, "wall_times": [194.0814208984375, 193.31489062309265, 192.1369378566742, 190.9138662815094, 190.93773460388184, 191.0110046863556, 190.95925378799438, 190.94318962097168, 191.0406198501587, 191.0495195388794, 190.8242166042328, 191.00457882881165, 191.04922342300415, 190.76117873191833, 192.45362067222595, 192.71974420547485, 192.72736024856567, 192.7117154598236, 192.43958830833435, 192.52465558052063, 192.37535500526428, 192.60072493553162, 192.5734522342682, 192.4195568561554, 192.45081400871277, 192.45045232772827, 192.448392868042, 192.50478601455688, 192.25828051567078, 192.41793942451477, 192.17444467544556, 192.36859440803528, 192.2208411693573, 192.1783721446991, 192.27441573143005, 192.10918736457825, 192.25122356414795, 192.37054562568665, 192.05530428886414, 191.75122094154358, 191.5410294532776, 191.67814445495605, 191.26434898376465, 191.00582695007324, 190.75875639915466, 190.8614466190338, 190.62587761878967, 190.88036608695984, 190.74043154716492, 193.72833156585693], "train_losses": [5.653751731348502, 5.377902530122102, 5.231589714108978, 5.134380799177021, 5.057145426550481, 4.9916046406863535, 4.9452603914528535, 4.897655871792803, 4.862921322817492, 4.823950853235437, 4.7959345247700504, 4.7688536287719865, 4.751474167607983, 4.741647083938465, 4.711233342074122, 4.686968408773062, 4.6767202544241835, 4.667135223360766, 4.646326683610349, 4.635246893658222, 4.632544393120327, 4.614543831692755, 4.601827245037922, 4.601742778763918, 4.586931344467753, 4.5731461123661985, 4.568373557769888, 4.569481704857189, 4.550938205986768, 4.542502924802323, 4.5287466885858745, 4.531726961298478, 4.5250453008176, 4.51850483769028, 4.508219282851917, 4.494132325453176, 4.493499878973697, 4.495306868915066, 4.487908715910924, 4.480130674788876, 4.484700258189447, 4.475422415416062, 4.465005748749395, 4.468528958904846, 4.453075412834167, 4.448831928083481, 4.448992035796891, 4.442391899978484, 4.4482494890000535, 4.436393113603357], "val_losses": [5.690572033898305, 5.4562562897245765, 5.345412142478813, 5.274721265889831, 5.229400158898305, 5.182272907838983, 5.157121623411017, 5.122572497351695, 5.101611493644068, 5.078427237817797, 5.0614280985169495, 5.04525092690678, 5.039030058262711, 5.0438499735169495, 5.022273900953389, 5.005958686440678, 5.002802568855932, 5.003726496292373, 4.989094941737288, 4.986067266949153, 4.98579780190678, 4.9769524629237285, 4.972702595338983, 4.97465671345339, 4.9657395391949155, 4.964540519067796, 4.964585540254237, 4.96727092161017, 4.956265889830508, 4.946268538135593, 4.940394266419491, 4.946952462923729, 4.941350635593221, 4.94291313559322, 4.935583620233051, 4.929054886122882, 4.92764201536017, 4.931175516419492, 4.925252251059322, 4.925838188559322, 4.931102356991525, 4.929495497881356, 4.919048596398305, 4.921669094279661, 4.910822298728814, 4.914150556144068, 4.914581898834745, 4.9098887711864405, 4.922016022245763, 4.908088254766949], "test_losses": [5.637614129816444, 5.408305047785194, 5.295340232478762, 5.225169357744235, 5.177433347239078, 5.132184963781857, 5.108171481530643, 5.075353529846784, 5.054485432152609, 5.028494529353762, 5.011991334192961, 4.995749464312803, 4.990802061210558, 4.997995913607403, 4.972028713781857, 4.951742227795054, 4.95049811798392, 4.953146332675971, 4.941469359166414, 4.937001348699181, 4.935211181640625, 4.92886945113395, 4.921486271237864, 4.924543362219357, 4.91545119794827, 4.914278493344205, 4.913477925420965, 4.918019711392597, 4.901457851372876, 4.89617445862409, 4.890140274195995, 4.897542416470722, 4.892014883096936, 4.892468498748483, 4.887174143374545, 4.87888402846253, 4.876480250682645, 4.881912972163228, 4.875911971897755, 4.872489262553095, 4.882540508381371, 4.877035789119387, 4.871530180995904, 4.870518064035953, 4.862344686267446, 4.864930976941747, 4.863591462663076, 4.859934390169903, 4.871361001023969, 4.857952821601942], "status": "OK"}