{"data": "data/ptb", "recepie_id": 2000236, "recepies_list_path": "data/new_recepies_fix.json", "cuda": true, "batch_size": 20, "model": "CustomRNN", "emsize": 400, "nhid": 600, "nlayers": 3, "dropout": 0.1, "dropouth": 0.25, "dropouti": 0.4, "dropoute": 0.0, "wdrop": 0.1, "tied": true, "bptt": 70, "lr": 0.001, "wdecay": 1.2e-06, "epochs": 50, "alpha": 2, "beta": 1, "log_interval": 200, "clip": 0.25, "eval_batch_size": 50, "recepie": "{\"node_3\": {\"op\": \"linear\", \"input\": [\"h_prev_0\", \"h_prev_1\"]}, \"node_4\": {\"op\": \"activation_tanh\", \"input\": [\"node_3\"]}, \"node_6\": {\"op\": \"linear\", \"input\": [\"node_4\", \"h_prev_0\"]}, \"node_8\": {\"op\": \"linear\", \"input\": [\"h_prev_1\", \"x\"]}, \"h_new_0\": {\"op\": \"activation_leaky_relu\", \"input\": [\"node_8\"]}, \"h_new_1\": {\"op\": \"activation_tanh\", \"input\": [\"node_6\"]}}", "experiment_id": 999980167, "init_time": "2020-05-11_14-26-54", "num_params": 9254800, "wall_times": [225.5734348297119, 154.65088820457458, 152.50035548210144, 153.0066409111023, 153.6625771522522, 154.37033557891846, 152.95503664016724, 155.67431950569153, 153.246422290802, 153.52512955665588, 152.75093984603882, 152.3839774131775, 152.9167447090149, 153.85510087013245, 156.04147934913635, 152.70945072174072, 154.86257004737854, 151.68232536315918, 152.50545573234558, 152.14553666114807, 154.993891954422, 154.34817457199097, 152.04066920280457, 153.8648509979248, 153.35806441307068, 153.2769157886505, 153.11572670936584, 154.36197781562805, 152.6399109363556, 155.56941890716553, 155.03948259353638, 148.4326286315918, 152.00026869773865, 153.1742000579834, 153.41781377792358, 154.03450345993042, 152.73717999458313, 153.0532808303833, 153.1362783908844, 153.88496661186218, 152.0172884464264, 152.48820996284485, 152.983083486557, 150.7074224948883, 153.93262696266174, 156.5058183670044, 155.2502658367157, 154.9004635810852, 155.86773371696472, 151.65332412719727], "train_losses": [5.642129424183745, 5.379590174681297, 5.244151235813028, 5.15273393375827, 5.08347537114733, 5.032462364181593, 4.983737090527675, 4.9462063296756495, 4.916826354149857, 4.888915083239202, 4.866378977058792, 4.843120074901834, 4.814791095153569, 4.803789468022162, 4.785420784922812, 4.7723045593297835, 4.755496191033296, 4.7436293098811255, 4.7342388454090685, 4.7196560163519985, 4.70532994795869, 4.699589182937981, 4.691855265988919, 4.679606395567748, 4.67306929428218, 4.665440855118068, 4.655695296111022, 4.655690253348395, 4.644794944462374, 4.637926281534075, 4.635289336910333, 4.634810694690979, 4.627371359125383, 4.628561030875154, 4.616981587192727, 4.609351887337959, 4.610801681593244, 4.610323879834328, 4.601471310042494, 4.59292634877091, 4.585115949922005, 4.587450328788123, 4.579305426684955, 4.573806714270346, 4.568071832472702, 4.563483758942499, 4.558958299714916, 4.5666615398579955, 4.562474365956645, 4.558481758646657], "val_losses": [5.672284163135593, 5.454729872881356, 5.353721199682203, 5.292068988347458, 5.247147444385593, 5.217588718220339, 5.189222722457627, 5.16731892213983, 5.152641353283898, 5.138400754766949, 5.129499470338983, 5.119041644597457, 5.107579449152542, 5.102596663135593, 5.0922311970338985, 5.091777012711864, 5.0840625, 5.081177833686441, 5.078745696504237, 5.071726032838983, 5.067481461864407, 5.068619570974576, 5.065994438559322, 5.064274033368644, 5.059962261652543, 5.058627184851695, 5.057919425317797, 5.057019001588983, 5.054910950741525, 5.054599443855932, 5.05163532838983, 5.054052899894068, 5.0528058792372885, 5.056558858580509, 5.050951072563559, 5.047700940148305, 5.051046742584746, 5.052669822563559, 5.044987420550847, 5.049425648834746, 5.043249470338983, 5.0433855270127115, 5.043424589512711, 5.039555415783898, 5.042211334745763, 5.037231197033898, 5.039627582097458, 5.044957296080509, 5.044350172139831, 5.040432997881356], "test_losses": [5.627203191368325, 5.411119775864685, 5.308623971290959, 5.244276324522148, 5.197893161218143, 5.167081073649879, 5.136780377730583, 5.117180981682342, 5.100751265738774, 5.086668736726335, 5.077289470191141, 5.065200953807645, 5.053491092422633, 5.048777756181735, 5.041416797823119, 5.036197995676578, 5.029345466095267, 5.027992026319781, 5.024821161066444, 5.019273480165352, 5.014717176122573, 5.016238314434163, 5.014019123558859, 5.011434906894721, 5.008954983313107, 5.006799197891383, 5.005958927487864, 5.005219987295206, 5.003223604368932, 5.001835202707828, 5.001092114494842, 5.001938310641687, 5.001919348263046, 5.005406648209951, 4.999918817316444, 4.997147347163228, 5.001323811058859, 5.001405586316747, 4.996200413379855, 4.997350007584951, 4.993135026357706, 4.994026258153823, 4.991991357895935, 4.988705533222087, 4.990547254247573, 4.988334581689927, 4.987835041527609, 4.990798505764563, 4.991808845001517, 4.988938414934769], "status": "OK"}