{"data": "data/ptb", "recepie_id": 2009289, "recepies_list_path": "data/new_recepies_fix.json", "cuda": true, "batch_size": 20, "model": "CustomRNN", "emsize": 400, "nhid": 600, "nlayers": 3, "dropout": 0.1, "dropouth": 0.25, "dropouti": 0.4, "dropoute": 0.0, "wdrop": 0.1, "tied": true, "bptt": 70, "lr": 0.001, "wdecay": 1.2e-06, "epochs": 50, "alpha": 2, "beta": 1, "log_interval": 200, "clip": 0.25, "eval_batch_size": 50, "recepie": "{\"node_0\": {\"op\": \"linear\", \"input\": [\"h_prev_0\", \"x\"]}, \"node_1\": {\"op\": \"activation_sigm\", \"input\": [\"node_0\"]}, \"node_9\": {\"op\": \"linear\", \"input\": [\"node_1\", \"h_prev_0\"]}, \"node_10\": {\"op\": \"activation_sigm\", \"input\": [\"node_9\"]}, \"node_11\": {\"op\": \"linear\", \"input\": [\"node_1\", \"node_10\"]}, \"node_12\": {\"op\": \"activation_leaky_relu\", \"input\": [\"node_11\"]}, \"node_15\": {\"op\": \"linear\", \"input\": [\"node_12\", \"x\"]}, \"h_new_0\": {\"op\": \"activation_leaky_relu\", \"input\": [\"node_15\"]}}", "experiment_id": 999920785, "init_time": "2020-05-13_11-22-43", "num_params": 10976400, "wall_times": [188.2702124118805, 188.26889991760254, 183.62651228904724, 182.96774888038635, 182.8152117729187, 182.8729751110077, 182.9880816936493, 182.80232906341553, 183.0874903202057, 182.75185894966125, 183.0968005657196, 182.8067421913147, 183.01876091957092, 182.99118494987488, 182.90615844726562, 183.05435061454773, 182.26025009155273, 182.8160502910614, 182.9086480140686, 183.07142210006714, 182.7376070022583, 182.78447246551514, 183.141916513443, 183.06619811058044, 183.11756777763367, 183.0626757144928, 183.06463265419006, 183.27245330810547, 183.01182007789612, 183.16517329216003, 182.704363822937, 180.07294130325317, 182.22018241882324, 182.58907747268677, 182.43396496772766, 182.35581874847412, 182.39439344406128, 182.23533606529236, 182.88445949554443, 182.81327152252197, 182.97854089736938, 182.6217761039734, 182.94899702072144, 182.96736097335815, 182.9267692565918, 182.94103908538818, 183.05563306808472, 182.8963179588318, 182.92141842842102, 183.01918005943298], "train_losses": [5.726879353585068, 5.4879318285729655, 5.365101056963047, 5.281265548518101, 5.225514025603787, 5.180030407858641, 5.141404947286321, 5.109005617637567, 5.0820545727771504, 5.054839203109031, 5.035802774191813, 5.022745801059653, 4.99847036200312, 4.984306082244097, 4.970726762949814, 4.9604437294927655, 4.947931794954548, 4.933021606556936, 4.924574138696143, 4.913669164515088, 4.9056448684847505, 4.895541273331181, 4.8869963120595985, 4.882326713866925, 4.873055594777043, 4.86732407482115, 4.8623951945834, 4.853531278575655, 4.847514842531332, 4.84388657482115, 4.836014402130063, 4.832915204265505, 4.82695045653811, 4.823234780942392, 4.820918051745468, 4.815806371362487, 4.809658823489861, 4.807370249717605, 4.803634403071379, 4.798484901968695, 4.797170001613684, 4.794361182830402, 4.787052118632672, 4.785775879457802, 4.78528126849013, 4.779321563525362, 4.7828418320692805, 4.777482636087354, 4.770777022483998, 4.768198910090904], "val_losses": [5.752100768008474, 5.551249006885593, 5.460279065148305, 5.400715373411017, 5.364756355932204, 5.340028138241525, 5.318992319915254, 5.300174457097458, 5.288831435381356, 5.273959878177966, 5.266676377118644, 5.26409030720339, 5.252741988877118, 5.249507084216102, 5.246497285487288, 5.245264830508474, 5.241852158368644, 5.236641618114406, 5.236886917372881, 5.232649298199153, 5.231674390889831, 5.232342425847458, 5.229034030720339, 5.232146451271187, 5.230057931673729, 5.227416909427966, 5.227984970868644, 5.225935182733051, 5.22819782838983, 5.229334613347458, 5.229107521186441, 5.23106826006356, 5.226276814088983, 5.228962857521187, 5.230828919491525, 5.232845272775424, 5.230454184322034, 5.2325049655720335, 5.232472854872881, 5.235928561970339, 5.234163135593221, 5.234365399894068, 5.239592161016949, 5.234494504766949, 5.239714645127119, 5.241963718220339, 5.236820709745762, 5.241227489406779, 5.2406855799788135, 5.2419140625], "test_losses": [5.697269180445995, 5.497038313486044, 5.404298060148665, 5.343659336127124, 5.307230829035194, 5.278823408108313, 5.256132551767294, 5.235198678322209, 5.222522920775182, 5.206950659890777, 5.198522475159284, 5.19585707581159, 5.184202323839503, 5.180028230241201, 5.174851500872269, 5.172592607516687, 5.168678654050364, 5.163925615329187, 5.163312893469357, 5.160594162431735, 5.158075721518507, 5.157487295206311, 5.153874962075243, 5.155574465260922, 5.155563206348605, 5.152904917892901, 5.153102837719963, 5.15100808745449, 5.152083609868022, 5.152241827214806, 5.152693961430522, 5.155566169220267, 5.151783767255765, 5.151860801918993, 5.15332505309466, 5.153119429801274, 5.151934873710558, 5.152772773816747, 5.154273764601031, 5.152994396617111, 5.155587501896238, 5.154901893393507, 5.155208846897755, 5.153894517028216, 5.158051425970874, 5.156896498596784, 5.156849685224515, 5.159233019189927, 5.157169675364078, 5.159042210254855], "status": "OK"}