{"data": "data/ptb", "recepie_id": 2002096, "recepies_list_path": "data/new_recepies_fix.json", "cuda": true, "batch_size": 20, "model": "CustomRNN", "emsize": 400, "nhid": 600, "nlayers": 3, "dropout": 0.1, "dropouth": 0.25, "dropouti": 0.4, "dropoute": 0.0, "wdrop": 0.1, "tied": true, "bptt": 70, "lr": 0.001, "wdecay": 1.2e-06, "epochs": 50, "alpha": 2, "beta": 1, "log_interval": 200, "clip": 0.25, "eval_batch_size": 50, "recepie": "{\"node_2\": {\"op\": \"linear\", \"input\": [\"x\", \"h_prev_0\"]}, \"node_3\": {\"op\": \"activation_tanh\", \"input\": [\"node_2\"]}, \"node_6\": {\"op\": \"linear\", \"input\": [\"node_3\", \"h_prev_0\"]}, \"h_new_0\": {\"op\": \"activation_leaky_relu\", \"input\": [\"node_6\"]}}", "experiment_id": 999985372, "init_time": "2020-05-16_23-35-41", "num_params": 7493200, "wall_times": [104.90408301353455, 103.29804182052612, 104.33183193206787, 102.8093798160553, 102.66886472702026, 102.86736464500427, 102.7262020111084, 102.71366214752197, 102.85251069068909, 102.33913230895996, 102.6359384059906, 102.41141414642334, 102.85980606079102, 102.72595882415771, 102.8819887638092, 102.80555725097656, 102.8144736289978, 103.01063203811646, 102.52360773086548, 103.89731740951538, 102.52855825424194, 102.59301614761353, 102.344491481781, 102.69288420677185, 102.76373028755188, 102.58237981796265, 102.70353507995605, 102.28737092018127, 102.52567863464355, 102.62347888946533, 102.1230673789978, 102.51769208908081, 102.37922859191895, 102.51451086997986, 102.41649532318115, 102.48323607444763, 102.51655197143555, 102.47032165527344, 102.54192471504211, 102.45392847061157, 102.54050588607788, 102.38735008239746, 102.53481888771057, 102.30704140663147, 102.5816535949707, 102.57354736328125, 102.3749852180481, 102.44356799125671, 102.64413261413574, 102.45711088180542], "train_losses": [5.67768174116508, 5.368615442283901, 5.197871281803023, 5.079712209536873, 4.9933599423107955, 4.929849288634285, 4.873388837340649, 4.83016605817331, 4.78439542318864, 4.74345953687268, 4.718717642273143, 4.684852969851003, 4.65963705556452, 4.63192665469851, 4.6141908383088595, 4.59301249596579, 4.575228353100963, 4.556764277741918, 4.540640884702276, 4.530016204077242, 4.510947417433167, 4.503040785864128, 4.488715978161476, 4.476904567398203, 4.4638106140067775, 4.45631328667097, 4.448053241487817, 4.43967385092249, 4.43087380990802, 4.420212989484159, 4.412550511672315, 4.406049550185574, 4.398219820746598, 4.391245259803131, 4.384835068043677, 4.378459335162176, 4.374298215534399, 4.36660211930504, 4.358670273922866, 4.3594716529503525, 4.349653814345651, 4.345606997337422, 4.3401091253832496, 4.333520335780754, 4.3304400482760474, 4.328756185788823, 4.325143886826959, 4.32002001976763, 4.315218889516433, 4.311499011618525], "val_losses": [5.704053893008474, 5.433276946504237, 5.299285288665255, 5.211975304555085, 5.150559454449152, 5.111851827330509, 5.072951536016949, 5.046844544491526, 5.020609110169492, 4.9955806408898304, 4.982066671080508, 4.966658832097457, 4.955392280190678, 4.941229144597457, 4.931586003707627, 4.9239678230932205, 4.91699814618644, 4.909669623940678, 4.90259235963983, 4.900616393008475, 4.893246490995763, 4.892996226165255, 4.890341300317797, 4.884016485699153, 4.880881223516949, 4.876027542372881, 4.875180084745763, 4.873193855932203, 4.869057203389831, 4.865021517478813, 4.8639635195974575, 4.863055813029661, 4.858253773834746, 4.8598828125, 4.8569806011652545, 4.85530422404661, 4.854583885063559, 4.852486427436441, 4.851985566737288, 4.8529512049788135, 4.848906912076271, 4.849345868644067, 4.848181938559322, 4.847827065677966, 4.846388042902542, 4.848192200741526, 4.846690611758475, 4.844718948622881, 4.844245233050848, 4.842969081038135], "test_losses": [5.659562490518811, 5.387435172368022, 5.250446208472391, 5.163878801956917, 5.097823948536105, 5.056310561096784, 5.020394038228155, 4.994115144303701, 4.965887273399575, 4.939763337663076, 4.927639563106796, 4.910163064604824, 4.897472196412318, 4.885180427032767, 4.875611832998331, 4.86584235626517, 4.858698576399424, 4.851775234185376, 4.844228503773514, 4.840731722637288, 4.832395979501669, 4.830636922595571, 4.82700414565003, 4.822888420623483, 4.817648582088137, 4.815575460785801, 4.814685414138349, 4.812960726543538, 4.80940468797406, 4.803282506257585, 4.802292314547937, 4.802101209325698, 4.798492727927791, 4.800192823687803, 4.796857815344357, 4.79552511567051, 4.793953312253489, 4.789771515188865, 4.787861944402306, 4.790755484868022, 4.788203859792172, 4.785084548505765, 4.785508535440686, 4.783377045566596, 4.783294677734375, 4.785597125303398, 4.782623291015625, 4.780536244216474, 4.779100140321602, 4.780635204130006], "status": "OK"}