{"data": "data/ptb", "recepie_id": 2002352, "recepies_list_path": "data/new_recepies_fix.json", "cuda": true, "batch_size": 20, "model": "CustomRNN", "emsize": 400, "nhid": 600, "nlayers": 3, "dropout": 0.1, "dropouth": 0.25, "dropouti": 0.4, "dropoute": 0.0, "wdrop": 0.1, "tied": true, "bptt": 70, "lr": 0.001, "wdecay": 1.2e-06, "epochs": 50, "alpha": 2, "beta": 1, "log_interval": 200, "clip": 0.25, "eval_batch_size": 50, "recepie": "{\"node_0\": {\"op\": \"linear\", \"input\": [\"h_prev_0\", \"x\"]}, \"node_1\": {\"op\": \"activation_sigm\", \"input\": [\"node_0\"]}, \"node_3\": {\"op\": \"linear\", \"input\": [\"h_prev_0\", \"node_1\"]}, \"h_new_0\": {\"op\": \"elementwise_prod\", \"input\": [\"node_0\", \"node_3\"]}}", "experiment_id": 999993139, "init_time": "2020-05-08_08-48-43", "num_params": 7493200, "wall_times": [109.70269584655762, 108.06038284301758, 107.31618762016296, 110.85410165786743, 108.56201696395874, 108.45081043243408, 109.14135360717773, 109.80916428565979, 108.98150038719177, 107.8501992225647, 108.17967700958252], "train_losses": [5.799753576999623, 5.471077655182615, 5.269420519337314, 5.11729297778495, 5.0150787007154, 4.934195309558389, 4.870314433059007, 4.802132080038729, 4.753145843418858, 4.7149712898714435, NaN], "val_losses": [5.818172007415254, 5.532948887711864, 5.3634898040254235, 5.244280654131356, 5.166068260063559, 5.1072967425847455, 5.061934586864407, 5.0202671477754235, 4.985671676377119, 4.962744306144068, NaN], "test_losses": [5.771685257698726, 5.487368685527913, 5.317235261491201, 5.193274636870449, 5.11724853515625, 5.060505987371056, 5.015287232630461, 4.970116772697967, 4.942246224116353, 4.917264179118629, NaN], "status": "loss is nan!"}