{"data": "data/ptb", "recepie_id": 2001397, "recepies_list_path": "data/new_recepies_fix.json", "cuda": true, "batch_size": 20, "model": "CustomRNN", "emsize": 400, "nhid": 600, "nlayers": 3, "dropout": 0.1, "dropouth": 0.25, "dropouti": 0.4, "dropoute": 0.0, "wdrop": 0.1, "tied": true, "bptt": 70, "lr": 0.001, "wdecay": 1.2e-06, "epochs": 50, "alpha": 2, "beta": 1, "log_interval": 200, "clip": 0.25, "eval_batch_size": 50, "recepie": "{\"node_0\": {\"op\": \"linear\", \"input\": [\"x\", \"h_prev_1\"]}, \"node_1\": {\"op\": \"activation_tanh\", \"input\": [\"node_0\"]}, \"node_3\": {\"op\": \"linear\", \"input\": [\"h_prev_0\", \"node_1\"]}, \"node_4\": {\"op\": \"activation_tanh\", \"input\": [\"node_3\"]}, \"node_5\": {\"op\": \"linear\", \"input\": [\"h_prev_0\", \"node_4\", \"h_prev_1\"]}, \"node_6\": {\"op\": \"activation_sigm\", \"input\": [\"node_5\"]}, \"node_7\": {\"op\": \"linear\", \"input\": [\"node_4\", \"h_prev_1\"]}, \"node_9\": {\"op\": \"elementwise_prod\", \"input\": [\"node_1\", \"node_7\"]}, \"h_new_0\": {\"op\": \"activation_leaky_relu\", \"input\": [\"node_7\"]}, \"h_new_1\": {\"op\": \"elementwise_prod\", \"input\": [\"node_9\", \"node_6\"]}}", "experiment_id": 999982957, "init_time": "2020-05-10_00-15-40", "num_params": 11896400, "wall_times": [224.9480061531067, 223.1898431777954, 224.58195424079895, 223.6384792327881, 223.35799264907837, 223.5380597114563, 224.12512183189392, 222.40288472175598, 224.01346707344055, 223.6005232334137, 223.752779006958, 223.9937207698822, 222.03614044189453, 220.71510076522827, 220.6023247241974, 219.81354451179504, 219.80990386009216, 220.5470814704895, 220.41844773292542, 220.83126401901245, 220.5881588459015, 221.32314443588257, 219.71236896514893, 219.05409502983093, 220.40481400489807, 220.18244338035583, 220.1827094554901, 220.0547389984131, 226.5111472606659, 228.723806142807, 228.8144657611847, 219.06694102287292, 220.06962203979492, 220.09423303604126, 221.9708697795868, 220.75580406188965, 220.74019289016724, 220.51715970039368, 221.8272454738617, 219.84504556655884, 220.71996307373047, 221.635755777359, 219.76709747314453, 220.65020847320557, 220.59005570411682, 221.90774846076965, 221.2219307422638, 221.27877950668335, 221.17651438713074, 220.76135063171387], "train_losses": [5.817334748668711, 5.512950234656555, 5.339208572024098, 5.224612631784197, 5.131349678607928, 5.060477011726104, 4.999102808482599, 4.953099786186865, 4.904513608735409, 4.867541754074552, 4.834838597977516, 4.804357619278146, 4.772756727045344, 4.748307732908397, 4.725794739390027, 4.699412686246033, 4.682077769485235, 4.660771256925394, 4.641880227663924, 4.624612967968372, 4.610524749878974, 4.594103413614114, 4.581603245522027, 4.567637314426335, 4.554229869291593, 4.541530091845517, 4.530866750040342, 4.5185477011726105, 4.507015323274703, 4.496578065327309, 4.488268012748104, 4.478524554892152, 4.47012373258566, 4.464471215910924, 4.454170953014899, 4.444367822467861, 4.436891506643, 4.431195706255715, 4.42442705811952, 4.4161707950083375, 4.410752346565542, 4.404609421225324, 4.397821442499058, 4.392610167554193, 4.3842593526437525, 4.382161563390888, 4.376281281937497, 4.370225344252595, 4.364197141762143, 4.3621720523371526], "val_losses": [5.835510460805085, 5.562449020127119, 5.417647643008475, 5.329422669491525, 5.258325940148305, 5.206497616525423, 5.164267081567797, 5.129831501588983, 5.100791843220339, 5.079475966631356, 5.060101628707627, 5.042409626588983, 5.023625529661017, 5.008613943326271, 4.997236493644068, 4.983031978283898, 4.974893405720339, 4.962923066737289, 4.955535950741526, 4.945632282838983, 4.938466300317796, 4.931109639830509, 4.925313493114407, 4.919091962394067, 4.9158070709745765, 4.908800979872882, 4.906659494173729, 4.8998139565677965, 4.893657971398305, 4.892415254237288, 4.888026350635593, 4.882876721398305, 4.8797874735169495, 4.878808924788135, 4.8746070577330505, 4.870617717161017, 4.868332229872881, 4.8674917240466105, 4.867862486758475, 4.862520524364407, 4.861304290254237, 4.858413665254237, 4.858411347987288, 4.855969279661017, 4.852302370233051, 4.851875, 4.852245100635593, 4.850973252118644, 4.8497146451271185, 4.846189751059322], "test_losses": [5.788004754816444, 5.514940576645935, 5.36829087340716, 5.275936978534587, 5.206695852927791, 5.156455030719053, 5.111481601752124, 5.079874872003944, 5.046646266307645, 5.023301207903519, 5.005862930445995, 4.986833590905643, 4.967313896105128, 4.952178658790959, 4.941642983445844, 4.924513437215564, 4.91984335890094, 4.906395773285801, 4.897061838687045, 4.889592735512743, 4.882171630859375, 4.875064886889412, 4.868683157615291, 4.861692854501669, 4.857915489418993, 4.851886045585558, 4.849028652154126, 4.844257243628641, 4.836910507054005, 4.835857206177943, 4.832213466607251, 4.827476427393052, 4.825538116751365, 4.82396986878034, 4.819221274366656, 4.815225545642446, 4.813026502294448, 4.811592176122573, 4.810718721556432, 4.806253377673696, 4.806061679877124, 4.803923967972542, 4.802850223282008, 4.802050544220267, 4.797413353781098, 4.797664901585255, 4.796848334155037, 4.794805730430825, 4.793932868439017, 4.791420056981948], "status": "OK"}