{"data": "data/ptb", "recepie_id": 1000074, "recepies_list_path": "data/models_recepies.json", "cuda": true, "batch_size": 20, "model": "CustomRNN", "emsize": 400, "nhid": 600, "nlayers": 3, "dropout": 0.1, "dropouth": 0.25, "dropouti": 0.4, "dropoute": 0.0, "wdrop": 0.1, "tied": true, "bptt": 70, "lr": 0.001, "wdecay": 1.2e-06, "epochs": 50, "alpha": 2, "beta": 1, "log_interval": 200, "clip": 0.25, "eval_batch_size": 50, "recepie": "{\"node_0\": {\"op\": \"linear\", \"input\": [\"x\", \"h_prev_0\"]}, \"node_1\": {\"op\": \"activation_sigm\", \"input\": [\"node_0\"]}, \"node_2\": {\"op\": \"linear\", \"input\": [\"node_1\", \"h_prev_0\"]}, \"node_3\": {\"op\": \"activation_tanh\", \"input\": [\"node_2\"]}, \"node_4\": {\"op\": \"linear\", \"input\": [\"h_prev_0\", \"node_3\"]}, \"node_5\": {\"op\": \"activation_leaky_relu\", \"input\": [\"node_4\"]}, \"node_12\": {\"op\": \"linear\", \"input\": [\"node_1\", \"node_5\"]}, \"h_new_0\": {\"op\": \"activation_tanh\", \"input\": [\"node_12\"]}}", "experiment_id": 999906172, "init_time": "2020-04-13_23-08-06", "num_params": 11016400, "wall_times": [230.68703174591064, 187.22663974761963, 186.09012866020203, 183.91398692131042, 180.48596119880676, 181.62565279006958, 183.65944600105286, 183.723717212677, 183.851553440094, 184.65618348121643, 185.07137274742126, 185.3487811088562, 184.86824941635132, 184.8657693862915, 185.9295334815979, 184.613276720047, 184.6568410396576, 184.71443915367126, 184.29906463623047, 184.7172429561615, 184.3779706954956, 185.14505624771118, 185.66177082061768, 184.53733777999878, 184.83276796340942, 184.5570764541626, 185.21440839767456, 184.68575072288513, 184.46584701538086, 184.3451464176178, 185.43207597732544, 184.98908352851868, 185.58982825279236, 184.0710380077362, 184.26343965530396, 184.81080412864685, 185.00865125656128, 182.94960975646973, 182.00114846229553, 183.2094647884369, 182.58662724494934, 182.4426350593567, 183.06398606300354, 183.03187346458435, 181.98916506767273, 180.82489490509033, 182.4746687412262, 177.6054606437683, 184.06205201148987, 182.0807147026062], "train_losses": [5.932353440508848, 5.6526292964337586, 5.487667083535044, 5.3678859226238504, 5.264453818379861, 5.183988976520897, 5.126001828841913, 5.068969444220322, 5.025019246544026, 4.989933385105696, 4.948182252165026, 4.9136679038244315, 4.885733520251735, 4.858631192512506, 4.832581121241461, 4.8134728329568075, 4.790007177532139, 4.767029409391641, 4.747903891668011, 4.729033873917487, 4.711597681673928, 4.709605370206013, 4.684049069442203, 4.675764650906353, 4.657680043434995, 4.645665661475983, 4.635575933919639, 4.630172613764725, 4.614734616212146, 4.595527573826045, 4.594862769619708, 4.5815116353343015, 4.566623298908074, 4.563008898795116, 4.5511676516863, 4.547230514765209, 4.534463500484105, 4.533579336103491, 4.516079268866656, 4.513216240385133, 4.502557941342585, 4.502826468452477, 4.495417389462643, 4.486461863267173, 4.482028434457534, 4.478183748184605, 4.477917742456027, 4.466410998601474, 4.455021919208219, 4.453010697380453], "val_losses": [5.9512089512711865, 5.696400953389831, 5.554333289194915, 5.457188824152542, 5.370084745762711, 5.306413863877118, 5.267960143008475, 5.224717624470339, 5.195263506355932, 5.17053032309322, 5.143526549258475, 5.123316009004237, 5.107087857521186, 5.088703323622881, 5.071054356461865, 5.062490399894068, 5.048911546610169, 5.037665850105932, 5.021875, 5.011742584745763, 5.005336996822034, 5.003111758474576, 4.991702529131356, 4.984357454978814, 4.978653667902543, 4.96952297404661, 4.9656928628177965, 4.962365929555085, 4.957707891949153, 4.951151019597457, 4.948044226694916, 4.94176906779661, 4.934910288665254, 4.930809388241525, 4.9281663797669495, 4.9217842955508475, 4.918347788665254, 4.9176797537076276, 4.91489406779661, 4.9104091631355935, 4.906198027012712, 4.904262778072034, 4.902410288665254, 4.900126787605932, 4.898701006355933, 4.8950979872881355, 4.8965138373940675, 4.889532905190678, 4.888079316737288, 4.883747682733051], "test_losses": [5.901108825091019, 5.645869875417172, 5.503602259367415, 5.404093029429611, 5.317420144682949, 5.254104169827063, 5.210997350007585, 5.167133220191141, 5.136967038645328, 5.10949944060983, 5.082482199067051, 5.062511851486651, 5.045794144417476, 5.024925454148969, 5.007638283146238, 4.998260794334041, 4.984322853458738, 4.97064920073574, 4.959440360948878, 4.94746621141156, 4.940015181754399, 4.936992163797027, 4.92562747696071, 4.921547010106948, 4.911902566557949, 4.906181261377427, 4.900744095589351, 4.89915481122952, 4.893177217650182, 4.885528860740291, 4.88250495392142, 4.877240227264108, 4.870750649461469, 4.868790117282312, 4.865234671287166, 4.861014653178095, 4.857303952707828, 4.855245645763804, 4.850576456310679, 4.847593437120753, 4.843047206841626, 4.843027355601486, 4.838388091152154, 4.836935395175971, 4.835834984640473, 4.831750369766383, 4.832860557778368, 4.825443008570995, 4.82156727614912, 4.821859415295054], "status": "OK"}