{"data": "data/ptb", "recepie_id": 2010308, "recepies_list_path": "data/new_recepies_fix.json", "cuda": true, "batch_size": 20, "model": "CustomRNN", "emsize": 400, "nhid": 600, "nlayers": 3, "dropout": 0.1, "dropouth": 0.25, "dropouti": 0.4, "dropoute": 0.0, "wdrop": 0.1, "tied": true, "bptt": 70, "lr": 0.001, "wdecay": 1.2e-06, "epochs": 50, "alpha": 2, "beta": 1, "log_interval": 200, "clip": 0.25, "eval_batch_size": 50, "recepie": "{\"node_0\": {\"op\": \"linear\", \"input\": [\"x\", \"h_prev_0\"]}, \"node_1\": {\"op\": \"activation_tanh\", \"input\": [\"node_0\"]}, \"node_11\": {\"op\": \"linear\", \"input\": [\"h_prev_1\", \"x\", \"node_1\"]}, \"node_13\": {\"op\": \"linear\", \"input\": [\"h_prev_0\", \"h_prev_1\"]}, \"h_new_0\": {\"op\": \"activation_leaky_relu\", \"input\": [\"node_13\"]}, \"h_new_1\": {\"op\": \"activation_tanh\", \"input\": [\"node_11\"]}}", "experiment_id": 999996007, "init_time": "2020-05-13_07-02-45", "num_params": 10094800, "wall_times": [217.67536425590515, 174.1362864971161, 173.1996145248413, 173.22499251365662, 170.46636533737183, 168.68884897232056, 169.08629298210144, 170.18957209587097, 169.81705713272095, 168.13760924339294, 169.71697878837585, 168.99782299995422, 169.31700682640076, 169.70651078224182, 169.24885368347168, 170.44493174552917, 172.92744374275208, 170.14627361297607, 170.11217832565308, 169.36115670204163, 168.9733371734619, 169.58007264137268, 168.34384560585022, 168.54943418502808, 170.11049699783325, 170.06282830238342, 169.52185440063477, 169.16173934936523, 168.81928157806396, 169.21183967590332, 169.95196318626404, 168.74305057525635, 169.58594059944153, 170.15580558776855, 168.12847137451172, 169.56047677993774, 170.48900604248047, 169.27322912216187, 169.62510991096497, 170.09847044944763, 170.59131264686584, 170.93080472946167, 170.59238719940186, 169.62115025520325, 169.7415509223938, 169.82584023475647, 165.42035102844238, 167.23337388038635, 168.77922892570496, 168.87537360191345], "train_losses": [6.444704847103437, 6.392773216879135, 6.366057080711097, 6.32924113146146, 6.314357837797859, 6.277077113926094, 6.2543296319455655, 6.239888420472272, 6.221626896078748, 6.203399830563176, 6.17945343176806, 6.1606809074283255, 6.137276185385401, 6.1189797818837075, 6.107898311010704, 6.091432850572858, 6.0752691154321985, 6.065272678984455, 6.05269728968318, 6.039392800952074, 6.033989901027379, 6.020246691947716, 6.009414837824754, 6.004011097439621, 5.998581723011134, 5.985682756441289, 5.976121258270131, 5.968771851971384, 5.958595977220161, 5.954958464445162, 5.949863593270938, 5.944805702355978, 5.939301526948523, 5.926187822736808, 5.91790634581249, 5.910982632725513, 5.902262435452639, 5.896264909768167, 5.890388830616965, 5.8853351420041955, 5.878849729035555, 5.876050575547308, 5.864424906540799, 5.861464384648486, 5.862128348394385, 5.855922388521328, 5.843248245118605, 5.839071576972729, 5.836627518019472, 5.829672707896294], "val_losses": [6.458465969279661, 6.425595868644068, 6.4110566737288135, 6.3855045021186445, 6.3828595074152545, 6.357560248940678, 6.344619306144068, 6.336829978813559, 6.331607521186441, 6.3207123940677965, 6.308142213983051, 6.299952330508474, 6.288842690677966, 6.283115730932203, 6.282335805084746, 6.273213056144068, 6.271940545550848, 6.270732918432204, 6.2656422139830505, 6.263729475635593, 6.268189883474577, 6.265045683262712, 6.265603813559322, 6.265149629237288, 6.265732918432203, 6.266279131355932, 6.264116790254238, 6.262127251059322, 6.260166181144068, 6.262788665254237, 6.260450873940678, 6.264564353813559, 6.265727621822034, 6.262871424788136, 6.260515757415254, 6.257982653601695, 6.25592624470339, 6.255409163135593, 6.255839512711864, 6.257033236228813, 6.2544875529661015, 6.255364141949152, 6.252945577330508, 6.254035354872881, 6.256806806144068, 6.259380958686441, 6.255163532838983, 6.2533196504237285, 6.253568591101695, 6.253060116525424], "test_losses": [6.405096850348908, 6.374989926236347, 6.363225548012743, 6.342233009708738, 6.347308408866808, 6.321242249127731, 6.31140610778216, 6.302836890359527, 6.298195255612864, 6.285979335747876, 6.275433882926274, 6.271386007660801, 6.256287806242415, 6.252336520593143, 6.250400580248787, 6.246105008912318, 6.243908335861651, 6.245020005309466, 6.24011467498483, 6.237701712302791, 6.242507490139563, 6.240460145820692, 6.238825233237257, 6.240225486385012, 6.239600913038531, 6.240067269038228, 6.236538488888046, 6.237105582524272, 6.236997733995753, 6.237985555408071, 6.23621079528216, 6.23779533904733, 6.237897261832524, 6.235875398209951, 6.23517082732858, 6.234656472807949, 6.234880465905643, 6.234176487598605, 6.234559883191747, 6.234881651054308, 6.232270768545206, 6.233829239039745, 6.231658639259709, 6.233744500910194, 6.235531705097087, 6.238389098528519, 6.233121705286711, 6.232205585368629, 6.233041115177488, 6.231419831803701], "status": "OK"}