{"data": "data/ptb", "recepie_id": 2009791, "recepies_list_path": "data/new_recepies_fix.json", "cuda": true, "batch_size": 20, "model": "CustomRNN", "emsize": 400, "nhid": 600, "nlayers": 3, "dropout": 0.1, "dropouth": 0.25, "dropouti": 0.4, "dropoute": 0.0, "wdrop": 0.1, "tied": true, "bptt": 70, "lr": 0.001, "wdecay": 1.2e-06, "epochs": 50, "alpha": 2, "beta": 1, "log_interval": 200, "clip": 0.25, "eval_batch_size": 50, "recepie": "{\"node_0\": {\"op\": \"linear\", \"input\": [\"x\", \"h_prev_0\"]}, \"node_1\": {\"op\": \"activation_tanh\", \"input\": [\"node_0\"]}, \"node_10\": {\"op\": \"linear\", \"input\": [\"node_1\", \"x\"]}, \"node_11\": {\"op\": \"activation_tanh\", \"input\": [\"node_10\"]}, \"h_new_0\": {\"op\": \"elementwise_prod\", \"input\": [\"node_11\", \"node_10\"]}}", "experiment_id": 999935057, "init_time": "2020-05-18_15-27-10", "num_params": 7453200, "wall_times": [113.87903666496277, 111.64208674430847, 112.48012709617615, 112.86548781394958, 111.83494710922241, 112.43640518188477, 111.66136026382446, 111.27762603759766, 111.62490153312683, 112.57013821601868, 112.2227795124054, 110.74941325187683, 113.09693670272827, 112.73904967308044, 111.8648784160614, 112.17937731742859, 111.23126196861267, 113.04734587669373, 111.23055744171143, 109.93598175048828, 112.37881064414978, 111.3987364768982, 111.5241870880127, 111.43941187858582, 111.66375088691711, 110.85928630828857, 111.66240644454956, 111.10172462463379, 112.43890714645386, 112.66593980789185, 111.6988513469696, 111.84831666946411, 110.70869588851929, 111.5797233581543, 112.47031593322754, 111.96160960197449, 111.32348990440369, 111.27276492118835, 112.03129005432129, 112.26176333427429, 113.2381374835968, 113.9836938381195, 112.06056904792786, 113.96639800071716, 113.5907392501831, 112.52618074417114, 113.37389826774597, 112.74152159690857, 113.08284735679626, 112.46053194999695], "train_losses": [5.842583861142488, 5.531212179280297, 5.3677157293851865, 5.246974342423753, 5.155451142353827, 5.095959570491098, 5.0401315656769405, 5.005453747781185, 4.96064081746544, 4.9366284425259535, 4.910832190307138, 4.880876499381421, 4.862318712683557, 4.850201794551127, 4.832007506992631, 4.816996463342478, 4.804807265612393, 4.793491306277231, 4.77966573207466, 4.771950305255231, 4.767506790920338, 4.762669520870314, 4.754974265101393, 4.742220277957076, 4.751485093593675, 4.734921719514819, 4.7290111814856655, 4.733513107820989, 4.719959422570061, 4.723727626943145, 4.718297832284438, 4.710401706470873, 4.702751835565596, 4.7017600922489375, 4.706046020251735, 4.692482669705772, 4.690052478349739, 4.683970486391265, 4.688322810768652, 4.681923124764671, 4.688837592786832, 4.681879841052122, 4.686373783013286, 4.685741756764026, 4.6801043683771715, 4.6768366581948255, 4.6824988401645955, 4.680923397073853, 4.679434101177989, 4.674544722580818], "val_losses": [5.856261917372882, 5.575360169491526, 5.4462006753177965, 5.351041445974576, 5.290698490466101, 5.2486748543432205, 5.21203654661017, 5.189563029661017, 5.1615135063559325, 5.145155918961865, 5.133322298728814, 5.113969147245763, 5.104326006355932, 5.1034593485169495, 5.092277211334745, 5.089935447563559, 5.081367849576271, 5.081021252648305, 5.07146252648305, 5.071862751588983, 5.0718948622881355, 5.066328125, 5.064527277542373, 5.057015029131356, 5.0684990730932205, 5.0557623808262715, 5.053287870762712, 5.0662000132415255, 5.05792670815678, 5.063233249470339, 5.058466631355932, 5.04953125, 5.047865466101695, 5.048827131885593, 5.055847457627118, 5.047877383474576, 5.051438029661017, 5.042146451271186, 5.046820047669492, 5.046101363877119, 5.055972259004237, 5.05008640095339, 5.055420418432203, 5.053811904131356, 5.053920153601695, 5.047884335275424, 5.056649894067797, 5.051327793961865, 5.053317664194915, 5.053538466631356], "test_losses": [5.810085852169296, 5.527344935148665, 5.392899892862561, 5.300185712795813, 5.230797628754551, 5.191918826797633, 5.152912028784891, 5.133263449067051, 5.105955253527003, 5.08929206329642, 5.075508784321905, 5.057642668196299, 5.047308171837075, 5.044513591284891, 5.035227358919903, 5.028866666034587, 5.021949545851031, 5.020216265928398, 5.009665479937803, 5.006511799340109, 5.008249819857403, 5.002321113660497, 5.000695682266383, 4.992531193112864, 5.003732033146238, 4.992653855999697, 4.992066022261833, 4.998157093825849, 4.990771839919599, 4.998334273551274, 4.991870472732099, 4.985162531287925, 4.983397252351335, 4.983102150333738, 4.990547846821905, 4.985004313941141, 4.987171358275182, 4.981310205552185, 4.982571203731796, 4.982468688372269, 4.989879422974818, 4.985599851145328, 4.989293366959951, 4.988493391611044, 4.990066083889563, 4.983598135050061, 4.993916039327973, 4.992937106530643, 4.994065960634102, 4.99474386567051], "status": "OK"}