{"data": "data/ptb", "recepie_id": 2006203, "recepies_list_path": "data/new_recepies_fix.json", "cuda": true, "batch_size": 20, "model": "CustomRNN", "emsize": 400, "nhid": 600, "nlayers": 3, "dropout": 0.1, "dropouth": 0.25, "dropouti": 0.4, "dropoute": 0.0, "wdrop": 0.1, "tied": true, "bptt": 70, "lr": 0.001, "wdecay": 1.2e-06, "epochs": 50, "alpha": 2, "beta": 1, "log_interval": 200, "clip": 0.25, "eval_batch_size": 50, "recepie": "{\"node_0\": {\"op\": \"linear\", \"input\": [\"h_prev_0\", \"x\"]}, \"node_1\": {\"op\": \"activation_tanh\", \"input\": [\"node_0\"]}, \"node_2\": {\"op\": \"linear\", \"input\": [\"node_1\", \"h_prev_0\"]}, \"node_3\": {\"op\": \"activation_tanh\", \"input\": [\"node_2\"]}, \"node_4\": {\"op\": \"linear\", \"input\": [\"node_3\", \"node_1\"]}, \"node_5\": {\"op\": \"activation_tanh\", \"input\": [\"node_4\"]}, \"node_7\": {\"op\": \"linear\", \"input\": [\"node_5\", \"node_3\"]}, \"node_8\": {\"op\": \"activation_sigm\", \"input\": [\"node_7\"]}, \"node_9\": {\"op\": \"linear\", \"input\": [\"node_3\", \"node_8\"]}, \"node_10\": {\"op\": \"activation_tanh\", \"input\": [\"node_9\"]}, \"node_14\": {\"op\": \"linear\", \"input\": [\"node_1\", \"node_8\", \"node_10\"]}, \"node_15\": {\"op\": \"activation_tanh\", \"input\": [\"node_14\"]}, \"node_17\": {\"op\": \"linear\", \"input\": [\"node_5\", \"node_15\"]}, \"h_new_0\": {\"op\": \"activation_leaky_relu\", \"input\": [\"node_17\"]}}", "experiment_id": 999991977, "init_time": "2020-05-15_04-41-34", "num_params": 17181200, "wall_times": [338.80912375450134, 340.5406165122986, 337.50623321533203, 341.651095867157, 333.5683958530426, 337.43834400177, 334.4791724681854, 336.19309854507446, 336.87731671333313, 334.75038743019104, 336.3567805290222, 333.67005681991577, 330.6614327430725, 330.4209370613098, 331.23583722114563, 335.8725039958954, 330.6266496181488, 333.3702702522278, 330.76579570770264, 330.9353189468384, 331.01242756843567, 332.59926748275757, 332.48924350738525, 333.3040008544922, 331.97360157966614, 333.9421064853668, 332.0612106323242, 332.0780746936798, 334.15533685684204, 331.8796434402466, 330.66124176979065, 331.7902991771698, 328.71497869491577, 330.41064858436584, 328.79770612716675, 328.0624313354492, 328.1199381351471, 330.6755862236023, 331.642626285553, 329.31518149375916, 329.53720569610596, 330.1136562824249, 329.27248644828796, 330.7234673500061, 330.8100929260254, 328.4956123828888, 328.4794600009918, 328.5994758605957, 328.56994104385376, 329.75521898269653], "train_losses": [5.814104438975849, 5.5496590252003655, 5.391860476843634, 5.288878439164112, 5.2111203001452315, 5.13715978161476, 5.087839882201065, 5.044736868646119, 5.010167470146845, 4.9701392811037595, 4.945830223629713, 4.928062469743424, 4.895076498709053, 4.876605699666506, 4.8592560748480444, 4.846412998897316, 4.825243481388844, 4.810756044591469, 4.793541313673283, 4.780199004222474, 4.772707980339949, 4.760219158463773, 4.748866218869345, 4.736579107498252, 4.73395350909042, 4.7203670458824165, 4.711928823086439, 4.707580280781023, 4.698314204453768, 4.6913535111075255, 4.684133115485988, 4.679488310876231, 4.67287010515841, 4.6696906433220375, 4.660219914878167, 4.656388675972245, 4.651355578640202, 4.64783278871497, 4.640790570706256, 4.636689543999785, 4.633008747512237, 4.628428658356194, 4.621848693588295, 4.618397763030498, 4.6155906251680925, 4.61255152022484, 4.607513380130171, 4.6030093526437525, 4.600552686783928, 4.596950473347318], "val_losses": [5.8315181408898304, 5.599413400423729, 5.466279793432204, 5.388047206038135, 5.3331375794491525, 5.27859375, 5.2463589115466105, 5.222642677436441, 5.200760725635593, 5.174162142478814, 5.15950344279661, 5.152890625, 5.13213486493644, 5.122974046610169, 5.114579581567797, 5.110831236758474, 5.099915585275424, 5.095085407838983, 5.088553363347458, 5.0809173066737285, 5.080726628707627, 5.070873609639831, 5.068974443855932, 5.065004303495763, 5.066904131355932, 5.062154065148305, 5.06335639565678, 5.05734672934322, 5.052467558262712, 5.053760924258475, 5.049162804555085, 5.049497153072034, 5.047165320444916, 5.049686175847458, 5.044225370762712, 5.0476675052966105, 5.04295749470339, 5.040919623940678, 5.040725304555084, 5.038730799788135, 5.040338652012712, 5.038818524894068, 5.037770127118644, 5.033801641949153, 5.032215969279661, 5.0343293167372885, 5.031575410487288, 5.032300715042373, 5.028378244173729, 5.029948689088983], "test_losses": [5.787660469129247, 5.551369083737864, 5.418836278822815, 5.337595522982403, 5.277293973756068, 5.2218017578125, 5.187164602927791, 5.159610489039745, 5.138383883874393, 5.111281904202063, 5.097884983692355, 5.090844608047633, 5.068461890359527, 5.058710487143507, 5.051300937689624, 5.044921282425667, 5.035959188220571, 5.028848296230279, 5.022353681545813, 5.016088985702367, 5.013256480392901, 5.006246918613471, 5.003891435641687, 4.997129569933253, 5.001399660573422, 4.994431578997269, 4.993688490784284, 4.990509329490291, 4.985619998672633, 4.985998061096784, 4.983562580590109, 4.982415949256675, 4.981415683783374, 4.978960055749393, 4.975489347883799, 4.976637164365898, 4.975198986460861, 4.971534506788531, 4.972003233085558, 4.96964093550895, 4.969722118192506, 4.969908186532919, 4.966837466341778, 4.964760789593447, 4.964305396218902, 4.96499278244463, 4.962354345229065, 4.963985702366505, 4.960176930844205, 4.960136635789594], "status": "OK"}