{"data": "data/ptb", "recepie_id": 2000124, "recepies_list_path": "data/new_recepies_fix.json", "cuda": true, "batch_size": 20, "model": "CustomRNN", "emsize": 400, "nhid": 600, "nlayers": 3, "dropout": 0.1, "dropouth": 0.25, "dropouti": 0.4, "dropoute": 0.0, "wdrop": 0.1, "tied": true, "bptt": 70, "lr": 0.001, "wdecay": 1.2e-06, "epochs": 50, "alpha": 2, "beta": 1, "log_interval": 200, "clip": 0.25, "eval_batch_size": 50, "recepie": "{\"node_0\": {\"op\": \"linear\", \"input\": [\"h_prev_1\", \"h_prev_0\"]}, \"node_1\": {\"op\": \"activation_leaky_relu\", \"input\": [\"node_0\"]}, \"node_2\": {\"op\": \"linear\", \"input\": [\"node_1\", \"h_prev_0\"]}, \"h_new_0\": {\"op\": \"activation_leaky_relu\", \"input\": [\"node_2\"]}, \"h_new_1\": {\"op\": \"linear\", \"input\": [\"x\", \"node_1\"]}}", "experiment_id": 999977615, "init_time": "2020-05-07_08-56-31", "num_params": 9254800, "wall_times": [146.37182903289795, 145.63677883148193, 145.99753308296204, 145.92073321342468, 145.9296543598175, 145.633553981781, 145.70506501197815, 145.7542324066162, 145.7385516166687, 145.20814108848572, 142.67828035354614, 143.06458258628845, 142.80353307724, 142.82973766326904, 142.4936146736145, 142.5483739376068, 142.55138897895813, 142.5823359489441, 142.78775835037231, 142.6964635848999, 142.9253990650177, 142.92157983779907, 142.29800248146057, 142.22581958770752, 143.11064219474792, 142.74330806732178, 142.63142704963684, 143.13694095611572, 141.89651679992676, 142.40214276313782, 141.91289448738098, 142.10573482513428, 143.61026310920715, 143.60971450805664, 144.62156438827515, 144.52780532836914, 144.52636194229126, 144.36129760742188, 144.61383247375488, 144.6244683265686, 144.2864706516266, 144.81649160385132, 144.37524366378784, 144.69389581680298, 144.67719507217407, 144.44760179519653, 144.6226224899292, 144.32237219810486, 144.6606786251068, 144.40243768692017], "train_losses": [6.480974497068474, 6.4375075641439405, 6.4048922361626595, 6.377164185627454, 6.374741978645581, 6.351763790274864, 6.3411950002689474, 6.33477472298424, 6.311921763218762, 6.301650075977624, 6.2962698684847505, 6.289071324834597, 6.28630747068474, 6.283801217659082, 6.258578999919316, 6.247550898284116, 6.243301530310365, 6.240365381770749, 6.236431186461191, 6.218715541122048, 6.21769228053897, 6.205442569657361, 6.204208773734603, 6.195854596982411, 6.192985685277822, 6.189253620703567, 6.1810797227152925, 6.182193753025658, 6.161410847318595, 6.170686588940885, 6.169119130224302, 6.170207526491313, 6.156294544403206, 6.1558646488892474, 6.161316295519337, 6.146111945968479, 6.147191517400893, 6.130320955032005, 6.12858624468829, 6.131562735328923, 6.130980716475714, 6.1305066967887685, 6.1296334583938465, 6.117323234360712, 6.125181539454575, 6.122409700930557, 6.115693581571728, 6.113640756952289, 6.1173480279436285, 6.1123918327416495], "val_losses": [6.484847060381356, 6.4561553230932205, 6.436617452330508, 6.417347060381356, 6.422294094279661, 6.408680481991525, 6.4045497881355935, 6.407887314618644, 6.390624337923729, 6.386557865466101, 6.385683262711864, 6.384486228813559, 6.3833984375, 6.382629104872882, 6.369159163135593, 6.367139168432203, 6.3608984375, 6.3652760858050845, 6.368093882415255, 6.353196504237288, 6.357821106991525, 6.351890227754238, 6.3521345338983055, 6.3468193855932205, 6.348166048728814, 6.346489009533898, 6.342546345338983, 6.3458984375, 6.3347570180084745, 6.346686308262712, 6.341624073093221, 6.343704978813559, 6.334685513771187, 6.338856594279661, 6.344284957627119, 6.334849046610169, 6.335804422669492, 6.33102688029661, 6.333569253177966, 6.330301906779661, 6.331696901483051, 6.33642280190678, 6.332939618644068, 6.331745233050848, 6.3378734110169495, 6.33837063029661, 6.336623411016949, 6.336956435381356, 6.3438506355932205, 6.3382613877118645], "test_losses": [6.428485759253641, 6.402455746548847, 6.385460714692051, 6.36944817107858, 6.372423486802185, 6.361351827973301, 6.358170296381978, 6.361100576456311, 6.344459904050364, 6.340018559428095, 6.34003159606341, 6.335961202973301, 6.334991158790959, 6.333800084382585, 6.323224410270024, 6.320851742642597, 6.31818101012591, 6.32006598907767, 6.324705846101335, 6.313455229824029, 6.316053668272148, 6.314114172481796, 6.312617922292172, 6.311429218181129, 6.311777059314321, 6.309278173354065, 6.307149646351639, 6.310123184352245, 6.300925838137136, 6.310415323498179, 6.309029884708738, 6.311327887970267, 6.303712715222997, 6.306609811134709, 6.310725832448422, 6.305985830362561, 6.305293703542172, 6.300004977624393, 6.300008533070389, 6.299606767672937, 6.304486617301274, 6.308097765283677, 6.306177824446299, 6.303911820198726, 6.307677037507585, 6.30919936096784, 6.310586577480279, 6.309043513918386, 6.316186997496966, 6.311256779050364], "status": "OK"}