{"data": "data/ptb", "recepie_id": 1010438, "recepies_list_path": "data/models_recepies.json", "cuda": true, "batch_size": 20, "model": "CustomRNN", "emsize": 400, "nhid": 600, "nlayers": 3, "dropout": 0.1, "dropouth": 0.25, "dropouti": 0.4, "dropoute": 0.0, "wdrop": 0.1, "tied": true, "bptt": 70, "lr": 0.001, "wdecay": 1.2e-06, "epochs": 50, "alpha": 2, "beta": 1, "log_interval": 200, "clip": 0.25, "eval_batch_size": 50, "recepie": "{\"node_0\": {\"op\": \"linear\", \"input\": [\"h_prev_0\", \"x\"]}, \"node_1\": {\"op\": \"activation_sigm\", \"input\": [\"node_0\"]}, \"node_2\": {\"op\": \"linear\", \"input\": [\"h_prev_1\", \"h_prev_0\", \"x\"]}, \"node_3\": {\"op\": \"activation_tanh\", \"input\": [\"node_2\"]}, \"node_12\": {\"op\": \"linear\", \"input\": [\"node_3\", \"h_prev_1\"]}, \"h_new_0\": {\"op\": \"elementwise_prod\", \"input\": [\"node_1\", \"node_2\"]}, \"h_new_1\": {\"op\": \"activation_tanh\", \"input\": [\"node_12\"]}}", "experiment_id": 999916049, "init_time": "2020-04-18_01-41-05", "num_params": 10094800, "wall_times": [173.68220472335815, 173.42829608917236, 173.55952548980713, 173.4369387626648, 171.79463720321655, 171.3378131389618, 171.56200051307678, 171.63238167762756, 171.57797122001648, 171.41231679916382, 171.55556297302246, 171.59180617332458, 171.83641576766968, 171.6097023487091, 171.75249099731445, 171.77899861335754, 171.64381098747253, 171.68157482147217, 171.53581309318542, 171.78035259246826, 171.59156107902527, 171.55295777320862, 171.8219244480133, 171.66338968276978, 171.79461431503296, 171.85304832458496, 171.5697135925293, 171.82989716529846, 171.65455985069275, 171.7384204864502, 171.64232063293457, 171.76375460624695, 171.58528757095337, 171.61726760864258, 171.68780899047852, 171.55859327316284, 172.27557158470154, 171.4226109981537, 171.59769582748413, 171.68900084495544, 171.6181972026825, 171.5559492111206, 171.42179608345032, 171.61609530448914, 171.46667551994324, 171.56581473350525, 171.56185173988342, 171.52094340324402, 171.54794359207153, 171.7193374633789], "train_losses": [5.501152691490506, 5.182377813861546, 4.993890272847077, 4.85888333064386, 4.759295072212361, 4.675410396831801, 4.602789992469474, 4.54234449800979, 4.493430961217793, 4.440357145258458, 4.401476184713033, 4.357436057769888, 4.33480203794847, 4.297675958797267, 4.2723016177182505, 4.237587660023667, 4.21151867839277, 4.193213450056479, 4.16965072145124, 4.147698315044914, 4.136692485611317, 4.121103625410145, 4.098235957587004, 4.07592803641547, 4.064281776128234, 4.053071294578022, 4.028671467376688, 4.020525304582863, 4.008554626566618, 4.0012443016782315, 3.9846309202033243, 3.972030317088914, 3.9642043697219083, 3.95308213651767, 3.9454104136410093, 3.9348954131031144, 3.926359276666129, 3.9173688713624872, 3.9104035554838363, 3.897234801113442, 3.884448456242268, 3.8808512855682857, 3.8695840729385185, 3.8658952920768113, 3.858045391587327, 3.856123678796192, 3.843743276316497, 3.83175032609865, 3.8282027425905008, 3.8277337656661827], "val_losses": [5.542691009004237, 5.279921543961865, 5.138260394597458, 5.040213188559322, 4.973514300847458, 4.9195487950211865, 4.872061043432203, 4.839624271716102, 4.815303893008474, 4.785787208686441, 4.770025158898305, 4.749323027012712, 4.741484706038135, 4.72203654661017, 4.712947232521186, 4.7007352356991525, 4.692652277542373, 4.687409626588983, 4.68069186970339, 4.672416247351695, 4.669172735699153, 4.669270391949152, 4.655117849576271, 4.655450873940678, 4.648847987288136, 4.648865863347457, 4.64278469279661, 4.63790485963983, 4.636393339512712, 4.636742584745763, 4.635214181673729, 4.633204118114406, 4.633343816207627, 4.626312897245763, 4.6323735434322035, 4.625134070444915, 4.625860699152542, 4.624981792902543, 4.629830508474576, 4.619507415254238, 4.624240598516949, 4.624665982521186, 4.619161149364407, 4.619981130826271, 4.617948556673729, 4.615511122881356, 4.618323953919491, 4.614080045021186, 4.612135527012712, 4.615838519597458], "test_losses": [5.504495861460861, 5.239125075849515, 5.092474780036408, 4.995639838061287, 4.930878278121208, 4.878475448460255, 4.833281581841626, 4.800983021560224, 4.776114158260012, 4.746754174093598, 4.729134272603155, 4.708413429630613, 4.701964739456917, 4.68230964142142, 4.674135078504247, 4.660180249260467, 4.650584989381068, 4.646828956974363, 4.635873739001821, 4.631022332941444, 4.627444369121663, 4.625169476259102, 4.612627640511226, 4.611616116125607, 4.606490051862106, 4.605487712378641, 4.597452404429611, 4.593718593560376, 4.59193642625531, 4.593492822739685, 4.589447614058708, 4.587983955457372, 4.58722634917324, 4.582370202518204, 4.586577480279126, 4.579252076380461, 4.579868649973453, 4.581534968996511, 4.582287834685983, 4.574502000530947, 4.576471717612257, 4.574936950091019, 4.571518388766687, 4.571872155643204, 4.570047619273361, 4.568127974723149, 4.570198725728155, 4.565928931375152, 4.566448026490443, 4.567685914271086], "status": "OK"}