{"data": "data/ptb", "recepie_id": 2004338, "recepies_list_path": "data/new_recepies_fix.json", "cuda": true, "batch_size": 20, "model": "CustomRNN", "emsize": 400, "nhid": 600, "nlayers": 3, "dropout": 0.1, "dropouth": 0.25, "dropouti": 0.4, "dropoute": 0.0, "wdrop": 0.1, "tied": true, "bptt": 70, "lr": 0.001, "wdecay": 1.2e-06, "epochs": 50, "alpha": 2, "beta": 1, "log_interval": 200, "clip": 0.25, "eval_batch_size": 50, "recepie": "{\"node_1\": {\"op\": \"linear\", \"input\": [\"x\", \"h_prev_0\", \"h_prev_1\"]}, \"node_2\": {\"op\": \"activation_sigm\", \"input\": [\"node_1\"]}, \"node_3\": {\"op\": \"linear\", \"input\": [\"node_2\", \"x\"]}, \"node_4\": {\"op\": \"activation_leaky_relu\", \"input\": [\"node_3\"]}, \"node_7\": {\"op\": \"linear\", \"input\": [\"node_4\", \"h_prev_0\"]}, \"node_8\": {\"op\": \"activation_leaky_relu\", \"input\": [\"node_7\"]}, \"node_9\": {\"op\": \"linear\", \"input\": [\"node_2\", \"node_8\"]}, \"node_10\": {\"op\": \"activation_leaky_relu\", \"input\": [\"node_9\"]}, \"h_new_0\": {\"op\": \"elementwise_prod\", \"input\": [\"node_10\", \"node_7\"]}, \"h_new_1\": {\"op\": \"elementwise_prod\", \"input\": [\"node_3\", \"node_10\"]}}", "experiment_id": 999991954, "init_time": "2020-05-17_00-39-59", "num_params": 11856400, "wall_times": [231.00329995155334, 231.88839673995972, 230.27190852165222, 230.13660168647766, 230.2355923652649, 227.42156457901, 225.1297092437744, 225.23457741737366, 225.15477418899536, 225.20565938949585, 225.28660368919373, 225.2565438747406, 225.3166584968567, 225.35006523132324, 225.5199432373047, 225.33950567245483, 225.29252886772156, 225.2289683818817, 225.4022228717804, 225.2030463218689, 225.34018087387085, 225.3329954147339, 224.77363085746765, 225.0174331665039, 225.1585772037506, 224.720942735672, 225.2076449394226, 225.01824927330017, 225.12835907936096, 225.1060402393341, 225.27655506134033, 229.53220081329346, 225.55980515480042, 225.56624102592468, 225.59778690338135, 225.37135100364685, 225.531884431839, 225.3624987602234, 225.35195422172546, 225.6183876991272, 225.44210982322693, 224.17863178253174, 226.38985419273376, 226.22663617134094, 226.13958311080933, 225.98665642738342, 226.0792112350464, 226.15669345855713, 227.5734100341797, 227.44525575637817], "train_losses": [6.069267807675757, 5.692070844091227, 5.443072672933139, 5.284800104889463, 5.1667107908396535, 5.06739736297133, 4.976431808401915, 4.915961940589533, 4.850872902210747, 4.80593642421064, 4.759358947205637, 4.713684544941101, 4.683728854015384, 4.648554744231079, 4.622505093190253, 4.59425721787424, 4.569492210612662, 4.537906026437524, 4.515471195739874, 4.4925900805497285, 4.473576764294551, 4.453939826394492, 4.435831686030875, 4.4175970563713625, 4.409142024366629, 4.392153377306223, 4.374411257463288, 4.359521240116186, 4.350511083992254, 4.332196610591146, 4.320937382335539, 4.30526867839277, 4.29517348784358, 4.28533589841859, 4.275639086116938, 4.269507506992631, 4.255842040503469, 4.247533248614921, 4.24383816429993, 4.229470493114948, 4.220410749825184, 4.215242758592868, 4.204816426631166, 4.203533463772794, 4.190535743101501, 4.18350781292023, 4.176959365418751, 4.17235490291001, 4.162461002635684, 4.155657055161099], "val_losses": [6.078608977754238, 5.724449814618644, 5.507097457627118, 5.375323424258474, 5.281147709216102, 5.20479641154661, 5.139422669491525, 5.093587460275423, 5.052024298199153, 5.022398040254237, 4.9894541181144065, 4.965989141949152, 4.948529528601695, 4.92898139565678, 4.914111493644068, 4.897674126059322, 4.883988016419491, 4.875583289194915, 4.862152078919491, 4.851277145127119, 4.844332296080508, 4.832780720338983, 4.825984838453389, 4.822897245762712, 4.812067002118644, 4.804327330508475, 4.80151814088983, 4.794900357521186, 4.7885325079449155, 4.787327529131356, 4.782041181144068, 4.777360301906779, 4.774053893008475, 4.767804886122882, 4.768425582627119, 4.76278469279661, 4.754486559851695, 4.753616922669491, 4.751705839512712, 4.749148238877119, 4.745819981461865, 4.743973450741525, 4.742409957627118, 4.743570577330509, 4.735311837923729, 4.734267743644068, 4.736318855932203, 4.728965836864407, 4.727737023305084, 4.726382415254237], "test_losses": [6.032542997193568, 5.677140022944478, 5.456998065837379, 5.325799145744842, 5.230481786635315, 5.152842105013653, 5.082216133191747, 5.037697208737864, 4.996902021389563, 4.965326994368174, 4.935806718844812, 4.908185347770024, 4.891916219470571, 4.874172173657463, 4.85877975908298, 4.842871508552033, 4.829908056166565, 4.818846174814169, 4.805268222845874, 4.794527813068871, 4.788599403159132, 4.778295128090868, 4.76984353667324, 4.764702954338592, 4.758918836278823, 4.74976297026699, 4.745285478610437, 4.740234078712834, 4.735995098225121, 4.732348395782767, 4.72684308394645, 4.721643540465716, 4.719904334799757, 4.713876964976486, 4.712265459079187, 4.708217583813713, 4.703227515359527, 4.700019614210406, 4.699314154467537, 4.695816188182645, 4.691960010713744, 4.691726240139563, 4.689959183479976, 4.686913943985133, 4.68103738432949, 4.680528659265018, 4.682007724798999, 4.676441377806432, 4.673887382433253, 4.673115258077973], "status": "OK"}