{"data": "data/ptb", "recepie_id": 2007577, "recepies_list_path": "data/new_recepies_fix.json", "cuda": true, "batch_size": 20, "model": "CustomRNN", "emsize": 400, "nhid": 600, "nlayers": 3, "dropout": 0.1, "dropouth": 0.25, "dropouti": 0.4, "dropoute": 0.0, "wdrop": 0.1, "tied": true, "bptt": 70, "lr": 0.001, "wdecay": 1.2e-06, "epochs": 50, "alpha": 2, "beta": 1, "log_interval": 200, "clip": 0.25, "eval_batch_size": 50, "recepie": "{\"node_0\": {\"op\": \"linear\", \"input\": [\"h_prev_0\", \"h_prev_1\"]}, \"node_1\": {\"op\": \"activation_leaky_relu\", \"input\": [\"node_0\"]}, \"node_2\": {\"op\": \"elementwise_sum\", \"input\": [\"node_0\", \"h_prev_0\"]}, \"node_3\": {\"op\": \"linear\", \"input\": [\"h_prev_0\", \"x\"]}, \"node_4\": {\"op\": \"activation_tanh\", \"input\": [\"node_3\"]}, \"node_16\": {\"op\": \"linear\", \"input\": [\"node_4\", \"node_1\", \"h_prev_1\"]}, \"h_new_0\": {\"op\": \"activation_tanh\", \"input\": [\"node_16\"]}, \"h_new_1\": {\"op\": \"elementwise_prod\", \"input\": [\"node_0\", \"node_2\"]}}", "experiment_id": 999992217, "init_time": "2020-05-15_23-16-44", "num_params": 10134800, "wall_times": [179.24262261390686, 178.2810754776001, 177.3425145149231, 176.13433289527893, 176.04901480674744, 176.00129199028015, 176.0922884941101, 176.21243381500244, 175.93071365356445, 176.07569408416748, 176.09320545196533, 176.11511826515198, 176.06705331802368, 175.99478912353516, 176.15442204475403, 176.2314794063568, 176.15021085739136, 176.4393048286438, 176.3013596534729, 176.30324053764343, 176.20651698112488, 176.05628967285156, 176.21627616882324, 176.22170424461365, 176.26954436302185, 176.00267338752747, 175.9695234298706, 177.46607971191406, 179.30485606193542, 179.86688089370728, 179.33647656440735, 179.51083207130432, 179.33137917518616, 179.6675169467926, 180.98048067092896, 181.06744241714478, 181.18631148338318, 175.1827473640442, 174.96615195274353, 175.71941208839417, 175.72215723991394, 175.74964570999146, 175.06319093704224], "train_losses": [5.594096269700393, 5.328888558307783, 5.183977210074767, 5.081542312140283, 4.997817324242913, 4.928626838927438, 4.882130046124469, 4.843935741756764, 4.782588433247271, 4.753323600801463, 4.73374675582271, 4.694532552713679, 4.672655787746759, 4.655120841401754, 4.620286697864558, 4.616036489430369, 4.58682334530149, 4.578290570706256, 4.560587532273681, 4.5351795727771504, 4.518231267817761, 4.5200386779893496, 4.4952459355333225, 4.481652748641816, 4.475117328277124, 4.46747376082513, 4.464140914958851, 4.446074797617126, 4.435480373567856, 4.42071222298424, 4.422152772174708, 4.39917878610618, 4.408795754666237, 4.396936017427787, 4.3769797045613466, 4.377238146145984, 4.3576079319294285, 4.3762808617072775, 4.354728934699586, 4.3380873978000105, 4.346572266150288, 4.334144377655855, NaN], "val_losses": [5.631937897245763, 5.413718882415254, 5.307163003177966, 5.234633540783898, 5.180135725635593, 5.13476860434322, 5.10932170286017, 5.090446570444915, 5.042486096398305, 5.0283550715042376, 5.027581766419492, 5.002307997881356, 4.989894067796611, 4.989434255826271, 4.961058659957627, 4.967716167902543, 4.950168498411017, 4.951300648834746, 4.942897245762712, 4.925852423199153, 4.916806144067797, 4.930192002118644, 4.906300648834746, 4.8999831170550845, 4.904813294491525, 4.900959348516949, 4.905369438559322, 4.887746292372881, 4.8871653204449155, 4.875691207627119, 4.883928098516949, 4.863128641419491, 4.878264367055085, 4.87037407309322, 4.85431342690678, 4.856477423199152, 4.842627780720339, 4.863883408368644, 4.848554025423729, 4.84122748940678, 4.850098649364407, 4.841950807733051, NaN], "test_losses": [5.590695279315837, 5.367918736726335, 5.260789000872269, 5.187337042058556, 5.13366936248483, 5.087523228913835, 5.061835131598908, 5.042641648968447, 4.998448047823119, 4.986172870524879, 4.98388197815534, 4.959887754569933, 4.949861989437955, 4.948205151604217, 4.92134079423923, 4.925895616846177, 4.909401014013198, 4.914617742149575, 4.90569357270176, 4.885259535706159, 4.877672806526851, 4.886612382907312, 4.866676700925364, 4.859754840147148, 4.863901971613319, 4.863590277514412, 4.862805412810983, 4.848115791394872, 4.847108711316747, 4.836631997117719, 4.843455194269569, 4.826212170054611, 4.839776196526092, 4.832299686172633, 4.816881198327518, 4.818373596783981, 4.804478024973453, 4.825147017691899, 4.809253285232099, 4.800467778178095, 4.81079338592233, 4.803253470115291, NaN], "status": "loss is nan!"}