{"data": "data/ptb", "recepie_id": 2008326, "recepies_list_path": "data/new_recepies_fix.json", "cuda": true, "batch_size": 20, "model": "CustomRNN", "emsize": 400, "nhid": 600, "nlayers": 3, "dropout": 0.1, "dropouth": 0.25, "dropouti": 0.4, "dropoute": 0.0, "wdrop": 0.1, "tied": true, "bptt": 70, "lr": 0.001, "wdecay": 1.2e-06, "epochs": 50, "alpha": 2, "beta": 1, "log_interval": 200, "clip": 0.25, "eval_batch_size": 50, "recepie": "{\"node_0\": {\"op\": \"linear\", \"input\": [\"h_prev_0\", \"x\"]}, \"node_1\": {\"op\": \"activation_tanh\", \"input\": [\"node_0\"]}, \"node_2\": {\"op\": \"linear\", \"input\": [\"h_prev_1\", \"node_1\"]}, \"node_3\": {\"op\": \"activation_tanh\", \"input\": [\"node_2\"]}, \"node_5\": {\"op\": \"linear\", \"input\": [\"h_prev_0\", \"h_prev_1\", \"x\"]}, \"node_6\": {\"op\": \"activation_leaky_relu\", \"input\": [\"node_5\"]}, \"node_13\": {\"op\": \"linear\", \"input\": [\"node_6\", \"node_3\"]}, \"node_14\": {\"op\": \"activation_leaky_relu\", \"input\": [\"node_13\"]}, \"node_15\": {\"op\": \"linear\", \"input\": [\"node_3\", \"node_1\", \"node_6\"]}, \"node_17\": {\"op\": \"linear\", \"input\": [\"node_14\", \"node_1\"]}, \"h_new_0\": {\"op\": \"activation_tanh\", \"input\": [\"node_17\"]}, \"h_new_1\": {\"op\": \"activation_leaky_relu\", \"input\": [\"node_15\"]}}", "experiment_id": 999905501, "init_time": "2020-05-18_16-29-20", "num_params": 16259600, "wall_times": [330.8369073867798, 327.7219080924988, 326.0013120174408, 322.4106638431549, 322.37976360321045, 322.322306394577, 324.050577878952, 321.6719172000885, 321.20805287361145, 323.2069444656372, 320.5112316608429, 323.49207401275635, 322.9146375656128, 322.812700510025, 323.30270886421204, 324.6491882801056, 321.72961378097534, 323.9328541755676, 322.69921612739563, 324.89119958877563, 325.0919132232666, 322.44795393943787, 323.60338830947876, 322.95524168014526, 326.0124592781067, 326.2372109889984, 329.02491903305054, 326.95506834983826, 324.58667731285095, 321.7630920410156, 321.3612365722656, 319.7063057422638, 323.7822861671448, 323.85995602607727, 321.771546125412, 320.50655579566956, 324.26986718177795, 323.0408878326416, 320.632780790329, 323.454705953598, 323.92863750457764, 326.3648715019226, 327.00803685188293, 323.8634798526764, 326.03087639808655, 323.41077399253845, 324.8009407520294, 322.9628710746765, 321.93068861961365, 320.6218557357788], "train_losses": [5.5454949639610565, 5.263914242778764, 5.1147236902264535, 5.003255103275778, 4.925931902533484, 4.877003237453606, 4.81930983069765, 4.770883760959604, 4.74245308549836, 4.709225061857889, 4.686213255069657, 4.640956141412511, 4.630341966542951, 4.602872777822602, 4.585118471303319, 4.5707545821903075, 4.539181004921736, 4.530573009117314, 4.505586120300145, 4.5131611902264535, 4.493061999085579, 4.49236693830348, 4.472383310472809, 4.456376321203808, 4.446079420149535, 4.4317634372814805, 4.436334281372707, 4.423758051610995, 4.402143090070465, 4.417484014442472, 4.406766883169276, 4.386781574417729, 4.388743209079662, 4.384840110806304, 4.366768950701952, 4.360476423403798, 4.360662585390781, 4.344798894626432, 4.3581164104943255, 4.328469168549298, 4.340402025845839, 4.34492076138992, 4.330780434753375, 4.31726877252434, 4.313257675084718, 4.303368817573019, 4.304668169409929, 4.303989497606369, 4.291655740680975, 4.297539383976117], "val_losses": [5.582553628177966, 5.349661679025424, 5.242016684322034, 5.16001953125, 5.1106680349576274, 5.080253575211865, 5.043507680084746, 5.013124668961864, 5.001869041313559, 4.983866525423728, 4.976004700741526, 4.941854806673729, 4.944508739406779, 4.931546610169492, 4.922976363877119, 4.917833355402542, 4.896201006355932, 4.899889102224576, 4.881509533898305, 4.89441108315678, 4.879751721398305, 4.886090439618644, 4.8729905985169495, 4.867903204449153, 4.859716300317797, 4.851639962923729, 4.864501125529661, 4.857592690677966, 4.837119306144068, 4.855685911016949, 4.854962592690678, 4.840448225635593, 4.845726297669492, 4.847912473516949, 4.826664459745762, 4.831175516419491, 4.834587526483051, 4.828099841101695, 4.839057865466102, 4.815020855402542, 4.826535685911017, 4.836749205508474, 4.822066671080509, 4.816914724576272, 4.813365664724576, 4.812439751059322, 4.8104905985169495, 4.814870564088983, 4.8067511917372885, 4.816191737288135], "test_losses": [5.54363776642142, 5.303074512666869, 5.188255532273969, 5.108682873179611, 5.056189083358617, 5.028727411066444, 4.991922619273361, 4.962321161066444, 4.951778967403671, 4.933541307171572, 4.927005508570995, 4.893572464729976, 4.895118491163531, 4.881135514638956, 4.871266189130765, 4.866626924681432, 4.846734500625758, 4.847629584155037, 4.831696445502124, 4.846002375037925, 4.82891845703125, 4.838865706064169, 4.826050100974666, 4.816412175743325, 4.813819663038531, 4.804053149177033, 4.812727548543689, 4.80516067060452, 4.792058555825243, 4.810069260087985, 4.805873241239381, 4.79154509016611, 4.798389619993932, 4.79905241438486, 4.783236605449788, 4.784901443037015, 4.787567731246208, 4.77907969650713, 4.792125516724818, 4.771514892578125, 4.782242265719812, 4.788373336051274, 4.777831142388501, 4.771087942771541, 4.766855776888653, 4.766146761699788, 4.764956576152913, 4.768366248862257, 4.759376599950698, 4.768043592138198], "status": "OK"}