{"data": "data/ptb", "recepie_id": 1009821, "recepies_list_path": "data/models_recepies.json", "cuda": true, "batch_size": 20, "model": "CustomRNN", "emsize": 400, "nhid": 600, "nlayers": 3, "dropout": 0.1, "dropouth": 0.25, "dropouti": 0.4, "dropoute": 0.0, "wdrop": 0.1, "tied": true, "bptt": 70, "lr": 0.001, "wdecay": 1.2e-06, "epochs": 50, "alpha": 2, "beta": 1, "log_interval": 200, "clip": 0.25, "eval_batch_size": 50, "recepie": "{\"node_1\": {\"op\": \"linear\", \"input\": [\"h_prev_1\", \"h_prev_0\", \"x\"]}, \"node_2\": {\"op\": \"activation_leaky_relu\", \"input\": [\"node_1\"]}, \"node_4\": {\"op\": \"linear\", \"input\": [\"node_2\", \"h_prev_1\"]}, \"node_5\": {\"op\": \"activation_sigm\", \"input\": [\"node_4\"]}, \"node_6\": {\"op\": \"linear\", \"input\": [\"node_5\", \"h_prev_1\"]}, \"node_7\": {\"op\": \"activation_sigm\", \"input\": [\"node_6\"]}, \"h_new_0\": {\"op\": \"linear\", \"input\": [\"node_2\", \"node_7\"]}, \"h_new_1\": {\"op\": \"activation_sigm\", \"input\": [\"h_new_0\"]}}", "experiment_id": 999947506, "init_time": "2020-04-21_01-41-12", "num_params": 11896400, "wall_times": [209.469304561615, 207.49944472312927, 204.8485016822815, 208.5252344608307, 205.35669469833374, 205.49480676651, 205.36223554611206, 205.1740381717682, 205.20331573486328, 205.17394495010376, 205.260107755661, 205.18304228782654, 205.12465906143188, 204.95313954353333, 205.2358078956604, 205.07738161087036, 205.0783851146698, 205.27242136001587, 205.21110320091248, 205.07716870307922, 205.13556289672852, 205.2282133102417, 204.98082828521729, 205.21292114257812, 205.06929659843445, 205.09779596328735, 205.10049200057983, 205.2186462879181, 205.05767273902893, 205.06260108947754, 205.1137409210205, 205.0075240135193, 205.08326697349548, 205.1630425453186, 204.9749312400818, 204.99285769462585, 205.25040078163147, 205.22373056411743, 205.13968324661255, 205.04788947105408, 205.17716789245605, 205.02270817756653, 205.14056015014648, 205.30009627342224, 206.94611406326294, 205.09516668319702, 204.94671607017517, 205.0228090286255, 204.83130884170532, 205.02965378761292], "train_losses": [5.798971528562207, 5.51622592921306, 5.360342369963961, 5.2454333582109625, 5.154632533887365, 5.08873959509978, 5.033541095153569, 4.977557184928191, 4.935399269135603, 4.901210599214674, 4.8638575957452534, 4.8460558032112315, 4.8143166552364045, 4.793235386073906, 4.771605296245495, 4.749189796137916, 4.7387168186219135, 4.718908426792534, 4.703005654617826, 4.687170959738583, 4.665303019606261, 4.662514371873487, 4.64642795909311, 4.640118202355978, 4.634302636356302, 4.622104193561401, 4.615053150718089, 4.594071476117477, 4.590064580980044, 4.577953125840461, 4.568526941799796, 4.5624184753375285, 4.5521325002689474, 4.543285393469959, 4.5353253926631165, 4.533061192243559, 4.521500658920983, 4.52497092006885, 4.5094022309181865, 4.517653031036523, 4.500453428406218, 4.497578213248346, 4.4903263003603895, 4.489022325991071, 4.481424563632941, 4.478919151067721, 4.476452399682642, 4.465587347372384, 4.463026884648486, 4.461658615055672], "val_losses": [5.817688691737288, 5.572601959745763, 5.438437831038136, 5.342337129237288, 5.277609904661017, 5.228407375529661, 5.195619703389831, 5.1543852621822035, 5.1268111096398306, 5.102002118644068, 5.082967756885593, 5.070705773305085, 5.053158434851695, 5.042789658368644, 5.028014102224576, 5.015487950211864, 5.011664128707627, 4.998792372881356, 4.99301377118644, 4.985718021716102, 4.977922735699153, 4.977778072033899, 4.969418365995763, 4.966503244173729, 4.964722259004238, 4.960656779661017, 4.957131554555085, 4.945781581038136, 4.9392177568855935, 4.942104409427966, 4.928995961334746, 4.9273023702330505, 4.930615399894068, 4.929013506355933, 4.927031581038135, 4.9267137844279665, 4.925255230402542, 4.923732123940678, 4.916131488347458, 4.919537870762712, 4.920696173199152, 4.915609110169491, 4.912578456038136, 4.908797669491525, 4.910338983050847, 4.909333620233051, 4.912482786016949, 4.909976496292373, 4.906089115466101, 4.901647576800848], "test_losses": [5.762912194705704, 5.511986593598301, 5.381704385998179, 5.287357663645328, 5.217656700356493, 5.17249009215716, 5.132045116239381, 5.094077101031553, 5.064240390814624, 5.044786175477852, 5.023240172747269, 5.009058683821299, 4.992708372838289, 4.983388956310679, 4.967765437746511, 4.954088525864685, 4.954545993249393, 4.940433242945995, 4.931284784113319, 4.92239261367946, 4.915895036123331, 4.913683252427185, 4.906429846309921, 4.904508424036711, 4.902752626289442, 4.899629463269872, 4.896126756390322, 4.884138088781857, 4.878708330172937, 4.881357433726486, 4.871459368363167, 4.869490836430522, 4.868874559124697, 4.864514397185983, 4.862230023134102, 4.86102768981341, 4.860138532027458, 4.860071571127882, 4.853367481416869, 4.856952259841474, 4.853001566766535, 4.847447663834951, 4.845666977965716, 4.841834503470115, 4.844328945122876, 4.843028837037318, 4.84442612731341, 4.840867422159436, 4.837669891061135, 4.833518019000303], "status": "OK"}