{"data": "data/ptb", "recepie_id": 2011454, "recepies_list_path": "data/new_recepies_fix.json", "cuda": true, "batch_size": 20, "model": "CustomRNN", "emsize": 400, "nhid": 600, "nlayers": 3, "dropout": 0.1, "dropouth": 0.25, "dropouti": 0.4, "dropoute": 0.0, "wdrop": 0.1, "tied": true, "bptt": 70, "lr": 0.001, "wdecay": 1.2e-06, "epochs": 50, "alpha": 2, "beta": 1, "log_interval": 200, "clip": 0.25, "eval_batch_size": 50, "recepie": "{\"node_0\": {\"op\": \"linear\", \"input\": [\"x\", \"h_prev_0\"]}, \"node_1\": {\"op\": \"activation_sigm\", \"input\": [\"node_0\"]}, \"node_2\": {\"op\": \"elementwise_prod\", \"input\": [\"node_0\", \"node_1\"]}, \"h_new_0\": {\"op\": \"elementwise_sum\", \"input\": [\"node_0\", \"node_2\"]}}", "experiment_id": 999922932, "init_time": "2020-05-17_16-33-08", "num_params": 5731600, "wall_times": [70.07969260215759, 69.14482712745667, 69.56091356277466, 69.40066456794739, 69.53090381622314, 69.16848731040955, 69.74558615684509, 69.02393245697021, 68.86930346488953, 68.37888288497925, 68.75494527816772, 68.72586750984192, 68.61985278129578, 67.97134613990784, 67.91436958312988, 69.49391031265259, 69.44105648994446, 69.19729852676392, 69.53998756408691, 69.38846826553345, 69.53985595703125, 69.40907597541809, 69.52503442764282, 69.5385229587555, 69.79264259338379, 69.47712922096252, 69.62111163139343, 69.44309401512146, 69.45324397087097, 69.14930415153503, 69.46453976631165, 69.86517238616943, 69.50989127159119, 69.12993240356445, 69.45294618606567, 69.52353882789612, 69.5138430595398, 69.17548727989197, 69.57279753684998, 69.6297607421875, 69.54088497161865, 69.34335207939148, 69.7184100151062, 69.40132522583008, 69.24962186813354, 68.99317574501038, 69.22057461738586, 69.2258689403534, 69.17520451545715, 68.89674925804138], "train_losses": [6.192564614598462, 5.835852613495778, 5.676866494540369, 5.569784690845032, 5.523310170243667, 5.4452036603732985, 5.397642004195578, 5.356344299661126, 5.319447666209456, 5.2793492987198105, 5.251808670862245, 5.208738855494595, 5.199561447743532, 5.1779670774837285, 5.158895349228121, 5.1322224967726315, 5.136411771825077, 5.121789441127428, 5.11538849443279, 5.094397574767361, 5.083436709967188, 5.073432289145285, 5.060039972298424, 5.056555423323113, 5.038208171964929, 5.041456131326986, 5.026831279248023, 5.0296632106933465, 5.010092669167877, 5.007508253321499, 5.007568766473025, 4.996559575197677, 5.0179034882470015, 5.000007984374159, 5.004073711742241, 5.007344363536119, 4.983445030525523, 4.986081554919047, 4.983623628368566, 4.979577651820773, 4.959823469689635, 4.963211785944812, 4.9717891049432525, 4.959579315932441, 4.970422936501533, 4.956840675595719, 4.974483621106987, 4.958911990344791, 4.943158820128019, 4.967965850411489], "val_losses": [6.197037870762712, 5.85411811440678, 5.71383408368644, 5.623229608050847, 5.592523834745763, 5.518107454978813, 5.489868246822034, 5.453388175317796, 5.426805481991526, 5.392935315148305, 5.379657044491525, 5.341745564088983, 5.33935844809322, 5.321244372351695, 5.315364472987288, 5.290909361758475, 5.299068458686441, 5.280442266949152, 5.282875397245762, 5.26500231726695, 5.257874735169492, 5.253539459745762, 5.244088320974576, 5.242641353283898, 5.228272311970339, 5.23455078125, 5.219807997881356, 5.229437235169492, 5.212552966101695, 5.209543498411017, 5.212066009004237, 5.195192002118644, 5.222571173199152, 5.197580111228813, 5.210022179555085, 5.214018471927966, 5.196043101165254, 5.193265360169492, 5.194079713983051, 5.189000595868644, 5.172166313559322, 5.17578720868644, 5.181686308262712, 5.175263837394068, 5.187747285487288, 5.175961996822034, 5.189486559851695, 5.1802833686440675, 5.158737089512712, 5.188568591101695], "test_losses": [6.157932318530037, 5.817564140245753, 5.680134893621056, 5.587509599704187, 5.543021489115595, 5.475175283487561, 5.445203466322815, 5.404565903746966, 5.381733422140473, 5.351178511832524, 5.33257345551426, 5.300718437120753, 5.298053037773058, 5.282345077366505, 5.268663128602852, 5.247494595722087, 5.254366087682039, 5.243118434276395, 5.240975685489988, 5.227464398134102, 5.218892217839806, 5.214728198005158, 5.207630342650182, 5.202119993932039, 5.19238755309466, 5.194174164707221, 5.184843489267294, 5.193243823005158, 5.17438218200091, 5.171143170699333, 5.173082073915352, 5.158917177070692, 5.182400305294296, 5.167433655377731, 5.168645469887743, 5.174247667627427, 5.156223926729369, 5.158012316064927, 5.153868443757585, 5.15435079926426, 5.137402580779733, 5.142844783449636, 5.147830111309163, 5.141215796609527, 5.14966531401699, 5.135079096821905, 5.154421908184163, 5.142781377996056, 5.123891293423847, 5.145885874924151], "status": "OK"}