{"data": "data/ptb", "recepie_id": 2001586, "recepies_list_path": "data/new_recepies_fix.json", "cuda": true, "batch_size": 20, "model": "CustomRNN", "emsize": 400, "nhid": 600, "nlayers": 3, "dropout": 0.1, "dropouth": 0.25, "dropouti": 0.4, "dropoute": 0.0, "wdrop": 0.1, "tied": true, "bptt": 70, "lr": 0.001, "wdecay": 1.2e-06, "epochs": 50, "alpha": 2, "beta": 1, "log_interval": 200, "clip": 0.25, "eval_batch_size": 50, "recepie": "{\"node_0\": {\"op\": \"linear\", \"input\": [\"h_prev_0\", \"x\"]}, \"node_1\": {\"op\": \"activation_tanh\", \"input\": [\"node_0\"]}, \"node_3\": {\"op\": \"linear\", \"input\": [\"h_prev_0\", \"node_1\"]}, \"node_4\": {\"op\": \"activation_leaky_relu\", \"input\": [\"node_3\"]}, \"node_8\": {\"op\": \"linear\", \"input\": [\"node_4\", \"x\"]}, \"node_9\": {\"op\": \"activation_leaky_relu\", \"input\": [\"node_8\"]}, \"node_10\": {\"op\": \"linear\", \"input\": [\"node_9\", \"node_1\"]}, \"h_new_0\": {\"op\": \"activation_sigm\", \"input\": [\"node_10\"]}}", "experiment_id": 999996961, "init_time": "2020-05-16_11-09-13", "num_params": 10976400, "wall_times": [239.73827385902405, 229.90163826942444, 228.3270628452301, 232.27903175354004, 229.27878665924072, 231.0723946094513, 228.2990279197693, 229.49790263175964, 228.54750895500183, 230.26274037361145, 229.94372129440308, 228.33444714546204, 225.71972727775574, 228.27807450294495, 228.52931094169617, 228.4366044998169, 227.9252965450287, 228.451069355011, 229.00072360038757, 228.43421125411987, 224.92242622375488, 230.2329273223877, 228.53465461730957, 228.19859910011292, 230.7948968410492, 231.89875745773315, 227.7297329902649, 230.17421793937683, 228.6058211326599, 228.02791213989258, 229.51372575759888, 228.68897819519043, 227.07675409317017, 228.51078343391418, 228.5002737045288, 227.3773968219757, 227.14340138435364, 227.87164998054504, 226.67978501319885, 227.51459670066833, 227.5944972038269, 230.00006461143494, 228.1250762939453, 228.7584352493286, 226.98734712600708, 226.0891444683075, 228.7291615009308, 229.8249442577362, 228.45302844047546, 228.13365507125854], "train_losses": [6.1719981274541444, 5.9620511100801465, 5.8464529207681135, 5.711638444005164, 5.639925736915712, 5.570703314103598, 5.516872243289764, 5.471986613146146, 5.423342443924479, 5.384736734172449, 5.3521819193426925, 5.321816503953526, 5.293750168092088, 5.27160739739659, 5.249784421897693, 5.229697837663386, 5.213963998036684, 5.198931522645366, 5.180893140498091, 5.1692712535635525, 5.156755536953365, 5.142368535178312, 5.1291867536711315, 5.117601426765639, 5.106632997821526, 5.092356096363832, 5.08175789024259, 5.070357884863644, 5.062251223710398, 5.0514639139906405, 5.043691335861438, 5.0341403434457535, 5.024240559948362, 5.016665490022054, 5.004234659916088, 4.997825308617073, 4.9921232047765045, 4.985618040987575, 4.97944611976225, 4.973559114625356, 4.96650218855898, 4.959242711527083, 4.95360112083804, 4.947022416760798, 4.940024322925071, 4.936075839788069, 4.93060066026572, 4.92495024474208, 4.921318615190145, 4.914476426765639], "val_losses": [6.186174523305085, 5.988508342161017, 5.883007150423729, 5.761855137711865, 5.700758077330509, 5.644369041313559, 5.600339645127119, 5.564569650423729, 5.524695444915254, 5.49545517743644, 5.474564353813559, 5.449302833686441, 5.430855071504237, 5.416598914194915, 5.402805217161017, 5.3874791445974575, 5.381385725635593, 5.369066141419491, 5.36108845338983, 5.35347358315678, 5.34411579713983, 5.335662738347458, 5.333629833156779, 5.326054025423729, 5.318307402012712, 5.311390029131356, 5.307947563559322, 5.29835109904661, 5.294656382415254, 5.289256157309322, 5.284890757415254, 5.2824205508474575, 5.274019465042373, 5.271020259533898, 5.262079912605932, 5.261443988347458, 5.257891618114407, 5.255286679025423, 5.252127913135594, 5.248296477754237, 5.248208090572034, 5.2424281647245765, 5.241587658898305, 5.241571438029661, 5.238214711334746, 5.233389499470339, 5.232242783368644, 5.231361890889831, 5.229720934851695, 5.22704482256356], "test_losses": [6.126682911104369, 5.932168608730279, 5.830532036938713, 5.704831021503337, 5.643640610778216, 5.583852823498179, 5.540081135277609, 5.505292873938107, 5.46668191557949, 5.436058266648969, 5.414914029315837, 5.390026499924151, 5.368443165010619, 5.354906989532767, 5.339481687082828, 5.324632366884102, 5.315595608313107, 5.303634495411105, 5.293492585709951, 5.286145849135315, 5.277352046040655, 5.266852221442658, 5.263174112560679, 5.254831258533071, 5.246447516876517, 5.240813912697209, 5.236590635429308, 5.228256670016687, 5.22363992339199, 5.219071767862561, 5.214666570274575, 5.209309698308556, 5.203133888614988, 5.200334567468143, 5.191492173278216, 5.190716493476942, 5.18500466948574, 5.182729184048847, 5.179604539593447, 5.178375540427791, 5.175730288607403, 5.171383755878337, 5.168381774309769, 5.168619989191444, 5.163996131674757, 5.16022202575091, 5.158430080969357, 5.157668030377731, 5.156104226714199, 5.153050691178701], "status": "OK"}