{"data": "data/ptb", "recepie_id": 1012963, "recepies_list_path": "data/models_recepies.json", "cuda": true, "batch_size": 20, "model": "CustomRNN", "emsize": 400, "nhid": 600, "nlayers": 3, "dropout": 0.1, "dropouth": 0.25, "dropouti": 0.4, "dropoute": 0.0, "wdrop": 0.1, "tied": true, "bptt": 70, "lr": 0.001, "wdecay": 1.2e-06, "epochs": 50, "alpha": 2, "beta": 1, "log_interval": 200, "clip": 0.25, "eval_batch_size": 50, "recepie": "{\"node_0\": {\"op\": \"linear\", \"input\": [\"h_prev_2\", \"h_prev_0\", \"h_prev_1\"]}, \"node_1\": {\"op\": \"activation_tanh\", \"input\": [\"node_0\"]}, \"node_2\": {\"op\": \"linear\", \"input\": [\"h_prev_1\", \"node_1\"]}, \"node_3\": {\"op\": \"activation_leaky_relu\", \"input\": [\"node_2\"]}, \"node_4\": {\"op\": \"elementwise_sum\", \"input\": [\"h_prev_0\", \"node_3\"]}, \"node_5\": {\"op\": \"linear\", \"input\": [\"h_prev_1\", \"x\", \"h_prev_2\"]}, \"node_7\": {\"op\": \"linear\", \"input\": [\"h_prev_2\", \"h_prev_0\"]}, \"node_9\": {\"op\": \"linear\", \"input\": [\"h_prev_0\", \"node_1\"]}, \"node_10\": {\"op\": \"activation_leaky_relu\", \"input\": [\"node_9\"]}, \"node_14\": {\"op\": \"linear\", \"input\": [\"h_prev_2\", \"node_10\"]}, \"h_new_0\": {\"op\": \"activation_leaky_relu\", \"input\": [\"node_14\"]}, \"h_new_1\": {\"op\": \"activation_leaky_relu\", \"input\": [\"node_7\"]}, \"h_new_2\": {\"op\": \"elementwise_sum\", \"input\": [\"node_5\", \"node_4\"]}}", "experiment_id": 999992553, "init_time": "2020-04-14_19-21-28", "num_params": 16299600, "wall_times": [321.77669954299927, 325.72729229927063, 315.08814311027527, 317.7996416091919, 314.649222612381, 314.18113589286804, 317.5946774482727, 314.5764858722687, 314.35217475891113, 314.5668728351593, 317.1104018688202, 314.28777527809143, 315.02732372283936, 314.04833221435547, 314.30347967147827, 314.8214054107666, 317.9348638057709, 314.4382891654968, 314.5228388309479, 317.02578115463257, 314.2537806034088, 314.8271915912628, 314.63920879364014, 314.26758432388306, 319.5284345149994, 314.4041655063629, 315.3200583457947, 315.34379601478577, 315.48040652275085, 315.52797508239746, 317.49860072135925, 314.15917897224426, 314.2271342277527, 314.5532009601593, 314.4920382499695, 314.4326066970825, 314.67236042022705, 315.36230635643005, 314.80186200141907, 314.76654624938965, 315.06014347076416, 314.9439334869385, 318.36264991760254, 315.077312707901, 319.600683927536, 315.4591212272644, 314.2374701499939, 314.6150903701782, 316.0679759979248, 319.6227648258209], "train_losses": [6.468024682642139, 6.42613613441988, 6.3911481866225595, 6.352590383115486, 6.326698738636975, 6.293786728121134, 6.270443359690173, 6.251690586170728, 6.2279597654779195, 6.207470180463665, 6.191319892690012, 6.171944758216341, 6.154611522376419, 6.146749435210586, 6.144384799768705, 6.117219857726857, 6.10474280229681, 6.106885976413318, 6.097465255365499, 6.070141466300898, 6.06308117839277, 6.047838167661772, 6.05079658840299, 6.049638013689419, 6.037174405626378, 6.01777111572804, 6.006243360362541, 6.000845082970255, 5.988257086762412, 5.9798457587004465, 5.976247747566027, 5.967644794524232, 5.961893943978269, 5.943942129256092, 5.94006802686784, 5.928682729546555, 5.924298467672529, 5.920276024016998, 5.911897473912108, 5.901188327013071, 5.902567102361358, 5.899550689849927, 5.887957798800495, 5.888209936931848, 5.881233695067506, 5.883510502393631, 5.863326424748534, 5.865713332392017, 5.856997337421333, 5.859071173551719], "val_losses": [6.473947960805085, 6.448826138771186, 6.428089909957627, 6.3939155190677965, 6.381544623940678, 6.3573358050847455, 6.345269465042373, 6.334421345338983, 6.312656912076271, 6.300660752118644, 6.299156514830509, 6.284710672669491, 6.280045683262712, 6.277863479872881, 6.288459348516949, 6.262055084745763, 6.2638215042372885, 6.273202462923729, 6.268418299788135, 6.250415121822034, 6.249126721398305, 6.2416942531779664, 6.249102886652542, 6.254696106991525, 6.254364406779661, 6.246114274364407, 6.239145259533898, 6.237942266949153, 6.234870895127119, 6.233836731991525, 6.234315413135593, 6.225370762711864, 6.228234242584746, 6.218673199152542, 6.216111626059322, 6.2183011122881355, 6.216754502118644, 6.217478813559322, 6.209132018008474, 6.199878177966101, 6.208826800847458, 6.21813029661017, 6.202390095338983, 6.20728217690678, 6.204253177966102, 6.2153515625, 6.200068193855932, 6.203130296610169, 6.195342293432203, 6.2092273569915255], "test_losses": [6.421337535080401, 6.395479368932039, 6.377969982554611, 6.350805190003034, 6.335861057911105, 6.31841329926426, 6.305710875872269, 6.295885993439017, 6.279304578466323, 6.269214222732099, 6.265757144076153, 6.253856473756068, 6.248289830476335, 6.252292670092537, 6.257683911369842, 6.23595480317051, 6.235932877920206, 6.24327902192051, 6.242349865367111, 6.224191017521238, 6.221967678625607, 6.217318340412621, 6.223851472428701, 6.228844503754551, 6.226537611878034, 6.220510538341929, 6.215116334192961, 6.212988992339199, 6.210586103420813, 6.208187955097087, 6.208622312082828, 6.204361702631978, 6.205272489381068, 6.196111882774575, 6.193348708662015, 6.196195435755461, 6.192903092763956, 6.19470688903216, 6.185997824067051, 6.179356843522451, 6.185447322512136, 6.193986318643811, 6.182025205741808, 6.185471025485437, 6.183485308897148, 6.191851273323726, 6.180518881788531, 6.181187898209951, 6.179013150409587, 6.188358640207828], "status": "OK"}