{"data": "data/ptb", "recepie_id": 2010347, "recepies_list_path": "data/new_recepies_fix.json", "cuda": true, "batch_size": 20, "model": "CustomRNN", "emsize": 400, "nhid": 600, "nlayers": 3, "dropout": 0.1, "dropouth": 0.25, "dropouti": 0.4, "dropoute": 0.0, "wdrop": 0.1, "tied": true, "bptt": 70, "lr": 0.001, "wdecay": 1.2e-06, "epochs": 50, "alpha": 2, "beta": 1, "log_interval": 200, "clip": 0.25, "eval_batch_size": 50, "recepie": "{\"node_1\": {\"op\": \"linear\", \"input\": [\"h_prev_1\", \"x\"]}, \"node_2\": {\"op\": \"activation_tanh\", \"input\": [\"node_1\"]}, \"node_3\": {\"op\": \"linear\", \"input\": [\"h_prev_0\", \"x\"]}, \"node_4\": {\"op\": \"activation_leaky_relu\", \"input\": [\"node_3\"]}, \"node_7\": {\"op\": \"elementwise_prod\", \"input\": [\"h_prev_0\", \"h_prev_1\"]}, \"node_13\": {\"op\": \"linear\", \"input\": [\"x\", \"node_4\"]}, \"node_14\": {\"op\": \"activation_tanh\", \"input\": [\"node_13\"]}, \"h_new_0\": {\"op\": \"elementwise_prod\", \"input\": [\"node_7\", \"node_4\"]}, \"h_new_1\": {\"op\": \"linear\", \"input\": [\"node_2\", \"node_14\"]}}", "experiment_id": 999923262, "init_time": "2020-05-17_08-24-10", "num_params": 10936400, "wall_times": [265.28487038612366, 264.95289754867554, 248.37042689323425, 251.46550297737122, 252.4611737728119, 249.1900622844696, 249.06982564926147, 252.71241974830627, 250.89849996566772, 251.04427480697632, 249.85749578475952, 249.09479355812073, 250.92510175704956, 249.33654022216797, 251.2733690738678, 249.71873664855957, 249.6180820465088, 252.04775071144104, 252.60980319976807, 250.6113474369049, 250.71204352378845, 246.35280227661133, 248.78787970542908, 251.9857804775238, 248.0223891735077, 249.17978024482727, 250.1149070262909, 250.51244235038757, 251.51456928253174, 250.81671977043152, 244.85989236831665, 250.88513588905334, 250.71111607551575, 251.53632020950317, 250.45390224456787, 251.6050567626953, 250.19016313552856, 251.11265182495117, 252.5080018043518, 252.24261116981506, 246.84668445587158, 252.21277141571045, 250.93925166130066, 250.33337092399597, 251.06084370613098, 251.3814034461975, 251.00380682945251, 249.12592220306396, 251.28151082992554, 249.14929461479187], "train_losses": [8.580469044161154, 8.05854311225862, 7.62502353289226, 7.276299688021085, 7.008092793556021, 6.812859296837179, 6.6819853188370715, 6.604795331074175, 6.566466132806196, 6.550484357350331, 6.543835474826529, 6.5403240311172075, 6.538038819186704, 6.536415890081222, 6.535213191194664, 6.534303813000914, 6.53360328922597, 6.533043962804583, 6.532601880614275, 6.532246365849066, 6.531955986767791, 6.531717296003443, 6.53151558549836, 6.531342870878382, 6.531198311683072, 6.531078966300898, 6.530971387364854, 6.530886500860632, 6.530805396428379, 6.530736898902695, 6.530678907132484, 6.530626798585337, 6.530583514872788, 6.530537289548707, 6.530503671131193, 6.530472994325211, 6.530447780512076, 6.530418364396751, 6.530396932655586, 6.53037970321661, 6.530364574928729, 6.530345244338658, 6.530323392367275, 6.530315407993115, 6.530298598784358, 6.53029019417998, 6.53028220980582, 6.530273805201442, 6.530262038755311, 6.530254054381152], "val_losses": [8.572475503177966, 8.048971795550848, 7.613840704449153, 7.2641207627118645, 6.995572033898305, 6.800527012711864, 6.669969544491526, 6.593098516949152, 6.554809322033898, 6.538707627118644, 6.531866393008475, 6.528293829449153, 6.525955376059322, 6.524331302966102, 6.5231799523305085, 6.522356991525424, 6.521689618644068, 6.521223516949153, 6.520840836864407, 6.5205594544491525, 6.520364141949153, 6.520176112288135, 6.519978813559322, 6.519835805084746, 6.519772907838983, 6.51965969279661, 6.519618644067797, 6.519566340042373, 6.519518008474576, 6.519525953389831, 6.519502780720339, 6.519452462923729, 6.519368379237288, 6.519410090042373, 6.519349841101695, 6.51935248940678, 6.519300847457627, 6.519282971398305, 6.519289592161017, 6.51929157838983, 6.519276350635593, 6.519241922669491, 6.519233977754237, 6.519276350635593, 6.519271716101695, 6.519243246822034, 6.519238612288135, 6.519278998940678, 6.519237288135593, 6.519236626059322], "test_losses": [8.564693117604673, 8.033532596328884, 7.591579400219963, 7.235491410042476, 6.960962980696299, 6.760255683972997, 6.624655714312803, 6.543336146086165, 6.501629579414442, 6.483169703807645, 6.474936476031553, 6.470487427942961, 6.467624701342537, 6.465598689699636, 6.464029552867111, 6.462815960634102, 6.461896877844357, 6.46111349457676, 6.460532179156553, 6.460080044940837, 6.459688353307039, 6.459424065154733, 6.459136666603459, 6.458932228458738, 6.458671495752427, 6.45843742889108, 6.458305284814927, 6.458172548164442, 6.458016701114988, 6.457913000606796, 6.457859668916869, 6.457750042665352, 6.457676563448119, 6.457640416413835, 6.457611380271541, 6.457547382243629, 6.457516568378337, 6.457464421837075, 6.457364869349211, 6.457350647565231, 6.457355980734223, 6.457326944591929, 6.457303241618629, 6.457310945084951, 6.457262946564017, 6.457232725273058, 6.457239243590716, 6.457227984678398, 6.457161023778823, 6.457143246548847], "status": "OK"}