{"data": "data/ptb", "recepie_id": 2010691, "recepies_list_path": "data/new_recepies_fix.json", "cuda": true, "batch_size": 20, "model": "CustomRNN", "emsize": 400, "nhid": 600, "nlayers": 3, "dropout": 0.1, "dropouth": 0.25, "dropouti": 0.4, "dropoute": 0.0, "wdrop": 0.1, "tied": true, "bptt": 70, "lr": 0.001, "wdecay": 1.2e-06, "epochs": 50, "alpha": 2, "beta": 1, "log_interval": 200, "clip": 0.25, "eval_batch_size": 50, "recepie": "{\"node_0\": {\"op\": \"linear\", \"input\": [\"h_prev_0\", \"x\"]}, \"node_1\": {\"op\": \"activation_leaky_relu\", \"input\": [\"node_0\"]}, \"node_9\": {\"op\": \"linear\", \"input\": [\"node_1\", \"x\", \"h_prev_0\"]}, \"node_10\": {\"op\": \"activation_sigm\", \"input\": [\"node_9\"]}, \"node_11\": {\"op\": \"linear\", \"input\": [\"x\", \"node_10\"]}, \"h_new_0\": {\"op\": \"activation_tanh\", \"input\": [\"node_11\"]}}", "experiment_id": 999970709, "init_time": "2020-05-08_08-45-14", "num_params": 10054800, "wall_times": [223.00212478637695, 168.7428731918335, 167.00427532196045, 168.96392440795898, 169.7469220161438, 166.35556411743164, 166.788738489151, 166.58774733543396, 166.31588649749756, 167.44595217704773, 164.50891757011414, 164.4124755859375, 165.3733139038086, 164.34779691696167, 163.8061261177063, 166.37272191047668, 166.0527467727661, 165.58038806915283, 167.09574055671692, 165.86184358596802, 163.29032397270203, 166.27183294296265, 166.12031435966492, 162.7515070438385, 165.48887872695923, 164.948712348938, 165.0074746608734, 165.38172101974487, 162.9575057029724, 158.52323722839355, 165.0343987941742, 163.03975415229797, 163.62962651252747, 165.96521878242493, 162.91161131858826, 163.78106665611267, 165.474182844162, 163.55109000205994, 165.15282464027405, 164.79138374328613, 164.7828450202942, 163.86260509490967, 165.20663046836853, 164.013365983963, 164.36822032928467, 164.098895072937, 162.86727690696716, 163.05190062522888, 165.1042296886444, 162.31378865242004], "train_losses": [5.650223478430424, 5.474436555322468, 5.3029893496853315, 5.2265427491797105, 5.184326421386692, 5.1328839391372165, 5.134066466973267, 5.080089156043247, 5.037926197488032, 5.006886732827712, 5.002717628825776, 4.978220728443871, 4.964416165752246, 4.955869103329568, 4.934895413103114, 4.91421462333925, 4.921790533725996, 4.904967877602066, 4.894197377091065, 4.881363125974934, 4.870238791619601, 4.858398805201442, 4.859884319025335, 4.86073696613953, 4.837256182426981, 4.825987709106557, 4.816930066967887, 4.807655165806035, 4.813788005620999, 4.8096168004679685, 4.799479166666667, 4.8232129289710075, 4.784161775186918, 4.783399057339573, 4.774162817357861, 4.771274154832984, 4.7678366716421925, 4.7668865311172075, 4.76520350909042, 4.762154738852133, 4.75762885939433, 4.753344612312409, 4.749201562584046, 4.750260542735733, 4.741626072427518, 4.731945649104405, 4.744347903555484, 4.718012075735571, 4.719762334597386, 4.717249778118444], "val_losses": [5.680657441737288, 5.547408302436441, 5.412777740995763, 5.360718021716102, 5.340254237288136, 5.307681739936441, 5.319288268008474, 5.281546279131356, 5.246599907309322, 5.228220670021186, 5.228009467690678, 5.215122153072034, 5.207623808262712, 5.20970703125, 5.195876588983051, 5.179336268538136, 5.186713784427966, 5.181231130826271, 5.173617584745763, 5.168194186970339, 5.161843551377118, 5.152394398834746, 5.15591498940678, 5.166081170550847, 5.14825873940678, 5.136536679025424, 5.130971265889831, 5.127077264300848, 5.134873874470339, 5.130080773305084, 5.133814221398305, 5.153488479872881, 5.126272841631356, 5.1223079978813555, 5.117871424788135, 5.116049059851695, 5.11606064618644, 5.11665717690678, 5.118638440148305, 5.117712195444915, 5.116908434851695, 5.1194938426906775, 5.114330309851695, 5.116912076271187, 5.103961533368644, 5.09960341631356, 5.113706965042373, 5.08687202065678, 5.098483514300847, 5.090772643008474], "test_losses": [5.626804981416869, 5.505472423960861, 5.355256015814624, 5.305747022906553, 5.279813599817961, 5.251280553132585, 5.259402376934163, 5.225421201835558, 5.194714592498483, 5.169476851676274, 5.175589848490595, 5.164764108009709, 5.154555829983313, 5.156914868401092, 5.144130077176881, 5.128720181659587, 5.139272152798847, 5.129423567392294, 5.122041276357706, 5.118885225462682, 5.110355117945995, 5.104364784018507, 5.106800857099515, 5.114433214502427, 5.097193449446299, 5.086330969356796, 5.07995842498483, 5.076548159701153, 5.084358289403823, 5.080641070615898, 5.078776831765777, 5.100811115746359, 5.073241002351335, 5.07170919770176, 5.06530998748483, 5.063243088212985, 5.061940609830097, 5.062040162317961, 5.066270550477852, 5.06580063903216, 5.061337369159587, 5.060182441785497, 5.057704888501213, 5.060479914100425, 5.051988916489685, 5.047265506485133, 5.061758689510012, 5.035182915844963, 5.040763188334345, 5.036475913038531], "status": "OK"}