{"data": "data/ptb", "recepie_id": 2008992, "recepies_list_path": "data/new_recepies_fix.json", "cuda": true, "batch_size": 20, "model": "CustomRNN", "emsize": 400, "nhid": 600, "nlayers": 3, "dropout": 0.1, "dropouth": 0.25, "dropouti": 0.4, "dropoute": 0.0, "wdrop": 0.1, "tied": true, "bptt": 70, "lr": 0.001, "wdecay": 1.2e-06, "epochs": 50, "alpha": 2, "beta": 1, "log_interval": 200, "clip": 0.25, "eval_batch_size": 50, "recepie": "{\"node_0\": {\"op\": \"linear\", \"input\": [\"x\", \"h_prev_0\"]}, \"node_1\": {\"op\": \"activation_tanh\", \"input\": [\"node_0\"]}, \"node_2\": {\"op\": \"linear\", \"input\": [\"node_1\", \"x\"]}, \"node_3\": {\"op\": \"activation_sigm\", \"input\": [\"node_2\"]}, \"node_7\": {\"op\": \"linear\", \"input\": [\"node_3\", \"node_1\"]}, \"node_8\": {\"op\": \"activation_tanh\", \"input\": [\"node_7\"]}, \"h_new_0\": {\"op\": \"blend\", \"input\": [\"node_2\", \"node_3\", \"node_8\"]}}", "experiment_id": 999921949, "init_time": "2020-05-16_12-43-19", "num_params": 9214800, "wall_times": [177.3694145679474, 174.50180077552795, 174.42690110206604, 171.93504452705383, 171.517924785614, 171.56082701683044, 171.60832571983337, 171.5800678730011, 171.5111141204834, 171.34909987449646, 171.17806315422058, 171.15470004081726, 171.1971206665039, 171.03303837776184, 171.13099026679993, 171.18406009674072, 171.15203142166138, 171.22019338607788, 171.22832655906677, 171.1008758544922, 171.16040420532227, 170.89725065231323, 170.9394450187683, 171.26471185684204, 171.2439775466919, 171.4628472328186, 171.34220027923584, 171.37095284461975, 175.8666651248932, 171.76550698280334, 171.64261960983276, 171.6814284324646, 171.69590950012207, 171.5976710319519, 171.7200219631195, 171.80107641220093, 171.93602633476257, 171.79944777488708, 171.67921471595764, 171.8927779197693, 171.69853901863098, 171.95106148719788, 172.0383083820343, 171.77543568611145, 171.8663091659546, 171.85713148117065, 171.8263440132141, 171.9669167995453, 171.94152235984802, 171.95582151412964], "train_losses": [5.649548588698833, 5.399552370770803, 5.221328952853531, 5.106732592383412, 5.0448112493948685, 4.968289007449841, 4.930902805793126, 4.880096552095099, 4.842674210639557, 4.824254259453499, 4.777286388575117, 4.7396980561831, 4.724801315152493, 4.707860994567263, 4.691585478188371, 4.670331494405895, 4.654162716502609, 4.6463787921574955, 4.638034700930557, 4.623479607067936, 4.606216129444355, 4.593691167769351, 4.5734965843687805, 4.589575012774999, 4.555738075547308, 4.547766308294336, 4.5392969884621595, 4.544824696761874, 4.538649833925017, 4.512800632698617, 4.512980491232317, 4.507290994298317, 4.487550679764402, 4.500184901296326, 4.485269670136088, 4.482456228820397, 4.471314665026088, 4.477110900435695, 4.4756241259211444, 4.455910706121242, 4.474024729707923, 4.456107373863698, 4.460574000860632, 4.4458651027378835, 4.428595321661019, 4.447416172475929, 4.434356677962455, 4.448618871362487, 4.43122134029907, 4.42134803130547], "val_losses": [5.680017213983051, 5.475612751588983, 5.333604343220339, 5.249879502118644, 5.209070113877119, 5.152374205508474, 5.134794425317796, 5.090387976694915, 5.075509467690678, 5.066028866525424, 5.024131355932203, 5.007580442266949, 4.9907696636652545, 4.983380561440678, 4.9863453389830505, 4.973157110699153, 4.960236692266949, 4.961646914724576, 4.95619140625, 4.947357322563559, 4.939137314618644, 4.932870762711865, 4.920982521186441, 4.937893935381356, 4.911966366525424, 4.90911281779661, 4.9004545153601695, 4.9072904528601695, 4.907272576800848, 4.88736030190678, 4.89612453654661, 4.88388142213983, 4.875176443326271, 4.879920219809322, 4.879905323093221, 4.8781640625, 4.876004700741525, 4.875981197033898, 4.868751324152543, 4.858632150423729, 4.87488877118644, 4.8652714512711865, 4.874771252648305, 4.856638307733051, 4.855478350105932, 4.862784361758474, 4.850557799258475, 4.866769398834745, 4.854066141419492, 4.852137513241526], "test_losses": [5.631482763197815, 5.436712468712075, 5.284638340033374, 5.199774584723908, 5.159107393431432, 5.101830936172633, 5.088455348338895, 5.045185570577973, 5.025785872079794, 5.022129095873787, 4.982401134898361, 4.963761412981644, 4.94817641174909, 4.941673501023969, 4.936085525068265, 4.9299070487902, 4.918734652324788, 4.915154910782008, 4.911417840753944, 4.907049086487409, 4.893359434257433, 4.891683041470722, 4.874762377692658, 4.891775779353762, 4.865064898740898, 4.858266885998179, 4.855519711392597, 4.864309959041262, 4.860886360835103, 4.839359320483162, 4.845564758893356, 4.841536142293689, 4.827114660763046, 4.837442638804611, 4.831918957163986, 4.83467087236423, 4.830509519114078, 4.832523679270328, 4.822732869861196, 4.812368152211014, 4.831778517047178, 4.82222444108389, 4.827154363243325, 4.817113487465868, 4.805835020194933, 4.815856341019417, 4.803069179497876, 4.823317148153064, 4.805227631504096, 4.805318887951304], "status": "OK"}