{"data": "data/ptb", "recepie_id": 2004889, "recepies_list_path": "data/new_recepies_fix.json", "cuda": true, "batch_size": 20, "model": "CustomRNN", "emsize": 400, "nhid": 600, "nlayers": 3, "dropout": 0.1, "dropouth": 0.25, "dropouti": 0.4, "dropoute": 0.0, "wdrop": 0.1, "tied": true, "bptt": 70, "lr": 0.001, "wdecay": 1.2e-06, "epochs": 50, "alpha": 2, "beta": 1, "log_interval": 200, "clip": 0.25, "eval_batch_size": 50, "recepie": "{\"node_0\": {\"op\": \"linear\", \"input\": [\"x\", \"h_prev_1\"]}, \"node_1\": {\"op\": \"activation_sigm\", \"input\": [\"node_0\"]}, \"node_3\": {\"op\": \"linear\", \"input\": [\"x\", \"h_prev_0\"]}, \"node_5\": {\"op\": \"linear\", \"input\": [\"x\", \"h_prev_0\", \"node_1\"]}, \"h_new_0\": {\"op\": \"activation_sigm\", \"input\": [\"node_3\"]}, \"h_new_1\": {\"op\": \"activation_sigm\", \"input\": [\"node_5\"]}}", "experiment_id": 999939999, "init_time": "2020-05-18_19-44-07", "num_params": 10054800, "wall_times": [104.99403119087219, 104.19024991989136, 104.47990989685059, 104.31035280227661, 103.6839246749878, 103.74862384796143, 103.76380729675293, 103.86534714698792, 103.70550298690796, 103.76484203338623, 103.7939178943634, 103.70431065559387, 103.6158013343811, 103.72392892837524, 103.76701021194458, 103.355224609375, 103.50108313560486, 103.43487119674683, 103.44329524040222, 103.61997628211975, 103.40103149414062, 103.72005009651184, 103.69509220123291, 103.42208766937256, 103.66624283790588, 103.44430541992188, 103.67850637435913, 103.79679894447327, 103.78010582923889, 103.6723005771637, 103.80733633041382, 103.66371822357178, 103.7810742855072, 103.80170488357544, 103.74499320983887, 103.84188604354858, 103.73760890960693, 103.68214416503906, 103.83825016021729, 103.68811655044556, 103.73196744918823, 103.81124448776245, 103.73408603668213, 103.79861450195312, 103.83418107032776, 103.78693556785583, 103.62831020355225, 103.87760305404663, 103.68967342376709, 103.79667949676514], "train_losses": [5.97422896159432, 5.698624334355333, 5.560877070894519, 5.432253425716745, 5.345821314749072, 5.284440387822064, 5.22022921037061, 5.176388272551234, 5.1388499475552685, 5.105107982357055, 5.076050743639396, 5.0477091569845625, 5.02142417702114, 4.998779651444247, 4.977921104297779, 4.953310741756764, 4.93392131945565, 4.919876385078801, 4.904134140847722, 4.89420746261632, 4.879762469071056, 4.869131484992739, 4.856431707546663, 4.846039414232693, 4.833205163116562, 4.82562757180894, 4.819001801947179, 4.803175091442095, 4.7941993941961165, 4.783502013743209, 4.774263252380184, 4.770113478968318, 4.764881612742725, 4.755784048733258, 4.747215554569415, 4.742390891425959, 4.739839673766877, 4.735176379027487, 4.729412501344736, 4.7252097789252865, 4.7195942425098165, 4.712150284411813, 4.710887492603948, 4.703588093701253, 4.699766520090367, 4.695178446560163, 4.689227146199774, 4.683450661610457, 4.676689577618203, 4.672897840352859], "val_losses": [5.987036546610169, 5.735605799788136, 5.617262976694915, 5.512303694385594, 5.442983646716102, 5.3988373940677965, 5.3535503840042376, 5.328156117584745, 5.304901681673729, 5.2851956435381355, 5.26799953654661, 5.252704581567796, 5.235056607521186, 5.222401350635593, 5.214388903601695, 5.199998344809322, 5.186588320974576, 5.182643339512712, 5.17423000529661, 5.169961599576271, 5.165651483050848, 5.1608507680084745, 5.155131753177966, 5.149660354872881, 5.14737983315678, 5.145814684851695, 5.140328720868644, 5.136898503707627, 5.134239936440678, 5.1296328787076275, 5.125391949152543, 5.125676310911017, 5.124460407838983, 5.120093352754237, 5.119630892478813, 5.118151814088983, 5.119120100635593, 5.121085805084745, 5.118031647245763, 5.118713254766949, 5.118938691737288, 5.115436639300848, 5.117085871292373, 5.116258606991526, 5.113803959216102, 5.113091565148305, 5.111016618114407, 5.109142942266949, 5.106601231461864, 5.104876853813559], "test_losses": [5.935050297709345, 5.682482673126517, 5.566085074711772, 5.458348542741201, 5.391904960558253, 5.344771005574939, 5.297680308517901, 5.268672609792172, 5.245731687082828, 5.223179493135619, 5.205207898778823, 5.189158022982403, 5.171866111385012, 5.158208458168993, 5.147901220229065, 5.13408949768659, 5.122414005612864, 5.116414783070389, 5.108524063258495, 5.103353259632889, 5.098329414441747, 5.092327229027609, 5.087059835785801, 5.083008997648665, 5.079844058138653, 5.078563505006068, 5.074100827707828, 5.069358455324636, 5.065968930142597, 5.061977942013046, 5.056724770555219, 5.058235835103155, 5.057540745411105, 5.053326356758192, 5.052873629968143, 5.050787175743325, 5.051017687158677, 5.051699740215413, 5.048978046306129, 5.04870131409284, 5.049670765700849, 5.046281833093143, 5.046242130612864, 5.04461195862409, 5.04418234223301, 5.044110640738774, 5.042475135581007, 5.040231649158071, 5.039319084685983, 5.036624056621663], "status": "OK"}