{"data": "data/ptb", "recepie_id": 2002758, "recepies_list_path": "data/new_recepies_fix.json", "cuda": true, "batch_size": 20, "model": "CustomRNN", "emsize": 400, "nhid": 600, "nlayers": 3, "dropout": 0.1, "dropouth": 0.25, "dropouti": 0.4, "dropoute": 0.0, "wdrop": 0.1, "tied": true, "bptt": 70, "lr": 0.001, "wdecay": 1.2e-06, "epochs": 50, "alpha": 2, "beta": 1, "log_interval": 200, "clip": 0.25, "eval_batch_size": 50, "recepie": "{\"node_0\": {\"op\": \"linear\", \"input\": [\"h_prev_1\", \"h_prev_0\"]}, \"node_1\": {\"op\": \"activation_tanh\", \"input\": [\"node_0\"]}, \"node_2\": {\"op\": \"linear\", \"input\": [\"h_prev_0\", \"node_1\"]}, \"node_3\": {\"op\": \"activation_tanh\", \"input\": [\"node_2\"]}, \"node_4\": {\"op\": \"linear\", \"input\": [\"x\", \"h_prev_0\"]}, \"node_5\": {\"op\": \"activation_tanh\", \"input\": [\"node_4\"]}, \"node_9\": {\"op\": \"linear\", \"input\": [\"node_3\", \"node_1\", \"x\"]}, \"node_12\": {\"op\": \"linear\", \"input\": [\"node_3\", \"h_prev_1\"]}, \"node_17\": {\"op\": \"elementwise_prod\", \"input\": [\"h_new_0\", \"node_9\"]}, \"h_new_0\": {\"op\": \"activation_leaky_relu\", \"input\": [\"node_9\"]}, \"h_new_1\": {\"op\": \"blend\", \"input\": [\"node_17\", \"node_12\", \"node_5\"]}}", "experiment_id": 999997410, "init_time": "2020-05-18_22-51-39", "num_params": 13618000, "wall_times": [289.8259422779083, 285.9796721935272, 281.6500823497772, 281.8887085914612, 282.05975365638733, 281.7517921924591, 281.5947277545929, 281.1669931411743, 281.9355778694153, 285.43746304512024, 280.75375843048096, 280.3561885356903, 280.789803981781, 280.4733898639679, 280.2658975124359, 280.4568781852722, 280.8092839717865, 280.68690371513367, 280.8272376060486, 280.5488793849945, 280.78282165527344, 280.8437821865082, 280.6193332672119, 280.6004183292389, 280.63319063186646, 280.7977395057678, 280.72591733932495, 280.85335755348206, 280.59423303604126, 280.6910252571106, 280.52141880989075, 280.7275424003601, 281.0537257194519, 280.68130254745483, 280.94204688072205, 280.8237204551697, 280.43171525001526, 280.5667040348053, 280.7527756690979, 280.86918354034424, 280.63844871520996, 280.67704248428345, 280.6093747615814, 280.491317987442, 280.92590737342834, 280.35932660102844, 280.8475260734558, 280.38407135009766, 280.4257791042328, 280.4701759815216], "train_losses": [5.539525173471034, 5.207843344898069, 5.034450893577538, 4.91591991756764, 4.827462296944758, 4.762406456753268, 4.691152220832661, 4.6454559665967405, 4.592535954897531, 4.55832459254478, 4.513043945995374, 4.482979415442956, 4.454589922543166, 4.43020648432037, 4.404030343983648, 4.378460175622613, 4.356324969071056, 4.3343427263191865, 4.321083202221505, 4.301420630278091, 4.284740432198376, 4.273915721989135, 4.258255002420526, 4.245225344252595, 4.231789743693185, 4.219590880668065, 4.205508966031951, 4.202650139852617, 4.187550007396052, 4.176913560324889, 4.165616931579796, 4.160107293179496, 4.150550417540746, 4.1439448187294925, 4.138033440239901, 4.128796780027971, 4.120819129551934, 4.1140845200634715, 4.106976746140606, 4.100092954924426, 4.095837283497391, 4.089002659216825, 4.0828962939056535, 4.078067848690226, 4.074016829379808, 4.064414148647195, 4.065104166666667, 4.05859774218708, 4.056074259722446, 4.050130523505998], "val_losses": [5.570762711864407, 5.29200046345339, 5.1617316604872885, 5.077534759004237, 5.023290519067797, 4.985391287076271, 4.942535090042373, 4.9158957891949155, 4.886368842690678, 4.867519200211865, 4.849213784427966, 4.832944915254237, 4.822441737288136, 4.811242386122881, 4.80014267743644, 4.789691803495763, 4.778803959216102, 4.772726430084746, 4.768195180084746, 4.761951138771186, 4.756766750529661, 4.752953191207627, 4.747805548199152, 4.7421212923728815, 4.738633143538135, 4.735400225105932, 4.730430349576271, 4.7314823887711865, 4.725801774364407, 4.725942465572034, 4.724084679555085, 4.719230336334745, 4.721387049788135, 4.716198689088983, 4.717393405720339, 4.715173795021187, 4.716096067266949, 4.71489704713983, 4.713850635593221, 4.711161943855932, 4.709345868644068, 4.7067660884533895, 4.705605137711864, 4.704144928495762, 4.703857256355932, 4.7041608183262715, 4.704526946504237, 4.702911811440678, 4.704496490995763, 4.701185447563559], "test_losses": [5.534422050402003, 5.253284046950849, 5.121870614949939, 5.035958003071905, 4.978201560603762, 4.938270346632281, 4.893851863527761, 4.867591339407615, 4.838228688656705, 4.823132561248483, 4.798139849912773, 4.785747046609527, 4.776070900333738, 4.763146854141383, 4.751063967214047, 4.740645917873938, 4.733005560717537, 4.722154043253186, 4.720604461373635, 4.712423083851639, 4.709242441121814, 4.705470409208131, 4.699804213440534, 4.696978226448726, 4.693274636870449, 4.690221101334951, 4.684591052601639, 4.686842835065231, 4.680217261453277, 4.679065593238016, 4.677813483673392, 4.67405241438486, 4.674269000303398, 4.67157219451608, 4.671338423941899, 4.669222044713289, 4.66682893327139, 4.666470722087379, 4.666116362636529, 4.662403588156098, 4.660613717384709, 4.660057586373635, 4.656664209458435, 4.656137410876821, 4.657273672159436, 4.656143929194478, 4.655857715791869, 4.655076110247269, 4.657338559048847, 4.653897776187045], "status": "OK"}