{"data": "data/ptb", "recepie_id": 2004672, "recepies_list_path": "data/new_recepies_fix.json", "cuda": true, "batch_size": 20, "model": "CustomRNN", "emsize": 400, "nhid": 600, "nlayers": 3, "dropout": 0.1, "dropouth": 0.25, "dropouti": 0.4, "dropoute": 0.0, "wdrop": 0.1, "tied": true, "bptt": 70, "lr": 0.001, "wdecay": 1.2e-06, "epochs": 50, "alpha": 2, "beta": 1, "log_interval": 200, "clip": 0.25, "eval_batch_size": 50, "recepie": "{\"node_0\": {\"op\": \"linear\", \"input\": [\"h_prev_0\", \"x\"]}, \"node_1\": {\"op\": \"activation_leaky_relu\", \"input\": [\"node_0\"]}, \"node_3\": {\"op\": \"linear\", \"input\": [\"node_1\", \"h_prev_1\"]}, \"node_4\": {\"op\": \"activation_sigm\", \"input\": [\"node_3\"]}, \"node_7\": {\"op\": \"linear\", \"input\": [\"x\", \"node_4\", \"node_1\"]}, \"node_8\": {\"op\": \"activation_tanh\", \"input\": [\"node_7\"]}, \"node_9\": {\"op\": \"linear\", \"input\": [\"node_8\", \"node_1\", \"h_prev_1\"]}, \"node_11\": {\"op\": \"linear\", \"input\": [\"node_1\", \"x\"]}, \"node_13\": {\"op\": \"elementwise_prod\", \"input\": [\"node_0\", \"h_prev_1\"]}, \"h_new_0\": {\"op\": \"elementwise_sum\", \"input\": [\"node_13\", \"node_9\"]}, \"h_new_1\": {\"op\": \"activation_tanh\", \"input\": [\"node_11\"]}}", "experiment_id": 999979799, "init_time": "2020-05-17_15-03-37", "num_params": 14458000, "wall_times": [285.15162444114685, 289.17436695098877, 286.2700333595276, 282.30255103111267, 278.4856598377228, 282.12230920791626, 278.486266374588, 280.49327874183655, 277.4232966899872, 278.33944296836853, 278.400755405426, 279.2455680370331, 278.6892113685608, 279.6151113510132, 279.5672936439514, 278.8778851032257, 278.8913822174072, 278.11761474609375, 278.6327426433563, 277.89941692352295, 278.7517237663269, 278.6796364784241, 277.9278063774109, 278.29863810539246, 277.8359251022339, 277.755331993103, 278.1213276386261, 278.226637840271, 278.04491662979126, 277.9650640487671, 278.13401794433594, 278.51496052742004, 278.2310793399811, 279.31177592277527, 278.82169342041016, 278.1450905799866, 280.81867814064026, 278.0444800853729, 278.1775825023651, 278.50786685943604, 278.4499750137329, 278.79202127456665, 278.3481800556183, 278.13018774986267, 278.603937625885, 278.1966631412506, 278.0273118019104, 278.0907621383667, 278.50552582740784, 279.22807908058167], "train_losses": [5.613109165725351, 5.319827974557581, 5.153814345651122, 5.0428664239416925, 4.942166656581142, 4.878486650126405, 4.807448832768544, 4.771890212333925, 4.717637230380292, 4.685714862030014, 4.655583094642569, 4.6108663970469586, 4.578865025415523, 4.564730582002044, 4.539231852778226, 4.509101766311656, 4.503158870555645, 4.484620414447851, 4.473480531574418, 4.464255637808617, 4.461166525469313, 4.433738939540638, 4.417478131219407, 4.406581141412511, 4.3993779752299496, 4.390519942445269, 4.3853452275294496, 4.3616413015706526, 4.351927680060244, 4.347116044053574, 4.351441053466731, 4.33729946613953, 4.332129793986337, 4.322051832876123, 4.312692465440267, 4.300085558872572, 4.296572854472594, 4.296118585605939, 4.282468667634877, 4.281534075627992, 4.271472083266096, 4.271727163008983, 4.263617560244204, 4.261053735678554, 4.246931478941423, 4.246599076838255, 4.242363996691948, 4.238795401672853, 4.233657667016298, 4.233052955731268], "val_losses": [5.649016154661017, 5.401969014830509, 5.275895127118644, 5.19098483845339, 5.119800384004237, 5.078671875, 5.03047404661017, 5.009312764830509, 4.970665386652542, 4.957839976165254, 4.943395127118644, 4.913284891419491, 4.8934563691737285, 4.895228416313559, 4.8789234639830505, 4.8623463983050845, 4.867399033368644, 4.853561970338983, 4.848464645127119, 4.847143471927966, 4.852371888241525, 4.832005429025424, 4.823073027012712, 4.822524827860169, 4.82026218220339, 4.809143935381356, 4.815695511122882, 4.80578422934322, 4.797646649894068, 4.797166313559322, 4.799487221927966, 4.794315744173729, 4.792135195974576, 4.7886381091101695, 4.785456501588983, 4.78043266684322, 4.779754700741526, 4.77666313559322, 4.774699086334746, 4.776521120233051, 4.76884765625, 4.770182402012712, 4.764206170550848, 4.768168034957627, 4.759609706038136, 4.7690082097457624, 4.762819782838983, 4.759736493644068, 4.759256488347457, 4.759687831038136], "test_losses": [5.61005112731341, 5.358819757850425, 5.232102477434769, 5.150262628944175, 5.077482649423544, 5.033548003261529, 4.987018474097391, 4.96699746141156, 4.931508480923847, 4.917134701626972, 4.901155638463289, 4.871380259689776, 4.855080613812197, 4.853213412090413, 4.838260687670662, 4.823979942543993, 4.82497813400713, 4.812987984962834, 4.808262500948119, 4.806958837416565, 4.81313257309997, 4.793936127597846, 4.784067690951153, 4.783662370107706, 4.780514615253337, 4.773724305976942, 4.776323929573726, 4.767947298809163, 4.76212377455628, 4.759302231871966, 4.763659430939017, 4.757666726714199, 4.75553434797861, 4.749143730089503, 4.749257800648514, 4.740253633665807, 4.739784314794448, 4.739159148873635, 4.73744186845798, 4.737861411085406, 4.733094150580249, 4.73527541669827, 4.725693193454187, 4.729791141250758, 4.723652367452973, 4.730490082675971, 4.72763417068037, 4.725877187784436, 4.72593466749469, 4.723233121112712], "status": "OK"}