{"data": "data/ptb", "recepie_id": 2005239, "recepies_list_path": "data/new_recepies_fix.json", "cuda": true, "batch_size": 20, "model": "CustomRNN", "emsize": 400, "nhid": 600, "nlayers": 3, "dropout": 0.1, "dropouth": 0.25, "dropouti": 0.4, "dropoute": 0.0, "wdrop": 0.1, "tied": true, "bptt": 70, "lr": 0.001, "wdecay": 1.2e-06, "epochs": 50, "alpha": 2, "beta": 1, "log_interval": 200, "clip": 0.25, "eval_batch_size": 50, "recepie": "{\"node_0\": {\"op\": \"linear\", \"input\": [\"x\", \"h_prev_0\"]}, \"node_1\": {\"op\": \"activation_leaky_relu\", \"input\": [\"node_0\"]}, \"node_2\": {\"op\": \"linear\", \"input\": [\"h_prev_0\", \"h_prev_1\"]}, \"node_3\": {\"op\": \"activation_sigm\", \"input\": [\"node_2\"]}, \"node_6\": {\"op\": \"linear\", \"input\": [\"node_3\", \"node_1\"]}, \"node_8\": {\"op\": \"linear\", \"input\": [\"node_1\", \"node_3\"]}, \"h_new_0\": {\"op\": \"activation_tanh\", \"input\": [\"node_6\"]}, \"h_new_1\": {\"op\": \"blend\", \"input\": [\"h_new_0\", \"node_2\", \"node_8\"]}}", "experiment_id": 999918387, "init_time": "2020-05-11_04-10-37", "num_params": 11016400, "wall_times": [220.83996152877808, 221.0140233039856, 218.63103318214417, 219.8812346458435, 216.37192296981812, 216.75629210472107, 216.43141651153564, 216.829936504364, 215.8893072605133, 217.64914178848267, 218.1641228199005, 218.79834151268005, 214.86933183670044, 219.20769381523132, 216.70853233337402, 217.26727628707886, 216.4233856201172, 219.22069144248962, 216.57619333267212, 220.1570770740509, 218.57671546936035, 216.06971502304077, 216.96834015846252, 215.54927921295166, 217.41787219047546, 218.92238545417786, 217.15083837509155, 218.0906114578247, 217.78024649620056, 215.15214848518372, 217.01954889297485, 217.62170577049255, 216.3387098312378, 217.24518656730652, 216.11699604988098, 217.30706548690796, 216.7382595539093, 216.49260663986206, 216.74863076210022, 215.5611526966095, 216.35890126228333, 219.03311967849731, 215.5672960281372, 217.50233674049377, 216.48270058631897, 216.69747018814087, 217.200754404068, 217.58515691757202, 217.04572653770447, 217.71729683876038], "train_losses": [5.754401071082782, 5.49051330280781, 5.314100236673659, 5.197764123097198, 5.104757090124254, 5.035316567828519, 4.977924045909311, 4.924508582781991, 4.885532229976871, 4.843661751654026, 4.810119816040019, 4.786009947689743, 4.76032169463719, 4.732260401538379, 4.714029974181055, 4.689046026975419, 4.673428591119359, 4.653189883545802, 4.632514977005003, 4.617292557554731, 4.603838466865688, 4.598300673040718, 4.58014252528105, 4.567285161502878, 4.557404708595557, 4.546833397208327, 4.536021714135872, 4.524219548437416, 4.516158692378032, 4.506594252595342, 4.498495155586037, 4.486300915093325, 4.47635574673229, 4.476553675165403, 4.4676515182077345, 4.454210454655478, 4.448114174869561, 4.440531961029531, 4.436723834785649, 4.433576730676133, 4.424125332822333, 4.419168297159916, 4.409950127077618, 4.410453142649669, 4.402409095799043, 4.394141486471948, 4.388081346484858, 4.38747957681136, 4.380961806115862, 4.3783542776074444], "val_losses": [5.777042505296611, 5.5476529396186445, 5.399093617584746, 5.307305680614407, 5.237512910487288, 5.191744570974576, 5.153218021716102, 5.118697033898305, 5.091252979343221, 5.065524695444915, 5.049162804555085, 5.031421146716101, 5.02021782309322, 5.003859573622881, 4.993368975105932, 4.982024960275424, 4.977333818855932, 4.969672934322034, 4.9592396054025425, 4.94830078125, 4.949889102224576, 4.940999735169491, 4.940561440677966, 4.9319921875, 4.933486824682204, 4.930850436970339, 4.920080442266949, 4.915707759533898, 4.916320842161017, 4.9138364009533895, 4.914262115995763, 4.910626986228814, 4.905907706567796, 4.906597590042373, 4.9027191472457625, 4.896298993644068, 4.898466300317796, 4.8988718220338985, 4.889875529661017, 4.889780190677966, 4.891134798728814, 4.887907838983051, 4.887532110699152, 4.885726628707627, 4.883164724576271, 4.881559851694916, 4.885571040783899, 4.88052734375, 4.876413863877119, 4.869852688029661], "test_losses": [5.729034720115291, 5.496600993628641, 5.344903149651092, 5.250853307038835, 5.179847495069781, 5.135074356227245, 5.090956012022148, 5.05737778746966, 5.031430142597087, 5.005877744804308, 4.986958624089806, 4.970233213554308, 4.960474699446299, 4.941647427753337, 4.935222144265777, 4.921522121984982, 4.912647728781098, 4.909197464729976, 4.894735688144721, 4.88674808242946, 4.887413543404885, 4.881991784549454, 4.876764982649424, 4.87053969299909, 4.870870349476639, 4.864636467498483, 4.859324334894569, 4.853426442562955, 4.855900144114078, 4.851006665276092, 4.849999881485133, 4.844265539669296, 4.839625682645631, 4.839099772925516, 4.837050058309314, 4.830048496283374, 4.831505932854217, 4.829708951190837, 4.82566137221253, 4.825300494444023, 4.825998843294903, 4.821758381371359, 4.82108847608844, 4.81628654998483, 4.814777855734223, 4.814510604710255, 4.816305512363471, 4.814142023475425, 4.809480241201456, 4.801798107554611], "status": "OK"}