{"data": "data/ptb", "recepie_id": 2003904, "recepies_list_path": "data/new_recepies_fix.json", "cuda": true, "batch_size": 20, "model": "CustomRNN", "emsize": 400, "nhid": 600, "nlayers": 3, "dropout": 0.1, "dropouth": 0.25, "dropouti": 0.4, "dropoute": 0.0, "wdrop": 0.1, "tied": true, "bptt": 70, "lr": 0.001, "wdecay": 1.2e-06, "epochs": 50, "alpha": 2, "beta": 1, "log_interval": 200, "clip": 0.25, "eval_batch_size": 50, "recepie": "{\"node_0\": {\"op\": \"linear\", \"input\": [\"h_prev_0\", \"x\"]}, \"node_1\": {\"op\": \"activation_tanh\", \"input\": [\"node_0\"]}, \"node_3\": {\"op\": \"linear\", \"input\": [\"h_prev_0\", \"x\", \"node_1\"]}, \"node_4\": {\"op\": \"activation_leaky_relu\", \"input\": [\"node_3\"]}, \"node_6\": {\"op\": \"linear\", \"input\": [\"node_4\", \"node_1\"]}, \"node_7\": {\"op\": \"activation_tanh\", \"input\": [\"node_6\"]}, \"node_9\": {\"op\": \"elementwise_prod\", \"input\": [\"node_6\", \"node_7\"]}, \"h_new_0\": {\"op\": \"blend\", \"input\": [\"node_9\", \"node_7\", \"node_6\"]}}", "experiment_id": 999931560, "init_time": "2020-05-08_21-40-57", "num_params": 10094800, "wall_times": [263.0636920928955, 201.23252606391907, 202.44953227043152, 203.54351234436035, 203.8841426372528, 202.58419680595398, 201.90005612373352, 197.65821433067322, 196.68951082229614, 199.60950016975403, 196.23647260665894, 199.45117044448853, 196.88316464424133, 198.9697709083557, 199.04666185379028, 198.38541460037231, 199.70199251174927, 199.82451915740967, 198.42855644226074, 199.66851902008057, 200.45778727531433, 199.83183526992798, 199.65322422981262, 198.65101289749146, 198.91024088859558, 200.64908647537231, 202.2256760597229, 199.51099848747253, 201.2756643295288, 200.24877834320068, 195.11607789993286, 193.46491169929504, 194.0764865875244, 194.67255854606628, 195.01981234550476, 193.90206623077393, 194.76386308670044, 193.60276675224304, 194.42993569374084, 193.69291520118713, 191.5445864200592, 190.72251105308533, 193.00178360939026, 195.24136304855347, 193.9570746421814, 193.13012981414795, 194.20630598068237, 195.84596157073975, 195.03626155853271, 194.76767897605896], "train_losses": [5.494169305712441, 5.213745898553063, 5.069545579850465, 4.950612443521059, 4.875812305013178, 4.8203788963745895, 4.7578423363455435, 4.7199447145123985, 4.677908665483298, 4.648222342127911, 4.604878116427304, 4.592978877548276, 4.555873389677801, 4.55347765719972, 4.51273717793556, 4.51326792870206, 4.489822024097681, 4.462900815582809, 4.449645073557098, 4.441216936286375, 4.440392444596848, 4.414248661986983, 4.404297190172664, 4.4050552854876015, 4.382242247592921, 4.377955058899468, 4.371283063713625, 4.36034279019418, 4.3522630237749445, 4.349302922112851, 4.332494974046582, 4.329636988327685, 4.326622256737131, 4.3303782744338655, 4.31048625679092, 4.297819677532139, 4.313501408611693, 4.300693211769135, 4.290856042574364, 4.290601803291915, 4.285295556317573, 4.282142148754774, 4.26870780888602, 4.271389718143188, 4.263901215641977, 4.261704252057447, 4.254387203485558, 4.248857814264967, 4.251596454601689, 4.239024847372384], "val_losses": [5.536182799258475, 5.307956832627118, 5.197243776483051, 5.113612950211865, 5.062402674788135, 5.0304574947033895, 4.991469809322034, 4.967471199682203, 4.943627515889831, 4.9308060778601694, 4.906463519597458, 4.906822364936441, 4.882174920550847, 4.887435116525424, 4.86638671875, 4.871895193326271, 4.860088056144067, 4.843230270127119, 4.841584679555084, 4.838373278601695, 4.84813857256356, 4.832228879766949, 4.8277198093220335, 4.832089512711865, 4.81836765095339, 4.8119647113347455, 4.814562698622882, 4.811139433262712, 4.805502184851695, 4.805758739406779, 4.800426046080508, 4.796451602224576, 4.803527211334746, 4.806730667372881, 4.799221398305085, 4.792812831038136, 4.8011397643008475, 4.798681144067797, 4.7877274231991525, 4.795135394597458, 4.791200344279661, 4.792978681144068, 4.783469279661017, 4.78846001059322, 4.783456700211865, 4.784993048199152, 4.7809924523305085, 4.780034427966101, 4.783589115466102, 4.774505760063559], "test_losses": [5.492260386642901, 5.259774513614988, 5.152081832145024, 5.064953850310983, 5.015247530150182, 4.978362148247876, 4.945133542551578, 4.923143997933101, 4.898817636434314, 4.88458488982858, 4.856683527381675, 4.85821533203125, 4.833333432095722, 4.839457391535194, 4.819467489001821, 4.822831533487561, 4.810698870316292, 4.797629347125303, 4.792358694724666, 4.790197872421117, 4.799168855241201, 4.781944497117719, 4.780135663967688, 4.784086060755461, 4.775223519038228, 4.771662443586924, 4.76839380356872, 4.765990322076001, 4.75840774091702, 4.761199951171875, 4.752551921363016, 4.753235159568416, 4.756905268696905, 4.763174112560679, 4.753115755840413, 4.747873250720571, 4.756290472826912, 4.751951347277003, 4.744042257660801, 4.747191790238167, 4.745990345778974, 4.745790648228914, 4.736703520839654, 4.741732699199788, 4.735691700166869, 4.73916507461696, 4.735795104387894, 4.736061466550364, 4.73676248198574, 4.725830670699333], "status": "OK"}