{"data": "data/ptb", "recepie_id": 2007286, "recepies_list_path": "data/new_recepies_fix.json", "cuda": true, "batch_size": 20, "model": "CustomRNN", "emsize": 400, "nhid": 600, "nlayers": 3, "dropout": 0.1, "dropouth": 0.25, "dropouti": 0.4, "dropoute": 0.0, "wdrop": 0.1, "tied": true, "bptt": 70, "lr": 0.001, "wdecay": 1.2e-06, "epochs": 50, "alpha": 2, "beta": 1, "log_interval": 200, "clip": 0.25, "eval_batch_size": 50, "recepie": "{\"node_0\": {\"op\": \"linear\", \"input\": [\"h_prev_1\", \"h_prev_0\"]}, \"node_1\": {\"op\": \"activation_sigm\", \"input\": [\"node_0\"]}, \"node_2\": {\"op\": \"linear\", \"input\": [\"h_prev_0\", \"node_1\"]}, \"node_4\": {\"op\": \"linear\", \"input\": [\"x\", \"node_1\", \"h_prev_0\"]}, \"h_new_0\": {\"op\": \"activation_tanh\", \"input\": [\"node_2\"]}, \"h_new_1\": {\"op\": \"activation_tanh\", \"input\": [\"node_4\"]}}", "experiment_id": 999939608, "init_time": "2020-05-14_15-05-29", "num_params": 10134800, "wall_times": [176.17936873435974, 173.11133098602295, 171.39153122901917, 174.41896653175354, 168.75501561164856, 165.97422671318054, 167.32749700546265, 169.08146381378174, 174.2593047618866, 170.9149260520935, 173.05759811401367, 173.91000294685364, 173.1879768371582, 168.36831641197205, 166.6876609325409, 167.72551131248474, 166.4763960838318, 173.48078656196594, 172.04075479507446, 173.96134209632874, 173.00576519966125, 173.93050241470337, 172.00250387191772, 166.94856715202332, 166.93607139587402, 167.1333737373352, 172.03664207458496, 171.5482201576233, 172.0304172039032, 173.34395909309387, 172.30355715751648, 173.54042434692383, 166.9130253791809, 166.6687035560608, 166.2505226135254, 167.8079125881195, 166.75996351242065, 165.99277114868164, 166.53514790534973, 165.61170601844788, 166.10647296905518, 165.34974336624146, 166.8945939540863, 165.90016317367554, 165.394672870636, 166.23104572296143, 166.00963854789734, 165.81378984451294, 167.307870388031, 166.28280878067017], "train_losses": [6.546503936716691, 6.54469358493357, 6.541414528535313, 6.539252023828734, 6.542806751250605, 6.544063239605185, 6.542826081840675, 6.552126196815664, 6.553543633344091, 6.558432171480824, 6.553685671158087, 6.561285534667312, 6.5658420909310955, 6.567115808724652, 6.561484723791081, 6.563504350223226, 6.572644777715023, 6.5656323960518534, 6.566311908315852, 6.573883616400408, 6.573205785057286, 6.558729274245603, 6.484540150476037, 6.473154432924534, 6.462193568124361, 6.459223801167232, 6.460962713813135, 6.457400842477543, 6.446118501559894, 6.444274951589478, 6.436980595449411, 6.433810378677855, 6.428982773922866, 6.429018913721693, 6.41609557379915, 6.419812510085525, 6.411979839035017, 6.409541243074606, 6.401242956941531, 6.398463974503792, 6.3952584583938465, 6.399741474369319, 6.38718709657899, 6.3889390363616805, 6.386089875477381, 6.380398697622505, 6.378811488085633, 6.369670220133398, 6.365351934403744, 6.360404143806143], "val_losses": [6.541742584745763, 6.539211467161017, 6.5357428495762715, 6.533514300847457, 6.537811175847458, 6.538797669491525, 6.5368617584745765, 6.5464214777542376, 6.549237288135593, 6.553516287076271, 6.547997881355932, 6.556617452330508, 6.558710275423729, 6.560776615466102, 6.554772245762712, 6.55575344279661, 6.565956038135593, 6.557764830508474, 6.560067531779661, 6.569469676906779, 6.567094809322034, 6.553261387711864, 6.491829978813559, 6.486357918432203, 6.482043167372882, 6.481596927966102, 6.484390227754237, 6.485227092161017, 6.473134269067796, 6.472789327330508, 6.471229475635593, 6.467500662076271, 6.463386520127119, 6.466628045550848, 6.458473914194915, 6.458473914194915, 6.454451800847457, 6.450217161016949, 6.445266816737288, 6.442022643008475, 6.441881620762712, 6.449768273305085, 6.43643405720339, 6.44111626059322, 6.439363082627119, 6.43734375, 6.439475635593221, 6.43478813559322, 6.429952330508475, 6.431824020127118], "test_losses": [6.473021275788835, 6.473152827290655, 6.468728667324029, 6.466569919030643, 6.472272854406857, 6.471420732516687, 6.469210430256371, 6.476209325697815, 6.479044793878944, 6.481950185831311, 6.477911791755158, 6.485121643658981, 6.488160957410497, 6.489334254588895, 6.483783610816141, 6.485101496131675, 6.496359223300971, 6.485762809086772, 6.488987598604369, 6.497530150182039, 6.496636548088592, 6.483451769189927, 6.434944819478155, 6.430581694667779, 6.428808712264867, 6.423829902722997, 6.430925980354976, 6.429067074673847, 6.417828902457524, 6.418909165465716, 6.418209927753337, 6.411795310603762, 6.411352065003034, 6.413657771730886, 6.404770934466019, 6.405915195502124, 6.404577162659284, 6.399059110474818, 6.394495695540049, 6.39166733825091, 6.391349125834345, 6.398009661331917, 6.387271029277913, 6.392252801691444, 6.390430635618932, 6.386731194060983, 6.389981464274879, 6.386448536104369, 6.380743823005158, 6.382551174719357], "status": "OK"}