{"data": "data/ptb", "recepie_id": 1013692, "recepies_list_path": "data/models_recepies.json", "cuda": true, "batch_size": 20, "model": "CustomRNN", "emsize": 400, "nhid": 600, "nlayers": 3, "dropout": 0.1, "dropouth": 0.25, "dropouti": 0.4, "dropoute": 0.0, "wdrop": 0.1, "tied": true, "bptt": 70, "lr": 0.001, "wdecay": 1.2e-06, "epochs": 50, "alpha": 2, "beta": 1, "log_interval": 200, "clip": 0.25, "eval_batch_size": 50, "recepie": "{\"node_0\": {\"op\": \"linear\", \"input\": [\"h_prev_0\", \"h_prev_1\"]}, \"node_1\": {\"op\": \"activation_tanh\", \"input\": [\"node_0\"]}, \"node_2\": {\"op\": \"linear\", \"input\": [\"h_prev_0\", \"x\"]}, \"node_6\": {\"op\": \"linear\", \"input\": [\"x\", \"h_prev_2\", \"h_prev_1\"]}, \"node_11\": {\"op\": \"linear\", \"input\": [\"h_prev_1\", \"node_1\"]}, \"h_new_0\": {\"op\": \"activation_sigm\", \"input\": [\"node_11\"]}, \"h_new_1\": {\"op\": \"activation_leaky_relu\", \"input\": [\"node_2\"]}, \"h_new_2\": {\"op\": \"activation_tanh\", \"input\": [\"node_6\"]}}", "experiment_id": 999940875, "init_time": "2020-04-23_03-05-04", "num_params": 11856400, "wall_times": [225.10393857955933, 187.45876932144165, 187.175541639328, 182.3977975845337, 187.94537115097046, 187.5291793346405, 186.69964623451233, 186.98443007469177, 187.88869976997375, 188.04932856559753, 188.13160943984985, 187.55445671081543, 187.491286277771, 188.2705659866333, 187.42152285575867, 187.88657903671265, 187.331130027771, 186.9683496952057, 186.8867998123169, 186.99239921569824, 182.9939558506012, 185.0428659915924, 187.41511917114258, 187.58428168296814, 188.1450276374817, 187.7595613002777, 187.42176461219788, 185.55916571617126, 188.14488744735718, 187.49612522125244, 187.8504936695099, 187.66682887077332, 187.8815679550171, 188.60368466377258, 187.76054739952087, 187.59717559814453, 187.50128078460693, 187.83114624023438, 181.05432724952698, 188.7283136844635, 188.27146220207214, 187.48136568069458, 187.45149278640747, 187.49178767204285, 188.4729082584381, 187.91539478302002, 188.43569135665894, 188.66856050491333, 188.18130826950073, 188.11514806747437], "train_losses": [6.583875010085525, 6.594593822279598, 6.594496328868807, 6.568698815959335, 6.5695451596202465, 6.556458770372761, 6.547944906137379, 6.54701535689312, 6.545590776450971, 6.543306404980905, 6.5427874206605345, 6.541999068769835, 6.5420125161368405, 6.54158724315529, 6.540563562341993, 6.540438753966973, 6.53982731899844, 6.539717638911301, 6.539076787827443, 6.53941003039105, 6.539497438276586, 6.5399958313162285, 6.539892454682374, 6.54054549244258, 6.539864719487924, 6.540042897100748, 6.539444069038782, 6.539931536092733, 6.540019784438707, 6.538581336399333, 6.539960531977838, 6.540069791834759, 6.542573103248884, 6.542381898499274, 6.544134258512183, 6.545094904792641, 6.549807366467646, 6.55230311373783, 6.554637912834167, 6.554389556774783, 6.553138951643268, 6.55006328667097, 6.543241689527191, 6.527198140229143, 6.522095704910979, 6.515636346215911, 6.510484323731913, 6.509805651928352, 6.5085878247539135, 6.500527809154968], "val_losses": [6.584735169491525, 6.592096133474576, 6.591487023305085, 6.564317399364406, 6.565641551906779, 6.552219279661017, 6.5431872351694915, 6.541706170550848, 6.539996027542373, 6.537459613347457, 6.536548596398305, 6.535338320974576, 6.5351244703389835, 6.534366393008475, 6.5331369173728815, 6.532973384533898, 6.531957097457627, 6.532016684322034, 6.531792902542373, 6.532570842161017, 6.533225635593221, 6.534120762711864, 6.533953919491525, 6.535606461864407, 6.533924126059322, 6.535412473516949, 6.535091366525424, 6.535143670550847, 6.53459282309322, 6.5306342690677965, 6.531560513771186, 6.5319491525423725, 6.5347709216101695, 6.534672272245762, 6.536839247881356, 6.539252515889831, 6.543714247881356, 6.547331170550848, 6.550318458686441, 6.550402542372882, 6.548714909957627, 6.545272113347457, 6.539770259533898, 6.527928363347457, 6.525360169491526, 6.522233183262712, 6.519655058262712, 6.5202747616525425, 6.520651483050847, 6.512179555084746], "test_losses": [6.5150146484375, 6.528217797140473, 6.528624303132585, 6.500322360436893, 6.500789309010922, 6.485528742225425, 6.475288465185073, 6.475320464199029, 6.473298600576456, 6.470735124013956, 6.470815121548847, 6.468993548050667, 6.469952925895024, 6.469100804004855, 6.467880693454187, 6.46807387268659, 6.466817615101639, 6.466659990329187, 6.466229188789442, 6.466876872534891, 6.466594214578277, 6.467566629057949, 6.468012244956007, 6.468671780188107, 6.468031207334648, 6.467790622155643, 6.466645768545206, 6.467314192392294, 6.466783245790352, 6.46502922576608, 6.466447848718143, 6.466753024499393, 6.469668490215413, 6.469819004095874, 6.471477027078277, 6.473286156515473, 6.479277675591626, 6.481732711051274, 6.483688798922937, 6.482441429952973, 6.479921211316747, 6.476907378261529, 6.474255608123483, 6.463448830021238, 6.459451916148361, 6.457813448118932, 6.454004972883799, 6.453984825356493, 6.454520512553095, 6.449574294599515], "status": "OK"}