{"data": "data/ptb", "recepie_id": 2001929, "recepies_list_path": "data/new_recepies_fix.json", "cuda": true, "batch_size": 20, "model": "CustomRNN", "emsize": 400, "nhid": 600, "nlayers": 3, "dropout": 0.1, "dropouth": 0.25, "dropouti": 0.4, "dropoute": 0.0, "wdrop": 0.1, "tied": true, "bptt": 70, "lr": 0.001, "wdecay": 1.2e-06, "epochs": 50, "alpha": 2, "beta": 1, "log_interval": 200, "clip": 0.25, "eval_batch_size": 50, "recepie": "{\"node_0\": {\"op\": \"linear\", \"input\": [\"h_prev_1\", \"h_prev_0\"]}, \"node_1\": {\"op\": \"activation_leaky_relu\", \"input\": [\"node_0\"]}, \"node_5\": {\"op\": \"linear\", \"input\": [\"x\", \"h_prev_1\", \"node_1\"]}, \"node_6\": {\"op\": \"activation_sigm\", \"input\": [\"node_5\"]}, \"node_7\": {\"op\": \"linear\", \"input\": [\"node_1\", \"x\"]}, \"node_11\": {\"op\": \"linear\", \"input\": [\"node_6\", \"h_prev_0\"]}, \"node_12\": {\"op\": \"activation_leaky_relu\", \"input\": [\"node_11\"]}, \"node_13\": {\"op\": \"linear\", \"input\": [\"h_prev_0\", \"h_new_1\"]}, \"node_14\": {\"op\": \"activation_sigm\", \"input\": [\"node_13\"]}, \"h_new_0\": {\"op\": \"blend\", \"input\": [\"node_14\", \"node_12\", \"h_new_1\"]}, \"h_new_1\": {\"op\": \"activation_leaky_relu\", \"input\": [\"node_7\"]}}", "experiment_id": 999981972, "init_time": "2020-05-18_11-47-13", "num_params": 13618000, "wall_times": [289.9500946998596, 283.56426644325256, 287.63358545303345, 288.8005414009094, 285.40344619750977, 284.53785586357117, 284.9534103870392, 286.07738304138184, 286.80834698677063, 290.81069922447205, 287.85293650627136, 286.67621994018555, 287.79782366752625, 288.151328086853, 287.5268933773041, 287.4436340332031, 286.57453966140747, 286.04263949394226, 287.41393518447876, 288.0129978656769, 285.4391813278198, 288.5368492603302, 287.0112841129303, 285.0026834011078, 285.46301770210266, 285.71628427505493, 288.16154980659485, 285.57445001602173, 285.15758776664734, 289.7452793121338, 287.38945174217224, 286.0628819465637, 287.6328544616699, 289.25460267066956, 289.37696170806885, 284.66502380371094, 290.6913754940033, 286.94937109947205, 285.3992049694061, 286.27097821235657, 285.777295589447, 285.1914322376251, 283.8392825126648, 286.08286809921265, 288.5253813266754, 285.098504781723, 283.59901189804077, 282.45079159736633, 286.40307807922363, 286.9735233783722], "train_losses": [5.727879501506105, 5.4126601917594535, 5.230137818702598, 5.100491333171965, 5.005042342396859, 4.92351011578183, 4.862152721747082, 4.806788230864397, 4.756979183475876, 4.7089972970792315, 4.674357720133398, 4.634485436501533, 4.6027450278360496, 4.575320383518907, 4.545801732020871, 4.523453468748319, 4.4965494896724225, 4.476353645581195, 4.452574078182992, 4.433292234817922, 4.418768237991501, 4.400143634688828, 4.384167322225808, 4.370030777661234, 4.352654258108762, 4.338948029288366, 4.321433253993868, 4.31607069617019, 4.300158678930665, 4.28635831854123, 4.2753848468344895, 4.266559592006885, 4.258223905384326, 4.2464797314560805, 4.232596165483298, 4.2295541189285135, 4.215753758539078, 4.2043340023398414, 4.199439160749825, 4.194519945807111, 4.1834641089774625, 4.172546527889839, 4.168336661556667, 4.161535655693616, 4.155357010784789, 4.145432853934699, 4.136299150126405, 4.131491716421925, 4.128913183798613, 4.11925167083535], "val_losses": [5.746923331567797, 5.471118908898305, 5.3240913003177965, 5.223795021186441, 5.160089711334746, 5.103656316207627, 5.062219941737288, 5.030962658898305, 5.002355667372881, 4.973557004766949, 4.955966631355932, 4.935324417372882, 4.91919921875, 4.905877582097458, 4.89482421875, 4.882999205508475, 4.8715472722457624, 4.862230203919491, 4.85286579713983, 4.848614274364407, 4.841847523834746, 4.832307666843221, 4.830504171080508, 4.822546014300848, 4.819123742055084, 4.817094478283899, 4.812692002118644, 4.811299655720339, 4.806845868644068, 4.803908898305084, 4.799320378707627, 4.798826800847458, 4.794021782309322, 4.794960606461864, 4.788131951800848, 4.7874970206567795, 4.785861030190678, 4.784618975105932, 4.783421279131356, 4.783573225635593, 4.783497086864407, 4.7808156779661015, 4.7774390889830505, 4.776742253707627, 4.775450873940678, 4.770368445444915, 4.772608249470339, 4.773225966631356, 4.774100238347458, 4.769669292902543], "test_losses": [5.701238243325243, 5.421873222277003, 5.274225623862257, 5.175494444023058, 5.106835226410801, 5.051113684200546, 5.009391118021845, 4.975369055294296, 4.947135554934011, 4.917402248938107, 4.898840450546117, 4.877821246397148, 4.86099835738395, 4.84793446364912, 4.833610164309011, 4.825038872876213, 4.812853470589351, 4.804080703883495, 4.794566922974818, 4.787538102529581, 4.783269493325243, 4.775700245088744, 4.771702738641535, 4.765391822000152, 4.759996136415352, 4.75754613783753, 4.753844622269417, 4.752273115139563, 4.746445442866353, 4.743082287242111, 4.739311440477094, 4.737475052620601, 4.737453423657463, 4.734942982497724, 4.729208048107554, 4.728561845797937, 4.727142630271541, 4.726806048050667, 4.724146278159132, 4.724244645498331, 4.722425146010315, 4.721659243685528, 4.717993578864533, 4.717175826285649, 4.714143919713289, 4.713220096328883, 4.714285248691596, 4.713615639695844, 4.714004664745145, 4.710179893715868], "status": "OK"}