{"data": "data/ptb", "recepie_id": 2000696, "recepies_list_path": "data/new_recepies_fix.json", "cuda": true, "batch_size": 20, "model": "CustomRNN", "emsize": 400, "nhid": 600, "nlayers": 3, "dropout": 0.1, "dropouth": 0.25, "dropouti": 0.4, "dropoute": 0.0, "wdrop": 0.1, "tied": true, "bptt": 70, "lr": 0.001, "wdecay": 1.2e-06, "epochs": 50, "alpha": 2, "beta": 1, "log_interval": 200, "clip": 0.25, "eval_batch_size": 50, "recepie": "{\"node_0\": {\"op\": \"linear\", \"input\": [\"h_prev_0\", \"x\"]}, \"node_1\": {\"op\": \"activation_sigm\", \"input\": [\"node_0\"]}, \"node_6\": {\"op\": \"linear\", \"input\": [\"x\", \"node_1\"]}, \"node_7\": {\"op\": \"activation_sigm\", \"input\": [\"node_6\"]}, \"node_9\": {\"op\": \"linear\", \"input\": [\"node_1\", \"node_7\"]}, \"node_10\": {\"op\": \"activation_tanh\", \"input\": [\"node_9\"]}, \"node_11\": {\"op\": \"linear\", \"input\": [\"node_10\", \"h_prev_0\"]}, \"node_12\": {\"op\": \"activation_leaky_relu\", \"input\": [\"node_11\"]}, \"node_18\": {\"op\": \"linear\", \"input\": [\"node_12\", \"node_7\", \"x\"]}, \"node_19\": {\"op\": \"activation_leaky_relu\", \"input\": [\"node_18\"]}, \"h_new_0\": {\"op\": \"blend\", \"input\": [\"node_19\", \"node_9\", \"node_1\"]}}", "experiment_id": 999935290, "init_time": "2020-05-14_09-39-53", "num_params": 13578000, "wall_times": [288.15346121788025, 282.19981694221497, 281.0508277416229, 280.98825788497925, 283.6936936378479, 280.7986662387848, 281.5900421142578, 283.11015582084656, 279.5540380477905, 280.7443244457245, 283.62681317329407, 285.6659243106842, 287.9400050640106, 283.7973213195801, 283.1269950866699, 282.06424379348755, 285.05186915397644, 284.6602213382721, 286.3999128341675, 281.06924533843994, 280.65285181999207, 283.58443903923035, 285.01087403297424, 288.0720245838165, 281.6067740917206, 277.9604158401489, 288.1753671169281, 282.2749300003052, 284.7495777606964, 282.27862787246704, 283.1646873950958, 280.38375067710876, 287.7164554595947, 281.6149046421051, 281.23627376556396, 282.0075023174286, 281.53271651268005, 282.5590298175812, 279.44984698295593, 278.64012718200684, 280.19276762008667, 284.433571100235, 277.2789263725281, 286.1639816761017, 280.8993706703186, 281.5617218017578, 282.59716272354126, 279.92117166519165, 284.1344168186188, 280.40710186958313], "train_losses": [5.717551503415631, 5.440001630493249, 5.260868834382228, 5.129210286563391, 5.034364746382658, 4.963066806519284, 4.899173743343553, 4.848056099053306, 4.80101132604486, 4.760052327066861, 4.718206642326932, 4.684407525818945, 4.6502764274380075, 4.6276482908396535, 4.594515659458878, 4.5712155747404655, 4.552076609649831, 4.527030888602011, 4.504230457613899, 4.486265615754935, 4.474702561051046, 4.4541617079500835, 4.437966875773224, 4.42225740949922, 4.404962414609219, 4.397212528911839, 4.380681512559841, 4.372808499408316, 4.373123251842289, 4.349115919665429, 4.343961375800118, 4.328485137297617, 4.318400872734118, 4.30953443534506, 4.300239783362917, 4.287605982061212, 4.276101759587973, 4.270134070249045, 4.267766493195633, 4.265985977758055, 4.247876576703781, 4.241560516513367, 4.235319677532139, 4.223430524178366, 4.217144720563714, 4.208636319321177, 4.202148384971222, 4.203496063283309, 4.19100051772363, 4.184571415604324], "val_losses": [5.739351827330508, 5.498205773305084, 5.350998411016949, 5.253746689618644, 5.182281514830509, 5.1328297139830505, 5.0894921875, 5.055927899894068, 5.0294809322033895, 5.004827529131356, 4.984761983580508, 4.965076469809322, 4.954909626588983, 4.941235103283899, 4.927919094279661, 4.919127714512712, 4.913322298728813, 4.907160023834746, 4.902097126588983, 4.893151814088983, 4.890258871822034, 4.884854343220339, 4.879139631885593, 4.875495233050848, 4.871794226694916, 4.868938360699152, 4.866270855402543, 4.868573556673729, 4.864842425847457, 4.862335143008474, 4.8635632944915255, 4.854017147775424, 4.849636189088983, 4.847665519067797, 4.844439552436441, 4.843423596398305, 4.841761784957627, 4.839863943326272, 4.84008938029661, 4.839766949152542, 4.829491194385593, 4.832262976694915, 4.835607454978813, 4.828722523834746, 4.831441009004237, 4.830470405190678, 4.833070047669492, 4.828904925847458, 4.827225900423729, 4.823137248411017], "test_losses": [5.692682062537925, 5.446757196222694, 5.301798107554611, 5.199726586202973, 5.125956414972694, 5.075671742263349, 5.032720769493325, 4.999267578125, 4.970523574977245, 4.946095586980431, 4.92351820862409, 4.904850043139412, 4.890632407179156, 4.877994574389412, 4.860938803663531, 4.852246923354065, 4.84540031951608, 4.836757622876213, 4.828325882698726, 4.819386010031098, 4.817895981871966, 4.811646692961165, 4.804182626668689, 4.800812656439624, 4.79610376450622, 4.793792428322209, 4.790794594773969, 4.791515461449484, 4.792124627863319, 4.785233580950394, 4.784147688486044, 4.778456900883647, 4.775086338080249, 4.774844271465413, 4.770795211051274, 4.77057595854824, 4.766633857801122, 4.76456518080628, 4.764889318966171, 4.764993908335861, 4.757732206177943, 4.759721181925061, 4.75948267075622, 4.752145415370904, 4.751864831424454, 4.751206481341019, 4.754056467593295, 4.752786580798696, 4.751005006067961, 4.744311286407767], "status": "OK"}