{"data": "data/ptb", "recepie_id": 1010689, "recepies_list_path": "data/models_recepies.json", "cuda": true, "batch_size": 20, "model": "CustomRNN", "emsize": 400, "nhid": 600, "nlayers": 3, "dropout": 0.1, "dropouth": 0.25, "dropouti": 0.4, "dropoute": 0.0, "wdrop": 0.1, "tied": true, "bptt": 70, "lr": 0.001, "wdecay": 1.2e-06, "epochs": 50, "alpha": 2, "beta": 1, "log_interval": 200, "clip": 0.25, "eval_batch_size": 50, "recepie": "{\"node_0\": {\"op\": \"linear\", \"input\": [\"h_prev_0\", \"h_prev_1\"]}, \"node_1\": {\"op\": \"activation_tanh\", \"input\": [\"node_0\"]}, \"node_9\": {\"op\": \"linear\", \"input\": [\"h_prev_0\", \"x\", \"node_1\"]}, \"node_14\": {\"op\": \"linear\", \"input\": [\"x\", \"h_prev_1\"]}, \"h_new_0\": {\"op\": \"activation_leaky_relu\", \"input\": [\"node_14\"]}, \"h_new_1\": {\"op\": \"activation_tanh\", \"input\": [\"node_9\"]}}", "experiment_id": 999922974, "init_time": "2020-04-14_11-54-07", "num_params": 10094800, "wall_times": [167.27302312850952, 166.0261251926422, 165.49562430381775, 165.49669694900513, 165.60089802742004, 165.69540739059448, 165.6112813949585, 165.65543794631958, 165.5155749320984, 165.63056921958923, 165.69880843162537, 165.53112411499023, 165.5335431098938, 165.52129125595093, 165.62872838974, 165.6753180027008, 165.56408762931824, 165.66057991981506, 165.61206650733948, 165.67892575263977, 165.7619752883911, 165.76414465904236, 165.57236981391907, 165.71620917320251, 165.71081042289734, 165.66647124290466, 165.5281798839569, 165.65923619270325, 165.57852840423584, 165.66865372657776, 165.60609984397888, 165.61100912094116, 165.75116324424744, 165.8619523048401, 165.76676416397095, 165.68298816680908, 165.8338634967804, 165.6932728290558, 165.8249707221985, 165.8651156425476, 165.85372114181519, 165.92724204063416, 165.8061990737915, 165.8016517162323, 165.8353304862976, 165.8304738998413, 165.73600697517395, 165.9342761039734, 166.02010846138, 165.77514004707336], "train_losses": [5.527669638534775, 5.185839670405035, 5.00441746006132, 4.882027089720832, 4.784767747162606, 4.715951686972191, 4.6364584173793775, 4.583734232962186, 4.539128055914152, 4.493472984239686, 4.448844955220268, 4.41203320827282, 4.381317320881071, 4.353710716879135, 4.3252245710289925, 4.302281681996665, 4.279812392421064, 4.258906359259857, 4.2393812025980315, 4.219073577268571, 4.202031560970362, 4.187133979479318, 4.173162585390781, 4.156784112608252, 4.1405161603732985, 4.1330348017858105, 4.119023485826475, 4.105783292318864, 4.096400812220967, 4.079164229331397, 4.077195450755742, 4.064112843580227, 4.05661131394223, 4.0486248386315955, 4.03844980434081, 4.0330271535958255, 4.0256071486203, 4.013260784788338, 4.008666828035071, 3.997892965682319, 3.988556290678285, 3.99192611680383, 3.9816880479802053, 3.9752530626378357, 3.9691912417298694, 3.9638219602226883, 3.96167500403421, 3.952675773895971, 3.943869849658437, 3.9441564466677423], "val_losses": [5.561525423728813, 5.275150291313559, 5.140130429025424, 5.05562797934322, 4.992979012182204, 4.953317664194915, 4.906326469809322, 4.876571106991525, 4.853560977224577, 4.829814949682204, 4.808801972987288, 4.792187168961864, 4.780308858580509, 4.76732421875, 4.756500595868644, 4.7493359375, 4.741546610169491, 4.73611328125, 4.7279389565677965, 4.720513109110169, 4.716532375529661, 4.7110450873940675, 4.706326469809322, 4.702158699682204, 4.697880362817797, 4.698493445444916, 4.694735500529661, 4.689672272245763, 4.6861626059322035, 4.687449020127119, 4.686550251588983, 4.681484375, 4.682467889300847, 4.677091167902542, 4.674501787605932, 4.674786480402543, 4.673947298728813, 4.669701403601695, 4.671837261652542, 4.669908302436441, 4.670526350635593, 4.669813294491526, 4.66748874470339, 4.667713188559322, 4.663805945444915, 4.66446438029661, 4.660827595338983, 4.659015492584746, 4.660312831038135, 4.662626456567796], "test_losses": [5.525959496359223, 5.23798081481341, 5.098362598604369, 5.013670097277003, 4.947675982725273, 4.90830534407236, 4.858937976429764, 4.829885538341929, 4.807339566425212, 4.785458759196754, 4.761837857440837, 4.74383544921875, 4.733714575906402, 4.721054521579187, 4.709533395119084, 4.702167992452973, 4.696030700091019, 4.688625298657463, 4.681309968522451, 4.673723239343143, 4.673797311134709, 4.667058852112409, 4.660859932019872, 4.658418822057039, 4.651821099438713, 4.653916442278519, 4.647793964274879, 4.645319077575091, 4.640393007148817, 4.637775606322057, 4.640076276168083, 4.636552236612561, 4.635079096821905, 4.631316546097542, 4.629213203504247, 4.628874250986044, 4.628719885372421, 4.626440548202367, 4.626334181109678, 4.624270540996663, 4.622018758533071, 4.622587037317961, 4.620521323194781, 4.621327224287015, 4.620203407065382, 4.618291465981493, 4.617488231473756, 4.614172778083283, 4.614264330817658, 4.61751963791338], "status": "OK"}