{"data": "data/ptb", "recepie_id": 1011546, "recepies_list_path": "data/models_recepies.json", "cuda": true, "batch_size": 20, "model": "CustomRNN", "emsize": 400, "nhid": 600, "nlayers": 3, "dropout": 0.1, "dropouth": 0.25, "dropouti": 0.4, "dropoute": 0.0, "wdrop": 0.1, "tied": true, "bptt": 70, "lr": 0.001, "wdecay": 1.2e-06, "epochs": 50, "alpha": 2, "beta": 1, "log_interval": 200, "clip": 0.25, "eval_batch_size": 50, "recepie": "{\"node_0\": {\"op\": \"linear\", \"input\": [\"h_prev_0\", \"x\", \"h_prev_1\"]}, \"node_1\": {\"op\": \"activation_leaky_relu\", \"input\": [\"node_0\"]}, \"node_5\": {\"op\": \"linear\", \"input\": [\"node_1\", \"x\"]}, \"node_10\": {\"op\": \"linear\", \"input\": [\"h_prev_0\", \"h_new_1\"]}, \"node_11\": {\"op\": \"activation_tanh\", \"input\": [\"node_10\"]}, \"h_new_0\": {\"op\": \"linear\", \"input\": [\"node_11\", \"node_1\"]}, \"h_new_1\": {\"op\": \"activation_tanh\", \"input\": [\"node_5\"]}}", "experiment_id": 999989087, "init_time": "2020-04-24_06-59-54", "num_params": 11856400, "wall_times": [260.35026812553406, 207.51316571235657, 210.6489245891571, 209.12733459472656, 207.6025309562683, 204.2849280834198, 203.5288372039795, 206.46297454833984, 202.81098747253418, 205.76430296897888, 205.4202048778534, 206.2005672454834, 206.51449155807495, 200.62643694877625, 207.11327862739563, 204.54051780700684, 204.45441484451294, 202.6085662841797, 205.9404480457306, 206.3638813495636, 204.23780488967896, 204.1815755367279, 203.5244059562683, 204.43214893341064, 204.17834377288818, 206.18628668785095, 204.19595432281494, 202.54835319519043, 202.93165063858032, 203.11933207511902, 207.2080671787262, 206.1363070011139, 204.98732447624207, 204.53925919532776, 202.2765097618103, 205.09977626800537, 205.051504611969, 203.08756947517395, 203.90474915504456, 203.20804357528687, 205.2911458015442, 204.4568350315094, 205.643737077713, 203.64229798316956, 201.34604716300964, 205.50119876861572, 205.03985381126404, 205.56963324546814, 204.85603404045105, 202.14873123168945], "train_losses": [5.531960609300199, 5.233179865257383, 5.055139667715562, 4.942746574283255, 4.850824155505352, 4.783709607471357, 4.722455169840245, 4.658953340998332, 4.625541676752192, 4.595243918428272, 4.560022322629229, 4.5270540012640526, 4.49560229075897, 4.467540577429939, 4.455515689715454, 4.4272955495938895, 4.408762136248723, 4.388912141627669, 4.386357982357055, 4.36280912134904, 4.352901353477489, 4.337466717766661, 4.313917436528428, 4.300080936340165, 4.2859817922650745, 4.286686938572427, 4.268875480743371, 4.264142427787639, 4.246712538997365, 4.2380776484589315, 4.238586967484267, 4.225381653084826, 4.2203893180840195, 4.203229217094293, 4.196698839492227, 4.192734387606906, 4.1882652392286595, 4.1786104499489, 4.1701028891668015, 4.164618884809855, 4.15804522349524, 4.150042779436286, 4.145017246248185, 4.135346488220106, 4.13297638978538, 4.12707215520951, 4.123479186837717, 4.117172371712119, 4.1108806848744015, 4.105705549728363], "val_losses": [5.567833024364407, 5.320420749470339, 5.1829657706567795, 5.10820610434322, 5.041059984110169, 4.9958653336864405, 4.957193458686441, 4.923360699152543, 4.902398040254237, 4.88852688029661, 4.867743975105932, 4.85514797404661, 4.834922206038136, 4.823424920550847, 4.821901483050848, 4.810284361758475, 4.800043365995763, 4.792120961334746, 4.798135593220339, 4.785573358050847, 4.780945113877118, 4.779723252118644, 4.762292770127119, 4.761904131355932, 4.761238413665255, 4.766951469809322, 4.752980667372881, 4.7505544888771185, 4.749714645127119, 4.745154594809322, 4.7445673331567795, 4.74747219279661, 4.745545219809322, 4.73900092690678, 4.7380995100635594, 4.73408732786017, 4.734184984110169, 4.731242717161017, 4.72579548463983, 4.724121755826271, 4.727227555614407, 4.71866061970339, 4.727319584216102, 4.7176360566737285, 4.719985765360169, 4.720179091631356, 4.716904793432203, 4.717836003707627, 4.7144094279661015, 4.7145693193855935], "test_losses": [5.530470764752731, 5.274238660497573, 5.136794006940231, 5.054821421799151, 4.993503607592537, 4.947598355487712, 4.911272956329642, 4.874582531382736, 4.856461608294144, 4.839317247705552, 4.822974640188865, 4.809635495676578, 4.789133905207069, 4.775287220778974, 4.77735886064548, 4.760016283942658, 4.752977389733768, 4.74402092498483, 4.750423098073422, 4.742479639145935, 4.734361370790352, 4.731257762723756, 4.71533677184466, 4.716988572796572, 4.710887427468902, 4.716408146237864, 4.707524864418993, 4.702243841967537, 4.703606466645176, 4.697285179952973, 4.698730172462834, 4.698124561494994, 4.698171671154429, 4.691163887097997, 4.686881648684011, 4.685774127256523, 4.685068371226486, 4.684344837966474, 4.678529609754247, 4.679617279941596, 4.680353257262591, 4.670684221878792, 4.678184731492719, 4.669694622743477, 4.671143763273665, 4.668277481227245, 4.668939979331007, 4.669745584136074, 4.66487343797406, 4.667888456177943], "status": "OK"}