{"data": "data/ptb", "recepie_id": 2003061, "recepies_list_path": "data/new_recepies_fix.json", "cuda": true, "batch_size": 20, "model": "CustomRNN", "emsize": 400, "nhid": 600, "nlayers": 3, "dropout": 0.1, "dropouth": 0.25, "dropouti": 0.4, "dropoute": 0.0, "wdrop": 0.1, "tied": true, "bptt": 70, "lr": 0.001, "wdecay": 1.2e-06, "epochs": 50, "alpha": 2, "beta": 1, "log_interval": 200, "clip": 0.25, "eval_batch_size": 50, "recepie": "{\"node_0\": {\"op\": \"linear\", \"input\": [\"h_prev_0\", \"h_prev_1\"]}, \"node_1\": {\"op\": \"activation_leaky_relu\", \"input\": [\"node_0\"]}, \"node_7\": {\"op\": \"linear\", \"input\": [\"node_1\", \"x\"]}, \"node_8\": {\"op\": \"activation_sigm\", \"input\": [\"node_7\"]}, \"node_15\": {\"op\": \"linear\", \"input\": [\"x\", \"node_8\"]}, \"h_new_0\": {\"op\": \"linear\", \"input\": [\"node_1\", \"h_new_1\"]}, \"h_new_1\": {\"op\": \"activation_tanh\", \"input\": [\"node_15\"]}}", "experiment_id": 999903389, "init_time": "2020-05-17_23-44-33", "num_params": 10976400, "wall_times": [191.350506067276, 191.682466506958, 191.4409737586975, 191.17318320274353, 191.60383582115173, 191.3961844444275, 191.9249939918518, 192.34555864334106, 190.13297724723816, 189.63502597808838, 190.12419080734253, 189.8035581111908, 188.39971923828125, 185.1815459728241, 183.94932174682617, 183.73445463180542, 184.31904816627502, 183.93461203575134, 183.73059129714966, 184.12479710578918, 186.1193606853485, 184.42424297332764, 184.15050148963928, 188.1813986301422, 187.70297002792358, 191.49966073036194, 191.53404259681702, 191.02143692970276, 190.93053913116455, 191.26671504974365, 191.0293755531311, 191.50391054153442, 191.41148257255554, 191.61083841323853, 190.70485925674438, 190.78865027427673, 190.55864644050598, 191.14505124092102, 191.5274796485901, 190.9994556903839, 191.1030089855194, 191.1560628414154, 190.42779994010925, 190.45690417289734, 190.62170147895813, 195.67933249473572, 195.2076232433319, 193.80943894386292, 190.91744303703308, 193.90335536003113], "train_losses": [5.652518775886182, 5.377892444596848, 5.228994792507127, 5.131880429374428, 5.037313081598623, 4.976165382443118, 4.927581306142757, 4.862290977489107, 4.837928550777258, 4.7945893678392775, 4.762426207573557, 4.734852801758915, 4.706006938841375, 4.6910253113065465, 4.673021388037222, 4.650674805685547, 4.6317039326824805, 4.61649285944812, 4.602000379888118, 4.588016799123231, 4.576780683529665, 4.568664777311603, 4.550945770130708, 4.5358015135011565, 4.522639062584046, 4.515763675972245, 4.507368736888817, 4.494973206121242, 4.488404167339035, 4.481539286482707, 4.466384103867463, 4.463274400247432, 4.455553090204938, 4.4507969245871655, 4.438051342047227, 4.431590302431284, 4.427954470577161, 4.418797233876607, 4.416060694690979, 4.405952056774783, 4.405474255015868, 4.401872461809478, 4.394576424748534, 4.398221921897693, 4.390970429239955, 4.379765410682588, 4.382484300199021, 4.374885277150234, 4.371600337528911, 4.3632528844602225], "val_losses": [5.684736493644068, 5.450967624470339, 5.338590770656779, 5.267489075741525, 5.199188294491526, 5.158874470338983, 5.133191207627118, 5.0897775423728815, 5.076521782309322, 5.049813625529661, 5.029582560911017, 5.0173642743644065, 5.001279131355933, 4.992779396186441, 4.983845670021187, 4.970935513771186, 4.95941935911017, 4.959932799258475, 4.9457613877118645, 4.943329581567797, 4.939289592161017, 4.937163996292373, 4.924122086864407, 4.915519398834745, 4.914452131885593, 4.908296477754237, 4.906832627118644, 4.900472391419491, 4.892147775423729, 4.89583686440678, 4.8841912738347455, 4.8868461996822035, 4.88420219809322, 4.882093816207627, 4.873210076800848, 4.8740184719279664, 4.873548397775424, 4.8664999337923724, 4.867225569385593, 4.857766485699153, 4.859641154661017, 4.860361162605932, 4.857506289724577, 4.855637910487288, 4.8528164724576275, 4.855656779661017, 4.852260990466101, 4.851639962923729, 4.851527409957627, 4.847176575741526], "test_losses": [5.628572630650789, 5.406878721366808, 5.290350164024575, 5.221506655794903, 5.151364224628337, 5.109160488091626, 5.079301852624393, 5.038340744462985, 5.025194482895935, 4.999685935603762, 4.979838843484527, 4.964551907141232, 4.950336048903974, 4.939300537109375, 4.935825977510619, 4.921414866030795, 4.909404569459193, 4.905533873919144, 4.89603016677412, 4.893275288702215, 4.890307083870601, 4.887062443112864, 4.875363248065837, 4.86663344299909, 4.864959716796875, 4.861778185205552, 4.857429578466323, 4.851762197550061, 4.845420467043386, 4.844990258077973, 4.834536357990746, 4.834343178758344, 4.834249255726639, 4.834142592346784, 4.821809342763956, 4.825719148209951, 4.824662588175061, 4.820183615082676, 4.81768798828125, 4.812474223016535, 4.81220193511074, 4.814392978705249, 4.810499469053398, 4.81060553985892, 4.807518820160801, 4.804371361593598, 4.806283006390322, 4.804183515530188, 4.806854544334041, 4.798818643810679], "status": "OK"}