{"data": "data/ptb", "recepie_id": 2004988, "recepies_list_path": "data/new_recepies_fix.json", "cuda": true, "batch_size": 20, "model": "CustomRNN", "emsize": 400, "nhid": 600, "nlayers": 3, "dropout": 0.1, "dropouth": 0.25, "dropouti": 0.4, "dropoute": 0.0, "wdrop": 0.1, "tied": true, "bptt": 70, "lr": 0.001, "wdecay": 1.2e-06, "epochs": 50, "alpha": 2, "beta": 1, "log_interval": 200, "clip": 0.25, "eval_batch_size": 50, "recepie": "{\"node_0\": {\"op\": \"linear\", \"input\": [\"x\", \"h_prev_0\"]}, \"node_1\": {\"op\": \"activation_sigm\", \"input\": [\"node_0\"]}, \"node_2\": {\"op\": \"elementwise_prod\", \"input\": [\"node_1\", \"node_0\"]}, \"h_new_0\": {\"op\": \"elementwise_sum\", \"input\": [\"node_2\", \"node_0\"]}}", "experiment_id": 999989419, "init_time": "2020-05-10_05-07-35", "num_params": 5731600, "wall_times": [68.87348818778992, 67.81931805610657, 67.82607126235962, 67.7948248386383, 67.73462677001953, 67.65453958511353, 67.82839179039001, 67.82533550262451, 68.29770135879517, 67.81000351905823, 67.69770169258118, 67.82554864883423, 67.71441698074341, 67.74822163581848, 67.77529168128967, 68.0821704864502, 67.68121933937073, 67.71321392059326, 67.67278027534485, 67.79078531265259, 67.67618799209595, 67.70046067237854, 67.2846314907074, 67.9617555141449, 67.42980098724365, 67.51081371307373, 67.52326321601868, 67.4723207950592, 67.41720747947693, 67.75211763381958, 67.55114459991455, 67.50755000114441, 67.90292167663574, 67.52017426490784, 67.42733669281006, 67.4342713356018, 67.615975856781, 67.43615984916687, 67.44980978965759, 67.4423279762268, 67.53518223762512, 68.08156895637512, 67.06742095947266, 67.26165890693665, 67.62968564033508, 67.29739737510681, 67.66375494003296, 67.88852095603943, 67.70243668556213, 67.9504623413086], "train_losses": [6.217319536334785, 5.841648428675166, 5.715722661502878, 5.563294235113765, 5.515877978591791, 5.430708239201764, 5.3729412921574955, 5.348628872841697, 5.285608627830671, 5.245148021892313, 5.212953344360174, 5.1874852919423375, 5.1628850149265775, 5.16287619009198, 5.138536455811952, 5.127511295788285, 5.105805984750686, 5.10413010663762, 5.065876129578829, 5.063037894680222, 5.070758784492496, 5.064501136302512, 5.038587639852617, 5.048510536012049, 5.026689241434028, 5.013662945107848, 5.030651171938034, 5.013393157307299, 5.020085743773869, 5.021138000242052, 4.988438626216987, 4.988239437093217, 5.003304270211393, 4.998208978806949, 4.967390975472003, 4.971698755446184, 4.980676553843257, 4.969125685815717, 4.962328462024636, 4.977005002420526, 4.981971703377979, 4.958748941019849, 4.945317962992846, 4.955518631326986, 4.945623890592222, 4.934334405760852, 4.966869469770319, 4.932203838550912, 4.958409395002959, 4.941559423914797], "val_losses": [6.2190366790254235, 5.861115598516949, 5.746095074152542, 5.613029661016949, 5.582282838983051, 5.51125827595339, 5.464689155190678, 5.454005892478814, 5.402212989936441, 5.369955309851695, 5.346577065677966, 5.330392280190678, 5.314986758474577, 5.313306739936441, 5.299200542902542, 5.2913810911016945, 5.276643935381356, 5.270453191207627, 5.244602423199153, 5.245928230932203, 5.248723185911017, 5.246474112817797, 5.223792703919491, 5.24048298463983, 5.225758408368644, 5.209830508474576, 5.222141485699153, 5.209034361758475, 5.214475966631356, 5.2260272113347455, 5.196061308262712, 5.198679819915254, 5.212960143008474, 5.206451271186441, 5.185371755826271, 5.191063956567796, 5.199745100635593, 5.190317465572034, 5.181253641419492, 5.1979356461864406, 5.204314420021187, 5.1844772907838985, 5.172279859639831, 5.180885858050847, 5.17597060381356, 5.162422868114406, 5.195587923728813, 5.161657507944915, 5.185554157838983, 5.17552734375], "test_losses": [6.190453983047633, 5.82336899840716, 5.706776443037015, 5.574071791565534, 5.532093825849515, 5.467534630043993, 5.420654889449333, 5.412210705210861, 5.363416949522148, 5.329538882357403, 5.305192373331311, 5.289672258988167, 5.2720947265625, 5.271704220077367, 5.253940619311287, 5.249429350917779, 5.237989110854065, 5.232082922481796, 5.206684594015473, 5.203593726297027, 5.210894242073726, 5.209280069591929, 5.190309394910497, 5.200181683290352, 5.187117196981189, 5.172022551008799, 5.188191534246056, 5.177874222542476, 5.181355004171723, 5.185286142293689, 5.158939694895328, 5.162498103762136, 5.174030785421723, 5.169770175970874, 5.148142990556735, 5.152618704490291, 5.165463345722087, 5.151557996435073, 5.146708368097694, 5.161036815458131, 5.163733621245449, 5.151427037507585, 5.136415351941747, 5.145536848642294, 5.139697621169599, 5.127890577594053, 5.158631556242415, 5.124026992945995, 5.146749255726639, 5.13727517729824], "status": "OK"}