{"data": "data/ptb", "recepie_id": 2003425, "recepies_list_path": "data/new_recepies_fix.json", "cuda": true, "batch_size": 20, "model": "CustomRNN", "emsize": 400, "nhid": 600, "nlayers": 3, "dropout": 0.1, "dropouth": 0.25, "dropouti": 0.4, "dropoute": 0.0, "wdrop": 0.1, "tied": true, "bptt": 70, "lr": 0.001, "wdecay": 1.2e-06, "epochs": 50, "alpha": 2, "beta": 1, "log_interval": 200, "clip": 0.25, "eval_batch_size": 50, "recepie": "{\"node_0\": {\"op\": \"linear\", \"input\": [\"h_prev_0\", \"x\"]}, \"node_1\": {\"op\": \"activation_tanh\", \"input\": [\"node_0\"]}, \"node_2\": {\"op\": \"linear\", \"input\": [\"x\", \"node_1\"]}, \"h_new_0\": {\"op\": \"elementwise_prod\", \"input\": [\"node_1\", \"node_2\"]}}", "experiment_id": 999970569, "init_time": "2020-05-11_23-58-14", "num_params": 7453200, "wall_times": [109.65591287612915, 108.2024736404419, 107.12766575813293, 108.13583755493164, 107.73667693138123, 107.17369604110718, 107.98163318634033, 107.45440626144409, 107.42131853103638, 107.0177230834961, 106.85874056816101, 106.82164669036865, 107.60779547691345, 106.55186986923218, 106.22461700439453, 108.69657039642334, 106.32276558876038, 107.98175954818726, 106.7512743473053, 107.83138179779053, 108.34045791625977, 107.87472200393677, 109.00966453552246, 107.32235264778137, 107.64073896408081, 107.25667071342468, 107.68313908576965, 107.83886861801147, 106.05477452278137, 107.76955032348633, 107.16997694969177, 108.02060985565186, 107.23105382919312, 107.690354347229, 108.23975706100464, 107.575434923172, 107.49958848953247, 107.17903256416321, 107.75316643714905, 108.9199001789093, 107.16971182823181, 108.03805804252625, 106.95953440666199, 106.5870132446289, 106.80094718933105, 108.2790048122406, 106.61172032356262, 107.90023946762085, 107.47359871864319, 107.05265831947327], "train_losses": [5.777260334301544, 5.402614588376096, 5.182355121429724, 5.035481298074337, 4.932349658436878, 4.848145608089936, 4.777064086789307, 4.713834987359475, 4.667276000484105, 4.624601621752461, 4.587468398687537, 4.54204781547523, 4.510586439675111, 4.484619153757194, 4.45543122344145, 4.434979459146899, 4.405401975418213, 4.385614174869561, 4.365694842262385, 4.348626351460384, 4.328960837905438, 4.314939856651068, 4.298246211204346, 4.289396162793825, 4.270025230622344, 4.256399686003981, 4.240322938518638, 4.227477341186596, 4.2187079769781075, 4.210908504114895, 4.198530623016514, 4.188946432413533, 4.177746456618794, 4.174266530175892, 4.163708666155666, 4.153545398311011, 4.142804734145554, 4.139421040422786, 4.140973370851487, 4.116224752568447, 4.111619449599268, 4.1044738549567, 4.102007944032058, 4.093607962186004, 4.0868657885536015, 4.0903583219030715, 4.0821062610940775, 4.068316406460115, 4.068568964821688, 4.064538957022215], "val_losses": [5.795333024364407, 5.463236559851695, 5.288763241525424, 5.17832858845339, 5.100028800317797, 5.044240929555085, 4.997991922669492, 4.959794094279661, 4.933210407838983, 4.910780587923729, 4.892937301377119, 4.874557733050848, 4.854340572033898, 4.843177304025423, 4.8311821371822035, 4.821372484110169, 4.812629435911017, 4.805801774364407, 4.795677966101695, 4.794908302436441, 4.786396980932204, 4.780540254237288, 4.78089612023305, 4.769984441207627, 4.7650926906779665, 4.762544359110169, 4.75691108315678, 4.749433924788136, 4.750039724576271, 4.74993313029661, 4.7448765227754235, 4.742038863877118, 4.736715439618644, 4.737493710275424, 4.730869637182203, 4.733410685911017, 4.724538532838983, 4.724533898305085, 4.727954846398305, 4.721435381355932, 4.718076337394068, 4.7155650820974575, 4.712044822563559, 4.714320047669491, 4.710246623411017, 4.706502913135593, 4.7116611493644065, 4.704617981991525, 4.704340572033899, 4.703359043961864], "test_losses": [5.745393327138956, 5.416367021579187, 5.23791029846784, 5.123282719584345, 5.048127109564624, 4.992758149082221, 4.944845847713137, 4.908507708206917, 4.881261732971784, 4.859037528917628, 4.841332889297633, 4.819809996966019, 4.804493431906098, 4.791009106682342, 4.780443210046268, 4.771858289403823, 4.759552890814624, 4.754104169827063, 4.744702385467233, 4.741677886074029, 4.733815609830097, 4.728094600936742, 4.727030633722694, 4.718383196488167, 4.711511704528216, 4.708830898247876, 4.706153647413531, 4.697814645119084, 4.695026582884557, 4.698387368211469, 4.695606713156098, 4.692534807816292, 4.685170590298847, 4.684919635069023, 4.68152329528216, 4.678518943416262, 4.671820779448574, 4.672387280510467, 4.675680216076304, 4.669350040769114, 4.667911270289745, 4.666045846290959, 4.658642222580401, 4.660331355715261, 4.659054061741505, 4.659170798885012, 4.659903813334345, 4.655175662735133, 4.653238240954946, 4.653695115765322], "status": "OK"}