{"data": "data/ptb", "recepie_id": 1002869, "recepies_list_path": "data/models_recepies.json", "cuda": true, "batch_size": 20, "model": "CustomRNN", "emsize": 400, "nhid": 600, "nlayers": 3, "dropout": 0.1, "dropouth": 0.25, "dropouti": 0.4, "dropoute": 0.0, "wdrop": 0.1, "tied": true, "bptt": 70, "lr": 0.001, "wdecay": 1.2e-06, "epochs": 50, "alpha": 2, "beta": 1, "log_interval": 200, "clip": 0.25, "eval_batch_size": 50, "recepie": "{\"node_0\": {\"op\": \"linear\", \"input\": [\"x\", \"h_prev_0\"]}, \"node_1\": {\"op\": \"activation_tanh\", \"input\": [\"node_0\"]}, \"node_6\": {\"op\": \"linear\", \"input\": [\"node_1\", \"x\"]}, \"node_7\": {\"op\": \"activation_leaky_relu\", \"input\": [\"node_6\"]}, \"node_9\": {\"op\": \"linear\", \"input\": [\"h_prev_0\", \"node_7\", \"node_1\"]}, \"h_new_0\": {\"op\": \"activation_sigm\", \"input\": [\"node_9\"]}}", "experiment_id": 999924761, "init_time": "2020-04-23_21-10-36", "num_params": 10094800, "wall_times": [248.25989484786987, 249.1834111213684, 243.23165488243103, 237.74062061309814, 236.34311819076538, 236.4892873764038, 235.54588770866394, 237.64402270317078, 235.73547887802124, 234.92664098739624, 232.50953555107117, 235.3872389793396, 232.33918523788452, 233.2242407798767, 234.93351650238037, 236.79760336875916, 239.08773922920227, 238.25975060462952, 235.54460525512695, 237.65309381484985, 238.05122208595276, 236.70807147026062, 240.89409136772156, 236.7713963985443, 235.8186812400818, 236.92370676994324, 237.8330042362213, 237.32940101623535, 235.93994903564453, 235.2265110015869, 235.15453100204468, 236.2308759689331, 236.0292136669159, 236.7827820777893, 233.76050281524658, 238.5800609588623, 237.8622829914093, 236.41157793998718, 237.95311641693115, 233.65830278396606, 235.4370255470276, 237.03697085380554, 235.91788363456726, 233.1335027217865, 240.44379138946533, 237.38429713249207, 236.92749905586243, 236.20044660568237, 236.67087531089783, 231.65969038009644], "train_losses": [6.222084526787155, 5.972209335162176, 5.8286137277446075, 5.70137684228928, 5.606795206686031, 5.535958259372815, 5.470008169275456, 5.415493804125652, 5.368644438169007, 5.32065582808886, 5.291335105023936, 5.25476877252434, 5.2204086486740895, 5.194612396455274, 5.1693128563552255, 5.148637109353989, 5.128732484804475, 5.109481738475607, 5.0908911738206655, 5.071644629793987, 5.056936572131677, 5.041429236592975, 5.026468200338874, 5.014354223817977, 5.000660181673928, 4.992282472029476, 4.975956107794094, 4.966284509305578, 4.954700863320962, 4.945531439944059, 4.936729297778495, 4.929509322387177, 4.9201940791243075, 4.911668868673014, 4.9047665873272015, 4.895674066080361, 4.88504476292292, 4.881439607874778, 4.873520369399172, 4.868045610107041, 4.862092628825776, 4.85356825883492, 4.848774272497445, 4.842818769834866, 4.835591650529826, 4.832008767683288, 4.825702372787908, 4.822419954547899, 4.81639091159701, 4.810809834059492], "val_losses": [6.236150688559322, 5.999502780720339, 5.866676377118644, 5.7484567002118645, 5.668402409957627, 5.611507547669492, 5.557866128177966, 5.514570974576271, 5.475264168432203, 5.438982719809322, 5.420717359639831, 5.3894077727754235, 5.363703985699153, 5.349203191207627, 5.331203323622882, 5.318331898834746, 5.305092359639831, 5.2941806806144065, 5.2785546875, 5.2656001721398304, 5.259294888771186, 5.249387579449152, 5.238522245762712, 5.232476827330508, 5.224739804025424, 5.219553760593221, 5.2090406514830505, 5.206335407838983, 5.201346001059322, 5.196329118114407, 5.193892346398305, 5.187978350105932, 5.183353416313559, 5.182821438029661, 5.177235500529661, 5.170361493644068, 5.162485103283898, 5.162441737288136, 5.159263771186441, 5.156325807733051, 5.1565221133474575, 5.153054157838983, 5.147081236758474, 5.144188625529661, 5.141621755826272, 5.143445113877118, 5.14070014565678, 5.142122616525424, 5.136302966101695, 5.135076138771186], "test_losses": [6.176329381257585, 5.94323967498483, 5.814053729899879, 5.693909283980583, 5.611661151774879, 5.552150096708131, 5.499693639070085, 5.456711852434769, 5.417877493552791, 5.380933446791565, 5.360235417930825, 5.33178473907767, 5.307646223642294, 5.286611019986347, 5.270699806583738, 5.255547680901092, 5.243249985778216, 5.231909890776699, 5.21758559143659, 5.204276964502427, 5.197487247800364, 5.186545955324636, 5.175887320805522, 5.168838649120145, 5.161895455665959, 5.156167039593447, 5.144109929649575, 5.139921021692961, 5.133434110474818, 5.12696023589199, 5.124385500417172, 5.119112774006371, 5.113051331158981, 5.110887249696602, 5.105016615784284, 5.100088767635012, 5.094584937234527, 5.093008689510012, 5.089309247952063, 5.086357042627427, 5.086230824294599, 5.083203954604065, 5.079057711999393, 5.077138956310679, 5.073187078087075, 5.073859057380158, 5.07012702423392, 5.070911592650182, 5.067520289745145, 5.065390577594053], "status": "OK"}