{"data": "data/ptb", "recepie_id": 2002981, "recepies_list_path": "data/new_recepies_fix.json", "cuda": true, "batch_size": 20, "model": "CustomRNN", "emsize": 400, "nhid": 600, "nlayers": 3, "dropout": 0.1, "dropouth": 0.25, "dropouti": 0.4, "dropoute": 0.0, "wdrop": 0.1, "tied": true, "bptt": 70, "lr": 0.001, "wdecay": 1.2e-06, "epochs": 50, "alpha": 2, "beta": 1, "log_interval": 200, "clip": 0.25, "eval_batch_size": 50, "recepie": "{\"node_0\": {\"op\": \"linear\", \"input\": [\"x\", \"h_prev_0\"]}, \"node_1\": {\"op\": \"activation_leaky_relu\", \"input\": [\"node_0\"]}, \"node_4\": {\"op\": \"linear\", \"input\": [\"x\", \"h_prev_0\"]}, \"node_5\": {\"op\": \"activation_leaky_relu\", \"input\": [\"node_4\"]}, \"h_new_0\": {\"op\": \"elementwise_sum\", \"input\": [\"node_5\", \"node_1\"]}}", "experiment_id": 999987273, "init_time": "2020-05-09_06-56-43", "num_params": 7453200, "wall_times": [146.03799080848694, 108.9025936126709, 107.29374408721924, 106.68739914894104, 103.67585730552673, 105.8093512058258, 107.16495060920715, 105.72284936904907, 105.69351100921631, 105.624440908432, 105.94814038276672, 105.8947765827179, 105.94074416160583, 105.50028848648071, 106.07761907577515, 105.88586735725403, 106.33398509025574, 105.90291404724121, 105.88236165046692, 105.6211187839508, 105.92887496948242, 106.20719885826111, 106.00562000274658, 105.67720937728882, 107.00837302207947, 106.96318674087524, 105.46114730834961, 105.94619870185852, 105.74483394622803, 105.81739974021912, 105.90125346183777, 105.90715742111206, 106.20812058448792, 105.91246175765991, 106.2665581703186, 106.81443214416504, 106.1141107082367, 106.38443899154663, 106.0806314945221, 106.22548127174377, 106.15566730499268, 106.71657037734985, 106.22278308868408, 106.1880841255188, 105.79795336723328, 106.36459136009216, 106.14059209823608, 106.55386161804199, 106.06162214279175, 106.13760876655579], "train_losses": [5.55744252931526, 5.2553739040395895, 5.062465120891829, 4.9620754834328435, 4.870260643590985, 4.813448039373891, 4.756369429428218, 4.70988398284116, 4.680053940750901, 4.639898421951482, 4.6008023035339685, 4.582956386826959, 4.542465524312839, 4.5296106819159805, 4.509696812301652, 4.488893315313861, 4.475988045290732, 4.451280189338927, 4.4379786422193535, 4.426504676321876, 4.4149786018772526, 4.401326582755097, 4.388766321741703, 4.371315001210263, 4.360101998278737, 4.356815377736539, 4.347485426416008, 4.337189786052391, 4.331888161610457, 4.319272430208165, 4.311977653837879, 4.301735382712065, 4.301966509332472, 4.291934773546339, 4.28244807635415, 4.286847886746275, 4.279749778118444, 4.265111898902695, 4.262691372841697, 4.253985043166048, 4.252607108278199, 4.247777402372115, 4.23620510260341, 4.2325138003603895, 4.233628671131193, 4.225221545371416, 4.223053157441773, 4.214961204346189, 4.215671393416169, 4.210960612662041], "val_losses": [5.590233050847457, 5.337700940148305, 5.186213585805085, 5.1195213188559325, 5.059971199682203, 5.024457428495762, 4.991979277012712, 4.9635973914194915, 4.950901085805085, 4.928045550847457, 4.908576867055085, 4.902185513771187, 4.879947364936441, 4.878236559851695, 4.871959414724576, 4.861922007415254, 4.855249602754237, 4.845656448622881, 4.8438284560381355, 4.838009467690678, 4.833118710275424, 4.831586003707627, 4.829024430614407, 4.819917571504237, 4.816567465572034, 4.819058196504237, 4.815037076271186, 4.8120388638771185, 4.809889433262712, 4.807277873411017, 4.807148768538136, 4.800790850105932, 4.800988479872881, 4.803062764830509, 4.796722391419491, 4.799851032838983, 4.799097259004237, 4.792454978813559, 4.793975436970339, 4.792850569385593, 4.789248212394067, 4.791061308262712, 4.78723781779661, 4.790465439618644, 4.785610103283898, 4.784689155190678, 4.788553032309322, 4.785510791843221, 4.78946140095339, 4.789211467161017], "test_losses": [5.551489376327367, 5.298240291262136, 5.141186167892901, 5.071343579338592, 5.008642104065534, 4.973085273816747, 4.937741177753337, 4.910115658658222, 4.897882257850425, 4.87473600813486, 4.853587622781402, 4.850175283487561, 4.826524753015018, 4.825401232080552, 4.816278253944175, 4.806365374222542, 4.801230421344053, 4.790422458093143, 4.78682642075622, 4.78073001602321, 4.778830519000303, 4.776323040712227, 4.77185532653216, 4.763230110835103, 4.762110441633799, 4.76110365784284, 4.760015395081159, 4.7578125, 4.754250535687197, 4.748287163891838, 4.749119434541869, 4.744587426046723, 4.744795123350273, 4.746250189623787, 4.741852399214958, 4.745250220437652, 4.743521384822512, 4.737508829357554, 4.737119804308253, 4.734289669296117, 4.731897743002882, 4.735171123615746, 4.731274058517901, 4.730533340602245, 4.729779289764108, 4.729962098945692, 4.732839639904429, 4.730246534625303, 4.732337136870449, 4.730666669827063], "status": "OK"}