{"data": "data/ptb", "recepie_id": 2001063, "recepies_list_path": "data/new_recepies_fix.json", "cuda": true, "batch_size": 20, "model": "CustomRNN", "emsize": 400, "nhid": 600, "nlayers": 3, "dropout": 0.1, "dropouth": 0.25, "dropouti": 0.4, "dropoute": 0.0, "wdrop": 0.1, "tied": true, "bptt": 70, "lr": 0.001, "wdecay": 1.2e-06, "epochs": 50, "alpha": 2, "beta": 1, "log_interval": 200, "clip": 0.25, "eval_batch_size": 50, "recepie": "{\"node_0\": {\"op\": \"linear\", \"input\": [\"x\", \"h_prev_0\"]}, \"node_1\": {\"op\": \"activation_tanh\", \"input\": [\"node_0\"]}, \"node_2\": {\"op\": \"linear\", \"input\": [\"h_prev_0\", \"node_1\"]}, \"node_3\": {\"op\": \"activation_tanh\", \"input\": [\"node_2\"]}, \"node_4\": {\"op\": \"linear\", \"input\": [\"node_3\", \"x\"]}, \"node_5\": {\"op\": \"activation_leaky_relu\", \"input\": [\"node_4\"]}, \"node_9\": {\"op\": \"linear\", \"input\": [\"h_prev_0\", \"node_5\"]}, \"node_10\": {\"op\": \"activation_leaky_relu\", \"input\": [\"node_9\"]}, \"node_11\": {\"op\": \"linear\", \"input\": [\"node_1\", \"node_5\", \"node_10\"]}, \"node_12\": {\"op\": \"activation_sigm\", \"input\": [\"node_11\"]}, \"node_13\": {\"op\": \"linear\", \"input\": [\"node_10\", \"node_12\"]}, \"h_new_0\": {\"op\": \"activation_sigm\", \"input\": [\"node_13\"]}}", "experiment_id": 999942895, "init_time": "2020-05-17_20-11-13", "num_params": 15379600, "wall_times": [298.21758699417114, 297.9205071926117, 296.487238407135, 295.36572194099426, 289.34461784362793, 289.7076745033264, 289.42674565315247, 289.73672795295715, 289.66718649864197, 290.195095539093, 290.3528506755829, 290.70555901527405, 290.1898057460785, 290.69459104537964, 290.50909399986267, 290.30258798599243, 290.23795437812805, 290.562477350235, 290.266804933548, 294.65562415122986, 290.4779188632965, 291.018262386322, 290.4897801876068, 290.852187871933, 290.7405481338501, 291.01052069664, 290.7832567691803, 292.8684859275818, 289.9545383453369, 289.91357350349426, 289.7669668197632, 289.93894243240356, 290.22605752944946, 289.88911843299866, 290.044228553772, 289.65908098220825, 290.13826155662537, 289.9283847808838, 290.5773377418518, 290.15752243995667, 291.00182032585144, 288.41920948028564, 288.5446882247925, 288.2443940639496, 289.4830746650696, 288.454687833786, 288.50962138175964, 288.36121892929077, 289.0519394874573, 287.89099049568176], "train_losses": [6.591695074229466, 6.260277990694422, 6.185296312731967, 6.142722789252864, 6.105813548894626, 6.057210562234414, 5.965278478161476, 5.855770685412296, 5.761951347426174, 5.687354180114034, 5.635385569630467, 5.59645418145877, 5.564156967753214, 5.541782229976871, 5.517902647786563, 5.495685916572535, 5.478038348528858, 5.462141879807434, 5.444177458178689, 5.426558465789898, 5.410745202651821, 5.395795092383412, 5.383728181647034, 5.367727916061535, 5.356533823489861, 5.341262237103975, 5.334347348851595, 5.321019327228229, 5.312733227771503, 5.2990643994405895, 5.2881737130869775, 5.277457842504438, 5.267231119896724, 5.2565488677316985, 5.2461191739282445, 5.237118683099349, 5.229110355817331, 5.221520998063579, 5.215343613845409, 5.202640894787801, 5.196272726050239, 5.188819943117638, 5.181192344413963, 5.172743615862514, 5.16604892824485, 5.159333649346458, 5.151406426496692, 5.145424029100102, 5.138357857968909, 5.130783628503039], "val_losses": [6.591726694915255, 6.274749735169491, 6.202934984110169, 6.165820974576271, 6.132138506355933, 6.089088320974576, 6.002552304025424, 5.899821901483051, 5.815235037076271, 5.7495511122881355, 5.705391949152542, 5.67188625529661, 5.646200344279661, 5.6308984375, 5.611214247881356, 5.595289327330509, 5.583160752118644, 5.573556673728813, 5.558804290254237, 5.544264764300848, 5.533181276483051, 5.521041114936441, 5.514447497351695, 5.502737685381356, 5.4899990068855935, 5.480425715042373, 5.479071769067796, 5.468276946504237, 5.461013307733051, 5.452423530190678, 5.445089049258475, 5.4400420418432205, 5.434906647245763, 5.423290188029661, 5.416162274894067, 5.411573424258474, 5.409452793961864, 5.403233249470339, 5.402019332627119, 5.391934586864407, 5.390143008474576, 5.3835483977754235, 5.378093551377119, 5.372712195444915, 5.371543299788136, 5.366293697033898, 5.360847457627119, 5.356920352224576, 5.355981528072034, 5.346437698622881], "test_losses": [6.514868875151699, 6.20654059845267, 6.140299676691444, 6.104643886529126, 6.070906852055522, 6.028307868439017, 5.941857199067051, 5.838196393355583, 5.750847973869842, 5.68621352112409, 5.641499047140473, 5.608729686551881, 5.581788294523665, 5.566133665807039, 5.548975083434466, 5.532212340716019, 5.519687689623787, 5.508875578352549, 5.494673941899272, 5.481290650599211, 5.469925667475728, 5.456800146010315, 5.450473229861954, 5.439508826987257, 5.428906487029733, 5.419663512591019, 5.415668969015473, 5.406890572853459, 5.399781458586165, 5.390108867756371, 5.384517928929005, 5.379116613888046, 5.372372525409587, 5.360994505650789, 5.354770697436287, 5.35070326721784, 5.34655524689017, 5.338863039479672, 5.337244718977549, 5.326971850348908, 5.324024978193265, 5.318949579035194, 5.312312746510922, 5.307154386946299, 5.304344399461469, 5.299043229482706, 5.293695838706007, 5.28985832732858, 5.286465839274879, 5.278226093181129], "status": "OK"}