{"data": "data/ptb", "recepie_id": 2006190, "recepies_list_path": "data/new_recepies_fix.json", "cuda": true, "batch_size": 20, "model": "CustomRNN", "emsize": 400, "nhid": 600, "nlayers": 3, "dropout": 0.1, "dropouth": 0.25, "dropouti": 0.4, "dropoute": 0.0, "wdrop": 0.1, "tied": true, "bptt": 70, "lr": 0.001, "wdecay": 1.2e-06, "epochs": 50, "alpha": 2, "beta": 1, "log_interval": 200, "clip": 0.25, "eval_batch_size": 50, "recepie": "{\"node_1\": {\"op\": \"linear\", \"input\": [\"x\", \"h_prev_1\"]}, \"node_2\": {\"op\": \"activation_sigm\", \"input\": [\"node_1\"]}, \"node_3\": {\"op\": \"linear\", \"input\": [\"x\", \"h_prev_0\"]}, \"node_4\": {\"op\": \"activation_tanh\", \"input\": [\"node_3\"]}, \"node_5\": {\"op\": \"linear\", \"input\": [\"node_4\", \"h_prev_1\"]}, \"node_6\": {\"op\": \"activation_sigm\", \"input\": [\"node_5\"]}, \"node_8\": {\"op\": \"linear\", \"input\": [\"h_prev_1\", \"node_2\"]}, \"node_9\": {\"op\": \"activation_tanh\", \"input\": [\"node_8\"]}, \"node_14\": {\"op\": \"linear\", \"input\": [\"node_9\", \"node_2\"]}, \"node_16\": {\"op\": \"linear\", \"input\": [\"node_6\", \"h_prev_0\"]}, \"node_17\": {\"op\": \"activation_sigm\", \"input\": [\"node_16\"]}, \"node_20\": {\"op\": \"linear\", \"input\": [\"node_6\", \"node_17\"]}, \"h_new_0\": {\"op\": \"activation_leaky_relu\", \"input\": [\"node_20\"]}, \"h_new_1\": {\"op\": \"activation_sigm\", \"input\": [\"node_14\"]}}", "experiment_id": 999920506, "init_time": "2020-05-10_18-55-01", "num_params": 16261200, "wall_times": [340.2414517402649, 342.60043716430664, 337.9393835067749, 334.87746119499207, 334.72371006011963, 329.5711319446564, 333.2355673313141, 333.73932242393494, 333.3968856334686, 332.53756046295166, 328.3699769973755, 331.89368867874146, 335.39643383026123, 335.53126215934753, 333.81822967529297, 330.7184727191925, 334.2175555229187, 336.80543184280396, 331.38916206359863, 335.19212102890015, 329.14266657829285, 335.4632022380829, 334.2872440814972, 331.2179446220398, 332.58854937553406, 335.97001242637634, 337.7363474369049, 334.7609775066376, 336.4107527732849, 336.2341470718384, 332.13117146492004, 335.2761585712433, 333.112113237381, 337.44184279441833, 334.1316497325897, 334.4387607574463, 333.0087511539459, 333.8024003505707, 335.0345284938812, 335.89567470550537, 335.6477208137512, 334.8133137226105, 335.6626217365265, 335.56284761428833, 333.90305161476135, 334.69732093811035, 331.86663031578064, 335.25000834465027, 335.96551179885864, 336.6534974575043], "train_losses": [6.476733533699102, 6.281953045156258, 6.1425803312086495, 6.065453377978592, 6.028318894223011, 5.953693151255984, 5.901919107363778, 5.864777479694475, 5.824561027513313, 5.796767841294175, 5.7499184753375285, 5.738283141035986, 5.7120359817922655, 5.695474708864504, 5.670750043703943, 5.646327103840568, 5.594899329648754, 5.57291162390404, 5.570069186703243, 5.545884097143779, 5.544814191006401, 5.511298729896186, 5.503500937953849, 5.47571573610887, 5.454646233392502, 5.437088594615674, 5.422335572319939, 5.433481758646657, 5.420018002662578, 5.4117424089613255, 5.377713006293368, 5.365480945080953, 5.350511924452692, 5.365188044618364, 5.3563581672583505, 5.333825422919692, 5.336395550938626, 5.321757671722876, 5.306604170028509, 5.310961957398741, 5.308678426389113, 5.304052532139207, 5.300648247135711, 5.2761068023506, 5.2683674224086925, 5.276326582755097, 5.258305850277016, 5.258022194879243, 5.248246799526653, 5.257701979452423], "val_losses": [6.473981726694915, 6.296867717161017, 6.166614804025424, 6.0980607786016945, 6.0694266419491525, 5.9950509798728815, 5.946234110169492, 5.910851430084746, 5.878587791313559, 5.853838718220339, 5.813293167372882, 5.805859375, 5.781814088983051, 5.769098914194915, 5.7477734375, 5.726048728813559, 5.680903072033899, 5.6611990201271185, 5.664635858050848, 5.641543299788135, 5.644369041313559, 5.611480402542373, 5.610997086864407, 5.58148967161017, 5.565912341101695, 5.552496358580508, 5.534703720868644, 5.550735897775423, 5.535596199682203, 5.53637016684322, 5.498399761652542, 5.489898040254237, 5.475049655720339, 5.492694319385593, 5.487463254766949, 5.465055614406779, 5.47189453125, 5.454400158898305, 5.443792372881356, 5.45112155720339, 5.4471673066737285, 5.442497351694915, 5.442120299258475, 5.417287473516949, 5.413443127648305, 5.423445444915254, 5.409074086334746, 5.406575410487288, 5.402855203919492, 5.411483381885593], "test_losses": [6.415502455628034, 6.241207382054005, 6.112611048429915, 6.046296054877124, 6.019473770289745, 5.946061513956311, 5.895751360550667, 5.863038887097997, 5.82727524840716, 5.804478913834951, 5.760236129020024, 5.752891170168386, 5.727818165010619, 5.714469835596177, 5.694044983502731, 5.67278341645176, 5.624749341057342, 5.605432010391383, 5.609600770820692, 5.587047984299151, 5.589466280150182, 5.558248871738471, 5.556115604141383, 5.528879702669903, 5.513265961582221, 5.496970167437803, 5.481435238736347, 5.495694947474211, 5.483103928056735, 5.480633485664442, 5.445654415389867, 5.435885827518204, 5.423371250189624, 5.438726036293993, 5.433126208851639, 5.409910924226335, 5.416463611195389, 5.399540280832828, 5.388233369993932, 5.393964156363774, 5.394026969243022, 5.386833116846177, 5.386138027154126, 5.362247800364078, 5.357666608199333, 5.368003474855886, 5.34906005859375, 5.347634917324029, 5.341840725500607, 5.352515952101031], "status": "OK"}