{"data": "data/ptb", "recepie_id": 2009380, "recepies_list_path": "data/new_recepies_fix.json", "cuda": true, "batch_size": 20, "model": "CustomRNN", "emsize": 400, "nhid": 600, "nlayers": 3, "dropout": 0.1, "dropouth": 0.25, "dropouti": 0.4, "dropoute": 0.0, "wdrop": 0.1, "tied": true, "bptt": 70, "lr": 0.001, "wdecay": 1.2e-06, "epochs": 50, "alpha": 2, "beta": 1, "log_interval": 200, "clip": 0.25, "eval_batch_size": 50, "recepie": "{\"node_0\": {\"op\": \"elementwise_prod\", \"input\": [\"h_prev_0\", \"h_prev_1\"]}, \"node_3\": {\"op\": \"linear\", \"input\": [\"x\", \"h_prev_0\"]}, \"node_7\": {\"op\": \"linear\", \"input\": [\"h_new_0\", \"h_prev_0\"]}, \"node_8\": {\"op\": \"activation_sigm\", \"input\": [\"node_7\"]}, \"node_10\": {\"op\": \"linear\", \"input\": [\"h_new_0\", \"node_8\", \"h_prev_1\"]}, \"h_new_0\": {\"op\": \"activation_tanh\", \"input\": [\"node_3\"]}, \"h_new_1\": {\"op\": \"elementwise_prod\", \"input\": [\"node_0\", \"node_10\"]}}", "experiment_id": 999947093, "init_time": "2020-05-15_15-51-16", "num_params": 10134800, "wall_times": [108.44826436042786, 106.97714900970459, 106.66159987449646, 106.90367031097412, 106.95907497406006, 106.8364520072937, 106.94988918304443, 106.84062886238098, 106.89452767372131, 106.79318952560425, 106.92447233200073, 106.65804624557495, 106.13783264160156, 106.30782055854797, 106.32824349403381, 105.30940699577332, 105.2936577796936, 105.10250568389893, 105.17790412902832, 105.42714142799377, 105.19841074943542, 105.2675085067749, 105.2667498588562, 105.41394639015198, 105.1938533782959, 105.34752368927002, 105.32821393013, 107.82142066955566, 105.39532589912415, 105.42762565612793, 107.91767930984497, 105.55868816375732, 105.50335240364075, 105.53845119476318, 105.32814168930054, 105.5056049823761, 105.44870042800903, 105.23883700370789, 105.38006234169006, 105.32819724082947, 105.50761818885803, 105.34892725944519, 105.19236183166504, 105.38566446304321, 105.4759373664856, 105.36913847923279, 105.42612433433533, 105.28591394424438, 105.58217263221741, 105.49444603919983], "train_losses": [5.502617614033672, 5.251075789360443, 5.121738593270938, 5.027239322790598, 4.948218391963853, 4.883885767979129, 4.8352735362541015, 4.792414256226131, 4.7514388682695925, 4.712049008929052, 4.686096431068797, 4.6619197461137105, 4.641291064896993, 4.620464455247163, 4.608397544510785, 4.584574273169813, 4.5802181667204565, 4.561257379242644, 4.5398600969555165, 4.5288235907159375, 4.521158171292561, 4.512651030740681, 4.4975513185143345, 4.489409358022699, 4.477882443117638, 4.464285474154161, 4.462812987467054, 4.456253193749664, 4.45180211527083, 4.440658870555645, 4.430395587918886, 4.422797405330536, 4.421756495078264, 4.411242335000807, 4.403200389301275, 4.405098989430369, 4.390521623366145, 4.382952016432682, 4.383899215346135, 4.374028847964069, 4.373553567586467, 4.368909603437147, 4.369965221747082, 4.359583013958367, 4.3567884830025285, 4.33808361572804, 4.3465592390135015, 4.343513830616965, 4.338367691356033, 4.33879380479802], "val_losses": [5.55101264565678, 5.351031514830509, 5.258976430084746, 5.196281448622881, 5.146630031779661, 5.104597788665254, 5.081327793961864, 5.061301972987288, 5.039922868114407, 5.024795749470339, 5.015223781779661, 5.00605998411017, 4.99738512976695, 4.995635593220339, 4.992716498940678, 4.985416114936441, 4.9891227489406775, 4.980258871822034, 4.9716502251059325, 4.968594412076271, 4.973461996822034, 4.972128244173729, 4.968828787076271, 4.964323358050848, 4.962853879766949, 4.958184255826271, 4.9609623278601696, 4.961684322033898, 4.962404329978813, 4.959993048199152, 4.957498013771186, 4.954302502648305, 4.956170881885593, 4.949784494173729, 4.948134269067797, 4.95330078125, 4.94585407838983, 4.944856660487289, 4.947303032309322, 4.94982719809322, 4.945083752648305, 4.947150754766949, 4.9522169623940675, 4.943923463983051, 4.945134070444915, 4.934046941207627, 4.947591035487288, 4.941873013771186, 4.943438493114407, 4.948798000529661], "test_losses": [5.509870510656857, 5.30773214692051, 5.216497624962075, 5.153617192240595, 5.106638491732403, 5.064364238850121, 5.041317837909587, 5.021468968067355, 5.001023375872269, 4.985193345153216, 4.975897631598908, 4.968580523740898, 4.960139598661256, 4.958121586771845, 4.957981146655037, 4.951779559978004, 4.954280223661256, 4.945771745107706, 4.940687753621814, 4.933731227245145, 4.938466785023514, 4.934458612238319, 4.931033236309163, 4.931408632148817, 4.93062287858389, 4.923142516497269, 4.928387391914442, 4.927855556451001, 4.926112202764715, 4.924201743116656, 4.921202428132585, 4.918627988944933, 4.923772719299909, 4.915395199673847, 4.914911659018507, 4.918666209989381, 4.913340151888653, 4.911738127180674, 4.913615698953277, 4.911458432095722, 4.909330497667628, 4.910850154543386, 4.915450012799606, 4.908576743116656, 4.910429130480128, 4.898429203959345, 4.910027661369842, 4.908062981170358, 4.91024898788304, 4.909764262079035], "status": "OK"}