{"data": "data/ptb", "recepie_id": 2010969, "recepies_list_path": "data/new_recepies_fix.json", "cuda": true, "batch_size": 20, "model": "CustomRNN", "emsize": 400, "nhid": 600, "nlayers": 3, "dropout": 0.1, "dropouth": 0.25, "dropouti": 0.4, "dropoute": 0.0, "wdrop": 0.1, "tied": true, "bptt": 70, "lr": 0.001, "wdecay": 1.2e-06, "epochs": 50, "alpha": 2, "beta": 1, "log_interval": 200, "clip": 0.25, "eval_batch_size": 50, "recepie": "{\"node_0\": {\"op\": \"linear\", \"input\": [\"h_prev_0\", \"x\"]}, \"node_1\": {\"op\": \"activation_tanh\", \"input\": [\"node_0\"]}, \"node_2\": {\"op\": \"elementwise_prod\", \"input\": [\"node_1\", \"h_prev_0\"]}, \"node_5\": {\"op\": \"linear\", \"input\": [\"h_prev_0\", \"node_1\"]}, \"node_6\": {\"op\": \"activation_leaky_relu\", \"input\": [\"node_5\"]}, \"node_7\": {\"op\": \"linear\", \"input\": [\"x\", \"node_6\"]}, \"node_8\": {\"op\": \"activation_sigm\", \"input\": [\"node_7\"]}, \"h_new_0\": {\"op\": \"blend\", \"input\": [\"node_8\", \"node_6\", \"node_2\"]}}", "experiment_id": 999944972, "init_time": "2020-05-17_05-36-22", "num_params": 9214800, "wall_times": [180.2454812526703, 180.38263463974, 180.0659658908844, 177.67261052131653, 175.16472387313843, 175.212721824646, 175.2762041091919, 175.24657607078552, 175.31000542640686, 175.41301321983337, 175.36266922950745, 174.7720353603363, 174.313218832016, 174.31231141090393, 174.3919997215271, 175.03410482406616, 175.49107432365417, 175.4670867919922, 175.33551383018494, 175.30879735946655, 175.6113986968994, 175.43855214118958, 175.55617475509644, 175.52505040168762, 175.66774916648865, 175.81169486045837, 175.77774238586426, 175.5162274837494, 175.15590906143188, 175.49266648292542, 175.64014196395874, 175.73765015602112, 175.2934639453888, 175.38493299484253, 175.5173819065094, 175.3510377407074, 175.5578601360321, 175.68267273902893, 175.68124914169312, 175.49319887161255, 175.41135597229004, 175.50063824653625, 175.5768141746521, 175.67545127868652, 174.72775554656982, 175.67864227294922, 175.8710675239563, 175.7712104320526, 175.66736221313477, 175.58065533638], "train_losses": [5.659196654295089, 5.29059634029907, 5.071034875746329, 4.91292703794847, 4.78654153891668, 4.688439634769512, 4.600414851272121, 4.525126825480071, 4.456120821230703, 4.396473764186972, 4.342986441692217, 4.29580971639503, 4.252145695497822, 4.207381091657253, 4.169727623581303, 4.133640353531279, 4.099261319321177, 4.070048175192297, 4.037414777311603, 4.009435008875262, 3.985004504867947, 3.9587191046743047, 3.9376815394545748, 3.9133775247431553, 3.8909813552256467, 3.8746688585874884, 3.8559102018449787, 3.8381525334839437, 3.8221430228336293, 3.804208017320209, 3.7874458743478026, 3.7729365855790435, 3.7594728295949653, 3.7453825103544727, 3.7308959140175353, 3.7149969239147973, 3.7050572185466084, 3.695489416922167, 3.681886144505406, 3.672498621644882, 3.6619012559840782, 3.650170529422839, 3.640541794416653, 3.6334239349685333, 3.6215873103921252, 3.61358948886558, 3.604907532542628, 3.596805914152009, 3.5878756017696736, 3.5786515484643107], "val_losses": [5.682717161016949, 5.361037804555084, 5.185755097987288, 5.066479740466102, 4.9819706700211865, 4.9159004237288135, 4.861395656779661, 4.821405256885593, 4.7827519200211865, 4.755317465572034, 4.729529925847458, 4.713966167902543, 4.694141287076271, 4.677473847987288, 4.665645855402542, 4.65739406779661, 4.643186904131356, 4.639549457097457, 4.631746888241525, 4.625877251059322, 4.623188559322034, 4.616169557733051, 4.614398834745763, 4.610650158898305, 4.605990466101695, 4.602235831567796, 4.604382613877118, 4.600961003707627, 4.598257746292373, 4.599997682733051, 4.598091896186441, 4.600749470338983, 4.595837195444915, 4.598711930614407, 4.594343220338983, 4.600891154661017, 4.598123675847457, 4.598032309322034, 4.600551509533898, 4.598504038665254, 4.600638241525424, 4.595589247881356, 4.593991657838983, 4.596071901483051, 4.603684454449152, 4.5993442134533895, 4.599419028072034, 4.598842690677966, 4.600210871292373, 4.6028998940677965], "test_losses": [5.641521564965109, 5.323257001858313, 5.146016833851639, 5.026953836089199, 4.939719190875303, 4.876832536123331, 4.822538505480128, 4.780562910061438, 4.744842825584041, 4.719152357971784, 4.693913135713744, 4.676280790162318, 4.658050537109375, 4.642000068738622, 4.629872146162015, 4.620835683878186, 4.608614727131371, 4.600979703143962, 4.595452466057342, 4.587166499165655, 4.58285640975804, 4.576749042399879, 4.573635953143962, 4.569233125853307, 4.565357689718598, 4.561389219413683, 4.560381546761226, 4.556378410857858, 4.555458439206614, 4.55476601609906, 4.554794163379855, 4.554453729425819, 4.55343746444554, 4.553499684750455, 4.549734467441596, 4.552724893810679, 4.552578824237712, 4.552891999772451, 4.551617668670358, 4.551056500777458, 4.552936146560224, 4.549254778519417, 4.544992983919903, 4.548408286085406, 4.551593373122724, 4.550551331158981, 4.550342744993932, 4.549836982801122, 4.551124646825698, 4.55294918319554], "status": "OK"}