{"data": "data/ptb", "recepie_id": 1012535, "recepies_list_path": "data/models_recepies.json", "cuda": true, "batch_size": 20, "model": "CustomRNN", "emsize": 400, "nhid": 600, "nlayers": 3, "dropout": 0.1, "dropouth": 0.25, "dropouti": 0.4, "dropoute": 0.0, "wdrop": 0.1, "tied": true, "bptt": 70, "lr": 0.001, "wdecay": 1.2e-06, "epochs": 50, "alpha": 2, "beta": 1, "log_interval": 200, "clip": 0.25, "eval_batch_size": 50, "recepie": "{\"node_2\": {\"op\": \"linear\", \"input\": [\"x\", \"h_prev_0\"]}, \"node_3\": {\"op\": \"activation_sigm\", \"input\": [\"node_2\"]}, \"node_4\": {\"op\": \"linear\", \"input\": [\"h_prev_0\", \"h_prev_2\"]}, \"node_5\": {\"op\": \"activation_sigm\", \"input\": [\"node_4\"]}, \"node_6\": {\"op\": \"linear\", \"input\": [\"node_3\", \"h_prev_1\", \"h_prev_0\"]}, \"node_7\": {\"op\": \"activation_leaky_relu\", \"input\": [\"node_6\"]}, \"node_8\": {\"op\": \"linear\", \"input\": [\"h_prev_0\", \"node_7\", \"node_5\"]}, \"node_10\": {\"op\": \"linear\", \"input\": [\"h_new_0\", \"node_5\"]}, \"h_new_0\": {\"op\": \"activation_tanh\", \"input\": [\"node_8\"]}, \"h_new_1\": {\"op\": \"elementwise_sum\", \"input\": [\"node_7\", \"h_new_2\"]}, \"h_new_2\": {\"op\": \"activation_tanh\", \"input\": [\"node_10\"]}}", "experiment_id": 999932402, "init_time": "2020-04-18_03-42-20", "num_params": 14538000, "wall_times": [317.44620537757874, 277.62332582473755, 275.6673421859741, 276.36357831954956, 276.5444462299347, 276.6128888130188, 276.0327625274658, 275.9515812397003, 277.54923605918884, 276.5729773044586, 276.96853399276733, 277.0934171676636, 274.7430167198181, 276.55789709091187, 276.3616826534271, 276.88197588920593, 275.60212564468384, 276.66717195510864, 275.59273195266724, 276.6784038543701, 276.04538440704346, 275.68418741226196, 277.17883491516113, 276.94326877593994, 277.50533294677734, 276.56131529808044, 275.61525321006775, 277.34043049812317, 275.9935874938965, 276.5465612411499, 275.71392846107483, 276.98747181892395, 275.42075419425964, 276.45816826820374, 276.1067099571228, 276.51945781707764, 276.615629196167, 275.623300075531, 276.09167075157166, 276.0766625404358, 275.93452978134155, 275.97586488723755, 276.5774664878845, 276.93011236190796, 277.67874479293823, 276.4717626571655, 276.35542368888855, 277.6146306991577, 275.2011637687683, 275.990859746933], "train_losses": [6.544788136732827, 6.1554473602818565, 5.9957766862998225, 5.860101578048518, 5.748150987036738, 5.6433279207681135, 5.566836355629068, 5.494494143671669, 5.4414762183314505, 5.389579887445538, 5.351576787827443, 5.306233947205637, 5.274327547603679, 5.2418151760260345, 5.218283964687214, 5.197768745629606, 5.164466341240385, 5.140742244231079, 5.135222520305525, 5.105514765208972, 5.0863098239739655, 5.074887546393416, 5.055066547657469, 5.038056468855898, 5.022565102065515, 5.010292698752084, 4.9955569058953255, 4.987259880452907, 4.965021717497714, 4.958650607148621, 4.946180695632295, 4.9281322279597655, 4.920994617691356, 4.9157757786025496, 4.899861239981711, 4.895956040557259, 4.882579692458717, 4.878389576945834, 4.86777666276693, 4.868235554165994, 4.857652896562853, 4.854620095072884, 4.840565075170781, 4.829727758054973, 4.830387099268464, 4.817441066914098, 4.805463665214351, 4.800156157549352, 4.803283931068797, 4.791326700419558], "val_losses": [6.540309851694915, 6.1698556673728815, 6.022390757415255, 5.900012579449153, 5.802424523305085, 5.707640360169491, 5.640601165254237, 5.579949020127119, 5.536930945444915, 5.49588718220339, 5.467300384004237, 5.431480402542373, 5.410818657309322, 5.3833623543432205, 5.3672858183262715, 5.354930481991525, 5.327002780720339, 5.309970868644068, 5.311882944915254, 5.288128972457627, 5.273136917372882, 5.2672891287076276, 5.248917174258475, 5.238471596927966, 5.226396649894068, 5.216702198093221, 5.206689618644067, 5.199885460805085, 5.18606826006356, 5.1813671875, 5.170653469279661, 5.159747086864407, 5.152447033898305, 5.150706435381356, 5.138324284957627, 5.139769597457627, 5.132142809851695, 5.124752052436441, 5.119625595868644, 5.1183679819915255, 5.110112552966101, 5.113238546080509, 5.10086467161017, 5.095336665783898, 5.0970726297669495, 5.081481726694915, 5.079246888241525, 5.075288665254237, 5.077598318326271, 5.068774496822034], "test_losses": [6.469824337264867, 6.111188277457524, 5.971554654315837, 5.850190097845874, 5.756005740860133, 5.662089227472694, 5.595936599287015, 5.538199119197512, 5.494315434428095, 5.451692155263956, 5.418252593105279, 5.38189460235892, 5.360975543272148, 5.333755048733313, 5.316270550477852, 5.300878432190534, 5.274646944212682, 5.257987902002427, 5.258024049036711, 5.237336093939624, 5.220432911104369, 5.215936457069175, 5.19818826323574, 5.18761732971784, 5.171838260391383, 5.162247444819478, 5.154312874506978, 5.147364347883799, 5.134623407160194, 5.127125564130765, 5.119522242870145, 5.110845176918993, 5.101829751023969, 5.099141833851639, 5.087096575394417, 5.08751730317051, 5.078086482668386, 5.074673847087379, 5.066668167854976, 5.06780768829642, 5.059276988205401, 5.062047273209951, 5.052483716057342, 5.044895209155037, 5.046265833586165, 5.031934423354065, 5.028217204566141, 5.023285800970874, 5.026592365746359, 5.017260505157767], "status": "OK"}