{"data": "data/ptb", "recepie_id": 2011232, "recepies_list_path": "data/new_recepies_fix.json", "cuda": true, "batch_size": 20, "model": "CustomRNN", "emsize": 400, "nhid": 600, "nlayers": 3, "dropout": 0.1, "dropouth": 0.25, "dropouti": 0.4, "dropoute": 0.0, "wdrop": 0.1, "tied": true, "bptt": 70, "lr": 0.001, "wdecay": 1.2e-06, "epochs": 50, "alpha": 2, "beta": 1, "log_interval": 200, "clip": 0.25, "eval_batch_size": 50, "recepie": "{\"node_0\": {\"op\": \"linear\", \"input\": [\"h_prev_0\", \"h_prev_1\"]}, \"node_1\": {\"op\": \"activation_leaky_relu\", \"input\": [\"node_0\"]}, \"node_3\": {\"op\": \"linear\", \"input\": [\"node_1\", \"h_prev_0\"]}, \"node_4\": {\"op\": \"activation_tanh\", \"input\": [\"node_3\"]}, \"node_6\": {\"op\": \"linear\", \"input\": [\"h_prev_0\", \"node_1\"]}, \"node_7\": {\"op\": \"activation_sigm\", \"input\": [\"node_6\"]}, \"node_10\": {\"op\": \"linear\", \"input\": [\"h_prev_0\", \"node_4\", \"h_prev_1\"]}, \"node_11\": {\"op\": \"activation_sigm\", \"input\": [\"node_10\"]}, \"node_15\": {\"op\": \"linear\", \"input\": [\"x\", \"h_prev_0\"]}, \"node_18\": {\"op\": \"linear\", \"input\": [\"h_prev_0\", \"node_1\", \"h_new_0\"]}, \"node_19\": {\"op\": \"activation_sigm\", \"input\": [\"node_18\"]}, \"h_new_0\": {\"op\": \"activation_tanh\", \"input\": [\"node_15\"]}, \"h_new_1\": {\"op\": \"linear\", \"input\": [\"node_19\", \"node_7\", \"node_11\"]}}", "experiment_id": 999927870, "init_time": "2020-05-16_23-29-00", "num_params": 18941200, "wall_times": [199.26239371299744, 199.60724592208862, 196.8739984035492, 194.51913595199585, 197.6185462474823, 198.6767601966858, 196.08915305137634, 199.39920210838318, 198.82420110702515, 196.84035634994507, 195.8389539718628, 196.66944360733032, 199.31345391273499, 197.41567969322205, 197.99939632415771, 197.258043050766, 198.37762999534607, 196.05492162704468, 195.98364663124084, 198.03462600708008, 193.25434255599976, 195.7325084209442, 197.992910861969, 193.13525700569153, 196.07202816009521, 198.87196445465088, 194.93860578536987, 192.76241421699524, 192.6190094947815, 192.61411142349243, 192.40017080307007, 191.5486147403717, 191.51713347434998, 190.98205971717834, 191.0044140815735, 190.50492596626282, 190.65765714645386, 191.00790071487427, 191.45572781562805, 191.53547286987305, 190.28281092643738, 192.00111317634583, 191.3776354789734, 190.0821681022644, 190.12574338912964, 190.37603425979614, 189.9777717590332, 191.9615557193756, 192.0692298412323, 192.07562613487244], "train_losses": [5.491881152170405, 5.263624704157926, 5.125031517266419, 5.025031853450594, 4.95089273707708, 4.88500568151256, 4.830663190522296, 4.781844205529557, 4.751887253913184, 4.720821314749072, 4.692341892582433, 4.661148203431768, 4.643042164219246, 4.616380657979668, 4.603646841885859, 4.5796256421117745, 4.571580334570491, 4.554437463019741, 4.534960632833092, 4.51978485893712, 4.519307897638642, 4.507468751680921, 4.49836488421817, 4.485039804206337, 4.479564204453768, 4.469695097762358, 4.454943336157281, 4.4484276666128775, 4.44762250551342, 4.439165792587811, 4.42764644182669, 4.419461617852725, 4.4155408699101715, 4.411039784035286, 4.404579164649562, 4.400300800790705, 4.395794251922974, 4.386700469985477, 4.385003160131246, 4.3783694058953255, 4.37307618605777, 4.362867113119251, 4.356174526652682, 4.35148433717928, 4.349511356301436, 4.352940855118068, 4.340599534048733, 4.342564530552417, 4.338081094346727, 4.334319193426927], "val_losses": [5.539144928495762, 5.359883805614407, 5.2569680217161014, 5.193031647245762, 5.14375827595339, 5.103899629237288, 5.073765889830509, 5.050174126059322, 5.039396186440678, 5.032591366525423, 5.020167836334746, 5.007685381355932, 5.0053293829449155, 4.992864804025424, 4.9903273967161015, 4.98133938029661, 4.987182534427966, 4.980243975105933, 4.9738413665254235, 4.9719372351694915, 4.9754508739406775, 4.9730293299788135, 4.969393207097458, 4.965999404131356, 4.965049324682203, 4.964535222457627, 4.955005627648305, 4.962577131885594, 4.967805548199152, 4.956719412076271, 4.95336235434322, 4.951212923728813, 4.951507547669491, 4.950756753177966, 4.951162936970339, 4.950993776483051, 4.955263175317796, 4.951910421080508, 4.952748278601695, 4.951214578919491, 4.949035354872882, 4.947606263241526, 4.947481130826271, 4.941928297139831, 4.946434719279661, 4.954186639300848, 4.943570577330508, 4.945535950741525, 4.943736758474576, 4.945605137711865], "test_losses": [5.499025215222997, 5.319574152381675, 5.21338364684466, 5.150735503261529, 5.105686224780037, 5.067212151092233, 5.038378076645935, 5.014884874658677, 5.001519953162925, 4.992589265397451, 4.983208813713592, 4.968698742320236, 4.964369394246814, 4.952855674965868, 4.953594318871359, 4.945325240348149, 4.94696756011074, 4.94144269332145, 4.935555763614988, 4.930987608085558, 4.938203978307039, 4.93344234725804, 4.932780145441444, 4.926847587511378, 4.926969065249545, 4.928234211449484, 4.919593885106948, 4.924447661464654, 4.929515949730734, 4.920385268128034, 4.915861259386378, 4.914976545907919, 4.916455611441899, 4.914977731056584, 4.917425359337075, 4.916292653500455, 4.917604316785497, 4.915985996283374, 4.913727399214958, 4.915979477965716, 4.913816285364836, 4.91007536360361, 4.911034741447967, 4.905404692714654, 4.908556595589351, 4.915555787317961, 4.909515084572209, 4.911701387572057, 4.907466851391838, 4.910723936210558], "status": "OK"}