{"data": "data/ptb", "recepie_id": 2004421, "recepies_list_path": "data/new_recepies_fix.json", "cuda": true, "batch_size": 20, "model": "CustomRNN", "emsize": 400, "nhid": 600, "nlayers": 3, "dropout": 0.1, "dropouth": 0.25, "dropouti": 0.4, "dropoute": 0.0, "wdrop": 0.1, "tied": true, "bptt": 70, "lr": 0.001, "wdecay": 1.2e-06, "epochs": 50, "alpha": 2, "beta": 1, "log_interval": 200, "clip": 0.25, "eval_batch_size": 50, "recepie": "{\"node_0\": {\"op\": \"linear\", \"input\": [\"h_prev_0\", \"x\"]}, \"node_1\": {\"op\": \"activation_leaky_relu\", \"input\": [\"node_0\"]}, \"node_2\": {\"op\": \"linear\", \"input\": [\"h_prev_0\", \"h_prev_2\"]}, \"node_3\": {\"op\": \"activation_leaky_relu\", \"input\": [\"node_2\"]}, \"node_6\": {\"op\": \"linear\", \"input\": [\"h_prev_2\", \"h_prev_1\"]}, \"node_7\": {\"op\": \"activation_sigm\", \"input\": [\"node_6\"]}, \"node_12\": {\"op\": \"linear\", \"input\": [\"h_prev_2\", \"node_1\"]}, \"node_13\": {\"op\": \"activation_leaky_relu\", \"input\": [\"node_12\"]}, \"h_new_0\": {\"op\": \"activation_leaky_relu\", \"input\": [\"h_new_2\"]}, \"h_new_1\": {\"op\": \"linear\", \"input\": [\"h_new_0\", \"node_13\"]}, \"h_new_2\": {\"op\": \"linear\", \"input\": [\"node_7\", \"node_3\"]}}", "experiment_id": 999935936, "init_time": "2020-05-08_16-05-22", "num_params": 14539600, "wall_times": [283.4493098258972, 283.06207513809204, 284.7094738483429, 284.0561480522156, 277.9790766239166, 283.0199658870697, 277.41193175315857, 277.63358998298645, 279.92675971984863, 285.7024595737457, 282.47424960136414, 281.5293035507202, 278.9655122756958, 281.39184617996216, 283.33432149887085, 277.02925205230713, 277.41689443588257, 277.49902606010437, 276.95997953414917, 276.51922631263733, 277.0776319503784, 277.31545066833496, 277.89964485168457, 278.9834587574005, 276.7601902484894, 277.14475774765015, 277.5786974430084, 277.28222703933716, 277.70156836509705, 278.013552904129, 277.7049686908722, 277.1799910068512, 279.51200795173645, 277.9848823547363, 276.9981906414032, 277.362863779068, 281.3416736125946, 282.37817573547363, 278.53077721595764, 277.10593247413635, 280.9634487628937, 280.1867835521698, 277.75557112693787, 277.7380533218384, 280.3608920574188, 277.5917236804962, 281.90450143814087, 277.12947964668274, 279.545040845871, 280.3413803577423], "train_losses": [6.551775304582863, 6.5579606731751925, 6.545233160534667, 6.574159287424022, 6.5751455677478345, 6.593316322414071, 6.601830606879673, 6.562239877494487, 6.599430251869184, 6.616892918616535, 6.594258898795116, 6.617026551826153, 6.633941658598246, 6.579199528669786, 6.592318695874348, 6.623766624307461, 6.6506815293690495, 6.603088776155129, 6.640618696546716, 6.596971905088484, 6.6037296272389865, 6.609545193238664, 6.5687177263191865, 6.59499472190845, 6.582407986391265, 6.590174261067183, 6.595094736700554, 6.577482467995266, 6.579990822172019, 6.58784198335216, 6.581312446210532, 6.577639634097144, 6.5594688794309075, 6.589118222527029, 6.592860372626539, 6.591878294604916, 6.581698637781722, 6.584978114410198, 6.607329739524501, 6.56939933973428, 6.585933297697811, 6.576475176160508, 6.561939833118175, 6.5755023432037, 6.569630046124469, 6.57018012748104, 6.569703166182562, 6.565343697891453, 6.577623665348825, 6.556704605050831], "val_losses": [6.546744570974576, 6.553101165254238, 6.53978813559322, 6.568207759533898, 6.569206832627119, 6.587208686440678, 6.59528469279661, 6.5559560381355935, 6.593646716101695, 6.610931541313559, 6.588659957627119, 6.61117783368644, 6.629283633474576, 6.5741035487288135, 6.587274231991525, 6.619788797669491, 6.646161281779661, 6.5971332097457624, 6.635426377118644, 6.591026218220339, 6.598526218220339, 6.604279661016949, 6.562999867584746, 6.590208554025423, 6.576812102754237, 6.5857236493644065, 6.590392611228814, 6.572093485169492, 6.575112552966102, 6.582853548728814, 6.576122881355932, 6.572262314618644, 6.554757680084745, 6.584613347457627, 6.588650026483051, 6.588077992584746, 6.577774761652543, 6.580827595338983, 6.603493114406779, 6.564678893008475, 6.581492319915254, 6.572206038135593, 6.557686705508474, 6.571134798728814, 6.565503840042373, 6.566202992584746, 6.56548000529661, 6.561343352754237, 6.573512976694915, 6.552337129237288], "test_losses": [6.480498378716626, 6.488790271351639, 6.47496847504551, 6.507458140549151, 6.50896979767142, 6.528458974893811, 6.537432920585558, 6.49432373046875, 6.534969589085255, 6.55365227264108, 6.529157027457524, 6.553322208737864, 6.571595423429915, 6.512668054080704, 6.526232080552185, 6.560229847732099, 6.588441719129247, 6.537312627996056, 6.577499241504855, 6.530581576152913, 6.537695431014867, 6.54406501251517, 6.499700749962075, 6.529017179915049, 6.514963687044903, 6.523381798012743, 6.528680005119842, 6.509719404202063, 6.512426876327367, 6.521046462568265, 6.513838980961772, 6.509746662621359, 6.489087151092233, 6.522183612712379, 6.526382594432645, 6.525394180445995, 6.513985346821905, 6.517821673050667, 6.542077518203883, 6.500301027760922, 6.518738385543083, 6.50842048126517, 6.491929730165352, 6.507469399461469, 6.50079345703125, 6.501640245752427, 6.500751976827973, 6.495690206879551, 6.509823104710255, 6.484606103989685], "status": "OK"}