{"data": "data/ptb", "recepie_id": 2003205, "recepies_list_path": "data/new_recepies_fix.json", "cuda": true, "batch_size": 20, "model": "CustomRNN", "emsize": 400, "nhid": 600, "nlayers": 3, "dropout": 0.1, "dropouth": 0.25, "dropouti": 0.4, "dropoute": 0.0, "wdrop": 0.1, "tied": true, "bptt": 70, "lr": 0.001, "wdecay": 1.2e-06, "epochs": 50, "alpha": 2, "beta": 1, "log_interval": 200, "clip": 0.25, "eval_batch_size": 50, "recepie": "{\"node_2\": {\"op\": \"linear\", \"input\": [\"x\", \"h_prev_0\"]}, \"node_3\": {\"op\": \"activation_leaky_relu\", \"input\": [\"node_2\"]}, \"node_6\": {\"op\": \"linear\", \"input\": [\"node_3\", \"x\"]}, \"node_8\": {\"op\": \"linear\", \"input\": [\"h_prev_0\", \"x\"]}, \"node_9\": {\"op\": \"activation_tanh\", \"input\": [\"node_8\"]}, \"node_12\": {\"op\": \"linear\", \"input\": [\"node_9\", \"x\"]}, \"node_13\": {\"op\": \"activation_tanh\", \"input\": [\"node_12\"]}, \"node_16\": {\"op\": \"linear\", \"input\": [\"h_prev_1\", \"node_9\", \"node_13\"]}, \"h_new_0\": {\"op\": \"activation_sigm\", \"input\": [\"node_16\"]}, \"h_new_1\": {\"op\": \"activation_leaky_relu\", \"input\": [\"node_6\"]}}", "experiment_id": 999936788, "init_time": "2020-05-14_12-27-02", "num_params": 13538000, "wall_times": [251.9083709716797, 251.42775774002075, 251.54659986495972, 244.85714602470398, 243.71552658081055, 243.68417358398438, 243.81209444999695, 243.81604385375977, 243.75659441947937, 244.28622817993164, 244.31906056404114, 244.172949552536, 244.13537502288818, 244.23800587654114, 244.01705408096313, 243.88479208946228, 243.99540781974792, 244.07412791252136, 243.84429049491882, 244.2930760383606, 243.2540009021759, 243.72682166099548, 243.35895419120789, 243.90610790252686, 243.61144399642944, 244.04268741607666, 243.22326755523682, 243.53270721435547, 243.6545844078064, 243.70774102210999, 243.76018476486206, 243.51013565063477, 243.87342357635498, 244.34247660636902, 244.38788485527039, 243.3106393814087, 244.04965448379517, 243.5118763446808, 240.70874857902527, 241.93642568588257, 238.84447479248047, 237.2374768257141, 237.36150813102722, 236.85683846473694, 237.9700047969818, 237.08454394340515, 237.68418550491333, 236.63495135307312, 237.59133315086365, 238.23457074165344], "train_losses": [6.582265108116831, 6.303445719703082, 6.024336372438277, 5.841706840675596, 5.6768093432305955, 5.549499757947394, 5.4510389771932655, 5.366246184309612, 5.302949848044753, 5.24374445296111, 5.194632147275564, 5.148331181754612, 5.112125827013071, 5.072548965225109, 5.041717514523157, 5.015111478672476, 4.978941423269323, 4.955597634608144, 4.928163745226184, 4.9011068023506, 4.8768145540853105, 4.855209257839815, 4.832341169786456, 4.813192119170567, 4.794896135899091, 4.7771157751062345, 4.758492852724436, 4.7392059665967405, 4.72317544443548, 4.710716879135066, 4.692084291458232, 4.679389136544565, 4.667468886154591, 4.654197175380561, 4.6410893543919105, 4.626460300010758, 4.61604027150234, 4.603754841052122, 4.589830092517885, 4.578939406164273, 4.567739010139315, 4.5584023351352805, 4.547851194798558, 4.539386917729009, 4.525137751465763, 4.5185842612016565, 4.508125151282878, 4.501314480124791, 4.4919063659835405, 4.4823335215964715], "val_losses": [6.5792366260593225, 6.309894729872881, 6.046074549788136, 5.877417902542373, 5.730689221398305, 5.617903204449153, 5.539823556673729, 5.469427304025424, 5.417805879237288, 5.374396848516949, 5.336677370233051, 5.303023702330509, 5.27367717161017, 5.244490863347457, 5.224002251059322, 5.205062235169492, 5.178952264300848, 5.167106726694915, 5.14692531779661, 5.130795153601695, 5.111985566737288, 5.101276814088983, 5.085601827330509, 5.075440280720339, 5.06085639565678, 5.05062202065678, 5.0406448622881355, 5.028632150423729, 5.025440280720339, 5.013149496822034, 5.00497219279661, 4.997875397245763, 4.98836765095339, 4.9828072033898305, 4.977543034957627, 4.968942995233051, 4.964871888241525, 4.958051509533898, 4.952848583156779, 4.9463360699152545, 4.941896848516949, 4.938569915254237, 4.933025357521187, 4.926100701800848, 4.923515625, 4.918706302966101, 4.915687235169491, 4.9100311175847455, 4.9077198093220336, 4.904798397775424], "test_losses": [6.518693349893811, 6.260348718143204, 6.001901571033071, 5.832819373862257, 5.682689481568568, 5.569674890018204, 5.485854658108313, 5.414410933707524, 5.363903453049151, 5.317910796230279, 5.279724713668083, 5.245576432607706, 5.218001578618022, 5.189551492339199, 5.168765169902913, 5.149204291186287, 5.123865220153216, 5.111127242301274, 5.089340654391687, 5.074596219849818, 5.055582287242111, 5.044514183859223, 5.029574199787621, 5.019027561817355, 5.005024437765473, 4.997098756067961, 4.984933797595571, 4.974722556697512, 4.968200979880916, 4.959883310262439, 4.948862020251821, 4.941483877237561, 4.933788706955401, 4.928857303360133, 4.922383428777306, 4.914205606701304, 4.909504121947057, 4.904257468806887, 4.898077214805825, 4.892101991523817, 4.888220333358617, 4.88620824721253, 4.87952134215716, 4.874199135789594, 4.86923336288304, 4.866976839824788, 4.861850182986954, 4.85685507765094, 4.855135130650789, 4.851641312386226], "status": "OK"}