{"data": "data/ptb", "recepie_id": 2004155, "recepies_list_path": "data/new_recepies_fix.json", "cuda": true, "batch_size": 20, "model": "CustomRNN", "emsize": 400, "nhid": 600, "nlayers": 3, "dropout": 0.1, "dropouth": 0.25, "dropouti": 0.4, "dropoute": 0.0, "wdrop": 0.1, "tied": true, "bptt": 70, "lr": 0.001, "wdecay": 1.2e-06, "epochs": 50, "alpha": 2, "beta": 1, "log_interval": 200, "clip": 0.25, "eval_batch_size": 50, "recepie": "{\"node_0\": {\"op\": \"linear\", \"input\": [\"x\", \"h_prev_2\"]}, \"node_1\": {\"op\": \"activation_sigm\", \"input\": [\"node_0\"]}, \"node_2\": {\"op\": \"linear\", \"input\": [\"h_prev_1\", \"h_prev_2\", \"h_prev_0\"]}, \"node_3\": {\"op\": \"activation_tanh\", \"input\": [\"node_2\"]}, \"node_4\": {\"op\": \"linear\", \"input\": [\"node_3\", \"h_prev_0\"]}, \"node_5\": {\"op\": \"activation_leaky_relu\", \"input\": [\"node_4\"]}, \"node_8\": {\"op\": \"linear\", \"input\": [\"node_3\", \"h_prev_1\"]}, \"node_10\": {\"op\": \"linear\", \"input\": [\"node_5\", \"node_1\"]}, \"node_11\": {\"op\": \"activation_leaky_relu\", \"input\": [\"node_10\"]}, \"h_new_0\": {\"op\": \"activation_sigm\", \"input\": [\"node_8\"]}, \"h_new_1\": {\"op\": \"activation_tanh\", \"input\": [\"h_new_2\"]}, \"h_new_2\": {\"op\": \"linear\", \"input\": [\"node_11\", \"node_1\"]}}", "experiment_id": 999981736, "init_time": "2020-05-12_16-38-14", "num_params": 15419600, "wall_times": [310.56605792045593, 301.63791966438293, 297.5480592250824, 298.2301368713379, 298.27875328063965, 297.51122283935547, 297.8013324737549, 297.5135979652405, 296.5364589691162, 297.4938106536865, 297.5655837059021, 297.7603409290314, 298.09012818336487, 297.71682500839233, 297.9874312877655, 298.05232405662537, 298.6969654560089, 298.33001828193665, 298.1383972167969, 298.0342540740967, 298.2505826950073, 298.24600172042847, 298.3795781135559, 298.18093395233154, 298.4785223007202, 298.32330656051636, 298.4588613510132, 298.70724725723267, 298.7196879386902, 298.5356321334839, 297.64481115341187, 298.20176672935486, 298.30044507980347, 298.4418566226959, 298.74245738983154, 298.5729331970215, 298.3601105213165, 297.73942828178406, 298.3575928211212, 298.15813636779785, 298.07325315475464, 298.18017411231995, 298.28505539894104, 298.16149044036865, 298.27824687957764, 298.11683106422424, 298.14070534706116, 298.1089527606964, 298.1748278141022, 298.10913729667664], "train_losses": [6.587365442283901, 6.564952883787854, 6.554346273062235, 6.550347362298962, 6.547419198133506, 6.545406295384864, 6.54392876593513, 6.5447351877252435, 6.5436140135011565, 6.5434539057877465, 6.543248833440912, 6.542128079447044, 6.542089418266904, 6.542882392690012, 6.5422860860093595, 6.541853669114087, 6.544236794685601, 6.54220792318864, 6.543281191167769, 6.542491998816632, 6.54239114356409, 6.542773973293529, 6.542538644370932, 6.541030438115217, 6.541166172475929, 6.543493827658544, 6.543524084234307, 6.543414824377387, 6.543610231429186, 6.543927085014254, 6.543929186165349, 6.544369167204561, 6.545910571647571, 6.545515555241784, 6.54607908396536, 6.546550582270991, 6.546980057554731, 6.547361206363294, 6.547081333037491, 6.547545687429401, 6.547493158652036, 6.547716721128503, 6.54717546460653, 6.547088897181432, 6.54685146710774, 6.54723009453499, 6.547305315744177, 6.546859451481899, 6.547464582997149, 6.546672869264698], "val_losses": [6.586810778601695, 6.5628899629237285, 6.551084480932204, 6.546224179025423, 6.543196504237288, 6.540333024364407, 6.538375264830509, 6.538774496822034, 6.537361626059322, 6.537055746822034, 6.5368471927966105, 6.535141684322034, 6.53539592161017, 6.535289327330508, 6.534667637711864, 6.534420021186441, 6.536715439618644, 6.534848384533898, 6.536255958686441, 6.535893802966101, 6.535838188559322, 6.536744570974577, 6.53627780720339, 6.534915916313559, 6.5349179025423725, 6.537050450211864, 6.537035884533898, 6.536613479872881, 6.536781647245762, 6.537471530720339, 6.537641022245762, 6.538166048728813, 6.539606064618644, 6.539615333686441, 6.540190677966102, 6.540587923728814, 6.541144729872881, 6.541549258474577, 6.541245365466102, 6.542225900423729, 6.542314618644068, 6.542559586864407, 6.542331170550847, 6.542640360169491, 6.542347722457627, 6.542635063559322, 6.5426224841101694, 6.542251059322034, 6.542903866525424, 6.542079581567797], "test_losses": [6.509592000720571, 6.490084453693871, 6.481279984261226, 6.478035047216323, 6.475955703883495, 6.473828954604065, 6.471984270706917, 6.473420670888956, 6.471666650864685, 6.471942197929308, 6.472073156856796, 6.470920599780037, 6.470595276471481, 6.471361475083435, 6.470460762097997, 6.470059589274879, 6.472957277760922, 6.470574536369842, 6.47223611479824, 6.471054521579187, 6.47101304137591, 6.471743685527913, 6.471383400333738, 6.469702266952367, 6.469539309010922, 6.472743358426881, 6.472243225690231, 6.471868718712075, 6.471530358768204, 6.472188708851639, 6.472036417248179, 6.472372406894721, 6.474086724438713, 6.473746586771845, 6.473902433821299, 6.473806436779429, 6.474615893317658, 6.474897958699939, 6.474473675477852, 6.474928179990898, 6.474897366125607, 6.475180616656553, 6.474554265587075, 6.474028652154126, 6.474260348718143, 6.474624781932645, 6.474710112636529, 6.473920211051274, 6.474595153216019, 6.473600220911711], "status": "OK"}