{"data": "data/ptb", "recepie_id": 1013691, "recepies_list_path": "data/models_recepies.json", "cuda": true, "batch_size": 20, "model": "CustomRNN", "emsize": 400, "nhid": 600, "nlayers": 3, "dropout": 0.1, "dropouth": 0.25, "dropouti": 0.4, "dropoute": 0.0, "wdrop": 0.1, "tied": true, "bptt": 70, "lr": 0.001, "wdecay": 1.2e-06, "epochs": 50, "alpha": 2, "beta": 1, "log_interval": 200, "clip": 0.25, "eval_batch_size": 50, "recepie": "{\"node_0\": {\"op\": \"linear\", \"input\": [\"h_prev_2\", \"h_prev_0\", \"x\"]}, \"node_1\": {\"op\": \"activation_tanh\", \"input\": [\"node_0\"]}, \"node_2\": {\"op\": \"linear\", \"input\": [\"node_1\", \"h_prev_2\"]}, \"node_4\": {\"op\": \"linear\", \"input\": [\"h_prev_1\", \"node_1\", \"x\"]}, \"node_6\": {\"op\": \"linear\", \"input\": [\"h_prev_2\", \"node_1\"]}, \"h_new_0\": {\"op\": \"activation_tanh\", \"input\": [\"node_6\"]}, \"h_new_1\": {\"op\": \"activation_leaky_relu\", \"input\": [\"node_2\"]}, \"h_new_2\": {\"op\": \"activation_leaky_relu\", \"input\": [\"node_4\"]}}", "experiment_id": 999928011, "init_time": "2020-04-16_13-22-56", "num_params": 12736400, "wall_times": [233.3501696586609, 232.29096341133118, 229.60154128074646, 228.19754719734192, 228.29489612579346, 228.38992762565613, 228.3097858428955, 228.47995376586914, 228.31393027305603, 228.4926917552948, 228.5209789276123, 228.49134755134583, 228.3034863471985, 228.15877389907837, 228.32993268966675, 228.32908987998962, 228.47991561889648, 228.4579713344574, 230.27060294151306, 228.40837121009827, 228.3781349658966, 228.50701570510864, 228.59747219085693, 228.31459856033325, 228.41128826141357, 228.50496172904968, 228.72412300109863, 228.59060549736023, 228.52348017692566, 228.37178421020508, 228.32406520843506, 228.40310525894165, 228.41117191314697, 228.2843198776245, 228.430255651474, 228.37425899505615, 228.43983054161072, 228.39390993118286, 228.3372437953949, 228.20133018493652, 228.4106297492981, 228.3745996952057, 228.28806042671204, 228.16435074806213, 228.4227180480957, 228.41583585739136, 228.4079430103302, 228.47482299804688, 228.4238851070404, 228.6379976272583], "train_losses": [5.550246086816202, 5.277564580980044, 5.117649333010596, 5.005680251869184, 4.924732145258458, 4.86029614463988, 4.798457166774246, 4.742158924345113, 4.697204376445592, 4.66263035541391, 4.627274706175031, 4.604627238986606, 4.578378398822011, 4.54698804192889, 4.524324185761928, 4.496546127830671, 4.477508438222796, 4.449271068662256, 4.449379067828519, 4.418969948496584, 4.405779342154806, 4.386594992200527, 4.375107158705825, 4.355369365553225, 4.339472476601581, 4.323898324458071, 4.325110688639664, 4.30029315260072, 4.297512909472325, 4.297288926765639, 4.270368138480985, 4.265812842907859, 4.253896374589855, 4.248221165483298, 4.237858288284654, 4.235314214539293, 4.238890793932548, 4.218926076461729, 4.218304135737722, 4.20722644693669, 4.204727758054973, 4.1908025892905165, 4.182018517024367, 4.183604045640363, 4.171169013232209, 4.156911022134366, 4.158053628099618, 4.147199081544834, 4.14910062328546, 4.142035712844925], "val_losses": [5.592469544491525, 5.375440280720339, 5.258028998940678, 5.184061837923728, 5.133714247881356, 5.093365002648305, 5.060766684322034, 5.023125662076271, 5.002587063029661, 4.984991393008475, 4.965010262182203, 4.962408964512712, 4.951338056144068, 4.938091565148305, 4.930258209745762, 4.913248477224577, 4.9074764962923725, 4.897992584745762, 4.9028936043432205, 4.884020127118644, 4.883173000529661, 4.873295153601695, 4.870680283368644, 4.863960871292373, 4.854318061440678, 4.855954713983051, 4.85149563029661, 4.839608050847458, 4.845724311440678, 4.847311308262712, 4.835536943855932, 4.833896318855932, 4.83056640625, 4.8286480402542376, 4.828970802436441, 4.831616459216102, 4.835466101694915, 4.828552370233051, 4.825565413135593, 4.820914658368644, 4.820700476694915, 4.815375066207627, 4.813791048728813, 4.818070047669491, 4.8137364274364405, 4.806246689618644, 4.810532309322034, 4.803233580508475, 4.805483315677966, 4.803157441737288], "test_losses": [5.551895882319478, 5.330053829452367, 5.211762363470874, 5.140111238053701, 5.089478724211165, 5.052549491808253, 5.022296794409891, 4.982674904239988, 4.962072279846784, 4.950139906799909, 4.928652568928246, 4.922978077119994, 4.912421069098908, 4.899503541224211, 4.890318342782919, 4.877962575375455, 4.868652936324333, 4.856117026319781, 4.861810480506675, 4.845102550913986, 4.843578449730734, 4.835718840071299, 4.833672680901092, 4.825695741523817, 4.815589682569781, 4.813724258570995, 4.813787960311742, 4.801298271105128, 4.80783199569554, 4.808792262401395, 4.794198341739988, 4.793053784416717, 4.790916072512136, 4.788932133646845, 4.785877116675516, 4.791261543347997, 4.796155022185983, 4.785637124070844, 4.783552447569023, 4.781598137420358, 4.780479357080552, 4.773556607440837, 4.769474362864078, 4.776794137306584, 4.769977458472391, 4.76311544770176, 4.766224092650182, 4.761363205400485, 4.762936490253337, 4.760896553113622], "status": "OK"}