{"data": "data/ptb", "recepie_id": 1008019, "recepies_list_path": "data/models_recepies.json", "cuda": true, "batch_size": 20, "model": "CustomRNN", "emsize": 400, "nhid": 600, "nlayers": 3, "dropout": 0.1, "dropouth": 0.25, "dropouti": 0.4, "dropoute": 0.0, "wdrop": 0.1, "tied": true, "bptt": 70, "lr": 0.001, "wdecay": 1.2e-06, "epochs": 50, "alpha": 2, "beta": 1, "log_interval": 200, "clip": 0.25, "eval_batch_size": 50, "recepie": "{\"node_0\": {\"op\": \"linear\", \"input\": [\"x\", \"h_prev_0\"]}, \"node_1\": {\"op\": \"activation_tanh\", \"input\": [\"node_0\"]}, \"node_4\": {\"op\": \"linear\", \"input\": [\"h_prev_0\", \"h_prev_1\", \"x\"]}, \"node_5\": {\"op\": \"activation_sigm\", \"input\": [\"node_4\"]}, \"node_10\": {\"op\": \"linear\", \"input\": [\"node_5\", \"node_1\"]}, \"node_11\": {\"op\": \"activation_sigm\", \"input\": [\"node_10\"]}, \"node_12\": {\"op\": \"linear\", \"input\": [\"node_11\", \"node_1\"]}, \"node_13\": {\"op\": \"activation_leaky_relu\", \"input\": [\"node_12\"]}, \"h_new_0\": {\"op\": \"activation_leaky_relu\", \"input\": [\"h_new_1\"]}, \"h_new_1\": {\"op\": \"linear\", \"input\": [\"node_13\", \"x\"]}}", "experiment_id": 999938356, "init_time": "2020-04-22_12-06-36", "num_params": 13578000, "wall_times": [255.41007232666016, 253.8785424232483, 250.7108438014984, 250.67609477043152, 250.77860021591187, 250.7193078994751, 250.586811542511, 250.631272315979, 250.65004229545593, 250.599196434021, 250.57322192192078, 250.63559770584106, 250.58398151397705, 250.6513214111328, 250.54672741889954, 250.52183628082275, 250.57229924201965, 250.53024649620056, 250.57663583755493, 250.44141483306885, 250.38013672828674, 250.42257523536682, 250.59779262542725, 250.4945137500763, 250.70641231536865, 250.68486666679382, 250.6969165802002, 250.50366163253784, 250.95189142227173, 250.4657542705536, 250.66348719596863, 250.59339809417725, 250.69471096992493, 250.56028842926025, 250.7164068222046, 250.6530635356903, 250.70981574058533, 250.60267901420593, 250.6946201324463, 250.6434462070465, 250.62016916275024, 250.60050749778748, 250.66149616241455, 250.6978132724762, 250.62424111366272, 250.87173175811768, 250.67674684524536, 250.74424719810486, 250.7880518436432, 250.66135096549988], "train_losses": [5.661944119466408, 5.413761615163251, 5.2920986633317195, 5.208163980555107, 5.141337290221075, 5.080406009628315, 5.042623530875154, 5.009702275294497, 4.971460484912054, 4.938495945618848, 4.912051278172234, 4.888360379350223, 4.865343109569146, 4.848808731375397, 4.8290827046689255, 4.808612450244742, 4.79536847466516, 4.78104702880426, 4.766801224382766, 4.753691302243021, 4.745110621402829, 4.7298134009735895, 4.720066581275886, 4.710918169409929, 4.697492234145554, 4.683318709321715, 4.678288973831424, 4.671770782905707, 4.661980679495454, 4.651291283416707, 4.652573405814642, 4.642692532677102, 4.636094918240008, 4.625591684148244, 4.621649084234307, 4.613457116346619, 4.606553994540369, 4.602292019660051, 4.594235786133075, 4.58272988273896, 4.584615035501049, 4.581857484804475, 4.572756558953257, 4.567335589129149, 4.5634203041794414, 4.561291417890377, 4.5611350922489375, 4.551118904980905, 4.550546131192513, 4.5484941470335105], "val_losses": [5.6913155455508475, 5.481184454449153, 5.391186771716102, 5.333202462923729, 5.291868710275423, 5.252638704978813, 5.228965174788136, 5.211739936440678, 5.186907441737288, 5.165769001588983, 5.153501721398305, 5.14286281779661, 5.128469941737288, 5.120250264830508, 5.114327330508474, 5.100918961864407, 5.097258342161017, 5.0934679555084745, 5.083606329449153, 5.0806915386652545, 5.0780856064618645, 5.070238016419491, 5.070488943326271, 5.065576999470339, 5.059996689618644, 5.058548728813559, 5.053680813029661, 5.051273834745762, 5.0474930481991525, 5.042880031779661, 5.043461334745762, 5.042314618644068, 5.0398970471398306, 5.034993379237288, 5.034850701800847, 5.031301310911017, 5.03400920286017, 5.032050119173729, 5.023059123411017, 5.020227423199152, 5.024492849576271, 5.021589976165254, 5.021100370762712, 5.0173374602754235, 5.0143594412076276, 5.016538003177966, 5.017729078389831, 5.015035752118644, 5.014211136122881, 5.013541114936441], "test_losses": [5.63641831481341, 5.431195601676274, 5.34149169921875, 5.280918750948119, 5.234182413341929, 5.191716758950243, 5.169296709079187, 5.151603032084345, 5.12554931640625, 5.104587591967537, 5.089886415351942, 5.078036113850121, 5.065887154884709, 5.058010064282463, 5.051011761415352, 5.037702541906857, 5.03217263823574, 5.027858697094963, 5.02136467498483, 5.015613741087682, 5.011638752465109, 5.005365760581007, 5.003170272679005, 4.998490713175061, 4.992374160914745, 4.987578456841626, 4.987154173619539, 4.984145673733313, 4.980754370828277, 4.975244614684466, 4.979463151357706, 4.97431131011074, 4.972134192013046, 4.967633589957524, 4.966819689111802, 4.963193726771086, 4.963025435660649, 4.959755314206614, 4.95640578779202, 4.951907259746663, 4.954575918253186, 4.952183399385619, 4.947838644379551, 4.945415607933859, 4.941698389145935, 4.944280828087075, 4.946286099628337, 4.94350366684997, 4.941837347826912, 4.942273186248483], "status": "OK"}