{"data": "data/ptb", "recepie_id": 1001655, "recepies_list_path": "data/models_recepies.json", "cuda": true, "batch_size": 20, "model": "CustomRNN", "emsize": 400, "nhid": 600, "nlayers": 3, "dropout": 0.1, "dropouth": 0.25, "dropouti": 0.4, "dropoute": 0.0, "wdrop": 0.1, "tied": true, "bptt": 70, "lr": 0.001, "wdecay": 1.2e-06, "epochs": 50, "alpha": 2, "beta": 1, "log_interval": 200, "clip": 0.25, "eval_batch_size": 50, "recepie": "{\"node_0\": {\"op\": \"linear\", \"input\": [\"x\", \"h_prev_0\"]}, \"node_1\": {\"op\": \"activation_sigm\", \"input\": [\"node_0\"]}, \"node_2\": {\"op\": \"linear\", \"input\": [\"x\", \"node_1\"]}, \"h_new_0\": {\"op\": \"blend\", \"input\": [\"node_0\", \"node_2\", \"node_1\"]}}", "experiment_id": 999920204, "init_time": "2020-04-15_08-43-38", "num_params": 7453200, "wall_times": [110.69799733161926, 110.51257705688477, 110.65442752838135, 110.69710874557495, 110.713951587677, 110.72271013259888, 110.5973219871521, 109.76621580123901, 108.68208026885986, 108.86466646194458, 108.84608435630798, 108.59421229362488, 108.84004855155945, 108.66729974746704, 108.78734731674194, 108.73697280883789, 108.83003687858582, 108.86184072494507, 108.59875464439392, 108.82245135307312, 108.7689356803894, 108.81609106063843, 108.5997302532196, 108.90927958488464, 108.86819648742676, 108.81850051879883, 108.9345805644989, 108.79613494873047, 108.90902042388916, 108.67877864837646, 108.77698922157288, 108.84263396263123, 108.76853942871094, 108.88182759284973, 108.75992798805237, 109.00523924827576, 108.66722798347473, 108.76895260810852, 108.86832547187805, 108.69255018234253, 108.8957929611206, 108.77792954444885, 109.01799178123474, 108.74016118049622, 108.8458263874054, 108.82443904876709, 108.84078073501587, 108.94983530044556, 108.78984236717224, 108.90178775787354], "train_losses": [5.731548951777742, 5.406136537840891, 5.195992432494218, 5.104650351648647, 5.0517181532730895, 4.948548272685708, 4.93241521435103, 4.872023089129149, 4.858213063444677, 4.833232898311011, 4.8109892723629715, 4.766730205475768, 4.750993844467753, 4.719229062449572, 4.701802535501049, 4.702892612688935, 4.683940229815502, 4.665086180813296, 4.664155791108601, 4.681285635522564, 4.635802438007638, 4.6265611552633, 4.624990754935184, 4.599005819348072, 4.583683385105696, 4.595939819670808, 4.596952154268195, 4.586884278683234, 4.557043310607283, 4.562402086358991, 4.600976699074821, 4.551901793878758, 4.544809988704212, 4.564699064735625, 4.589401037464365, 4.530284310956914, 4.535619974046582, 4.544162413936851, 4.527072071163466, 4.522869348744016, 4.5419902439352375, 4.521187167177667, 4.5205421137916195, 4.51676844642569, 4.507454884083696, 4.488163795653811, 4.503411849147437, 4.509866585310096, 4.501730087811307, 4.49316327456834], "val_losses": [5.7512890625, 5.4705803098516945, 5.295472722457627, 5.229230667372882, 5.210505826271186, 5.118626191737288, 5.122201072563559, 5.081826006355932, 5.079956965042373, 5.053762248411017, 5.049592161016949, 5.016374470338983, 5.006534030720339, 4.989442200741525, 4.96976264565678, 4.985598185911017, 4.979947033898305, 4.958871822033898, 4.977555283368644, 4.979180018538136, 4.947010063559322, 4.941479078389831, 4.942805548199153, 4.92361328125, 4.906871689618644, 4.923484176377118, 4.92965141684322, 4.914684851694915, 4.895304555084746, 4.90107951536017, 4.942371888241525, 4.900180415783899, 4.894703389830508, 4.914540188029661, 4.939920550847457, 4.882306342690678, 4.900569716631356, 4.896465836864407, 4.889923530190678, 4.886663797669492, 4.901238082627119, 4.884639168432203, 4.887655587923729, 4.876038797669492, 4.877261321504237, 4.863120034427966, 4.866926641949153, 4.884783501059322, 4.889666313559322, 4.877019001588983], "test_losses": [5.703213293575546, 5.433222205893507, 5.26312255859375, 5.19367166167324, 5.176488191178701, 5.085309371207524, 5.090836904581311, 5.047449204528216, 5.051860327859527, 5.018716460292779, 5.020372112977852, 4.980298088592233, 4.966586214824788, 4.953087964104217, 4.939392682418083, 4.951233799017749, 4.945310425989836, 4.925077271692961, 4.93397981217764, 4.949235638368477, 4.914339528500455, 4.916401983464806, 4.914009464597239, 4.890021463042324, 4.876874312613774, 4.896555780207069, 4.89752434295358, 4.885706929327215, 4.867269275257889, 4.872770735361044, 4.910304986157463, 4.869699718882736, 4.857525575508192, 4.884450079167931, 4.90285188249014, 4.849354271749848, 4.865877614437955, 4.861293459401547, 4.857763790389867, 4.854912915276092, 4.87692379257054, 4.856093323346481, 4.859859429516838, 4.85340866533298, 4.850580604331007, 4.83267330428929, 4.842299378033981, 4.857492983919903, 4.85882094299909, 4.851916563163683], "status": "OK"}