{"data": "data/ptb", "recepie_id": 2010748, "recepies_list_path": "data/new_recepies_fix.json", "cuda": true, "batch_size": 20, "model": "CustomRNN", "emsize": 400, "nhid": 600, "nlayers": 3, "dropout": 0.1, "dropouth": 0.25, "dropouti": 0.4, "dropoute": 0.0, "wdrop": 0.1, "tied": true, "bptt": 70, "lr": 0.001, "wdecay": 1.2e-06, "epochs": 50, "alpha": 2, "beta": 1, "log_interval": 200, "clip": 0.25, "eval_batch_size": 50, "recepie": "{\"node_0\": {\"op\": \"linear\", \"input\": [\"x\", \"h_prev_0\"]}, \"node_1\": {\"op\": \"activation_tanh\", \"input\": [\"node_0\"]}, \"node_2\": {\"op\": \"linear\", \"input\": [\"x\", \"node_1\"]}, \"node_4\": {\"op\": \"linear\", \"input\": [\"h_prev_0\", \"node_1\"]}, \"node_5\": {\"op\": \"activation_tanh\", \"input\": [\"node_4\"]}, \"h_new_0\": {\"op\": \"elementwise_sum\", \"input\": [\"node_2\", \"node_5\"]}}", "experiment_id": 999973218, "init_time": "2020-05-11_02-33-54", "num_params": 9214800, "wall_times": [146.6110668182373, 144.52598524093628, 143.39221787452698, 143.48495078086853, 143.24746656417847, 143.38933396339417, 143.45366549491882, 143.39984250068665, 143.37045121192932, 143.53443431854248, 143.41893482208252, 143.20042872428894, 143.64119148254395, 147.01512026786804, 143.3863377571106, 143.43049693107605, 143.29621005058289, 143.36626744270325, 143.47091579437256, 143.43547940254211, 143.34195280075073, 143.43259596824646, 143.31331086158752, 143.23659586906433, 142.86413264274597, 143.3749041557312, 143.34515595436096, 143.2680995464325, 143.36104702949524, 143.15735602378845, 143.18579721450806, 143.43141770362854, 143.19660639762878, 143.20355224609375, 143.363694190979, 143.27051520347595, 143.27188658714294, 143.19927096366882, 143.2311007976532, 143.279714345932, 143.25863337516785, 143.15337347984314, 143.2613880634308, 143.40161633491516, 143.29573702812195, 143.21421551704407, 143.24513816833496, 143.21718215942383, 143.31661558151245, 143.33132791519165], "train_losses": [5.7202413970469586, 5.424357299903179, 5.289407509009736, 5.199875779947286, 5.134617809020494, 5.067971817680598, 5.046401400543274, 4.995042123877145, 4.974344945134742, 4.958245925447797, 4.9117545956376745, 4.885584758754236, 4.8711221155397775, 4.843504585552149, 4.846566803157442, 4.833466966542951, 4.812987467053951, 4.79348416236351, 4.772987433435533, 4.763612097251358, 4.74613682359744, 4.742212713813135, 4.728624149454037, 4.718014597116884, 4.696759772873971, 4.682705173202087, 4.673487423350008, 4.679891311656178, 4.651546363159594, 4.6553338981227474, 4.638886507584315, 4.624529342154806, 4.6227467255661345, 4.613628990506159, 4.620058092625464, 4.594311007342262, 4.589271186326717, 4.578454040261417, 4.571044961271583, 4.571925763810446, 4.5720572958689685, 4.561276289602496, 4.545681966408477, 4.564287659351299, 4.548755109999462, 4.526317757920499, 4.532115254020763, 4.519021720859556, 4.519669295626916, 4.504275422247324], "val_losses": [5.750932203389831, 5.495914658368644, 5.389205177436441, 5.317265625, 5.276037804555084, 5.229438559322034, 5.219848715572034, 5.186333421610169, 5.175643538135593, 5.159484573622882, 5.132133209745763, 5.119650423728814, 5.113923795021186, 5.09414890095339, 5.102140823622881, 5.103075344279661, 5.083255097987288, 5.074674920550848, 5.0583851959745765, 5.05445610434322, 5.043081302966102, 5.051519796080508, 5.046794888771187, 5.037536745233051, 5.020016220868644, 5.013717889300848, 5.009317068326271, 5.021496623411017, 4.9937453654661015, 5.001756157309322, 4.990541909427966, 4.980614406779661, 4.981213254766949, 4.9728058792372885, 4.983311705508474, 4.965026483050847, 4.958026350635593, 4.953993644067797, 4.945903072033898, 4.944858315677966, 4.950167174258475, 4.942646318855933, 4.934073093220339, 4.950111228813559, 4.943517611228813, 4.927702264300848, 4.925257216631356, 4.917819782838983, 4.918581170550848, 4.909000595868644], "test_losses": [5.719699896655037, 5.454622435338289, 5.341847243818265, 5.280912232630461, 5.243267763008192, 5.189461421040655, 5.188013169371966, 5.148083733123483, 5.130005475386833, 5.126682911104369, 5.099614708168993, 5.087360270972391, 5.075374862522755, 5.057092166641383, 5.062642810414139, 5.060147479899879, 5.040653562082828, 5.028893924453883, 5.018848011794599, 5.014662659283981, 5.005219987295206, 5.006848974135315, 5.002292670092537, 4.999578087075243, 4.985189789707221, 4.975322241922027, 4.970924155226031, 4.981751080855583, 4.956860292305067, 4.963935629835406, 4.948363665238167, 4.94183112579642, 4.944100685489988, 4.933164726183253, 4.947719240651547, 4.927166096215109, 4.920787626099818, 4.915426013539139, 4.913501628394266, 4.914071092327822, 4.912801798107554, 4.908975841929611, 4.899517763008192, 4.914332121321299, 4.90591786208662, 4.893295139942355, 4.891191501061893, 4.882983161407767, 4.88668230667855, 4.878275750910194], "status": "OK"}