{"data": "data/ptb", "recepie_id": 1000651, "recepies_list_path": "data/models_recepies.json", "cuda": true, "batch_size": 20, "model": "CustomRNN", "emsize": 400, "nhid": 600, "nlayers": 3, "dropout": 0.1, "dropouth": 0.25, "dropouti": 0.4, "dropoute": 0.0, "wdrop": 0.1, "tied": true, "bptt": 70, "lr": 0.001, "wdecay": 1.2e-06, "epochs": 50, "alpha": 2, "beta": 1, "log_interval": 200, "clip": 0.25, "eval_batch_size": 50, "recepie": "{\"node_0\": {\"op\": \"linear\", \"input\": [\"x\", \"h_prev_0\"]}, \"node_1\": {\"op\": \"activation_tanh\", \"input\": [\"node_0\"]}, \"node_5\": {\"op\": \"linear\", \"input\": [\"h_prev_0\", \"node_1\"]}, \"node_6\": {\"op\": \"activation_leaky_relu\", \"input\": [\"node_5\"]}, \"node_10\": {\"op\": \"linear\", \"input\": [\"node_6\", \"x\"]}, \"node_11\": {\"op\": \"activation_tanh\", \"input\": [\"node_10\"]}, \"h_new_0\": {\"op\": \"linear\", \"input\": [\"node_6\", \"node_11\"]}}", "experiment_id": 999985165, "init_time": "2020-04-24_17-38-35", "num_params": 10976400, "wall_times": [185.40270948410034, 180.65504455566406, 180.45235085487366, 181.15974259376526, 180.4855740070343, 181.41598749160767, 180.8800241947174, 180.93710470199585, 180.89403700828552, 180.78476476669312, 180.77446866035461, 180.76399445533752, 180.8958592414856, 180.97526955604553, 180.9700140953064, 180.68935203552246, 180.81843161582947, 180.7723319530487, 180.84467792510986, 180.89399695396423, 180.94831609725952, 180.865492105484, 180.94693660736084, 180.85282802581787, 180.74457907676697, 180.93136620521545, 180.92900466918945, 180.9053874015808, 180.83878540992737, 180.82562470436096, 180.8025999069214, 180.94473695755005, 180.83311867713928, 180.90842127799988, 180.7807321548462, 180.53058171272278, 180.52464032173157, 180.7289981842041, 180.81210827827454, 180.77021312713623, 180.6656665802002, 180.7160849571228, 180.69018459320068, 180.75280904769897, 180.93419861793518, 180.8332736492157, 180.80156469345093, 180.83611869812012, 180.8553385734558, 180.7689437866211], "train_losses": [5.54636778212576, 5.284378193749664, 5.128651800602442, 5.0528376465763, 4.9728871665052985, 4.9293244210908504, 4.869363031843365, 4.843473908746168, 4.8059490311172075, 4.775987877198644, 4.756710656365984, 4.734586375800118, 4.719034075627992, 4.683822985584422, 4.669795280646549, 4.65600416532193, 4.637345103141305, 4.631852273949761, 4.6114013501156474, 4.5976085538701525, 4.606972123608197, 4.578996137243828, 4.575090517589156, 4.564091411839062, 4.555841031950944, 4.546547640659459, 4.54514239080738, 4.536140639287828, 4.5237261981604, 4.516360402883116, 4.509990553224679, 4.50653626082513, 4.496510828492281, 4.4921282475391315, 4.482715510865472, 4.480297506185789, 4.473580126136302, 4.467927189231348, 4.465700389301275, 4.452729983594212, 4.453843593674359, 4.449072299768705, 4.452854371739013, 4.43702009708999, 4.436860829837018, 4.424581702840084, 4.428612551099994, 4.428187278118444, 4.426713530740681, 4.422753281157549], "val_losses": [5.583869835805085, 5.368773503707627, 5.24911281779661, 5.199654396186441, 5.139744769597457, 5.119677568855932, 5.077614870233051, 5.069759335275424, 5.04116889565678, 5.032302039194915, 5.0159881488347455, 5.007820113877119, 5.0010818326271185, 4.980454846398305, 4.9700652145127115, 4.963412341101695, 4.956519134004237, 4.958033302436441, 4.946204647775423, 4.9421835275423724, 4.9543200476694915, 4.929197894597458, 4.9282964777542375, 4.924010527012712, 4.925347921080508, 4.917805548199152, 4.917763175317797, 4.911722722457627, 4.905832560911017, 4.905771649894068, 4.899543167372881, 4.901092425847458, 4.900314155190678, 4.897493048199152, 4.892079250529661, 4.889826204978814, 4.887850238347458, 4.890131422139831, 4.887426178495763, 4.880370431673729, 4.882418895656779, 4.880101959745763, 4.883642081567797, 4.872898900953389, 4.875423728813559, 4.8686205640889835, 4.87285454184322, 4.876843551377118, 4.877460606461864, 4.872208355402543], "test_losses": [5.539080277229976, 5.321641051653519, 5.196674235816141, 5.146832808707524, 5.086714364949939, 5.064698450773665, 5.024620278367719, 5.015152125682645, 4.991018943416262, 4.975650528102245, 4.963236392123028, 4.953343363641535, 4.944238162735133, 4.92514393630537, 4.915857407653216, 4.912954385998179, 4.900833574313562, 4.905067517919448, 4.893739866978914, 4.888675430445995, 4.8962156425402, 4.877521107497724, 4.875625165920813, 4.870913607402913, 4.869598981246208, 4.86397011766156, 4.867952513463289, 4.861633597068416, 4.852974900921572, 4.853936352776092, 4.848741253602852, 4.84900139373483, 4.846252145119084, 4.842343524821754, 4.839366431375152, 4.837563523968447, 4.834966863243325, 4.836460150561287, 4.835317370961014, 4.825704630138804, 4.827671976922785, 4.827148733787166, 4.827965597504551, 4.818122641554156, 4.820491457448422, 4.813415231056584, 4.81831582078656, 4.822798349324939, 4.820981812708586, 4.815939301425971], "status": "OK"}