{"data": "data/ptb", "recepie_id": 1002207, "recepies_list_path": "data/models_recepies.json", "cuda": true, "batch_size": 20, "model": "CustomRNN", "emsize": 400, "nhid": 600, "nlayers": 3, "dropout": 0.1, "dropouth": 0.25, "dropouti": 0.4, "dropoute": 0.0, "wdrop": 0.1, "tied": true, "bptt": 70, "lr": 0.001, "wdecay": 1.2e-06, "epochs": 50, "alpha": 2, "beta": 1, "log_interval": 200, "clip": 0.25, "eval_batch_size": 50, "recepie": "{\"node_0\": {\"op\": \"linear\", \"input\": [\"x\", \"h_prev_0\"]}, \"node_1\": {\"op\": \"activation_sigm\", \"input\": [\"node_0\"]}, \"node_4\": {\"op\": \"linear\", \"input\": [\"node_1\", \"x\"]}, \"node_5\": {\"op\": \"activation_tanh\", \"input\": [\"node_4\"]}, \"node_6\": {\"op\": \"linear\", \"input\": [\"node_5\", \"node_1\"]}, \"node_7\": {\"op\": \"activation_sigm\", \"input\": [\"node_6\"]}, \"h_new_0\": {\"op\": \"linear\", \"input\": [\"node_7\", \"x\", \"node_1\"]}}", "experiment_id": 999903976, "init_time": "2020-04-13_06-40-40", "num_params": 11816400, "wall_times": [197.50201511383057, 196.75786352157593, 196.737694978714, 196.81734085083008, 195.46410942077637, 194.5445864200592, 194.3621850013733, 194.66506004333496, 194.45697450637817, 194.63451886177063, 194.53368544578552, 194.6831841468811, 194.6207673549652, 194.48058676719666, 194.34283542633057, 194.52049779891968, 194.57933068275452, 194.37688207626343, 194.67372345924377, 194.53372645378113, 194.5201964378357, 194.7671468257904, 194.4881682395935, 194.5520043373108, 194.57111525535583, 194.46767687797546, 194.58194208145142, 194.53026509284973, 194.475102186203, 194.3972933292389, 194.5239601135254, 194.36709237098694, 194.41950106620789, 194.26490092277527, 194.35097575187683, 194.3752179145813, 194.50116658210754, 194.18133282661438, 194.43865251541138, 194.43208479881287, 194.4453992843628, 194.4988498687744, 194.38027215003967, 194.5935254096985, 194.44463562965393, 194.34683918952942, 194.26877212524414, 194.5252673625946, 194.3415093421936, 194.26335835456848], "train_losses": [5.813047980205476, 5.564428436474638, 5.430904066483783, 5.336306041901995, 5.309510061992362, 5.220071624038513, 5.181959264563498, 5.1919582223925556, 5.159336170727771, 5.116983688343822, 5.114074014307999, 5.08655397773116, 5.097401800602442, 5.069190905545694, 5.0631690065085255, 5.021464098891937, 5.053097348851595, 5.008288200607821, 5.009552673336561, 4.988268012748104, 4.975623285460707, 4.985702927491797, 4.938382903689957, 4.967237591442095, 4.928292755903394, 4.932400086063149, 4.925778098273358, 4.90205105965252, 4.901128234091765, 4.910032912430746, 4.90686647773116, 4.893185462723899, 4.886093237319133, 4.862727596686569, 4.881504743558711, 4.875966529503523, 4.868214122424829, 4.870580859017804, 4.846343660911193, 4.830271956188478, 4.862534290785864, 4.837703307379915, 4.836176610994567, 4.8380852966489165, 4.8315671057232, 4.83429482007423, 4.8126432985046526, 4.822388857511699, 4.810754783900812, 4.816789710074767], "val_losses": [5.833134269067797, 5.623023040254237, 5.52178330243644, 5.445266485699152, 5.438357719809322, 5.365044690148305, 5.343682799258475, 5.363552701271186, 5.33332560911017, 5.306347987288135, 5.3065843485169495, 5.28976032838983, 5.303538797669492, 5.276317531779661, 5.281875331038136, 5.252657905190678, 5.279119438559322, 5.248972788665254, 5.251008673199152, 5.235640889830509, 5.215644200211864, 5.235982190148305, 5.199932137182204, 5.227184520656779, 5.190534295550847, 5.197411943855932, 5.198185579978814, 5.175877251059322, 5.179126390360169, 5.192769465042373, 5.187677767478814, 5.174180018538135, 5.170579978813559, 5.1570769332627115, 5.175879899364407, 5.168905587923729, 5.1668425582627115, 5.170117518538135, 5.150115201271187, 5.137018670550847, 5.165700145656779, 5.14728217690678, 5.146272510593221, 5.1440280720338984, 5.1417213983050845, 5.150929886122881, 5.131323821504237, 5.142417571504238, 5.131471795550848, 5.136069584216101], "test_losses": [5.791893820160801, 5.565827897451456, 5.457437755992111, 5.396069572967233, 5.386881115367111, 5.306923282956614, 5.282127010012136, 5.306357374469053, 5.277002427184466, 5.250234659435679, 5.250571241656553, 5.238493984185376, 5.257068819212682, 5.225318093901699, 5.232544537886833, 5.188904401168083, 5.235557185793386, 5.194318752844357, 5.195372942581917, 5.175972651509405, 5.16845466095267, 5.178341763690837, 5.147489381067961, 5.174388700318568, 5.138882831462379, 5.139140008722694, 5.143253659739078, 5.125280880233617, 5.130507385846481, 5.144671690116808, 5.136229283601335, 5.121378778253944, 5.118092361005765, 5.106553161028519, 5.121160710899575, 5.115624288910801, 5.115692434959041, 5.115452442354369, 5.100070990405037, 5.085946388614988, 5.110977320995145, 5.091721025485437, 5.094834411028519, 5.092427374089806, 5.087948104710255, 5.096834941975121, 5.079077859526699, 5.088954295926881, 5.078592541148361, 5.082495235702367], "status": "OK"}