{"data": "data/ptb", "recepie_id": 2010580, "recepies_list_path": "data/new_recepies_fix.json", "cuda": true, "batch_size": 20, "model": "CustomRNN", "emsize": 400, "nhid": 600, "nlayers": 3, "dropout": 0.1, "dropouth": 0.25, "dropouti": 0.4, "dropoute": 0.0, "wdrop": 0.1, "tied": true, "bptt": 70, "lr": 0.001, "wdecay": 1.2e-06, "epochs": 50, "alpha": 2, "beta": 1, "log_interval": 200, "clip": 0.25, "eval_batch_size": 50, "recepie": "{\"node_1\": {\"op\": \"linear\", \"input\": [\"h_prev_0\", \"x\"]}, \"node_4\": {\"op\": \"linear\", \"input\": [\"h_prev_0\", \"h_new_2\"]}, \"node_5\": {\"op\": \"activation_tanh\", \"input\": [\"node_4\"]}, \"node_9\": {\"op\": \"linear\", \"input\": [\"h_prev_2\", \"h_prev_1\"]}, \"node_18\": {\"op\": \"linear\", \"input\": [\"h_new_0\", \"node_5\"]}, \"h_new_0\": {\"op\": \"activation_sigm\", \"input\": [\"node_9\"]}, \"h_new_1\": {\"op\": \"activation_leaky_relu\", \"input\": [\"node_18\"]}, \"h_new_2\": {\"op\": \"activation_sigm\", \"input\": [\"node_1\"]}}", "experiment_id": 999993419, "init_time": "2020-05-13_13-10-11", "num_params": 11016400, "wall_times": [201.71169209480286, 200.8485460281372, 198.10583806037903, 199.2348906993866, 196.17889976501465, 197.69361305236816, 197.67007207870483, 197.71099877357483, 197.05995082855225, 196.7790789604187, 198.29110836982727, 198.27389860153198, 197.00834012031555, 196.91270065307617, 198.01502799987793, 197.3107807636261, 197.71112656593323, 197.95929861068726, 198.35353064537048, 196.20677304267883, 196.306800365448, 198.1647732257843, 197.11544370651245, 197.80718898773193, 196.4411735534668, 197.1920142173767, 199.13426280021667, 199.04645943641663, 197.76572179794312, 197.8734335899353, 196.38767743110657, 197.6350154876709, 197.89328837394714, 199.42455744743347, 198.6196391582489, 196.37890577316284, 198.04688119888306, 198.9153733253479, 198.75449228286743, 197.52530717849731, 198.07570886611938, 197.593905210495, 197.01099944114685, 198.4632225036621, 197.23129725456238, 197.05665683746338, 198.6195776462555, 198.74115228652954, 197.7285876274109, 196.4688320159912], "train_losses": [6.591544211580873, 6.566133310472809, 6.554622364316067, 6.549882167446614, 6.546443423565166, 6.545839972970792, 6.5445864262277444, 6.542914750416869, 6.543812362164489, 6.543653515141735, 6.542760946156743, 6.542268436340165, 6.542867684632349, 6.542142367274487, 6.542031006266473, 6.5428685250927865, 6.541959567129256, 6.54147041915443, 6.540247969447583, 6.541573375558066, 6.540248389677801, 6.539103682561454, 6.540610207896294, 6.539098219568609, 6.540669880587381, 6.540191658598246, 6.541349813081599, 6.541691040019364, 6.5426689157387985, 6.5425554535796895, 6.543074437900059, 6.543361875369802, 6.545479835673175, 6.545049940159217, 6.545481096363832, 6.547418777903286, 6.547527197299769, 6.546882984374159, 6.548620636329407, 6.548342864154699, 6.548167207923188, 6.547513329702544, 6.548171410225378, 6.54725362742725, 6.548729896186327, 6.5478154752299496, 6.547919692324243, 6.54779992671185, 6.548588698832768, 6.549812409230273], "val_losses": [6.5914459745762715, 6.565166181144067, 6.5519617319915255, 6.546622748940678, 6.5425880561440675, 6.541208289194915, 6.539941075211864, 6.537643670550848, 6.537745630296611, 6.5376271186440675, 6.536593617584746, 6.535544226694915, 6.536397643008475, 6.5355462129237285, 6.535039724576271, 6.536151350635593, 6.535640227754238, 6.535204581567797, 6.534494173728813, 6.536065280720339, 6.534840439618644, 6.533853945974577, 6.535131091101695, 6.533422272245763, 6.5345895127118645, 6.534548463983051, 6.53545219809322, 6.535754104872882, 6.536826006355932, 6.5365380031779665, 6.537086864406779, 6.537502648305085, 6.539247219279661, 6.538907574152542, 6.539664327330509, 6.541771054025424, 6.541945842161017, 6.541698225635593, 6.543333554025423, 6.543279925847457, 6.54299655720339, 6.542592028601695, 6.54314751059322, 6.542506620762712, 6.543855270127119, 6.542669491525424, 6.542634401483051, 6.54206435381356, 6.542791975635593, 6.543898967161017], "test_losses": [6.512886121435073, 6.490738655756978, 6.481634936286408, 6.478140525447512, 6.474971437917172, 6.474228942278519, 6.473751327366505, 6.471429621131675, 6.472914019834648, 6.472614769796723, 6.471714056811287, 6.471433769152003, 6.472138340033374, 6.471312883988167, 6.471053336430522, 6.471939235057645, 6.47106459534284, 6.470506390321602, 6.469372203049151, 6.471349031022451, 6.469727747648665, 6.468042466246966, 6.469905519948422, 6.467631219660194, 6.469800634291565, 6.468893995562803, 6.470251583358617, 6.470203584837682, 6.471575986991808, 6.470735716588289, 6.471344883002124, 6.471110223566444, 6.472981573308556, 6.472746321298544, 6.473333562462075, 6.475664749886226, 6.475854373672633, 6.474620041337985, 6.477149148589199, 6.476497316823422, 6.475882817240595, 6.47552253204642, 6.475568752844357, 6.474397233388956, 6.476389468294903, 6.474734408184163, 6.475031287924757, 6.474303606644417, 6.475532605810073, 6.477637429839199], "status": "OK"}