{"data": "data/ptb", "recepie_id": 2000577, "recepies_list_path": "data/new_recepies_fix.json", "cuda": true, "batch_size": 20, "model": "CustomRNN", "emsize": 400, "nhid": 600, "nlayers": 3, "dropout": 0.1, "dropouth": 0.25, "dropouti": 0.4, "dropoute": 0.0, "wdrop": 0.1, "tied": true, "bptt": 70, "lr": 0.001, "wdecay": 1.2e-06, "epochs": 50, "alpha": 2, "beta": 1, "log_interval": 200, "clip": 0.25, "eval_batch_size": 50, "recepie": "{\"node_0\": {\"op\": \"linear\", \"input\": [\"h_prev_0\", \"x\"]}, \"node_1\": {\"op\": \"activation_tanh\", \"input\": [\"node_0\"]}, \"node_2\": {\"op\": \"linear\", \"input\": [\"x\", \"node_1\"]}, \"node_3\": {\"op\": \"activation_tanh\", \"input\": [\"node_2\"]}, \"node_6\": {\"op\": \"linear\", \"input\": [\"node_3\", \"node_1\"]}, \"node_7\": {\"op\": \"activation_leaky_relu\", \"input\": [\"node_6\"]}, \"node_11\": {\"op\": \"linear\", \"input\": [\"node_7\", \"node_3\"]}, \"h_new_0\": {\"op\": \"elementwise_prod\", \"input\": [\"node_3\", \"node_11\"]}}", "experiment_id": 999959087, "init_time": "2020-05-13_12-11-05", "num_params": 10976400, "wall_times": [193.3777358531952, 194.9259853363037, 192.56318950653076, 192.236403465271, 193.0380187034607, 190.19001746177673, 192.4135491847992, 192.5168194770813, 190.15291953086853, 191.4003403186798, 190.64596390724182, 190.47096800804138, 190.66900372505188, 193.2827730178833, 190.51973724365234, 191.17992067337036, 193.89479207992554, 190.270179271698, 190.21870875358582, 191.03575611114502, 190.3999035358429, 190.27122354507446, 194.57572531700134, 191.36253809928894, 190.11578941345215, 194.12236523628235, 190.47180843353271, 190.18683505058289, 191.69612288475037, 190.16966724395752, 190.11002588272095, 191.69853281974792, 190.06415176391602, 189.89248299598694, 192.79586553573608, 191.11645102500916, 190.5038924217224, 194.05375576019287, 191.18588638305664, 189.88794827461243, 190.5408172607422, 191.30355286598206, 189.9283525943756, 191.61591386795044, 190.99866390228271, 189.4514982700348, 192.73933625221252, 190.88949537277222, 190.02803301811218, 192.15622758865356], "train_losses": [5.734888521327524, 5.436776363563014, 5.26342005204131, 5.153699202571136, 5.0702704769781075, 5.0068871530579315, 4.9572449370663225, 4.915957738287343, 4.875230706390189, 4.836750645473616, 4.809363821876176, 4.778730719837556, 4.752057447151848, 4.729930645204669, 4.709717151444247, 4.691951078478834, 4.67177330428702, 4.657742237507396, 4.640446822387177, 4.627596182292507, 4.616249546151364, 4.60052831343123, 4.586751065703835, 4.57475349295358, 4.561745686757033, 4.551189923887903, 4.54198141910064, 4.5309302048034, 4.523448005755473, 4.511806368000645, 4.503539178903771, 4.496484353988489, 4.487375023532892, 4.47809970214082, 4.4711864948093165, 4.462380570571782, 4.456581813780861, 4.44892605965252, 4.44134006374052, 4.433043878758539, 4.430639321445861, 4.423571889624012, 4.421264405491905, 4.410719988838685, 4.402446916518746, 4.399866282744338, 4.396800703297294, 4.389552992711527, 4.3878329904254745, 4.380306667204561], "val_losses": [5.758902939618644, 5.4989741128177965, 5.362543697033899, 5.280788532838983, 5.222983977754238, 5.179999337923729, 5.152517545021187, 5.126555217161017, 5.1013340836864405, 5.078848318326271, 5.064048265360169, 5.049242253707627, 5.0376714777542375, 5.027325873940678, 5.018666909427966, 5.017071636652543, 5.00194484904661, 4.999640823622881, 4.9916498940677965, 4.988743048199153, 4.988594081038135, 4.974086996822034, 4.971489671610169, 4.964311771716102, 4.959677237817797, 4.955867981991525, 4.951342690677966, 4.950438625529661, 4.945692531779661, 4.937074947033898, 4.936832627118644, 4.934674920550847, 4.928223649364407, 4.926079846398305, 4.923905918961864, 4.918405720338983, 4.918629833156779, 4.9188860566737285, 4.912059719279661, 4.906834282309322, 4.902836665783898, 4.903767213983051, 4.90238579184322, 4.897260990466101, 4.896955111228814, 4.896819716631356, 4.89237453654661, 4.891971994173729, 4.893247484110169, 4.88547172934322], "test_losses": [5.711979245676578, 5.447208145289745, 5.305540807038835, 5.22516580229824, 5.162728022603155, 5.121337298050667, 5.090739722390777, 5.067381627351335, 5.041373539896845, 5.017299022489381, 5.000738940192658, 4.98602294921875, 4.971612726600425, 4.962522340052336, 4.951583417873938, 4.948058785744084, 4.933328869273361, 4.932828143962379, 4.92464380356872, 4.920474154277913, 4.918373478269114, 4.905092998615746, 4.903235870657615, 4.895849135315534, 4.891514157785953, 4.887732348395783, 4.883952909302943, 4.882178741751365, 4.878200197682797, 4.871046047766232, 4.869471577764715, 4.867489416622421, 4.86102768981341, 4.858607616239381, 4.857847343370753, 4.853264077195844, 4.85074919172861, 4.849755444572967, 4.843828219811893, 4.839359616770328, 4.836904877597846, 4.835770394038228, 4.834685390435376, 4.82836677032767, 4.828398176767294, 4.828589874563865, 4.826198244557797, 4.823900241296268, 4.825279161768052, 4.816980454528216], "status": "OK"}