{"data": "data/ptb", "recepie_id": 1006332, "recepies_list_path": "data/models_recepies.json", "cuda": true, "batch_size": 20, "model": "CustomRNN", "emsize": 400, "nhid": 600, "nlayers": 3, "dropout": 0.1, "dropouth": 0.25, "dropouti": 0.4, "dropoute": 0.0, "wdrop": 0.1, "tied": true, "bptt": 70, "lr": 0.001, "wdecay": 1.2e-06, "epochs": 50, "alpha": 2, "beta": 1, "log_interval": 200, "clip": 0.25, "eval_batch_size": 50, "recepie": "{\"node_0\": {\"op\": \"linear\", \"input\": [\"h_prev_1\", \"h_prev_0\"]}, \"node_1\": {\"op\": \"activation_sigm\", \"input\": [\"node_0\"]}, \"node_2\": {\"op\": \"linear\", \"input\": [\"x\", \"node_1\"]}, \"h_new_0\": {\"op\": \"activation_leaky_relu\", \"input\": [\"node_2\"]}, \"h_new_1\": {\"op\": \"linear\", \"input\": [\"node_1\", \"h_new_0\", \"x\"]}}", "experiment_id": 999912726, "init_time": "2020-04-15_22-56-34", "num_params": 10094800, "wall_times": [160.19319224357605, 159.83547520637512, 159.8157296180725, 159.71316838264465, 159.74426651000977, 158.37555193901062, 158.36242270469666, 158.3503131866455, 158.2562530040741, 158.26671171188354, 158.09091091156006, 158.24277663230896, 158.3033037185669, 158.33797216415405, 158.22798013687134, 158.26895785331726, 158.2532012462616, 158.0876820087433, 158.21882128715515, 158.37509489059448, 158.20440077781677, 158.1681888103485, 158.14710474014282, 158.1344871520996, 158.3422086238861, 158.40219926834106, 158.30643916130066, 158.3249433040619, 157.982754945755, 157.98260354995728, 158.07832860946655, 158.17517018318176, 157.95561265945435, 158.0177927017212, 158.14378118515015, 158.04612565040588, 158.17339706420898, 158.07971906661987, 158.10661911964417, 157.92496919631958, 157.9801526069641, 157.88711643218994, 158.24542331695557, 158.2347469329834, 158.28755617141724, 158.34874963760376, 158.41288566589355, 158.5314793586731, 158.55312943458557, 158.23837113380432], "train_losses": [5.651898095852832, 5.333232898311011, 5.149832664326825, 5.030140171991824, 4.944332102899252, 4.871407031628207, 4.813050921817008, 4.7681030976009895, 4.7109076636544565, 4.681156204615136, 4.643267827846808, 4.604388548222258, 4.5776240855790435, 4.558150197003926, 4.532005573933624, 4.510575933919639, 4.487068675703298, 4.463603860739068, 4.445565478591791, 4.431599127265882, 4.4201272625194985, 4.39690029785918, 4.39142091603464, 4.378710632833092, 4.364449279893497, 4.357739043757732, 4.34549437563875, 4.332458834247754, 4.322297247323974, 4.318431969770319, 4.306937412592115, 4.29941907374536, 4.29484570827282, 4.278753832499596, 4.275084802458179, 4.268358177343876, 4.260339764536604, 4.248975898956484, 4.25163511578183, 4.24272203283847, 4.242113959711689, 4.231688468210424, 4.229063710263031, 4.219010962965951, 4.216911492792211, 4.207891671373245, 4.205626630493249, 4.195804589586359, 4.1881984226238504, 4.186645671964929], "val_losses": [5.673439486228814, 5.399918233580508, 5.254462394067796, 5.172896914724577, 5.111386056673729, 5.065992121292373, 5.0278859904661015, 5.00497219279661, 4.967590373411017, 4.954992717161017, 4.937402012711864, 4.9186288400423726, 4.903160421080509, 4.895734573622882, 4.8826161943855935, 4.876858779131356, 4.8645007944915255, 4.856172537076271, 4.849034030720339, 4.844962923728813, 4.840166512182203, 4.833260063559322, 4.82998874470339, 4.825230402542373, 4.8215320444915255, 4.823179952330508, 4.817569518008475, 4.814306144067797, 4.810667703919491, 4.808940677966102, 4.807207693326271, 4.804590174788135, 4.801817399364407, 4.798171014300848, 4.797188162076271, 4.796768736758475, 4.79313625529661, 4.793768538135593, 4.793311374470339, 4.79309123411017, 4.793260063559322, 4.791357256355933, 4.788303429555085, 4.7882799258474575, 4.788653005826271, 4.7855078125, 4.7850486626059325, 4.780748146186441, 4.778421941207627, 4.779911612817797], "test_losses": [5.63121847504551, 5.358676354861954, 5.206173794940837, 5.119871861726335, 5.058940405984527, 5.010123539896845, 4.972211226676274, 4.94873283904733, 4.910775786464654, 4.896798735683404, 4.879682818662773, 4.858666281098301, 4.845239139297633, 4.838223651774879, 4.825565967744994, 4.817826058100728, 4.80738015776699, 4.796087468712075, 4.790369126403216, 4.787857796381978, 4.782808174207372, 4.775489584913531, 4.771956360455856, 4.768179884234678, 4.76324699920358, 4.762984785061438, 4.758282707732858, 4.754161649537318, 4.751517879152761, 4.752451183726486, 4.747168679839199, 4.746137007926274, 4.744218252237561, 4.740160006921268, 4.737836226676274, 4.737945556640625, 4.73345473206159, 4.732565277988471, 4.733736204869539, 4.732690014885467, 4.733196665939776, 4.731750784568416, 4.730162389070085, 4.727505878337379, 4.727731352870904, 4.725031287924757, 4.726394801463895, 4.722255373464047, 4.718148240765322, 4.719718562746511], "status": "OK"}