{"data": "data/ptb", "recepie_id": 2008283, "recepies_list_path": "data/new_recepies_fix.json", "cuda": true, "batch_size": 20, "model": "CustomRNN", "emsize": 400, "nhid": 600, "nlayers": 3, "dropout": 0.1, "dropouth": 0.25, "dropouti": 0.4, "dropoute": 0.0, "wdrop": 0.1, "tied": true, "bptt": 70, "lr": 0.001, "wdecay": 1.2e-06, "epochs": 50, "alpha": 2, "beta": 1, "log_interval": 200, "clip": 0.25, "eval_batch_size": 50, "recepie": "{\"node_0\": {\"op\": \"linear\", \"input\": [\"x\", \"h_prev_0\"]}, \"node_1\": {\"op\": \"activation_tanh\", \"input\": [\"node_0\"]}, \"h_new_0\": {\"op\": \"elementwise_sum\", \"input\": [\"node_1\", \"node_0\"]}}", "experiment_id": 999985240, "init_time": "2020-05-07_05-07-37", "num_params": 5731600, "wall_times": [101.21174001693726, 98.38381695747375, 96.65577816963196, 95.26500272750854, 96.61176085472107, 95.17869281768799, 95.28036761283875, 96.40182733535767, 97.39893198013306, 94.83458209037781, 96.73105812072754, 96.5902111530304, 96.0794882774353, 96.26332974433899, 97.70398354530334, 97.80999851226807, 95.75107860565186, 97.20758819580078, 95.82810258865356, 96.78120279312134, 95.13923716545105, 95.90097045898438, 95.8919095993042, 96.85261225700378, 95.67056822776794, 95.14168238639832, 97.55301308631897, 96.07141399383545, 95.25468349456787, 96.008065700531, 92.96221947669983, 90.52578139305115, 90.81866765022278, 90.88923501968384, 90.26739144325256, 90.81785702705383, 90.15090870857239, 90.27648568153381, 90.51993560791016, 90.78268527984619, 90.68997430801392, 91.23692488670349, 91.43590593338013, 91.77587676048279, 91.09980010986328, 91.13477635383606, 91.43528318405151, 90.7473657131195, 90.88871240615845, 91.01015996932983], "train_losses": [6.89167851715884, 6.8964132510354474, 6.80781737467054, 6.8209865492711526, 6.683508233150449, 6.621711278306708, 6.560333713221452, 6.483710195793663, 6.431856308159862, 6.368980202113926, 6.315375635388091, 6.339197646038405, 6.303433112796514, 6.292809272631919, 6.209229684390296, 6.197779251385079, 6.20298842517885, 6.157500605131515, 6.116124317546125, 6.144643241353343, 6.122189920526061, 6.140538012344683, 6.111282004733473, 6.079098673417245, 6.070283083884675, 6.036402022483998, 6.047990291001022, 6.042934501237157, 6.061373362783067, 6.073090641977301, 6.056676449626163, 6.034980383653381, 6.053906292023022, 6.009739255553763, 6.020904352240331, 5.987647332714754, 6.02656737467054, 6.0237955361465225, 5.972054270211393, 5.9844737541014466, 6.046556885724275, 5.992067314157388, 6.009972063095046, 6.068390787208864, 5.9864387506051315, 5.961951515518262, 5.978379575466624, 5.961778380668065, 5.940924876284224, 5.958246345678016], "val_losses": [6.8713857256355935, 6.879596795550848, 6.798922139830508, 6.800584613347458, 6.659020127118644, 6.606927966101695, 6.5360467425847455, 6.476811440677966, 6.430026483050847, 6.367915121822034, 6.3139108845338985, 6.342200079449152, 6.311135460805085, 6.292119968220339, 6.214053230932203, 6.203345471398305, 6.205999073093221, 6.167708554025424, 6.1249238612288135, 6.15573093220339, 6.133784427966102, 6.147462261652542, 6.125184719279661, 6.09516154661017, 6.086106991525424, 6.043637447033898, 6.061623411016949, 6.053934719279661, 6.074496822033899, 6.087869438559322, 6.0648040254237285, 6.047139168432204, 6.065032441737288, 6.018559984110169, 6.034574284957627, 5.998661281779661, 6.041868379237288, 6.038530852754238, 5.985958024364407, 6.00069186970339, 6.0708547404661015, 6.014113479872881, 6.02385063559322, 6.086044756355932, 6.003664592161017, 5.974408103813559, 5.9930733580508475, 5.978377913135593, 5.960646186440678, 5.980550185381356], "test_losses": [6.822086667551578, 6.827476131105886, 6.719939296685376, 6.739246553587682, 6.614096632281553, 6.551479302563713, 6.506383210709951, 6.427528159132281, 6.375381617870145, 6.317262519910497, 6.264375853307039, 6.295982583055219, 6.257595025219963, 6.250565315913228, 6.16234877503034, 6.155938898475425, 6.164794921875, 6.122603629399272, 6.081187424150485, 6.105766222314927, 6.088735043423847, 6.100674823649879, 6.077681161824939, 6.040565861081614, 6.038298671685376, 6.00182868439017, 6.012032814396238, 6.012231919371966, 6.031600211430522, 6.043178521313713, 6.026226154808859, 6.007356217763956, 6.021766440382281, 5.979515297898969, 5.997655775940534, 5.962685594280947, 6.001863646275789, 6.001372402154126, 5.950199460520328, 5.954862427942961, 6.022045542892901, 5.966845466095267, 5.985372895175971, 6.048780719053398, 5.961797325356493, 5.936186262704794, 5.952655681128641, 5.938209311476031, 5.91985846954642, 5.937369041072512], "status": "OK"}