{"data": "data/ptb", "recepie_id": 2003327, "recepies_list_path": "data/new_recepies_fix.json", "cuda": true, "batch_size": 20, "model": "CustomRNN", "emsize": 400, "nhid": 600, "nlayers": 3, "dropout": 0.1, "dropouth": 0.25, "dropouti": 0.4, "dropoute": 0.0, "wdrop": 0.1, "tied": true, "bptt": 70, "lr": 0.001, "wdecay": 1.2e-06, "epochs": 50, "alpha": 2, "beta": 1, "log_interval": 200, "clip": 0.25, "eval_batch_size": 50, "recepie": "{\"node_1\": {\"op\": \"linear\", \"input\": [\"h_prev_0\", \"h_prev_2\"]}, \"node_3\": {\"op\": \"linear\", \"input\": [\"h_prev_0\", \"x\"]}, \"node_5\": {\"op\": \"linear\", \"input\": [\"h_prev_2\", \"h_prev_1\"]}, \"h_new_0\": {\"op\": \"activation_leaky_relu\", \"input\": [\"node_5\"]}, \"h_new_1\": {\"op\": \"activation_tanh\", \"input\": [\"node_1\"]}, \"h_new_2\": {\"op\": \"activation_tanh\", \"input\": [\"node_3\"]}}", "experiment_id": 999957273, "init_time": "2020-05-14_18-58-10", "num_params": 9254800, "wall_times": [158.26762986183167, 158.28759121894836, 157.41079258918762, 160.51085352897644, 157.33536052703857, 155.51319551467896, 156.28593611717224, 154.75415134429932, 156.89229130744934, 154.4888277053833, 154.96415519714355, 157.69845390319824, 154.68729186058044, 156.89043974876404, 155.33904814720154, 154.58612537384033, 157.13441705703735, 154.68331575393677, 158.62244486808777, 155.24385786056519, 154.66230130195618, 155.98634576797485, 154.69615745544434, 156.30999183654785, 157.6969587802887, 154.57841873168945, 155.10407900810242, 155.65233278274536, 154.56990766525269, 156.8957097530365, 154.68274641036987, 157.41181349754333, 155.84950852394104, 154.53467774391174, 156.0762677192688, 154.58404755592346, 156.83235239982605, 156.08372688293457, 154.5982542037964, 155.79944920539856, 155.10502696037292, 154.69555044174194, 157.6638731956482, 154.46867322921753, 158.49969840049744, 156.531236410141, 154.09347939491272, 157.13710188865662, 154.8041388988495, 154.63783597946167], "train_losses": [6.461259396347695, 6.395554720698187, 6.375422331370018, 6.339973811252757, 6.309444085847991, 6.280216233661449, 6.260279671615297, 6.243738989968264, 6.218285225377871, 6.204743306573073, 6.190487416626325, 6.174547664192351, 6.1645957721478135, 6.156254622532408, 6.143522067129256, 6.1235611317304075, 6.11275449142058, 6.105294144344038, 6.0905932305954495, 6.082142821123124, 6.067606637620354, 6.048756790920338, 6.044906641654564, 6.033370061454467, 6.021229190199559, 6.0154300131784195, 6.009228255607552, 5.9935797227152925, 5.9887096747081925, 5.9751307756441285, 5.962910480877844, 5.959690676940455, 5.956217053950836, 5.944842682615244, 5.935268157307299, 5.9338347520305526, 5.922363307514389, 5.917030586036254, 5.9117545956376745, 5.908654557312678, 5.900380644532301, 5.89620523707708, 5.887381663170351, 5.876575443090743, 5.87785630479802, 5.8763031339088805, 5.869203764590393, 5.861312261309235, 5.857341505970631, 5.854331817142704], "val_losses": [6.474399496822034, 6.4234474311440675, 6.4175688559322035, 6.394746424788136, 6.3789724576271185, 6.360803098516949, 6.350233712923729, 6.3465625, 6.333735434322034, 6.330054952330508, 6.327681408898305, 6.319173066737288, 6.317860169491525, 6.318679819915254, 6.315934189618644, 6.310575344279661, 6.306036149364407, 6.306428760593221, 6.300707097457627, 6.3003767213983055, 6.298561308262712, 6.291698887711864, 6.291755164194916, 6.293361361228814, 6.288104475635593, 6.290779925847458, 6.290324417372881, 6.290773967161017, 6.287204051906779, 6.289005561440678, 6.286810116525424, 6.285344941737288, 6.29069186970339, 6.28954250529661, 6.2845703125, 6.291865730932203, 6.290229740466102, 6.288034957627119, 6.289618644067796, 6.291092425847458, 6.294476297669491, 6.294635858050848, 6.294481594279661, 6.293179290254237, 6.294797404661017, 6.29763373940678, 6.29841498940678, 6.2950026483050845, 6.300492584745763, 6.300448225635593], "test_losses": [6.419888690837379, 6.377338890890473, 6.372092237750303, 6.354905804384102, 6.339952783677185, 6.325547301653519, 6.316147887591019, 6.311072488432949, 6.297589644645024, 6.295062315116808, 6.294417594243022, 6.288268450394417, 6.290458012553095, 6.288519109337075, 6.285131361878034, 6.281459771313713, 6.279676122572815, 6.278799112560679, 6.277188495524879, 6.275897868628641, 6.273412019303701, 6.268397062727549, 6.268998525675061, 6.268689794447815, 6.266718299643507, 6.268728904353762, 6.268154699825546, 6.265543224742111, 6.264979093977549, 6.267452499241505, 6.264253782994539, 6.264743841967537, 6.267879745335255, 6.267997667627427, 6.264070084951456, 6.268699275637136, 6.266925108085558, 6.263822981454794, 6.267061992756371, 6.270140416413835, 6.270786322436287, 6.271867178018811, 6.272154576570085, 6.269534212871663, 6.272335904315837, 6.273589199029126, 6.274460283297937, 6.27092794770176, 6.275872980506675, 6.277788180749393], "status": "OK"}