{"data": "data/ptb", "recepie_id": 1012896, "recepies_list_path": "data/models_recepies.json", "cuda": true, "batch_size": 20, "model": "CustomRNN", "emsize": 400, "nhid": 600, "nlayers": 3, "dropout": 0.1, "dropouth": 0.25, "dropouti": 0.4, "dropoute": 0.0, "wdrop": 0.1, "tied": true, "bptt": 70, "lr": 0.001, "wdecay": 1.2e-06, "epochs": 50, "alpha": 2, "beta": 1, "log_interval": 200, "clip": 0.25, "eval_batch_size": 50, "recepie": "{\"node_0\": {\"op\": \"linear\", \"input\": [\"h_prev_1\", \"h_prev_0\"]}, \"node_1\": {\"op\": \"activation_tanh\", \"input\": [\"node_0\"]}, \"node_6\": {\"op\": \"linear\", \"input\": [\"h_prev_2\", \"node_1\"]}, \"node_7\": {\"op\": \"activation_leaky_relu\", \"input\": [\"node_6\"]}, \"node_8\": {\"op\": \"linear\", \"input\": [\"x\", \"node_7\"]}, \"node_9\": {\"op\": \"activation_leaky_relu\", \"input\": [\"node_8\"]}, \"node_10\": {\"op\": \"linear\", \"input\": [\"node_9\", \"h_prev_2\"]}, \"node_13\": {\"op\": \"linear\", \"input\": [\"h_prev_2\", \"node_9\"]}, \"node_14\": {\"op\": \"activation_leaky_relu\", \"input\": [\"node_13\"]}, \"h_new_0\": {\"op\": \"activation_tanh\", \"input\": [\"node_10\"]}, \"h_new_1\": {\"op\": \"activation_tanh\", \"input\": [\"h_new_2\"]}, \"h_new_2\": {\"op\": \"linear\", \"input\": [\"node_14\", \"h_new_0\"]}}", "experiment_id": 999979769, "init_time": "2020-04-24_19-49-49", "num_params": 14539600, "wall_times": [293.81074047088623, 289.4595820903778, 289.6482319831848, 291.5652823448181, 288.2610228061676, 289.98472237586975, 287.4966690540314, 291.17971420288086, 291.4551179409027, 291.5910255908966, 291.26697397232056, 290.77678179740906, 291.9961943626404, 290.1502947807312, 292.2448604106903, 289.0394022464752, 288.4904239177704, 291.23259687423706, 291.54375982284546, 290.54324555397034, 291.71263098716736, 292.54003953933716, 289.1641352176666, 291.6213562488556, 291.25651454925537, 293.0633010864258, 290.89622044563293, 290.80009269714355, 292.12017035484314, 288.84907603263855, 290.57207322120667, 288.62479734420776, 287.88397240638733, 289.0939018726349, 287.9170227050781, 290.96179962158203, 289.89394879341125, 288.5455005168915, 286.1560082435608, 291.194105386734, 290.18644428253174, 288.59866404533386, 288.3784136772156, 290.12424540519714, 287.0349681377411, 291.04598093032837, 288.47214937210083, 291.4791452884674, 289.73429560661316, 290.4823462963104], "train_losses": [5.628734165725351, 5.305796907777957, 5.110604593620569, 4.983296269028024, 4.903679031520628, 4.820084314991124, 4.76567584785649, 4.721435271098919, 4.679213060082835, 4.649897800010758, 4.603428322172019, 4.569420771475445, 4.543278669786456, 4.519371772631919, 4.504309881125276, 4.472961967484267, 4.46029748937658, 4.445230134877091, 4.423602566429993, 4.419148126109408, 4.401370706928083, 4.382631380775644, 4.363524353181647, 4.359729254074552, 4.342530912134904, 4.33299925030929, 4.325240119547093, 4.314480965252003, 4.309316756091658, 4.297762946452584, 4.289404147167985, 4.282576246570922, 4.268526269431446, 4.267262216932925, 4.264261773169813, 4.249588594615674, 4.24973441450164, 4.239728312758862, 4.2357226783120865, 4.229407458582109, 4.221887859044699, 4.222487527567102, 4.207018012748104, 4.2061338483674895, 4.213333232478081, 4.2001111088698835, 4.201253294604916, 4.183801974073476, 4.193746722204293, 4.180045115916304], "val_losses": [5.657759533898305, 5.38166843220339, 5.22391452595339, 5.128928429555085, 5.077581104343221, 5.019971861758474, 4.987420550847458, 4.959715969279661, 4.933692399364407, 4.9228144862288135, 4.895147643008475, 4.876984573622881, 4.859105534957627, 4.852400357521186, 4.84512248411017, 4.82813327595339, 4.823677502648305, 4.823621226165254, 4.812530124470339, 4.813003840042373, 4.8067780058262715, 4.798231263241526, 4.7922229210805085, 4.787854872881356, 4.7865770656779665, 4.778718882415254, 4.783296477754237, 4.770928893008475, 4.773092558262712, 4.765523040254237, 4.764972523834746, 4.76213718220339, 4.764192266949152, 4.763256753177966, 4.762952529131356, 4.758527542372882, 4.760373079978813, 4.755545881885594, 4.75236923993644, 4.755512778072034, 4.7496514168432205, 4.748940015889831, 4.751809454449153, 4.747534427966102, 4.747859176377118, 4.741706832627119, 4.747635063559322, 4.744505760063559, 4.74494140625, 4.743567929025423], "test_losses": [5.610096755537015, 5.328660687196602, 5.176854402116201, 5.081248459306735, 5.026345854824029, 4.969421683005916, 4.934473130309466, 4.907690844489533, 4.884270825432342, 4.867856812708586, 4.843624374241505, 4.827355838516383, 4.810411471765018, 4.803186509215716, 4.795542892900485, 4.777659888406402, 4.773962520858617, 4.770456851107403, 4.756979933062803, 4.760399383248635, 4.751779797007736, 4.742544229748179, 4.739245072151851, 4.735614961790807, 4.735156605544599, 4.727316847125303, 4.726837454490291, 4.719360647849666, 4.720703125, 4.713033435414139, 4.71078372696071, 4.709701093655188, 4.707419089900637, 4.71099853515625, 4.706942956424454, 4.701234391592081, 4.701912296628489, 4.699480964142142, 4.697160739343143, 4.696646681109678, 4.690579312518962, 4.691680908203125, 4.694749258096936, 4.690674124412166, 4.693783954509254, 4.686960461070236, 4.690298432285346, 4.687730215128186, 4.687974948327518, 4.684904524423544], "status": "OK"}