{"data": "data/ptb", "recepie_id": 2009093, "recepies_list_path": "data/new_recepies_fix.json", "cuda": true, "batch_size": 20, "model": "CustomRNN", "emsize": 400, "nhid": 600, "nlayers": 3, "dropout": 0.1, "dropouth": 0.25, "dropouti": 0.4, "dropoute": 0.0, "wdrop": 0.1, "tied": true, "bptt": 70, "lr": 0.001, "wdecay": 1.2e-06, "epochs": 50, "alpha": 2, "beta": 1, "log_interval": 200, "clip": 0.25, "eval_batch_size": 50, "recepie": "{\"node_0\": {\"op\": \"linear\", \"input\": [\"x\", \"h_prev_0\"]}, \"node_1\": {\"op\": \"activation_leaky_relu\", \"input\": [\"node_0\"]}, \"node_9\": {\"op\": \"linear\", \"input\": [\"x\", \"h_prev_0\", \"node_1\"]}, \"node_10\": {\"op\": \"activation_tanh\", \"input\": [\"node_9\"]}, \"node_13\": {\"op\": \"linear\", \"input\": [\"node_10\", \"node_1\"]}, \"h_new_0\": {\"op\": \"activation_leaky_relu\", \"input\": [\"node_13\"]}}", "experiment_id": 999954040, "init_time": "2020-05-17_11-15-51", "num_params": 10094800, "wall_times": [167.33801198005676, 165.16462111473083, 164.36100959777832, 164.06619572639465, 165.3355016708374, 164.2405548095703, 163.1359519958496, 163.22389435768127, 162.88589644432068, 163.05796098709106, 163.07055687904358, 162.74122881889343, 163.10763335227966, 162.9685251712799, 162.79694414138794, 162.93951797485352, 162.76831197738647, 162.7909529209137, 162.6182460784912, 162.3249409198761, 162.87345218658447, 162.72890663146973, 162.73478031158447, 162.92018055915833, 162.77746319770813, 162.846604347229, 162.80690574645996, 162.48186373710632, 162.78279042243958, 162.6582260131836, 162.76495361328125, 162.78955936431885, 162.44394850730896, 162.83148956298828, 162.7816607952118, 162.6934061050415, 166.1157615184784, 162.73152899742126, 162.94592714309692, 162.87873768806458, 162.5334815979004, 163.01334428787231, 162.95034265518188, 162.83041214942932, 162.95280265808105, 162.8101990222931, 163.12117195129395, 162.92531943321228, 162.52443742752075, 162.91329312324524], "train_losses": [5.650686992361895, 5.356311941934269, 5.192609999462105, 5.093181008283578, 5.015301422731429, 4.959696980393739, 4.9146424177021135, 4.871408292318864, 4.838759766150288, 4.802810751842289, 4.775517639583669, 4.75076860107041, 4.729273825372492, 4.706441456887742, 4.695143987682211, 4.674740549862837, 4.662874509171104, 4.640900250793394, 4.626919611640041, 4.617453505728578, 4.610306230165134, 4.592012348044753, 4.583486297133021, 4.574345449411005, 4.565962697003926, 4.558241386961433, 4.549499337717175, 4.540975808186757, 4.534124794927653, 4.527157798128126, 4.5204639509709, 4.513751193453822, 4.504860802942284, 4.498370347211016, 4.496316682131138, 4.4878973696950135, 4.484168666962509, 4.478372011322683, 4.475523270668603, 4.469148378247539, 4.4662740035501045, 4.4625789192351135, 4.460544164515088, 4.453577167715562, 4.447585525254155, 4.4421124468829, 4.439718395325695, 4.433772137727932, 4.431844121483514, 4.427193433650691], "val_losses": [5.674518670550848, 5.417526483050848, 5.293748013771187, 5.221402608580508, 5.169987751588983, 5.135285023834745, 5.10831733315678, 5.083058461334746, 5.0640922934322035, 5.050516419491525, 5.032881024894068, 5.024017147775424, 5.014307468220339, 5.005503840042373, 4.9990528998940675, 4.991524430614406, 4.9911271848516945, 4.982196438029661, 4.9736675715042376, 4.972209348516949, 4.972736361228813, 4.965981528072034, 4.965322762182203, 4.961631686970339, 4.958597391419492, 4.954396186440678, 4.954017478813559, 4.95198093220339, 4.951953125, 4.949375993114407, 4.950056607521186, 4.9473685778601695, 4.945502846927966, 4.942051112288135, 4.9408103813559325, 4.943798993644068, 4.946418498411017, 4.9401476430084745, 4.941240068855932, 4.938612619173729, 4.938314684851695, 4.939175384004237, 4.9413347457627115, 4.93951999470339, 4.9393210407838986, 4.935892809851695, 4.935575675317796, 4.9348768538135594, 4.9363671875, 4.935721663135594], "test_losses": [5.629305052525789, 5.373228202745753, 5.242074910876821, 5.169899949749697, 5.114365661028519, 5.080328191368325, 5.052350979406857, 5.023826228762136, 5.006353581993325, 4.98749253356341, 4.972003233085558, 4.962017763008192, 4.952477908828883, 4.942792281363774, 4.939119505650789, 4.930074154751972, 4.926456192164745, 4.918419106492719, 4.910843932512894, 4.907378557816292, 4.907052641933404, 4.900433586639108, 4.900038635846481, 4.895602624393204, 4.892659900257889, 4.890954175041717, 4.889486072132889, 4.887243770858617, 4.884559705419448, 4.884261344243022, 4.884215716019417, 4.879395123824333, 4.879440752047937, 4.875552279277913, 4.877258597068416, 4.87802479568037, 4.877889096158222, 4.877227190628792, 4.875359396332676, 4.875217474780037, 4.875000592574333, 4.874652158866808, 4.875417764904429, 4.872639183859223, 4.872228529846784, 4.866738328655947, 4.866585444478155, 4.866931507888349, 4.868919891061135, 4.867376234924909], "status": "OK"}