{"data": "data/ptb", "recepie_id": 1013400, "recepies_list_path": "data/models_recepies.json", "cuda": true, "batch_size": 20, "model": "CustomRNN", "emsize": 400, "nhid": 600, "nlayers": 3, "dropout": 0.1, "dropouth": 0.25, "dropouti": 0.4, "dropoute": 0.0, "wdrop": 0.1, "tied": true, "bptt": 70, "lr": 0.001, "wdecay": 1.2e-06, "epochs": 50, "alpha": 2, "beta": 1, "log_interval": 200, "clip": 0.25, "eval_batch_size": 50, "recepie": "{\"node_0\": {\"op\": \"linear\", \"input\": [\"h_prev_0\", \"x\"]}, \"node_1\": {\"op\": \"activation_sigm\", \"input\": [\"node_0\"]}, \"node_4\": {\"op\": \"linear\", \"input\": [\"node_1\", \"h_prev_2\", \"h_prev_1\"]}, \"node_5\": {\"op\": \"activation_sigm\", \"input\": [\"node_4\"]}, \"node_10\": {\"op\": \"activation_sigm\", \"input\": [\"h_new_1\"]}, \"node_15\": {\"op\": \"linear\", \"input\": [\"node_10\", \"h_prev_1\"]}, \"h_new_0\": {\"op\": \"activation_tanh\", \"input\": [\"node_15\"]}, \"h_new_1\": {\"op\": \"linear\", \"input\": [\"node_5\", \"node_1\", \"x\"]}, \"h_new_2\": {\"op\": \"blend\", \"input\": [\"node_1\", \"node_0\", \"node_4\"]}}", "experiment_id": 999987314, "init_time": "2020-04-18_21-52-46", "num_params": 12736400, "wall_times": [308.281063079834, 260.6736538410187, 259.4002454280853, 256.8478364944458, 256.01134848594666, 255.33989429473877, 255.28329873085022, 255.0229353904724, 256.415488243103, 255.53681540489197, 255.38492631912231, 254.76684284210205, 255.67463731765747, 255.63354063034058, 254.90668201446533, 254.8472282886505, 255.6667184829712, 255.99935054779053, 256.7870936393738, 255.54355096817017, 256.4994375705719, 255.25111556053162, 255.38956713676453, 255.02646684646606, 255.54189825057983, 250.10564160346985, 255.45170855522156, 255.54631400108337, 256.01666045188904, 255.2194287776947, 256.046528339386, 255.23041033744812, 256.11273980140686, 255.00756335258484, 256.06159472465515, 254.9604947566986, 256.08101892471313, 255.36491751670837, 256.23872423171997, 254.9029769897461, 254.9012050628662, 256.0491337776184, 254.76986503601074, 254.67771077156067, 254.99481892585754, 256.21205973625183, 256.95808959007263, 257.63905024528503, 253.82517004013062, 256.45271825790405], "train_losses": [6.3904300131784195, 6.013445686084665, 5.868252363374752, 5.734522080576623, 5.618109485100318, 5.516628929993008, 5.474483200876769, 5.418044181324297, 5.41176384070249, 5.382020786267549, 5.334277590635254, 5.315058361572804, 5.284296248856974, 5.258051610994567, 5.222920784922812, 5.212220462858372, 5.183346864746382, 5.163951979452423, 5.173300420902588, 5.130548719810661, 5.124612967968372, 5.111187873164434, 5.08443097466516, 5.075038829272229, 5.067309955085794, 5.061716270641709, 5.036673070975203, 5.03757194341348, 5.0167331470873, 4.99880570571782, 4.992005120084987, 4.978418236646765, 4.988271374589855, 4.9681671406863535, 4.950244321849282, 4.9440236539185625, 4.937216764832446, 4.92651476184713, 4.919186367059329, 4.918295478995213, 4.9311738542843315, 4.897127222177398, 4.9143364901027375, 4.887030350707332, 4.8801885825130435, 4.868577201333979, 4.870017750524448, 4.869568524420418, 4.862810382039696, 4.873668290436233], "val_losses": [6.394744438559322, 6.046814088983051, 5.9224271716101695, 5.803499073093221, 5.701073887711864, 5.618228945974576, 5.589026085805084, 5.549784163135593, 5.542367915783898, 5.52839016154661, 5.48323093220339, 5.469555746822034, 5.444278667902543, 5.435417439088983, 5.403198821504238, 5.3904829846398306, 5.3761116260593225, 5.357006091101695, 5.374167770127118, 5.343767545021186, 5.342816472457627, 5.327378177966102, 5.30839314088983, 5.303570908368644, 5.299953654661017, 5.301822033898305, 5.278503045550847, 5.283737420550848, 5.2663516287076275, 5.252911480402543, 5.249645789194915, 5.242915783898305, 5.263389168432203, 5.243882415254237, 5.225534957627119, 5.222956501588983, 5.222990598516949, 5.215994107521187, 5.205750794491525, 5.21573093220339, 5.224150225105932, 5.202339777542373, 5.220657441737288, 5.196290055614407, 5.190121822033898, 5.178904263771186, 5.184362089512712, 5.1843081302966105, 5.181901152012712, 5.193111096398305], "test_losses": [6.343995325773665, 5.994766383495145, 5.884046239760315, 5.756780235512743, 5.653127725841929, 5.571164029315837, 5.541110436893204, 5.501179815496056, 5.502377408222087, 5.489414844698119, 5.443644403253944, 5.435024817013046, 5.412557361195389, 5.395321744159587, 5.365765914176274, 5.358748056356189, 5.343674150485437, 5.329604065533981, 5.349380641307645, 5.312478667324029, 5.307660445426274, 5.301606113470874, 5.280189291944781, 5.277924472845874, 5.273568458927488, 5.276441259291565, 5.255781747762439, 5.260910478610437, 5.242871330779733, 5.227736389752731, 5.224983881978155, 5.220722087378641, 5.234402850993629, 5.220623720039442, 5.204694729406857, 5.197841014676881, 5.199921543158374, 5.187499407425667, 5.183197317771541, 5.187639254968143, 5.200397380347391, 5.174228705248787, 5.192691543727245, 5.171350571715716, 5.165580082865595, 5.153062542665352, 5.155420395934466, 5.15790506011074, 5.15356208282767, 5.164172126251517], "status": "OK"}