{"data": "data/ptb", "recepie_id": 2010354, "recepies_list_path": "data/new_recepies_fix.json", "cuda": true, "batch_size": 20, "model": "CustomRNN", "emsize": 400, "nhid": 600, "nlayers": 3, "dropout": 0.1, "dropouth": 0.25, "dropouti": 0.4, "dropoute": 0.0, "wdrop": 0.1, "tied": true, "bptt": 70, "lr": 0.001, "wdecay": 1.2e-06, "epochs": 50, "alpha": 2, "beta": 1, "log_interval": 200, "clip": 0.25, "eval_batch_size": 50, "recepie": "{\"node_1\": {\"op\": \"linear\", \"input\": [\"x\", \"h_prev_0\"]}, \"node_2\": {\"op\": \"activation_sigm\", \"input\": [\"node_1\"]}, \"node_3\": {\"op\": \"linear\", \"input\": [\"x\", \"node_2\"]}, \"node_8\": {\"op\": \"linear\", \"input\": [\"h_prev_1\", \"x\"]}, \"node_9\": {\"op\": \"activation_tanh\", \"input\": [\"node_8\"]}, \"node_10\": {\"op\": \"linear\", \"input\": [\"x\", \"node_9\"]}, \"node_11\": {\"op\": \"activation_tanh\", \"input\": [\"node_10\"]}, \"h_new_0\": {\"op\": \"elementwise_sum\", \"input\": [\"node_3\", \"node_11\"]}, \"h_new_1\": {\"op\": \"elementwise_prod\", \"input\": [\"node_1\", \"node_2\"]}}", "experiment_id": 999964526, "init_time": "2020-05-16_14-28-18", "num_params": 10896400, "wall_times": [389.59835171699524, 387.7327892780304, 397.014625787735, 391.39778757095337, 391.48806500434875, 384.60933351516724, 375.4320776462555, 397.93221068382263, 395.20432472229004, 391.244500875473, 394.106960773468, 376.9351279735565, 393.1888236999512, 398.3987226486206, 393.3154480457306, 389.5470390319824, 384.6124053001404, 393.29563307762146, 395.1888973712921, 395.4091136455536, 384.8132083415985, 388.3837490081787, 392.56844782829285, 394.2083423137665, 393.56821727752686, 380.56277656555176, 392.5246081352234, 399.11480498313904, 390.59740924835205, 395.2777736186981, 386.8223307132721, 389.4723482131958, 395.18707513809204, 387.44711542129517, 390.8253517150879, 385.58285546302795, 386.67477798461914, 385.5635154247284, 386.00847911834717, 384.48178267478943, 384.6425414085388, 384.78158473968506, 396.80629229545593, 397.0227224826813, 401.02613639831543, 394.8009042739868, 381.16354298591614, 380.932648897171, 380.79756593704224, 401.50089025497437], "train_losses": [5.6366336533806685, 5.405957939997848, 5.24152017441235, 5.134890118202356, 5.053762993518369, 4.9944042144048195, 4.9523521966274, 4.921645554300468, 4.8792850875423595, 4.835554670270561, 4.8008613038567045, 4.80400042359206, 4.765503553466731, 4.737636826959282, 4.745632127104513, 4.704012946452584, 4.662483274837287, 4.656230669409929, 4.661316715749556, 4.6430291370824595, 4.616907206443979, 4.642223555752784, 4.637866608842988, 4.609710343714701, 4.5836791828035075, 4.579270967807004, 4.5756691746006135, 4.559475182884191, 4.562420156258405, 4.545029769108709, 4.512516557070626, 4.5559935755204135, 4.512986374455382, 4.5102712670109195, 4.504767932063902, 4.482686514980367, 4.471975266930235, 4.487169951186058, 4.491986209725136, 4.4672665873272015, 4.467411146522511, 4.461671642192459, 4.446227341186596, 4.443309682776612, 4.453489759830025, 4.444202671991824, 4.443278165510193, 4.442569237130869, 4.443202103840568, 4.429969894707116], "val_losses": [5.670359507415254, 5.475843816207627, 5.347132216631356, 5.271557203389831, 5.205071173199152, 5.166781647245763, 5.136457891949153, 5.127926046080509, 5.097772775423729, 5.0697457627118645, 5.043658964512712, 5.058980733580508, 5.028466300317796, 5.015965638241526, 5.03217326536017, 4.994182004766949, 4.974060513771186, 4.96936076536017, 4.975257216631356, 4.964144266419492, 4.949686506885593, 4.971467492055084, 4.970306541313559, 4.960531978283898, 4.940272775423729, 4.942023636122881, 4.938497086864407, 4.9270398569915255, 4.936011652542373, 4.927228217690678, 4.908228945974576, 4.944315082097457, 4.9120530985169495, 4.912829713983051, 4.899552105402543, 4.895769663665254, 4.887012380826271, 4.900204250529661, 4.908358712923729, 4.890592558262711, 4.895131422139831, 4.892496027542373, 4.876469147245762, 4.876955442266949, 4.8894153866525425, 4.890859375, 4.883291843220339, 4.886092094809322, 4.884733183262711, 4.876254303495763], "test_losses": [5.617320829224818, 5.431044495221481, 5.300641995031857, 5.227690761529126, 5.164637889676881, 5.12653061950091, 5.092323673581614, 5.086104605961772, 5.051779145175971, 5.026623772185983, 4.996906169409891, 5.013305071488167, 4.986415233426881, 4.972418035118325, 4.990102230923847, 4.944636668973756, 4.925876654467537, 4.92348887619463, 4.926817662507585, 4.915935034890777, 4.899450209534284, 4.930965682835255, 4.928531387477245, 4.90929701721784, 4.893701942221632, 4.895615661028519, 4.89402074721253, 4.886204691766535, 4.891806000644721, 4.882370735835103, 4.861463231947815, 4.899189180540807, 4.865832282501517, 4.867508675288228, 4.856693897432494, 4.852545284530492, 4.841684878451153, 4.850904742490898, 4.862994444023058, 4.846903680597694, 4.848635479084496, 4.846005634196754, 4.832078063372269, 4.834571616163531, 4.842415818890322, 4.845945487902003, 4.839894415105431, 4.841743839597239, 4.841382369254399, 4.832795967176122], "status": "OK"}