{"data": "data/ptb", "recepie_id": 2009332, "recepies_list_path": "data/new_recepies_fix.json", "cuda": true, "batch_size": 20, "model": "CustomRNN", "emsize": 400, "nhid": 600, "nlayers": 3, "dropout": 0.1, "dropouth": 0.25, "dropouti": 0.4, "dropoute": 0.0, "wdrop": 0.1, "tied": true, "bptt": 70, "lr": 0.001, "wdecay": 1.2e-06, "epochs": 50, "alpha": 2, "beta": 1, "log_interval": 200, "clip": 0.25, "eval_batch_size": 50, "recepie": "{\"node_0\": {\"op\": \"linear\", \"input\": [\"x\", \"h_prev_1\"]}, \"node_1\": {\"op\": \"activation_sigm\", \"input\": [\"node_0\"]}, \"node_4\": {\"op\": \"linear\", \"input\": [\"x\", \"node_1\"]}, \"node_5\": {\"op\": \"activation_leaky_relu\", \"input\": [\"node_4\"]}, \"node_6\": {\"op\": \"linear\", \"input\": [\"node_5\", \"h_prev_0\"]}, \"node_7\": {\"op\": \"activation_sigm\", \"input\": [\"node_6\"]}, \"node_12\": {\"op\": \"linear\", \"input\": [\"h_prev_0\", \"x\", \"node_1\"]}, \"h_new_0\": {\"op\": \"elementwise_prod\", \"input\": [\"node_5\", \"node_7\"]}, \"h_new_1\": {\"op\": \"activation_tanh\", \"input\": [\"node_12\"]}}", "experiment_id": 999984709, "init_time": "2020-05-18_06-53-36", "num_params": 11816400, "wall_times": [228.04641890525818, 229.04182028770447, 228.92738556861877, 227.22708988189697, 222.104327917099, 224.05708074569702, 223.25101017951965, 223.5819070339203, 222.77320647239685, 223.1847095489502, 222.0417218208313, 223.45327973365784, 223.8614661693573, 222.69268083572388, 226.41766500473022, 222.55579614639282, 224.92605781555176, 223.00101017951965, 224.06916069984436, 224.1188406944275, 224.56414985656738, 224.48579144477844, 223.24576663970947, 225.53880095481873, 222.8581142425537, 222.829106092453, 223.0838441848755, 225.41443347930908, 222.96005702018738, 222.07744646072388, 223.0510015487671, 222.35806846618652, 223.79426765441895, 224.65991616249084, 224.6343846321106, 226.8385968208313, 225.04574012756348, 223.99604868888855, 224.93428540229797, 225.18879008293152, 223.98428988456726, 227.12894558906555, 227.0216507911682, 223.09022736549377, 225.55206537246704, 223.05690932273865, 222.9240391254425, 226.8354516029358, 224.42702889442444, 224.2859160900116], "train_losses": [5.7018714532569525, 5.420034391641117, 5.245091290812759, 5.124260394814695, 5.034445850814911, 4.95625865674251, 4.896487631784197, 4.844176533672207, 4.7999973105265985, 4.75760952880426, 4.720973438088322, 4.690681562987467, 4.662282404792641, 4.634128240815448, 4.609095546904416, 4.591165163923404, 4.566886783255339, 4.5466526982141895, 4.528390753590447, 4.512228699370663, 4.497086964122425, 4.479226759587973, 4.4662000430315745, 4.452764442472164, 4.439964650233984, 4.426523586681728, 4.42034536200312, 4.405863808428809, 4.395985456672584, 4.385906655101931, 4.379922997014685, 4.368590648700985, 4.361528679871981, 4.351775976951213, 4.34660252272605, 4.3375839619977405, 4.330276578720887, 4.322340110806304, 4.318766052794363, 4.31044339330859, 4.306055769592814, 4.301864813619494, 4.294437664730246, 4.289433563283309, 4.283867614033672, 4.278650035635523, 4.272049899817116, 4.267292473508687, 4.2609915416061535, 4.255683193480716], "val_losses": [5.721494306144068, 5.476855799788136, 5.338251125529661, 5.248480534957627, 5.188057137182203, 5.135217492055085, 5.098136586334745, 5.067444054555085, 5.0416796875, 5.020159891419492, 4.998392478813559, 4.984885791843221, 4.968757613877119, 4.958085275423729, 4.947797603283898, 4.9393356064618645, 4.929843087923729, 4.922992584745763, 4.914270060911017, 4.90678859904661, 4.904367386122881, 4.898157441737288, 4.893298463983051, 4.886840572033898, 4.883660950741525, 4.877580773305085, 4.878152476165254, 4.871897179555085, 4.872567531779661, 4.868704647775424, 4.865336334745763, 4.8615274099576276, 4.86169094279661, 4.85560315148305, 4.858036943855932, 4.854837129237288, 4.853093220338983, 4.851696239406779, 4.8486155985169495, 4.847924721927966, 4.8494988082627115, 4.847974377648305, 4.8474576271186445, 4.845744504766949, 4.845969610699153, 4.8454747086864405, 4.84391452595339, 4.846538334216102, 4.841944186970339, 4.837834017478814], "test_losses": [5.676028946070995, 5.430079191633799, 5.28778787261074, 5.196772010581007, 5.130934631940231, 5.078009448005158, 5.037845352320995, 5.005879522527306, 4.977075076797633, 4.954045860512743, 4.932879994216474, 4.918196002256523, 4.903900442771541, 4.889862060546875, 4.879224462416565, 4.871942612731341, 4.86177522233389, 4.854461373634709, 4.846707834780795, 4.840628910990595, 4.837101612276244, 4.832332574048088, 4.82588655045889, 4.821366986024727, 4.816502247041869, 4.81206564301426, 4.812091716284891, 4.805540510751669, 4.805777244197512, 4.800961096309921, 4.797932152609223, 4.79482676681963, 4.796196206102094, 4.792448469736044, 4.792513949199788, 4.788174231075546, 4.786144071412318, 4.785842154789897, 4.785080696772603, 4.783856438201608, 4.783062388596026, 4.782675141269721, 4.781385106947815, 4.779509016611044, 4.77825927734375, 4.77613815752048, 4.775113300212379, 4.776780804384102, 4.773958372838289, 4.770418333775789], "status": "OK"}