{"data": "data/ptb", "recepie_id": 2003468, "recepies_list_path": "data/new_recepies_fix.json", "cuda": true, "batch_size": 20, "model": "CustomRNN", "emsize": 400, "nhid": 600, "nlayers": 3, "dropout": 0.1, "dropouth": 0.25, "dropouti": 0.4, "dropoute": 0.0, "wdrop": 0.1, "tied": true, "bptt": 70, "lr": 0.001, "wdecay": 1.2e-06, "epochs": 50, "alpha": 2, "beta": 1, "log_interval": 200, "clip": 0.25, "eval_batch_size": 50, "recepie": "{\"node_1\": {\"op\": \"linear\", \"input\": [\"h_prev_1\", \"x\"]}, \"node_2\": {\"op\": \"activation_tanh\", \"input\": [\"node_1\"]}, \"node_3\": {\"op\": \"elementwise_prod\", \"input\": [\"node_2\", \"node_1\"]}, \"node_4\": {\"op\": \"linear\", \"input\": [\"h_prev_0\", \"node_2\"]}, \"node_5\": {\"op\": \"activation_tanh\", \"input\": [\"node_4\"]}, \"h_new_0\": {\"op\": \"elementwise_sum\", \"input\": [\"node_3\", \"node_1\"]}, \"h_new_1\": {\"op\": \"elementwise_sum\", \"input\": [\"node_2\", \"node_5\"]}}", "experiment_id": 999929836, "init_time": "2020-05-16_18-39-35", "num_params": 7493200, "wall_times": [121.74951362609863, 121.8013641834259, 121.80071783065796, 121.51944160461426, 121.45657920837402, 121.34821367263794, 120.80656456947327, 118.79067611694336, 117.8091402053833, 118.04362344741821, 117.90254855155945, 117.59478783607483, 117.57020139694214, 117.39458751678467, 117.40366911888123, 117.45167660713196, 117.47125029563904, 117.21843409538269, 117.4309332370758, 117.35019040107727, 117.36324048042297, 117.07712006568909, 117.46976208686829, 117.37642097473145, 117.30308508872986, 117.37947821617126, 117.57492399215698, 117.49904823303223, 117.4380476474762, 117.39081811904907, 117.54441428184509, 117.51625657081604, 117.46516871452332, 117.3884208202362, 117.4248251914978, 117.2980432510376, 117.50551629066467, 117.89361023902893, 117.7280375957489, 117.99060535430908, 118.1225974559784, 117.88318061828613, 118.047372341156, 117.68357563018799, 117.69351625442505, 117.45919942855835, 117.93040418624878, 118.02690029144287, 118.04672884941101, 117.74336504936218], "train_losses": [5.629494362191383, 5.332592047227153, 5.138535615351514, 5.0331801173955135, 4.9331014502985315, 4.843204961406057, 4.802887653972352, 4.7663578815018015, 4.710144525576892, 4.670803833171965, 4.631798904711958, 4.60628420673982, 4.586038355252541, 4.56261304192889, 4.544458676241192, 4.539063340460438, 4.497785806976494, 4.503126092598569, 4.477655939029638, 4.465713416438062, 4.443391207439084, 4.437396203135926, 4.429919887311065, 4.4162321486203, 4.393358177343876, 4.402362450244742, 4.391496137243828, 4.368452813189178, 4.372349187779033, 4.347411465897477, 4.351174207277715, 4.3482943695874345, 4.3342242213974504, 4.318711002635684, 4.3569364040395895, 4.328248967914583, 4.313777499865527, 4.307709795734495, 4.300948291512022, 4.292413835995912, 4.275132708703136, 4.2802355642515195, 4.28289267992577, 4.285324552202678, 4.263503257624657, 4.244842934753375, 4.2576893725458556, 4.2342661603732985, 4.235536516325103, 4.261908904174063], "val_losses": [5.660989141949153, 5.415952727754237, 5.255344610699153, 5.17306640625, 5.109451800847458, 5.041334414724576, 5.0195782574152545, 4.995047007415255, 4.9611583024364405, 4.942727092161017, 4.912754899364407, 4.9081538003177965, 4.891130164194915, 4.888826800847458, 4.886864075741525, 4.874289592161017, 4.853045881885593, 4.862145789194916, 4.85132514565678, 4.842689353813559, 4.830491922669491, 4.824933461334746, 4.832747285487288, 4.82722954184322, 4.813472921080509, 4.825529661016949, 4.821413532838983, 4.803145193326271, 4.809219743114407, 4.80310546875, 4.8086698887711865, 4.8107799258474575, 4.797917108050847, 4.793836069915254, 4.8323278601694915, 4.806569451800847, 4.795680945444915, 4.803984706038135, 4.805994769597458, 4.798979078389831, 4.7850165519067795, 4.7892978681144065, 4.786936573093221, 4.796472457627119, 4.777301046080509, 4.764627913135593, 4.775995762711864, 4.764208487817797, 4.762103747351695, 4.7869177039194915], "test_losses": [5.624773044030643, 5.369195734412925, 5.210950536635315, 5.135383680028823, 5.067148153064321, 5.001775352700243, 4.982663052753337, 4.963146320824484, 4.924740689472087, 4.902196495278368, 4.875957007547027, 4.870497916508647, 4.858408511263653, 4.849621819060983, 4.850492607042628, 4.834900791205249, 4.81163039716702, 4.825664038797027, 4.811859130859375, 4.801618557531857, 4.793251111669448, 4.787275888387439, 4.792208180844205, 4.786845975709193, 4.77353734877503, 4.784627969982554, 4.780052703561135, 4.761470757641838, 4.770399963971481, 4.759117052393052, 4.763626839350728, 4.765753292342992, 4.759383414555522, 4.752175636661863, 4.789117016838592, 4.765770773285801, 4.754394827537166, 4.76210481217764, 4.763492621264412, 4.757243924927943, 4.74187521332676, 4.747045424378034, 4.747359785061438, 4.754804888975273, 4.737855485342081, 4.722168265037166, 4.73569555190003, 4.719981665750152, 4.72092030349287, 4.744820900333738], "status": "OK"}