{"data": "data/ptb", "recepie_id": 1004158, "recepies_list_path": "data/models_recepies.json", "cuda": true, "batch_size": 20, "model": "CustomRNN", "emsize": 400, "nhid": 600, "nlayers": 3, "dropout": 0.1, "dropouth": 0.25, "dropouti": 0.4, "dropoute": 0.0, "wdrop": 0.1, "tied": true, "bptt": 70, "lr": 0.001, "wdecay": 1.2e-06, "epochs": 50, "alpha": 2, "beta": 1, "log_interval": 200, "clip": 0.25, "eval_batch_size": 50, "recepie": "{\"node_0\": {\"op\": \"linear\", \"input\": [\"h_prev_0\", \"x\"]}, \"node_1\": {\"op\": \"activation_sigm\", \"input\": [\"node_0\"]}, \"node_10\": {\"op\": \"linear\", \"input\": [\"x\", \"node_1\"]}, \"node_11\": {\"op\": \"activation_tanh\", \"input\": [\"node_10\"]}, \"node_13\": {\"op\": \"linear\", \"input\": [\"x\", \"node_11\"]}, \"h_new_0\": {\"op\": \"activation_leaky_relu\", \"input\": [\"node_13\"]}}", "experiment_id": 999912311, "init_time": "2020-04-13_18-59-57", "num_params": 9174800, "wall_times": [145.43988251686096, 144.58296823501587, 144.40434789657593, 144.45462727546692, 143.8849425315857, 143.98773288726807, 143.8256800174713, 143.9947259426117, 143.75024032592773, 144.0870509147644, 143.82140970230103, 143.96015453338623, 143.58451104164124, 143.57466411590576, 143.36611890792847, 143.54003357887268, 143.32126355171204, 143.61661314964294, 143.3188693523407, 143.5931191444397, 143.34298467636108, 143.65631699562073, 143.18417286872864, 143.70459270477295, 143.39272379875183, 143.59726858139038, 143.11959767341614, 143.75631189346313, 143.5129997730255, 143.73051834106445, 143.22253608703613, 143.66688990592957, 143.29894948005676, 143.64867186546326, 143.37353587150574, 143.5948474407196, 143.51261520385742, 143.54880356788635, 143.32755208015442, 143.5805766582489, 143.30743145942688, 143.6461763381958, 142.92217135429382, 143.40274739265442, 143.55268573760986, 143.37457966804504, 143.57928204536438, 143.4038450717926, 143.41407012939453, 143.4692370891571], "train_losses": [5.67960177303534, 5.463803470093056, 5.354030512075735, 5.2783352832015495, 5.225893913721693, 5.182482871416276, 5.157199720294766, 5.117601846995858, 5.092270369399172, 5.072170758028078, 5.053523462293583, 5.0368235133935775, 5.0156447508202895, 5.005399117852725, 4.983658927706955, 4.979204907616588, 4.966993017454683, 4.953946550077995, 4.945001529637997, 4.934659663950298, 4.926836237964607, 4.918989699316874, 4.9135098972621165, 4.907974204588242, 4.8998469521542685, 4.891469662740035, 4.887804414770588, 4.882982273008445, 4.876637216932925, 4.872855985423054, 4.865480524850734, 4.862634305577968, 4.856456921359798, 4.853030784384917, 4.850847688397612, 4.845101040153838, 4.845700708676241, 4.838554693803453, 4.831117039158733, 4.829499573046098, 4.823086019444893, 4.819219481200581, 4.817049412350062, 4.814921366521435, 4.809797919692325, 4.8060797227152925, 4.80404748937658, 4.803786946640848, 4.798451703781399, 4.798018866655909], "val_losses": [5.706871027542373, 5.530265823622881, 5.449712327860169, 5.401177171610169, 5.368064751059322, 5.345729608050847, 5.333948622881356, 5.312825410487288, 5.298942995233051, 5.291076867055085, 5.285743180614407, 5.277211003707627, 5.27030952065678, 5.266658170021186, 5.259427966101695, 5.2594024761652545, 5.2558199814618645, 5.252624470338983, 5.249415055614406, 5.249094279661017, 5.247665850105932, 5.248670550847458, 5.247116657838983, 5.247567862817797, 5.242350370762712, 5.248040585275424, 5.24530654131356, 5.246298000529661, 5.245958355402542, 5.2463612288135595, 5.246388373940678, 5.249873543432203, 5.250603813559322, 5.250628310381356, 5.2518359375, 5.2531382415254235, 5.256950807733051, 5.256386387711864, 5.251852158368644, 5.254738479872882, 5.253080971927966, 5.252244438559322, 5.256944518008474, 5.256753177966102, 5.252397047139831, 5.254211798199153, 5.256495299258474, 5.255480667372882, 5.260309189618644, 5.2640595206567795], "test_losses": [5.654058067543993, 5.479777808328277, 5.396555483919903, 5.342800103344963, 5.308819520820692, 5.282556033828883, 5.269270517293689, 5.245861460861651, 5.232375061627731, 5.223290897110133, 5.21527573668841, 5.209331030984527, 5.198056119159587, 5.195764634215716, 5.18762444060983, 5.190385836999393, 5.185643464616201, 5.18158196014108, 5.178905301881068, 5.177524011111954, 5.176012353989685, 5.176852624393204, 5.176268938675667, 5.17597146636074, 5.17108154296875, 5.173566799719357, 5.171918850500607, 5.173338066027003, 5.173300733844053, 5.173045334306735, 5.172438538190231, 5.173322066520024, 5.172110844584345, 5.173406804649575, 5.172207434200546, 5.173061926388046, 5.175842877730583, 5.173370657615291, 5.172933930332221, 5.173488579907463, 5.173343399195995, 5.171426421230279, 5.17608168518659, 5.174439661711165, 5.170580817657767, 5.173040593712075, 5.174033748293386, 5.172368614418993, 5.177489049226335, 5.175926430711469], "status": "OK"}