{"data": "data/ptb", "recepie_id": 2004813, "recepies_list_path": "data/new_recepies_fix.json", "cuda": true, "batch_size": 20, "model": "CustomRNN", "emsize": 400, "nhid": 600, "nlayers": 3, "dropout": 0.1, "dropouth": 0.25, "dropouti": 0.4, "dropoute": 0.0, "wdrop": 0.1, "tied": true, "bptt": 70, "lr": 0.001, "wdecay": 1.2e-06, "epochs": 50, "alpha": 2, "beta": 1, "log_interval": 200, "clip": 0.25, "eval_batch_size": 50, "recepie": "{\"node_0\": {\"op\": \"linear\", \"input\": [\"h_prev_0\", \"x\"]}, \"node_1\": {\"op\": \"activation_sigm\", \"input\": [\"node_0\"]}, \"node_3\": {\"op\": \"linear\", \"input\": [\"h_prev_0\", \"node_1\"]}, \"node_4\": {\"op\": \"activation_leaky_relu\", \"input\": [\"node_3\"]}, \"node_5\": {\"op\": \"linear\", \"input\": [\"node_4\", \"node_1\"]}, \"h_new_0\": {\"op\": \"activation_tanh\", \"input\": [\"node_5\"]}}", "experiment_id": 999975516, "init_time": "2020-05-11_08-17-35", "num_params": 9254800, "wall_times": [149.12310433387756, 148.35466027259827, 146.86000204086304, 146.70560431480408, 149.07507753372192, 148.41777729988098, 146.7433066368103, 147.41872429847717, 147.39010953903198, 148.02780842781067, 148.4087359905243, 147.5609278678894, 146.17042994499207, 148.91364979743958, 147.10689544677734, 148.44408750534058, 148.82176160812378, 148.09851241111755, 147.599303483963, 147.16335654258728, 147.12172055244446, 147.56988048553467, 147.04751300811768, 146.63287615776062, 147.6523096561432, 147.63210225105286, 148.12054204940796, 147.29666113853455, 147.6784017086029, 148.3037075996399, 146.9349865913391, 147.45353436470032, 148.42012000083923, 146.07475876808167, 148.62018609046936, 149.6408405303955, 147.679922580719, 148.03764271736145, 147.53301215171814, 148.6844127178192, 147.86811351776123, 147.64277815818787, 147.50823211669922, 148.4202892780304, 148.0097508430481, 147.95813846588135, 147.91140365600586, 149.29293251037598, 146.99545168876648, 148.59413480758667], "train_losses": [5.946427370770803, 5.6809763460814375, 5.49550437711796, 5.366553792829864, 5.267055043434995, 5.194025334839439, 5.133619342020332, 5.084194385051907, 5.029830042090259, 4.990492711527083, 4.961673743343553, 4.926267246248185, 4.895337041444785, 4.872684531493734, 4.8459272127642405, 4.822458195497822, 4.804809786993706, 4.794909163035878, 4.765929666908719, 4.748904039589048, 4.735856311521704, 4.715146105642515, 4.700229193561401, 4.685987591442095, 4.672366249125921, 4.6610435661072565, 4.651213120595988, 4.634908608331989, 4.626225811548599, 4.614967423753429, 4.605811027513313, 4.600816591361411, 4.589727556344468, 4.587061615835619, 4.568530723871766, 4.568000393335485, 4.557899319563229, 4.551403821069335, 4.540223175864666, 4.538811202329084, 4.526724120542198, 4.518716633720618, 4.517479896186327, 4.5046477462212895, 4.498528353773331, 4.49285104351568, 4.487287195417137, 4.48530749085579, 4.478111468586951, 4.473629293071917], "val_losses": [5.96439155190678, 5.718832097457627, 5.558365995762712, 5.449940744173729, 5.374827198093221, 5.3158371954449155, 5.274273040254237, 5.238849642478813, 5.200908037605932, 5.171564486228814, 5.154954647775424, 5.131507216631356, 5.111887248411017, 5.097520524364406, 5.07962592690678, 5.068158103813559, 5.0589446504237285, 5.049699748411017, 5.0342336467161015, 5.029082693326271, 5.021168895656779, 5.012704581567797, 5.003935050317796, 4.996159626588983, 4.989691141419492, 4.984336599576271, 4.977395391949153, 4.973200145656779, 4.9687109375, 4.966481395656779, 4.954904329978813, 4.955428694385593, 4.951275820974576, 4.950699152542373, 4.946020259533898, 4.940922272245762, 4.938146186440678, 4.934591829978814, 4.92952827065678, 4.927577793961865, 4.923361361228814, 4.922445709745762, 4.918304091631356, 4.917306011652542, 4.914251522775424, 4.910406514830508, 4.908761586334745, 4.905588585805085, 4.901429091631356, 4.896556210275424], "test_losses": [5.907885505157767, 5.668460586695995, 5.505888411142294, 5.395649437765473, 5.317385775371663, 5.260146057721481, 5.214280211809769, 5.180226150068265, 5.138709207182949, 5.111302051729369, 5.093632077707828, 5.069966436589806, 5.052393052184466, 5.034890776699029, 5.018973044978762, 5.006282473073422, 4.997365414517597, 4.989513212037318, 4.970958524537318, 4.963994294694326, 4.958903784890777, 4.948220558536863, 4.94175497999469, 4.931714400504399, 4.926537374848301, 4.918802798373028, 4.912085672026699, 4.906514880726639, 4.903429938751517, 4.900707948555067, 4.891885998179611, 4.891515046647451, 4.885759372155643, 4.883989056337227, 4.879407567885315, 4.875044443074939, 4.873492490898058, 4.869670979027609, 4.864451584306735, 4.863414875511984, 4.858322884272603, 4.857716384443265, 4.852732538019569, 4.853247485114533, 4.848656515473301, 4.845854231454794, 4.840081076020176, 4.84147184797861, 4.836631404543386, 4.832334944345419], "status": "OK"}