{"data": "data/ptb", "recepie_id": 2008680, "recepies_list_path": "data/new_recepies_fix.json", "cuda": true, "batch_size": 20, "model": "CustomRNN", "emsize": 400, "nhid": 600, "nlayers": 3, "dropout": 0.1, "dropouth": 0.25, "dropouti": 0.4, "dropoute": 0.0, "wdrop": 0.1, "tied": true, "bptt": 70, "lr": 0.001, "wdecay": 1.2e-06, "epochs": 50, "alpha": 2, "beta": 1, "log_interval": 200, "clip": 0.25, "eval_batch_size": 50, "recepie": "{\"node_4\": {\"op\": \"linear\", \"input\": [\"h_prev_0\", \"x\"]}, \"node_5\": {\"op\": \"activation_tanh\", \"input\": [\"node_4\"]}, \"node_8\": {\"op\": \"linear\", \"input\": [\"h_prev_0\", \"h_prev_1\"]}, \"node_20\": {\"op\": \"linear\", \"input\": [\"h_new_1\", \"node_5\"]}, \"h_new_0\": {\"op\": \"activation_tanh\", \"input\": [\"node_20\"]}, \"h_new_1\": {\"op\": \"activation_leaky_relu\", \"input\": [\"node_8\"]}}", "experiment_id": 999901903, "init_time": "2020-05-17_12-03-11", "num_params": 9254800, "wall_times": [152.68218183517456, 152.25265216827393, 152.34334635734558, 152.39932441711426, 152.14329743385315, 152.22442173957825, 152.05563521385193, 148.27367615699768, 148.18821120262146, 147.8824303150177, 147.8275272846222, 147.94090723991394, 147.9255850315094, 147.86855387687683, 152.6365511417389, 154.067049741745, 153.71187782287598, 153.40638899803162, 153.80650568008423, 152.3471179008484, 150.91842317581177, 151.50661158561707, 150.6056010723114, 150.09362816810608, 150.42898845672607, 152.60839581489563, 152.07626795768738, 153.19711303710938, 152.3726704120636, 151.73231196403503, 153.28743386268616, 152.54141092300415, 150.45421290397644, 152.85764741897583, 152.88338017463684, 152.65893173217773, 153.85742688179016, 151.40263891220093, 152.0500328540802, 152.29053735733032, 150.78911185264587, 151.2742133140564, 152.47276973724365, 151.4766345024109, 151.86924290657043, 147.81856083869934, 146.0574917793274, 146.3447823524475, 146.2868287563324, 146.03728604316711], "train_losses": [5.5936167870206015, 5.324055490559949, 5.182900160023667, 5.083392165563983, 5.00156493733527, 4.945556233526975, 4.901885488946264, 4.850494695013716, 4.814027536845786, 4.770144155774299, 4.746458299714916, 4.721186915039535, 4.7072125793394655, 4.689418350949384, 4.652492721612608, 4.641780633102039, 4.607557504303157, 4.608309296164811, 4.592654039589048, 4.569429176079823, 4.552034586627938, 4.548389929939218, 4.531504659512668, 4.516435624092303, 4.512868709994083, 4.499459163708246, 4.481769152412458, 4.4657533383088595, 4.469792591173149, 4.453691890565327, 4.445365449007585, 4.437742893066537, 4.426431976494002, 4.425970563713625, 4.409021418293798, 4.403377726453661, 4.414238576461729, 4.391154490075843, 4.389518954063794, 4.395714408181378, 4.375514782018181, 4.372259258512183, 4.3654002608789195, 4.369429007987736, 4.357918482061212, 4.354897867247593, 4.338697572077887, 4.336059786993706, 4.336674583803991, 4.340067102361358], "val_losses": [5.6307587394067795, 5.405696835275424, 5.308419623940678, 5.234173728813559, 5.178973781779661, 5.142802568855932, 5.120246292372881, 5.088731461864406, 5.070441604872881, 5.041193061440678, 5.032119637182204, 5.0168154131355935, 5.0166386387711865, 5.011515492584746, 4.987770127118644, 4.986258938029661, 4.965327396716102, 4.971444981461865, 4.969216101694915, 4.952962791313559, 4.943103482521186, 4.94665188029661, 4.9398285222457625, 4.9320090704449155, 4.931514499470339, 4.927486427436441, 4.918816207627119, 4.906666445974576, 4.919680879237288, 4.908473914194915, 4.904397179555085, 4.90263142213983, 4.8985212526483055, 4.903552039194915, 4.888622881355932, 4.888417637711864, 4.900281051377118, 4.8812913797669495, 4.8829154528601695, 4.895265492584746, 4.876674059851695, 4.879347854872881, 4.875565413135593, 4.880038731461864, 4.872793299788135, 4.8727525820974575, 4.858981064618644, 4.859935116525424, 4.857006753177966, 4.864610699152542], "test_losses": [5.590416769379551, 5.360422078845571, 5.255810191330401, 5.188136424833131, 5.133067306962985, 5.098099495600728, 5.073923647982403, 5.046663450963289, 5.02570054137591, 4.997636220987561, 4.988560352510619, 4.975462682038835, 4.975436608768204, 4.969046879740595, 4.945335017824636, 4.943971800572664, 4.921225242244387, 4.930018452764715, 4.924052118097694, 4.907886394019266, 4.901166897375607, 4.903602081595115, 4.898675714881675, 4.886776822284587, 4.889416740935983, 4.88736317458662, 4.875402357971784, 4.86302999848301, 4.874730674965868, 4.863808048581614, 4.856859521958435, 4.856827226657312, 4.851588276983465, 4.854525075375455, 4.842111235683404, 4.840595430540807, 4.852474768184921, 4.837504266535194, 4.838190763899424, 4.846835534549454, 4.829085562993022, 4.830122864362106, 4.829866279676122, 4.833421725671268, 4.824646884955249, 4.824665254759557, 4.812287265814624, 4.813697000151699, 4.815303172880006, 4.820126727946754], "status": "OK"}