{"data": "data/ptb", "recepie_id": 2010690, "recepies_list_path": "data/new_recepies_fix.json", "cuda": true, "batch_size": 20, "model": "CustomRNN", "emsize": 400, "nhid": 600, "nlayers": 3, "dropout": 0.1, "dropouth": 0.25, "dropouti": 0.4, "dropoute": 0.0, "wdrop": 0.1, "tied": true, "bptt": 70, "lr": 0.001, "wdecay": 1.2e-06, "epochs": 50, "alpha": 2, "beta": 1, "log_interval": 200, "clip": 0.25, "eval_batch_size": 50, "recepie": "{\"node_3\": {\"op\": \"linear\", \"input\": [\"h_prev_0\", \"x\"]}, \"node_4\": {\"op\": \"activation_sigm\", \"input\": [\"node_3\"]}, \"node_6\": {\"op\": \"linear\", \"input\": [\"x\", \"node_4\"]}, \"h_new_0\": {\"op\": \"activation_sigm\", \"input\": [\"node_6\"]}}", "experiment_id": 999947948, "init_time": "2020-05-11_18-40-52", "num_params": 7453200, "wall_times": [103.8862361907959, 103.04219579696655, 104.01003861427307, 103.90507173538208, 103.99063873291016, 103.97301697731018, 112.53173327445984, 116.71396112442017, 110.9828405380249, 108.4158661365509, 109.09830331802368, 106.7505452632904, 103.81420731544495, 104.11882948875427, 103.71549439430237, 104.06780171394348, 103.82243251800537, 116.00255346298218, 108.79895877838135, 102.42395210266113, 102.0343885421753, 102.44532775878906, 102.31779885292053, 117.10495042800903, 116.76939058303833, 116.87955808639526, 116.63750982284546, 112.7629885673523, 108.55096244812012, 104.84268379211426, 103.97238183021545, 102.21821665763855, 102.472012758255, 102.33515167236328, 108.67899060249329, 108.50545191764832, 108.71478033065796, 102.35638523101807, 108.5355932712555, 107.80535387992859, 104.28553628921509, 101.92169094085693, 102.34676027297974, 102.28136086463928, 102.35936737060547, 105.57578420639038, 107.3538568019867, 107.11391472816467, 107.38566374778748, 107.02310037612915], "train_losses": [5.9608215164595775, 5.743711254773816, 5.579497471895003, 5.4938339619977405, 5.4243804125652195, 5.370295102468937, 5.318413479640687, 5.278358816093808, 5.245645574471519, 5.2164614262277444, 5.192802885132591, 5.171589663681351, 5.157048857646173, 5.1395336621214565, 5.131296309370125, 5.114290853100963, 5.097784210101662, 5.080534600075305, 5.073373036684417, 5.058746503684579, 5.050768012748104, 5.0377492805658655, 5.031804703888978, 5.022551234468291, 5.0165360591146255, 5.012462347372384, 5.006901861115594, 4.999572625867355, 4.99041202732505, 4.983170620192566, 4.978243841105911, 4.971686568769835, 4.967698163762035, 4.960719400516379, 4.954850885509117, 4.949753072723361, 4.9438484179172715, 4.945258290301759, 4.93769120474961, 4.934009567801624, 4.9322912464364475, 4.93084649494379, 4.929966953095584, 4.9283683973428, 4.9235164192351135, 4.92075508646657, 4.918411042305417, 4.919884369452961, 4.9192662108009255, 4.914085192431822], "val_losses": [5.974221398305085, 5.778232918432203, 5.639066472457627, 5.570744173728814, 5.519630892478814, 5.480250595868644, 5.447653932733051, 5.41967624470339, 5.402019332627119, 5.385340969279661, 5.374611361228814, 5.362462261652542, 5.355608117055085, 5.347059388241526, 5.345582296080509, 5.339273702330509, 5.331460871292373, 5.323093220338983, 5.322937301377118, 5.318124668961865, 5.316357918432203, 5.309996027542373, 5.309329316737288, 5.307080243644068, 5.307522841631356, 5.3075486626059325, 5.30680217161017, 5.305912010063559, 5.306083487817797, 5.301501588983051, 5.299454118114407, 5.299316737288136, 5.300099973516949, 5.2982683395127115, 5.297013042902543, 5.297643339512712, 5.297641353283899, 5.300907706567797, 5.300341631355932, 5.299100900423729, 5.300403866525424, 5.3049013506355935, 5.307054422669491, 5.308636784957627, 5.309131024894068, 5.306228151483051, 5.30643405720339, 5.310635924258475, 5.313529197563559, 5.313042902542373], "test_losses": [5.922188471821905, 5.731359389221784, 5.585797652457524, 5.515273010846481, 5.463099803739381, 5.422521498596784, 5.386490608881978, 5.358833979634405, 5.340255589161105, 5.321982374469053, 5.309764676881068, 5.297487129285497, 5.289620705021238, 5.280701276168083, 5.279015402192051, 5.270244116922027, 5.263004636301578, 5.256021147792779, 5.255435091777913, 5.249469645972391, 5.246618178284284, 5.241043831538228, 5.239314699635922, 5.236761889411408, 5.237409573156857, 5.236542636908374, 5.235893175439927, 5.234202560869235, 5.23296645081159, 5.230331272754855, 5.230316458396541, 5.228635917589503, 5.228389406667172, 5.227187665920813, 5.226490798505765, 5.227704983313107, 5.226995079262743, 5.230616301008799, 5.229016942885315, 5.225623862257281, 5.227981715526395, 5.23149923676426, 5.233369401357706, 5.236194203200849, 5.235948877427185, 5.234087008874393, 5.234386851486651, 5.236913588440534, 5.239471731834041, 5.237451053360133], "status": "OK"}