{"data": "data/ptb", "recepie_id": 1003882, "recepies_list_path": "data/models_recepies.json", "cuda": true, "batch_size": 20, "model": "CustomRNN", "emsize": 400, "nhid": 600, "nlayers": 3, "dropout": 0.1, "dropouth": 0.25, "dropouti": 0.4, "dropoute": 0.0, "wdrop": 0.1, "tied": true, "bptt": 70, "lr": 0.001, "wdecay": 1.2e-06, "epochs": 50, "alpha": 2, "beta": 1, "log_interval": 200, "clip": 0.25, "eval_batch_size": 50, "recepie": "{\"node_0\": {\"op\": \"linear\", \"input\": [\"h_prev_0\", \"x\"]}, \"node_1\": {\"op\": \"activation_tanh\", \"input\": [\"node_0\"]}, \"node_4\": {\"op\": \"linear\", \"input\": [\"x\", \"node_1\", \"h_prev_0\"]}, \"node_5\": {\"op\": \"activation_leaky_relu\", \"input\": [\"node_4\"]}, \"node_6\": {\"op\": \"linear\", \"input\": [\"node_1\", \"node_5\"]}, \"node_7\": {\"op\": \"activation_sigm\", \"input\": [\"node_6\"]}, \"node_10\": {\"op\": \"linear\", \"input\": [\"node_7\", \"node_1\"]}, \"node_11\": {\"op\": \"activation_sigm\", \"input\": [\"node_10\"]}, \"h_new_0\": {\"op\": \"linear\", \"input\": [\"node_11\", \"x\"]}}", "experiment_id": 999909911, "init_time": "2020-04-18_07-42-23", "num_params": 13578000, "wall_times": [244.4673411846161, 240.15253472328186, 239.05446648597717, 239.12332844734192, 238.96353673934937, 239.2123773097992, 239.33913922309875, 240.09557461738586, 239.67933201789856, 239.70235204696655, 239.9459354877472, 239.9907932281494, 239.95829105377197, 240.07501125335693, 239.9616093635559, 240.06297159194946, 240.11639094352722, 239.94432663917542, 240.15230584144592, 239.84276270866394, 239.91339755058289, 239.6851725578308, 239.8239336013794, 239.95930194854736, 239.8301076889038, 239.76564240455627, 239.78293871879578, 239.93611001968384, 239.4582314491272, 238.7409896850586, 238.9519636631012, 238.7944655418396, 238.95645570755005, 238.96553015708923, 238.93787455558777, 238.79011869430542, 238.77081632614136, 238.08774590492249, 238.59705710411072, 238.50847148895264, 238.6118941307068, 238.47346210479736, 238.5814688205719, 238.5831015110016, 238.75417923927307, 238.63005542755127, 238.63022661209106, 238.75446128845215, 238.53313493728638, 238.63329768180847], "train_losses": [5.775008740788554, 5.531090732747028, 5.446942152788984, 5.332743750336184, 5.296864914474746, 5.243609979291055, 5.203937725243398, 5.176696301301705, 5.160676705126137, 5.147858422758324, 5.134519475149266, 5.109786405384326, 5.1020907293851865, 5.106515333360228, 5.069291340568017, 5.070321324834597, 5.075169941100532, 5.041115744849659, 5.030593180167823, 5.026217743128395, 5.027370434618901, 5.026986344198806, 5.015080381636276, 5.004958296353074, 5.0014884554354255, 4.987857447824216, 4.988669332607175, 4.989121920552956, 4.99928182655586, 4.989797230514765, 4.980518547280942, 4.967580919530956, 4.959768419530956, 4.956575930557797, 4.952607276370287, 4.958833407293852, 4.957694583400571, 4.948124680625034, 4.947483409310957, 4.937750457210478, 4.950496880210855, 4.943352546258943, 4.943748403125168, 4.9346218432305955, 4.938777920095745, 4.945554972836319, 4.929490412027325, 4.924443447098058, 4.92272176389113, 4.925460404227852], "val_losses": [5.79867783368644, 5.588540783898305, 5.541350304555085, 5.445586599576271, 5.428292836334745, 5.392882680084746, 5.362698291843221, 5.349767611228813, 5.344543167372882, 5.341179819915254, 5.331850503177966, 5.320320113877119, 5.315617386122882, 5.330002648305085, 5.292363612288136, 5.302402012711864, 5.309144266419492, 5.283000529661017, 5.274820577330509, 5.270520060911017, 5.280411480402543, 5.286155985169492, 5.2774490201271185, 5.267236824682203, 5.271785950741525, 5.252501324152543, 5.261100370762712, 5.263772841631356, 5.2779296875, 5.268625529661017, 5.261816075211865, 5.255142346398305, 5.242061705508474, 5.2411639300847455, 5.241626390360169, 5.250049655720339, 5.251789592161017, 5.242480137711865, 5.244094941737288, 5.233136586334746, 5.24880561440678, 5.2476178495762715, 5.248356726694915, 5.236564155190678, 5.239183659957627, 5.2510235699152545, 5.235622351694915, 5.232598318326271, 5.231550251588983, 5.230818657309322], "test_losses": [5.753561371738471, 5.533946805787318, 5.488968043651395, 5.389217043385922, 5.370889904429611, 5.334057854217233, 5.307417489949939, 5.285069141573119, 5.286704646730886, 5.281157558404126, 5.272278424605583, 5.260077319098908, 5.260439974590413, 5.267813377010012, 5.237324835027306, 5.240692434959041, 5.249245652874697, 5.224321383874393, 5.218537265814624, 5.215649058517901, 5.223793992718447, 5.232959339919599, 5.218819923771238, 5.212075835292779, 5.215001967346784, 5.198234484033677, 5.207534938182645, 5.208174325887439, 5.218173425174454, 5.211880285763046, 5.203268995562803, 5.195211169789139, 5.185086444743629, 5.188376417437803, 5.186487883040049, 5.194305716209041, 5.195048804422027, 5.18480971253034, 5.186162559731493, 5.171848926729369, 5.190397688486044, 5.187699104975728, 5.188414342195085, 5.181456334382585, 5.183929147072209, 5.190515018203883, 5.175457704414442, 5.174270185452063, 5.17315673828125, 5.170689258760619], "status": "OK"}