{"data": "data/ptb", "recepie_id": 2005724, "recepies_list_path": "data/new_recepies_fix.json", "cuda": true, "batch_size": 20, "model": "CustomRNN", "emsize": 400, "nhid": 600, "nlayers": 3, "dropout": 0.1, "dropouth": 0.25, "dropouti": 0.4, "dropoute": 0.0, "wdrop": 0.1, "tied": true, "bptt": 70, "lr": 0.001, "wdecay": 1.2e-06, "epochs": 50, "alpha": 2, "beta": 1, "log_interval": 200, "clip": 0.25, "eval_batch_size": 50, "recepie": "{\"node_0\": {\"op\": \"linear\", \"input\": [\"x\", \"h_prev_0\", \"h_prev_1\"]}, \"node_1\": {\"op\": \"activation_tanh\", \"input\": [\"node_0\"]}, \"node_2\": {\"op\": \"linear\", \"input\": [\"node_1\", \"h_prev_0\"]}, \"node_3\": {\"op\": \"activation_sigm\", \"input\": [\"node_2\"]}, \"h_new_0\": {\"op\": \"elementwise_prod\", \"input\": [\"node_1\", \"node_3\"]}, \"h_new_1\": {\"op\": \"linear\", \"input\": [\"x\", \"node_3\"]}}", "experiment_id": 999937084, "init_time": "2020-05-06_21-39-06", "num_params": 10094800, "wall_times": [170.1349368095398, 166.7347617149353, 166.66587233543396, 169.54552245140076, 165.9720196723938, 166.1311228275299, 165.86095523834229, 165.99408626556396, 165.73897647857666, 165.59166741371155, 165.69627690315247, 165.63733911514282, 165.17098259925842, 165.32785606384277, 165.80899906158447, 165.76475381851196, 165.68882489204407, 165.60102486610413, 165.75258541107178, 165.55817580223083, 165.72439694404602, 165.6944191455841, 165.70929145812988, 165.4110505580902, 165.09907698631287, 165.82373690605164, 165.46606016159058, 165.8512043952942, 165.5878701210022, 165.82647252082825, 165.65372014045715, 165.8411774635315, 165.49881291389465, 165.91756010055542, 165.70723724365234, 165.80092763900757, 167.519451379776, 176.32777547836304, 175.84240102767944, 174.3209080696106, 175.75574803352356, 174.9433078765869, 175.75831532478333, 175.74208974838257, 169.8375928401947, 168.23464012145996, 168.6971549987793, 167.9495725631714, 168.4739761352539, 168.66857933998108], "train_losses": [5.565033988220106, 5.278914780673444, 5.090665089962886, 4.9565977825291805, 4.85514076031413, 4.773522806734442, 4.702582062557151, 4.643882624657092, 4.5913458629175405, 4.547450715399925, 4.508798360093594, 4.469252595341832, 4.436506155532247, 4.406820252407079, 4.375970311575493, 4.352759735893712, 4.327427838066806, 4.3052480871120435, 4.2845677175783985, 4.262168186219139, 4.243791518745629, 4.226036791996127, 4.207805524178366, 4.19142579070518, 4.175818860604593, 4.163489305981389, 4.147452900597063, 4.1345299809047384, 4.120197609058146, 4.10654979223818, 4.096455862379646, 4.083879212387714, 4.0729818023506, 4.060819919584746, 4.050669258646657, 4.041646075385939, 4.031079386531117, 4.023210575681781, 4.013612097251358, 4.003854771798182, 3.9970340151148407, 3.9866198698294872, 3.9784611001290946, 3.971171786751654, 3.9652629296433757, 3.9568469790490024, 3.949035739739659, 3.942353659028562, 3.935980027298155, 3.9274913768759077], "val_losses": [5.609554422669492, 5.3746269200211865, 5.232161347987288, 5.137662539724576, 5.069679555084746, 5.019970868644068, 4.97898967161017, 4.946347987288136, 4.918331236758474, 4.897118644067796, 4.881423132944915, 4.8633573887711865, 4.850230733580508, 4.840156912076271, 4.828444451800848, 4.822684719279661, 4.814888771186441, 4.807236824682203, 4.803163069385593, 4.793775489936441, 4.79090439618644, 4.787689684851695, 4.783204449152542, 4.778521583686441, 4.774604078389831, 4.7719110831567795, 4.767970074152543, 4.765274430614407, 4.763456700211864, 4.762961136122882, 4.760579647775423, 4.758040254237288, 4.758276946504237, 4.757301046080508, 4.757537407309322, 4.755268802966102, 4.754294888771186, 4.7545050979872885, 4.751883938029661, 4.753319319385593, 4.752111692266949, 4.747698622881356, 4.749755031779661, 4.749961268538136, 4.749104872881356, 4.7476592293432205, 4.747523503707627, 4.74702297404661, 4.744849377648305, 4.7457061043432205], "test_losses": [5.562110678663531, 5.322521617111651, 5.182528893924454, 5.085695137097997, 5.020596106075546, 4.970285656382736, 4.927836297785194, 4.895109009974211, 4.867884959989381, 4.845694828959345, 4.830428929004855, 4.810247624962075, 4.800237563049909, 4.789026945540049, 4.778095430540807, 4.771218605411863, 4.763711577480279, 4.755297021958435, 4.751784241315231, 4.742319347788986, 4.738834121852245, 4.735583555351183, 4.731026658734072, 4.72738528946071, 4.725081656743022, 4.721293032748028, 4.718014615253337, 4.716576141061135, 4.714315766269721, 4.711204158449636, 4.709936049378034, 4.706798072000152, 4.706545042760164, 4.705961653329794, 4.705636922595571, 4.702318506333435, 4.70005339094736, 4.701026694288531, 4.697706796590564, 4.699398596309921, 4.698545289271086, 4.695635453011226, 4.695540344830856, 4.694757257850425, 4.694560819459193, 4.693412114115595, 4.692322666205249, 4.693628700034132, 4.692054822606948, 4.69076419571071], "status": "OK"}