{"data": "data/ptb", "recepie_id": 2009861, "recepies_list_path": "data/new_recepies_fix.json", "cuda": true, "batch_size": 20, "model": "CustomRNN", "emsize": 400, "nhid": 600, "nlayers": 3, "dropout": 0.1, "dropouth": 0.25, "dropouti": 0.4, "dropoute": 0.0, "wdrop": 0.1, "tied": true, "bptt": 70, "lr": 0.001, "wdecay": 1.2e-06, "epochs": 50, "alpha": 2, "beta": 1, "log_interval": 200, "clip": 0.25, "eval_batch_size": 50, "recepie": "{\"node_0\": {\"op\": \"linear\", \"input\": [\"h_prev_1\", \"x\", \"h_prev_0\"]}, \"node_1\": {\"op\": \"activation_tanh\", \"input\": [\"node_0\"]}, \"node_2\": {\"op\": \"linear\", \"input\": [\"h_prev_1\", \"node_1\"]}, \"node_3\": {\"op\": \"activation_tanh\", \"input\": [\"node_2\"]}, \"node_6\": {\"op\": \"linear\", \"input\": [\"h_prev_0\", \"x\", \"node_3\"]}, \"node_8\": {\"op\": \"linear\", \"input\": [\"node_1\", \"x\"]}, \"h_new_0\": {\"op\": \"activation_sigm\", \"input\": [\"node_6\"]}, \"h_new_1\": {\"op\": \"activation_leaky_relu\", \"input\": [\"node_8\"]}}", "experiment_id": 999968789, "init_time": "2020-05-15_12-21-15", "num_params": 12696400, "wall_times": [224.51061487197876, 223.4021520614624, 223.76041269302368, 226.24221897125244, 228.2716155052185, 229.31782841682434, 228.4599244594574, 228.42231822013855, 228.75142574310303, 228.8257761001587, 228.61751508712769, 231.46829390525818, 228.96265625953674, 228.48311567306519, 226.87267804145813, 223.30513381958008, 224.36196041107178, 225.62389588356018, 229.05571150779724, 228.82410717010498, 228.5404121875763, 229.0469868183136, 228.7168505191803, 228.45139908790588, 228.37658143043518, 228.27322101593018, 227.98231506347656, 228.14081120491028, 228.58038187026978, 228.03159499168396, 227.8541898727417, 228.21935725212097, 229.03181433677673, 228.66361927986145, 229.09542298316956, 223.89494705200195, 222.83294558525085, 222.7290608882904, 226.88614320755005, 228.31868839263916, 227.97767972946167, 228.1819305419922, 228.0595667362213, 228.06297636032104, 228.48602104187012, 228.33874893188477, 228.54670810699463, 229.44980382919312, 228.16873288154602, 228.30812740325928], "train_losses": [5.910206467511161, 5.629546470738529, 5.450748177881771, 5.325891896616643, 5.222407263595288, 5.136110886988328, 5.067887771636814, 5.009087058253994, 4.958117335000807, 4.916364521139261, 4.874249048598784, 4.841534126055619, 4.8149583467807, 4.7755802538862895, 4.752776461056425, 4.723559955085794, 4.7045273082405465, 4.68273164770588, 4.6594811501533, 4.6376405249852075, 4.626786818890861, 4.6088022262116075, 4.598127538190522, 4.5765327477005, 4.560302195955032, 4.551050827685439, 4.537097083266096, 4.5220503200473345, 4.506569459012425, 4.496931899171642, 4.484224137351407, 4.468536102818568, 4.458028246194395, 4.452401363563014, 4.444367822467861, 4.432266032623312, 4.424083309800441, 4.416290140390512, 4.408041861653488, 4.402612066994783, 4.384948109972568, 4.377286052390942, 4.372232363778172, 4.364835891694906, 4.3616635737722556, 4.35365020372761, 4.344783766338551, 4.336201824807703, 4.332623984723791, 4.3224674405626375], "val_losses": [5.923583156779661, 5.667157706567797, 5.515360500529661, 5.416944518008474, 5.33605998411017, 5.272438095868644, 5.2246732653601695, 5.186205309851695, 5.152507613877119, 5.124951006355932, 5.103057137182203, 5.08153171345339, 5.065511784957627, 5.046474112817797, 5.032648967161017, 5.02017578125, 5.0114297537076276, 5.000000662076271, 4.987971067266949, 4.979671279131356, 4.975912010063559, 4.968346464512712, 4.965027476165254, 4.954719279661017, 4.948699351165255, 4.945896782309322, 4.93966267213983, 4.933729144597458, 4.9283064088983055, 4.923860235699152, 4.919744769597457, 4.914906316207627, 4.911194054555085, 4.9092634401483055, 4.911256289724577, 4.908329912605932, 4.903019729872882, 4.899850370762712, 4.895991459216102, 4.896972987288136, 4.890886851165254, 4.885805415783898, 4.886930614406779, 4.885111228813559, 4.884521649894068, 4.883203125, 4.877774761652542, 4.875931872351695, 4.875838850635593, 4.871387049788136], "test_losses": [5.876850017066141, 5.623954698877427, 5.468405121738471, 5.365153192316444, 5.283882807759405, 5.219586122383192, 5.170244235436893, 5.129159279239988, 5.095413356151395, 5.066758239153519, 5.041801378564927, 5.020903652154126, 5.007305848945692, 4.984850837189017, 4.970406837833738, 4.956263569952215, 4.94640876251517, 4.93482156401699, 4.922457500568871, 4.913794656401699, 4.909150947644872, 4.900892535459648, 4.896472523513349, 4.885486491675516, 4.880752711620145, 4.877854430559769, 4.87106204727321, 4.866214789233162, 4.859371148266838, 4.856962333605128, 4.852405436988016, 4.847735951247724, 4.843379344755006, 4.84241433745449, 4.842284267388501, 4.837782480184314, 4.834498136946299, 4.832319833699939, 4.830032496776395, 4.830358116372118, 4.826173356435831, 4.820340943567961, 4.819408527855734, 4.81925742140094, 4.817918499696602, 4.816091593029429, 4.811533511263653, 4.810621243078732, 4.810679611650485, 4.806600626232554], "status": "OK"}