{"data": "data/ptb", "recepie_id": 2001825, "recepies_list_path": "data/new_recepies_fix.json", "cuda": true, "batch_size": 20, "model": "CustomRNN", "emsize": 400, "nhid": 600, "nlayers": 3, "dropout": 0.1, "dropouth": 0.25, "dropouti": 0.4, "dropoute": 0.0, "wdrop": 0.1, "tied": true, "bptt": 70, "lr": 0.001, "wdecay": 1.2e-06, "epochs": 50, "alpha": 2, "beta": 1, "log_interval": 200, "clip": 0.25, "eval_batch_size": 50, "recepie": "{\"node_0\": {\"op\": \"linear\", \"input\": [\"h_prev_0\", \"x\"]}, \"node_1\": {\"op\": \"activation_leaky_relu\", \"input\": [\"node_0\"]}, \"node_4\": {\"op\": \"linear\", \"input\": [\"h_prev_0\", \"node_1\"]}, \"node_5\": {\"op\": \"activation_leaky_relu\", \"input\": [\"node_4\"]}, \"node_6\": {\"op\": \"linear\", \"input\": [\"h_prev_0\", \"node_5\"]}, \"node_7\": {\"op\": \"activation_leaky_relu\", \"input\": [\"node_6\"]}, \"node_8\": {\"op\": \"linear\", \"input\": [\"h_prev_1\", \"x\"]}, \"node_9\": {\"op\": \"activation_leaky_relu\", \"input\": [\"node_8\"]}, \"node_10\": {\"op\": \"linear\", \"input\": [\"h_prev_0\", \"node_9\"]}, \"node_11\": {\"op\": \"activation_tanh\", \"input\": [\"node_10\"]}, \"node_17\": {\"op\": \"linear\", \"input\": [\"h_prev_0\", \"node_7\", \"node_11\"]}, \"node_18\": {\"op\": \"activation_sigm\", \"input\": [\"node_17\"]}, \"node_19\": {\"op\": \"linear\", \"input\": [\"h_prev_0\", \"node_18\"]}, \"h_new_0\": {\"op\": \"elementwise_prod\", \"input\": [\"node_11\", \"node_7\"]}, \"h_new_1\": {\"op\": \"activation_sigm\", \"input\": [\"node_19\"]}}", "experiment_id": 999931498, "init_time": "2020-05-18_08-12-47", "num_params": 17141200, "wall_times": [361.87809562683105, 360.29243683815, 354.01984095573425, 356.1063115596771, 361.0400757789612, 358.21824383735657, 361.03579473495483, 366.0133056640625, 361.3340439796448, 353.12762427330017, 361.40346336364746, 361.5001516342163, 363.8891923427582, 362.6762602329254, 358.3329620361328, 356.7424077987671, 355.39820742607117, 360.5935778617859, 364.6997127532959, 360.9963870048523, 363.6944365501404, 357.7588677406311, 362.92412066459656, 360.29059648513794, 356.02823090553284, 362.22941732406616, 361.7009346485138, 363.89223313331604, 358.3328950405121, 358.7069847583771, 362.1176767349243, 361.89205956459045, 365.6114673614502, 362.47386503219604, 359.0388834476471, 360.6308624744415, 357.9532985687256, 356.8923442363739, 362.45955896377563, 365.8998558521271, 363.7621519565582, 359.49890398979187, 364.21897077560425, 360.3055827617645, 361.90913915634155, 361.72466373443604, 361.33170771598816, 359.30431604385376, 356.4112432003021, 358.7320604324341], "train_losses": [6.034312217605293, 5.643474160884299, 5.39949101715884, 5.244577769485235, 5.131474486982949, 5.04433050602442, 4.972615277553655, 4.913171191705664, 4.859764973643161, 4.812012532946049, 4.772730672771771, 4.73684133115486, 4.701409200016137, 4.674305611586251, 4.644096521838524, 4.619694173255876, 4.594119382362433, 4.573894542386101, 4.552052656527352, 4.532575826340702, 4.514005012506051, 4.495166512021946, 4.48167838268517, 4.46512467390135, 4.44745903595826, 4.431767219353451, 4.4192388958366955, 4.40691354351568, 4.398701824807703, 4.384385841939649, 4.3726992395513955, 4.362027493141843, 4.34896379632618, 4.339307326125545, 4.329727337824754, 4.319934713033188, 4.314380530229681, 4.304679515625841, 4.293004679683718, 4.2862309887848955, 4.276935916572535, 4.269485234791028, 4.264086957398741, 4.257196442499058, 4.250007143913722, 4.242210612662041, 4.233459318352966, 4.2273874119197465, 4.224136510946157, 4.217570834005702], "val_losses": [6.04455905720339, 5.683037605932204, 5.470296279131356, 5.34126953125, 5.250835871292373, 5.189607388771186, 5.139504435911017, 5.098321636652543, 5.065208222987288, 5.036513175317797, 5.011868048199153, 4.990116194385593, 4.975079449152543, 4.961432733050848, 4.945, 4.933290188029661, 4.9209967558262715, 4.908791379766949, 4.901178164724576, 4.892708222987288, 4.883400423728814, 4.878984043961864, 4.875175450211865, 4.864578257415254, 4.864940413135593, 4.859378641419491, 4.851231461864407, 4.846821371822034, 4.843748344809322, 4.846220537605932, 4.8400698490466105, 4.840197298728814, 4.833450741525423, 4.832326867055085, 4.8253227621822035, 4.823870828919492, 4.821321835275424, 4.824215439618644, 4.818823821504237, 4.820233381885593, 4.815113877118644, 4.814981792902542, 4.810841829978814, 4.8128164724576274, 4.80839314088983, 4.8060248940677965, 4.807787341101695, 4.8033944650423726, 4.801891220868644, 4.798794028072034], "test_losses": [5.997042461506371, 5.635087392862561, 5.419137306583738, 5.293004304459951, 5.199810139183859, 5.135056578997269, 5.084047187879247, 5.04094984924909, 5.004036023778823, 4.976330803435983, 4.950936919277154, 4.929630612864078, 4.910992964957524, 4.897259462226942, 4.881267066140777, 4.869660905263956, 4.85616709885088, 4.844695748634709, 4.83727553284284, 4.82730695113395, 4.820157245524879, 4.813151239191444, 4.808466642805674, 4.798759090090261, 4.794547071734678, 4.791265987655492, 4.784081912735133, 4.779901597106341, 4.776392668196299, 4.775092263823574, 4.768673794940837, 4.768415432531857, 4.762760495676578, 4.761583050477852, 4.75406713393128, 4.754656745392142, 4.749910521275789, 4.750438801293234, 4.747433560565837, 4.74680632063486, 4.745731390795662, 4.744319878735588, 4.737645714028368, 4.737737563049909, 4.734767284208131, 4.734357222770024, 4.735106236726335, 4.730272607895935, 4.728346445028064, 4.725833633570995], "status": "OK"}