{"data": "data/ptb", "recepie_id": 2006873, "recepies_list_path": "data/new_recepies_fix.json", "cuda": true, "batch_size": 20, "model": "CustomRNN", "emsize": 400, "nhid": 600, "nlayers": 3, "dropout": 0.1, "dropouth": 0.25, "dropouti": 0.4, "dropoute": 0.0, "wdrop": 0.1, "tied": true, "bptt": 70, "lr": 0.001, "wdecay": 1.2e-06, "epochs": 50, "alpha": 2, "beta": 1, "log_interval": 200, "clip": 0.25, "eval_batch_size": 50, "recepie": "{\"node_0\": {\"op\": \"linear\", \"input\": [\"x\", \"h_prev_0\"]}, \"node_1\": {\"op\": \"activation_tanh\", \"input\": [\"node_0\"]}, \"node_2\": {\"op\": \"linear\", \"input\": [\"h_prev_0\", \"h_prev_1\"]}, \"node_6\": {\"op\": \"linear\", \"input\": [\"x\", \"node_1\"]}, \"h_new_0\": {\"op\": \"activation_sigm\", \"input\": [\"node_2\"]}, \"h_new_1\": {\"op\": \"activation_sigm\", \"input\": [\"node_6\"]}}", "experiment_id": 999982622, "init_time": "2020-05-18_06-53-45", "num_params": 9214800, "wall_times": [155.16426944732666, 155.03400254249573, 153.4973349571228, 153.2420072555542, 153.33771300315857, 153.36984634399414, 153.24745655059814, 153.18389654159546, 153.21659922599792, 153.22010445594788, 152.2426085472107, 153.27771401405334, 153.77207016944885, 153.2903118133545, 152.6108787059784, 153.81455540657043, 153.8176290988922, 153.8582513332367, 153.61421298980713, 153.79947113990784, 152.20363759994507, 153.45633912086487, 153.4622085094452, 153.3324761390686, 153.03130197525024, 153.88979053497314, 153.91459155082703, 153.99647998809814, 154.0194010734558, 153.23440313339233, 153.72617483139038, 152.7428641319275, 153.6949577331543, 153.7935755252838, 153.58387207984924, 153.27323389053345, 153.77101802825928, 153.8576877117157, 152.67852687835693, 152.60236763954163, 152.38121485710144, 152.44769978523254, 153.89277529716492, 153.64094352722168, 153.13902616500854, 153.41251516342163, 153.3021810054779, 152.37987565994263, 153.34310722351074, 153.3690891265869], "train_losses": [6.604293576192782, 6.574740465816793, 6.5594608950567475, 6.551981637620354, 6.54782724167608, 6.545260055268678, 6.5434072602334465, 6.542725646818353, 6.541899894438169, 6.54146621685224, 6.540959839438438, 6.540616931579796, 6.540358489995159, 6.539888672610403, 6.539931536092733, 6.539961372438277, 6.539810930019902, 6.539804626566618, 6.540043737561185, 6.540180312382335, 6.540448419262009, 6.541045566403098, 6.540755187321823, 6.540688790947232, 6.541030858345436, 6.540730393738906, 6.541289299930074, 6.5416813747243285, 6.542380637808617, 6.542760525926524, 6.543137052202678, 6.5437325184228925, 6.545252070894519, 6.545913093028885, 6.545937886611801, 6.546639671077403, 6.5478549768705285, 6.5475490492711526, 6.547665453041795, 6.548339922543166, 6.54809660924641, 6.5484891042708835, 6.5485143180840195, 6.548149558253994, 6.548076017965682, 6.54777261174762, 6.548151659405089, 6.54888832297886, 6.5481831766715075, 6.548251674197192], "val_losses": [6.604376324152542, 6.574133342161017, 6.557319915254237, 6.548844014830508, 6.5440115201271185, 6.541198358050847, 6.538379899364407, 6.537458951271186, 6.536156647245763, 6.535090704449153, 6.5342511917372885, 6.534208818855932, 6.53333752648305, 6.532991922669492, 6.532625794491525, 6.532705905720339, 6.532385460805084, 6.532712526483051, 6.532865466101695, 6.533708951271186, 6.53349907309322, 6.534456435381356, 6.534316737288136, 6.534515360169491, 6.534521980932204, 6.534690810381356, 6.534967558262712, 6.5357474841101695, 6.536441340042373, 6.53666843220339, 6.537186175847458, 6.537948887711864, 6.539608712923729, 6.539760990466101, 6.540268140889831, 6.540930217161017, 6.542361626059322, 6.542192134533899, 6.541915386652542, 6.5424457097457624, 6.542091498940678, 6.5434864936440675, 6.543396451271186, 6.543058792372881, 6.54307997881356, 6.543034295550847, 6.543121027542373, 6.544383606991525, 6.543369306144068, 6.543670550847458], "test_losses": [6.523797192619842, 6.497574593256978, 6.484761951039139, 6.478192079414442, 6.474717223528519, 6.472248558859223, 6.470079736802185, 6.470018701645935, 6.469074730734223, 6.468712075242719, 6.467965431583738, 6.467441595873787, 6.467369301805219, 6.466846058669599, 6.467370486953883, 6.466692581917476, 6.466914797292172, 6.46642592346784, 6.466704433404126, 6.466757172519721, 6.467766919182342, 6.468418158373787, 6.467058792854976, 6.467321303284284, 6.468147944478155, 6.467703513728762, 6.467924543954794, 6.46856926482858, 6.469487755043993, 6.469809522906553, 6.470291878413228, 6.470596461620145, 6.472004418234223, 6.472225448460255, 6.472409146503337, 6.472937722807949, 6.474052355127427, 6.474280496245449, 6.474092650182039, 6.474502711620145, 6.474355160611347, 6.475065064661711, 6.474948920092537, 6.474627744804308, 6.474711890359527, 6.474512192809466, 6.474588042324029, 6.475088767635012, 6.474694113129551, 6.474395455665959], "status": "OK"}