{"data": "data/ptb", "recepie_id": 2008200, "recepies_list_path": "data/new_recepies_fix.json", "cuda": true, "batch_size": 20, "model": "CustomRNN", "emsize": 400, "nhid": 600, "nlayers": 3, "dropout": 0.1, "dropouth": 0.25, "dropouti": 0.4, "dropoute": 0.0, "wdrop": 0.1, "tied": true, "bptt": 70, "lr": 0.001, "wdecay": 1.2e-06, "epochs": 50, "alpha": 2, "beta": 1, "log_interval": 200, "clip": 0.25, "eval_batch_size": 50, "recepie": "{\"node_0\": {\"op\": \"linear\", \"input\": [\"h_prev_0\", \"x\"]}, \"node_1\": {\"op\": \"activation_leaky_relu\", \"input\": [\"node_0\"]}, \"node_2\": {\"op\": \"linear\", \"input\": [\"x\", \"node_1\"]}, \"node_3\": {\"op\": \"activation_tanh\", \"input\": [\"node_2\"]}, \"node_4\": {\"op\": \"linear\", \"input\": [\"node_1\", \"x\"]}, \"node_5\": {\"op\": \"activation_leaky_relu\", \"input\": [\"node_4\"]}, \"node_7\": {\"op\": \"linear\", \"input\": [\"h_prev_0\", \"node_5\"]}, \"node_8\": {\"op\": \"activation_sigm\", \"input\": [\"node_7\"]}, \"h_new_0\": {\"op\": \"linear\", \"input\": [\"node_8\", \"node_3\"]}}", "experiment_id": 999924581, "init_time": "2020-05-07_11-32-26", "num_params": 12698000, "wall_times": [231.1409833431244, 231.232990026474, 231.25970888137817, 231.1377091407776, 231.04522371292114, 230.68898558616638, 230.76363015174866, 230.97808194160461, 226.79183053970337, 225.56738662719727, 225.8089075088501, 225.6715793609619, 225.55681109428406, 225.59255647659302, 225.89039015769958, 225.8990352153778, 225.5752146244049, 225.58761286735535, 225.84259605407715, 226.63742113113403, 225.86224102973938, 226.01491522789001, 226.07169842720032, 226.32371878623962, 268.7925660610199, 229.66314101219177, 230.07295489311218, 230.16226291656494, 229.79204845428467, 230.0462954044342, 229.9375355243683, 230.64079308509827, 230.19973230361938, 230.15806341171265, 230.42595028877258, 229.8583960533142, 229.548011302948, 229.89922904968262, 230.25627660751343, 229.8636679649353, 230.510559797287, 231.50718140602112, 229.73997902870178, 229.53839111328125, 229.7671835422516, 230.44045209884644, 230.85576510429382, 230.0760853290558, 230.03449892997742, 230.10471606254578], "train_losses": [5.709849523963208, 5.440535743101501, 5.292008313834651, 5.203943188236243, 5.119363031843365, 5.074109280027971, 5.028654237937712, 4.975545122639987, 4.947674193830348, 4.922822198913453, 4.893599809719757, 4.867165648028616, 4.857787370232908, 4.822577961110214, 4.817452833360228, 4.790226957936636, 4.785751085874885, 4.767143712011189, 4.758151205556452, 4.734728833844334, 4.723692747834974, 4.725652281345813, 4.719445060782099, 4.702180322467861, 4.702456833951913, 4.678923101231779, 4.6752250753052556, 4.6626875067236835, 4.65474011282341, 4.656618121671777, 4.648863193211769, 4.636629871308698, 4.626649403609274, 4.618380113361304, 4.627215033483944, 4.617406439944059, 4.603794342692701, 4.605733284922812, 4.606875890888064, 4.591231560297993, 4.591094565246625, 4.581638544860416, 4.578762489242107, 4.579970230891291, 4.574210555510731, 4.562607999166263, 4.567747834973912, 4.570539424318219, 4.552950688505191, 4.5483705993491474], "val_losses": [5.736957759533898, 5.5082613877118645, 5.391306607521186, 5.322870100635593, 5.256343021716102, 5.229989075741526, 5.206927304025424, 5.165884533898305, 5.151037473516949, 5.138528866525424, 5.116161281779661, 5.101432070974576, 5.104618975105932, 5.07498874470339, 5.080501522775424, 5.06373046875, 5.062590042372881, 5.051605534957627, 5.056357918432203, 5.037009732521186, 5.033736096398305, 5.037420550847457, 5.029403800317796, 5.024127052436441, 5.025629965572034, 5.009229674258474, 5.013475900423729, 5.002768471927966, 5.006670087394068, 5.0056286414194915, 5.009102224576271, 4.995134070444915, 4.989724245233051, 4.985782243114407, 4.990841498940678, 4.9930809719279665, 4.979284626588983, 4.986959745762712, 4.992643670550848, 4.980492915783898, 4.978229939088983, 4.973810248940678, 4.974568657309322, 4.973833752648305, 4.976753509004237, 4.9646351959745765, 4.972448689088983, 4.974110831567796, 4.969173066737288, 4.960603813559322], "test_losses": [5.682532449370449, 5.44971177184466, 5.335389961316747, 5.271969693378337, 5.203574763918386, 5.177453494766383, 5.149451987257281, 5.110990357630461, 5.094263761946299, 5.079527030870753, 5.058920851031553, 5.043060006447209, 5.043679839199029, 5.017195914555522, 5.022473974135315, 5.001671059617719, 5.000758495145631, 4.990372444819478, 4.993819449711772, 4.975162246852245, 4.974109834837682, 4.976169623217537, 4.968905550762288, 4.961259564149727, 4.963814448384405, 4.948036564206614, 4.953037298998787, 4.945008805654581, 4.943788695103914, 4.940286877085861, 4.945755153026395, 4.936119005518052, 4.925046161540504, 4.92208743789821, 4.928765454338592, 4.925436371738471, 4.913760583377579, 4.919374040029581, 4.925162898684011, 4.915388088781857, 4.913774212587227, 4.91208241286787, 4.908080462113167, 4.91061282852321, 4.913972428701456, 4.901992353420813, 4.912174854463744, 4.911180514733768, 4.902719442126821, 4.898188026206007], "status": "OK"}