{"data": "data/ptb", "recepie_id": 1007613, "recepies_list_path": "data/models_recepies.json", "cuda": true, "batch_size": 20, "model": "CustomRNN", "emsize": 400, "nhid": 600, "nlayers": 3, "dropout": 0.1, "dropouth": 0.25, "dropouti": 0.4, "dropoute": 0.0, "wdrop": 0.1, "tied": true, "bptt": 70, "lr": 0.001, "wdecay": 1.2e-06, "epochs": 50, "alpha": 2, "beta": 1, "log_interval": 200, "clip": 0.25, "eval_batch_size": 50, "recepie": "{\"node_0\": {\"op\": \"linear\", \"input\": [\"h_prev_1\", \"h_prev_0\", \"x\"]}, \"node_1\": {\"op\": \"activation_sigm\", \"input\": [\"node_0\"]}, \"node_5\": {\"op\": \"linear\", \"input\": [\"h_prev_0\", \"node_1\"]}, \"node_8\": {\"op\": \"linear\", \"input\": [\"x\", \"h_prev_0\"]}, \"node_9\": {\"op\": \"activation_sigm\", \"input\": [\"node_8\"]}, \"h_new_0\": {\"op\": \"activation_sigm\", \"input\": [\"node_5\"]}, \"h_new_1\": {\"op\": \"linear\", \"input\": [\"x\", \"node_9\"]}}", "experiment_id": 999974317, "init_time": "2020-04-22_23-37-10", "num_params": 11816400, "wall_times": [263.40144634246826, 202.04139304161072, 204.65271949768066, 201.63616275787354, 203.07565712928772, 199.5569977760315, 201.9473807811737, 204.50451636314392, 202.30231475830078, 201.74446964263916, 200.63557291030884, 204.24900484085083, 202.38483309745789, 201.15559673309326, 199.37630653381348, 202.32317638397217, 198.88095235824585, 203.0602765083313, 200.53396773338318, 199.9988362789154, 200.7080955505371, 203.7123565673828, 203.3948199748993, 200.9685606956482, 200.06338047981262, 201.13395047187805, 203.71016597747803, 203.19846034049988, 202.79200315475464, 201.68958377838135, 202.25002813339233, 203.8766644001007, 200.7482419013977, 201.7643005847931, 199.63971185684204, 202.12962293624878, 200.9191176891327, 197.832745552063, 200.43274021148682, 199.4650297164917, 199.3740358352661, 204.11225199699402, 200.95869636535645, 203.02792382240295, 200.34390783309937, 199.88828921318054, 200.85422825813293, 203.68887972831726, 201.26230573654175, 199.88043999671936], "train_losses": [6.602215957990426, 6.57457363441988, 6.559383152466247, 6.552297230514765, 6.548112998224948, 6.545693732854607, 6.543790089962886, 6.542888275913076, 6.542011675676402, 6.541572535097628, 6.540911092733043, 6.540600542601259, 6.540135347748911, 6.539890773761497, 6.539179744231079, 6.538994002474316, 6.539494916895272, 6.539092756575762, 6.5388948281426496, 6.538070756683341, 6.538078741057501, 6.5381615264106285, 6.537865264106288, 6.537731210666451, 6.537852236969502, 6.537451757570867, 6.537656829917702, 6.537056320934861, 6.537152973885213, 6.536702487090528, 6.5369987493948685, 6.5369621893658225, 6.5369672321284495, 6.536620121967618, 6.536626425420903, 6.53646715816793, 6.53635831854123, 6.5363789098219565, 6.536057853934699, 6.536080546366521, 6.536107020870314, 6.535762852321016, 6.535727552982626, 6.535817062019257, 6.536241494540369, 6.535926742106396, 6.535998181243612, 6.535910773358077, 6.5357447824216015, 6.5359675044376315], "val_losses": [6.601994173728814, 6.574196901483051, 6.55732719809322, 6.549353813559322, 6.544071106991526, 6.540965969279661, 6.538301774364407, 6.537325211864407, 6.53602158368644, 6.535275423728813, 6.534354475635594, 6.53390095338983, 6.533273305084745, 6.532836996822034, 6.5315274099576275, 6.5312771451271185, 6.5318802966101694, 6.531504237288136, 6.530871954449153, 6.529792770127119, 6.529862950211864, 6.530025158898305, 6.52969875529661, 6.529454449152542, 6.52928561970339, 6.5290684586864405, 6.529531912076271, 6.528662605932204, 6.528876456567796, 6.528256753177966, 6.528452065677966, 6.528218352754237, 6.528495762711865, 6.5281640625, 6.527985963983051, 6.527848914194915, 6.527746954449152, 6.528163400423729, 6.527723781779661, 6.527684719279661, 6.528012447033898, 6.527278204449153, 6.527295418432203, 6.527520524364407, 6.527934322033898, 6.527498675847458, 6.527574814618644, 6.5277727754237285, 6.527625132415254, 6.527796610169491], "test_losses": [6.521975619121663, 6.497230900144114, 6.484332334648058, 6.478109119007889, 6.474512192809466, 6.472748691595874, 6.470296026433556, 6.469614565951153, 6.468744074256675, 6.468450157387743, 6.467926914252124, 6.467752697398361, 6.467120420585558, 6.466769024006371, 6.465977937272451, 6.465915124393204, 6.46673821014108, 6.466372591777913, 6.466136747193568, 6.465083742604672, 6.464860342081311, 6.465315439168689, 6.464887007926274, 6.464818269303701, 6.465144777760922, 6.464305692506068, 6.464781529695085, 6.463476681014867, 6.464293248445085, 6.463436385960255, 6.464164067240595, 6.464096513766687, 6.464143327138956, 6.463788375113774, 6.463886149878641, 6.463479051312197, 6.463134173050667, 6.463297130992111, 6.462827812120753, 6.463036398285801, 6.463215948308556, 6.462795813106796, 6.462434935338289, 6.462514340298847, 6.463428089919599, 6.463028102245145, 6.462948697284587, 6.463125877010012, 6.462856848263046, 6.463407349817961], "status": "OK"}