{"data": "data/ptb", "recepie_id": 2000439, "recepies_list_path": "data/new_recepies_fix.json", "cuda": true, "batch_size": 20, "model": "CustomRNN", "emsize": 400, "nhid": 600, "nlayers": 3, "dropout": 0.1, "dropouth": 0.25, "dropouti": 0.4, "dropoute": 0.0, "wdrop": 0.1, "tied": true, "bptt": 70, "lr": 0.001, "wdecay": 1.2e-06, "epochs": 50, "alpha": 2, "beta": 1, "log_interval": 200, "clip": 0.25, "eval_batch_size": 50, "recepie": "{\"node_0\": {\"op\": \"linear\", \"input\": [\"x\", \"h_prev_0\"]}, \"node_1\": {\"op\": \"activation_sigm\", \"input\": [\"node_0\"]}, \"node_3\": {\"op\": \"linear\", \"input\": [\"x\", \"h_prev_0\", \"node_1\"]}, \"node_4\": {\"op\": \"activation_sigm\", \"input\": [\"node_3\"]}, \"node_7\": {\"op\": \"linear\", \"input\": [\"node_4\", \"node_1\"]}, \"node_8\": {\"op\": \"activation_sigm\", \"input\": [\"node_7\"]}, \"node_16\": {\"op\": \"linear\", \"input\": [\"x\", \"node_8\"]}, \"h_new_0\": {\"op\": \"activation_sigm\", \"input\": [\"node_16\"]}}", "experiment_id": 999975193, "init_time": "2020-05-15_04-52-11", "num_params": 11816400, "wall_times": [255.75852274894714, 243.60656356811523, 242.2354757785797, 246.8684847354889, 243.6021647453308, 245.75788259506226, 244.14373683929443, 243.58615684509277, 244.9225151538849, 246.83268094062805, 246.70967936515808, 246.1522557735443, 247.98298931121826, 247.2994487285614, 245.0983006954193, 245.65122509002686, 245.59930562973022, 246.4592730998993, 244.68488264083862, 247.00081491470337, 248.09322047233582, 245.53125596046448, 245.45463132858276, 244.09468793869019, 244.45192313194275, 244.91771173477173, 246.9133324623108, 245.57731866836548, 244.60392332077026, 242.41385674476624, 239.74700689315796, 246.22754740715027, 243.90719723701477, 243.69187092781067, 247.98097825050354, 244.67250895500183, 245.89774918556213, 243.7684667110443, 247.44531512260437, 247.47541093826294, 246.5690793991089, 244.71479058265686, 243.33511114120483, 246.13895225524902, 244.18769431114197, 243.1909053325653, 246.61965250968933, 246.06256294250488, 244.72757172584534, 248.32981204986572], "train_losses": [5.99665958998978, 5.744762670781561, 5.5943946331558285, 5.504882654913668, 5.439776387095907, 5.378918646791458, 5.332879904927116, 5.2923924042547466, 5.258929471921897, 5.22969195444032, 5.206526763622183, 5.179408467134635, 5.1654202638373405, 5.148493390619117, 5.127545754666237, 5.114207647517616, 5.09900245750632, 5.086839314049809, 5.074317714216557, 5.062748356059384, 5.058339720832661, 5.048864790086601, 5.0391339391372165, 5.031447087972675, 5.021302730487871, 5.011377312947125, 5.006322363643698, 4.999649527997418, 4.993608718600398, 4.987557403447905, 4.979182635414986, 4.971837431418428, 4.970563713624872, 4.965845788957022, 4.960511386558012, 4.956064090151148, 4.953447316577914, 4.951623937658007, 4.947035443897585, 4.93978269054919, 4.939325900301221, 4.93315692068743, 4.932416895271905, 4.924270732478081, 4.924199293340864, 4.920326031413049, 4.91673936649454, 4.914243198994137, 4.9105674452692165, 4.902757886880749], "val_losses": [6.006031514830508, 5.779012844279661, 5.6512764830508475, 5.580311837923729, 5.531925979872882, 5.485443591101695, 5.455041710805085, 5.427624470338983, 5.407060050317797, 5.392397047139831, 5.379628244173729, 5.364966565148305, 5.358076006355932, 5.348161414194915, 5.337523172669491, 5.33060844809322, 5.326593617584746, 5.321834613347457, 5.318639433262712, 5.313819518008475, 5.316005031779661, 5.315254568326271, 5.311368180614407, 5.309895391949152, 5.309217425847458, 5.306009666313559, 5.30541313559322, 5.3023834745762715, 5.306342359639831, 5.303776814088983, 5.301490002648305, 5.301029528601695, 5.3011344676906775, 5.3019739804025425, 5.301349642478813, 5.298415651483051, 5.30165188029661, 5.302594014830508, 5.301297007415254, 5.2971249337923725, 5.299234308792373, 5.299268405720339, 5.299037341101695, 5.2969143935381355, 5.299412738347457, 5.297454647775424, 5.300624337923729, 5.298730799788135, 5.295795153601695, 5.2949688824152545], "test_losses": [5.95678473907767, 5.727265293158374, 5.595786085406553, 5.525064709117111, 5.476330803435983, 5.429028557342233, 5.397504788000607, 5.367768222845874, 5.347169153898665, 5.331058835520328, 5.317235261491201, 5.301191311438107, 5.293197483692355, 5.283699702290655, 5.273398390094053, 5.26800063049909, 5.26172586089199, 5.258071454983313, 5.254514823839503, 5.249936001972087, 5.251273442240595, 5.249626085596177, 5.24596930939017, 5.246093157425667, 5.242089132660801, 5.240087416565534, 5.239160037735133, 5.238460207448422, 5.238660497572815, 5.236882774575243, 5.234632177260315, 5.233803758343447, 5.234789802032767, 5.234817653026395, 5.233790721708131, 5.232708680976942, 5.234197820274575, 5.236759519114078, 5.234594252503034, 5.231709600652306, 5.233050003792476, 5.232328248255461, 5.232135069023058, 5.229307304308253, 5.230273200470267, 5.228509699256675, 5.23077392578125, 5.230890662924757, 5.228321853193265, 5.225892298429915], "status": "OK"}