{"data": "data/ptb", "recepie_id": 2002152, "recepies_list_path": "data/new_recepies_fix.json", "cuda": true, "batch_size": 20, "model": "CustomRNN", "emsize": 400, "nhid": 600, "nlayers": 3, "dropout": 0.1, "dropouth": 0.25, "dropouti": 0.4, "dropoute": 0.0, "wdrop": 0.1, "tied": true, "bptt": 70, "lr": 0.001, "wdecay": 1.2e-06, "epochs": 50, "alpha": 2, "beta": 1, "log_interval": 200, "clip": 0.25, "eval_batch_size": 50, "recepie": "{\"node_0\": {\"op\": \"linear\", \"input\": [\"x\", \"h_prev_0\"]}, \"node_1\": {\"op\": \"activation_tanh\", \"input\": [\"node_0\"]}, \"node_3\": {\"op\": \"linear\", \"input\": [\"h_prev_0\", \"x\", \"node_1\"]}, \"node_4\": {\"op\": \"activation_leaky_relu\", \"input\": [\"node_3\"]}, \"node_6\": {\"op\": \"linear\", \"input\": [\"h_prev_0\", \"node_4\"]}, \"h_new_0\": {\"op\": \"activation_tanh\", \"input\": [\"node_6\"]}}", "experiment_id": 999995113, "init_time": "2020-05-17_22-13-17", "num_params": 10094800, "wall_times": [209.0106565952301, 207.27374982833862, 206.55207633972168, 203.997789144516, 205.46535468101501, 200.5334117412567, 200.6900806427002, 198.20118737220764, 197.21952152252197, 201.16323399543762, 199.64454293251038, 199.37812662124634, 200.4737195968628, 198.84715580940247, 196.78743076324463, 198.0107524394989, 197.34040331840515, 199.55747628211975, 197.46243047714233, 200.1362738609314, 200.99140644073486, 199.43276596069336, 200.7212517261505, 199.6445255279541, 199.64797067642212, 199.4605894088745, 199.3299868106842, 199.70022869110107, 200.99323344230652, 201.34038996696472, 200.8198845386505, 198.6498565673828, 200.30156350135803, 197.32264709472656, 198.07357096672058, 199.54738998413086, 198.93958616256714, 199.51886916160583, 199.46007227897644, 196.13593530654907, 199.85419011116028, 197.64215993881226, 201.0004050731659, 200.73283696174622, 200.4012668132782, 201.33233833312988, 200.80897569656372, 200.74879145622253, 202.52098417282104, 199.64837861061096], "train_losses": [5.602232767199182, 5.252721831127965, 5.075487635146039, 4.944872939191006, 4.857438579151202, 4.787948469689635, 4.731486757705341, 4.676221441154322, 4.626035867489645, 4.574036159969878, 4.537404691786349, 4.5116286106180405, 4.477513480985423, 4.445474708864504, 4.427926315152493, 4.40283562947125, 4.378327382873433, 4.366541606153515, 4.338711439675111, 4.3268857410843955, 4.3085926994244526, 4.294230071002098, 4.273054250040342, 4.26239763191867, 4.255997525684471, 4.238029742213975, 4.229683129605723, 4.213439130493249, 4.208807773250498, 4.197279597654779, 4.188600162713141, 4.175693211769135, 4.172090157872089, 4.159601335995912, 4.15421272389866, 4.1460312617664465, 4.138572595610779, 4.1265897309181865, 4.123620804421495, 4.122520641708354, 4.111625753052552, 4.1066325775913075, 4.098014496261632, 4.097031157549352, 4.099637845597332, 4.0839456087623045, 4.077053412941746, 4.082422694448927, 4.067434763460814, 4.0613964754451075], "val_losses": [5.635414459745762, 5.340749470338983, 5.204032706567797, 5.107703257415254, 5.049832163665254, 5.006011321504237, 4.971502582097457, 4.929803694385593, 4.905184719279661, 4.872927701271187, 4.855512447033898, 4.844276019597458, 4.831430415783898, 4.817518869173729, 4.802448027012712, 4.7925052966101696, 4.785965638241525, 4.781419160487288, 4.7729962261652545, 4.76911811440678, 4.759688824152542, 4.7588407044491525, 4.749892743644068, 4.744908964512712, 4.744959613347458, 4.738026350635593, 4.734987420550848, 4.734356792902543, 4.7311632680084745, 4.726033832097458, 4.727954184322034, 4.7233530852754235, 4.717471199682203, 4.720419425317797, 4.723570908368644, 4.715542240466101, 4.713696371822034, 4.714553429555084, 4.717868114406779, 4.715349907309322, 4.713580839512712, 4.710016551906779, 4.710484970868644, 4.711416181144068, 4.712253045550847, 4.70585109904661, 4.705263506355932, 4.709261122881356, 4.7051373808262715, 4.707615863347457], "test_losses": [5.597352851941747, 5.297002996055825, 5.155536540503641, 5.061382997383192, 5.004952143696905, 4.961177492604672, 4.924733578580097, 4.889598068681735, 4.862299354331007, 4.831868588345722, 4.813630928113622, 4.799816242699484, 4.786166589236954, 4.774538206822664, 4.761294170490746, 4.750291250284436, 4.742826591417628, 4.738313249013956, 4.728155339805825, 4.725546827594053, 4.715661502578883, 4.71435072815534, 4.704516660819933, 4.700555893981341, 4.698922759120904, 4.692647989513804, 4.692705172936893, 4.690570127616808, 4.68712904846784, 4.684194620373179, 4.686764318966171, 4.680822872421117, 4.676334121852245, 4.680349998103762, 4.680292222106341, 4.674817131560983, 4.672485647849666, 4.671237093731038, 4.674339516648969, 4.672667568169751, 4.668603989684466, 4.666419464407615, 4.665747781401699, 4.665103949389412, 4.667513356625455, 4.660525127521996, 4.661208662014563, 4.666289394341626, 4.656921979293083, 4.659165762003186], "status": "OK"}