{"data": "data/ptb", "recepie_id": 1011205, "recepies_list_path": "data/models_recepies.json", "cuda": true, "batch_size": 20, "model": "CustomRNN", "emsize": 400, "nhid": 600, "nlayers": 3, "dropout": 0.1, "dropouth": 0.25, "dropouti": 0.4, "dropoute": 0.0, "wdrop": 0.1, "tied": true, "bptt": 70, "lr": 0.001, "wdecay": 1.2e-06, "epochs": 50, "alpha": 2, "beta": 1, "log_interval": 200, "clip": 0.25, "eval_batch_size": 50, "recepie": "{\"node_0\": {\"op\": \"linear\", \"input\": [\"h_prev_1\", \"h_prev_0\", \"x\"]}, \"node_1\": {\"op\": \"activation_sigm\", \"input\": [\"node_0\"]}, \"node_3\": {\"op\": \"linear\", \"input\": [\"h_prev_0\", \"x\"]}, \"node_6\": {\"op\": \"linear\", \"input\": [\"node_1\", \"x\"]}, \"node_7\": {\"op\": \"activation_tanh\", \"input\": [\"node_6\"]}, \"node_11\": {\"op\": \"linear\", \"input\": [\"h_new_0\", \"node_7\"]}, \"h_new_0\": {\"op\": \"activation_tanh\", \"input\": [\"node_3\"]}, \"h_new_1\": {\"op\": \"activation_leaky_relu\", \"input\": [\"node_11\"]}}", "experiment_id": 999927515, "init_time": "2020-04-25_01-37-49", "num_params": 11816400, "wall_times": [157.2779061794281, 128.26858925819397, 128.0350000858307, 128.5815134048462, 127.1514322757721, 127.0606198310852, 126.64272165298462, 126.93203520774841, 126.91788792610168, 126.89166498184204, 126.68613982200623, 126.44436812400818, 126.67774558067322, 126.63055396080017, 126.67611360549927, 126.72263693809509, 126.54444122314453, 126.37524437904358, 126.38791918754578, 126.799635887146, 126.56669807434082, 127.876793384552, 126.47732472419739, 126.27513027191162, 124.51575779914856, 124.43693780899048, 124.69604516029358, 124.19632649421692, 124.37257504463196, 125.88583278656006, 123.78785014152527, 123.967529296875, 123.33614420890808, 123.1492874622345, 123.99644827842712, 123.28121876716614, 123.36456274986267, 122.79318308830261, 123.14459037780762, 125.54930877685547, 124.16460299491882, 123.63545775413513, 123.35043501853943, 123.73479866981506, 123.46409749984741, 124.06831359863281, 123.27252650260925, 126.176598072052, 123.63803195953369, 124.65575766563416], "train_losses": [5.502339001398526, 5.267379881394223, 5.120455210182346, 5.022462986122317, 4.950661610456673, 4.889449195847453, 4.841755587380991, 4.791576737399817, 4.753421514442472, 4.723604919719219, 4.701106634258513, 4.673760993222527, 4.641971837851648, 4.624665076515519, 4.602951360873541, 4.583097163950298, 4.569775445780216, 4.555318685788823, 4.541762058926362, 4.528208373675434, 4.5120753153407565, 4.507765013985262, 4.499855861034909, 4.487610352455489, 4.483108846350385, 4.4662466885858745, 4.461040876633855, 4.449298383626486, 4.4511251243881444, 4.44581971787424, 4.4331825547307835, 4.422899941503953, 4.419355719837556, 4.417895419826798, 4.409627810499704, 4.402501546447206, 4.398636689123769, 4.390032055161099, 4.386375632026249, 4.38310918253456, 4.370148442122533, 4.364704779866602, 4.359284230272713, 4.356688047980206, 4.347178238125975, 4.345448990775107, 4.344847641331827, 4.347788412403851, 4.3321365176698405, 4.328217030417944], "val_losses": [5.550009931144068, 5.367091498940678, 5.256899496822034, 5.192103416313559, 5.145313493114407, 5.1122629766949155, 5.090334348516949, 5.05864108845339, 5.040383673199153, 5.031562168961864, 5.023750331038135, 5.012108050847457, 4.999834480932203, 4.995180084745763, 4.989769597457627, 4.983503045550847, 4.98208388506356, 4.980803429555085, 4.975916313559322, 4.975006289724576, 4.968431541313559, 4.969981461864407, 4.971848847987288, 4.965676641949153, 4.969892081567797, 4.9619978151483055, 4.963196835275424, 4.962272907838983, 4.9637910487288135, 4.967001787605932, 4.960855402542373, 4.956032507944915, 4.957104409427966, 4.958345140360169, 4.960619372351695, 4.953297139830508, 4.955930548199152, 4.955540254237288, 4.957621822033898, 4.962482454978813, 4.9519345868644065, 4.9513681806144065, 4.948452065677966, 4.953452727754238, 4.947734043961864, 4.946843882415254, 4.949657375529661, 4.949410752118644, 4.939969875529661, 4.941856130826271], "test_losses": [5.510665152836772, 5.324400670320085, 5.213338018621056, 5.151027642407463, 5.107580092346784, 5.078673723831917, 5.053714492945995, 5.020155823346481, 5.005469461089199, 4.993510125910194, 4.985446966967537, 4.974679891345571, 4.962965585653064, 4.959355030244994, 4.955043163114381, 4.945801373824333, 4.944155498615746, 4.942053933745449, 4.939072099704187, 4.935625687386226, 4.928879524897603, 4.930621397148058, 4.930968053132585, 4.928218804516838, 4.928399835975425, 4.923133627882281, 4.928258803284284, 4.92291022735892, 4.926719591455552, 4.928684864229369, 4.922166842858768, 4.922054550022755, 4.921784928701456, 4.921078876384254, 4.92183855667855, 4.914269901016383, 4.917662685357251, 4.91685263624469, 4.91781497696071, 4.920907918689321, 4.911776940799454, 4.911395026642142, 4.912949645403519, 4.914277011908374, 4.907089677829187, 4.906430438884254, 4.909540565268507, 4.910376983938865, 4.902378711885619, 4.904271098016535], "status": "OK"}