{"data": "data/ptb", "recepie_id": 2009429, "recepies_list_path": "data/new_recepies_fix.json", "cuda": true, "batch_size": 20, "model": "CustomRNN", "emsize": 400, "nhid": 600, "nlayers": 3, "dropout": 0.1, "dropouth": 0.25, "dropouti": 0.4, "dropoute": 0.0, "wdrop": 0.1, "tied": true, "bptt": 70, "lr": 0.001, "wdecay": 1.2e-06, "epochs": 50, "alpha": 2, "beta": 1, "log_interval": 200, "clip": 0.25, "eval_batch_size": 50, "recepie": "{\"node_0\": {\"op\": \"linear\", \"input\": [\"x\", \"h_prev_0\"]}, \"node_1\": {\"op\": \"activation_tanh\", \"input\": [\"node_0\"]}, \"node_2\": {\"op\": \"linear\", \"input\": [\"h_prev_0\", \"x\"]}, \"node_3\": {\"op\": \"activation_tanh\", \"input\": [\"node_2\"]}, \"node_5\": {\"op\": \"linear\", \"input\": [\"h_prev_0\", \"node_1\", \"x\"]}, \"node_6\": {\"op\": \"activation_tanh\", \"input\": [\"node_5\"]}, \"node_8\": {\"op\": \"linear\", \"input\": [\"node_3\", \"node_6\"]}, \"node_9\": {\"op\": \"activation_sigm\", \"input\": [\"node_8\"]}, \"node_10\": {\"op\": \"linear\", \"input\": [\"node_9\", \"h_prev_0\"]}, \"node_11\": {\"op\": \"activation_leaky_relu\", \"input\": [\"node_10\"]}, \"node_12\": {\"op\": \"linear\", \"input\": [\"node_3\", \"node_6\", \"h_prev_0\"]}, \"node_13\": {\"op\": \"activation_leaky_relu\", \"input\": [\"node_12\"]}, \"node_14\": {\"op\": \"linear\", \"input\": [\"node_3\", \"node_11\"]}, \"node_15\": {\"op\": \"activation_tanh\", \"input\": [\"node_14\"]}, \"h_new_0\": {\"op\": \"linear\", \"input\": [\"node_1\", \"node_15\", \"node_13\"]}}", "experiment_id": 999962815, "init_time": "2020-05-06_18-33-14", "num_params": 20622800, "wall_times": [471.2842833995819, 456.651535987854, 459.20795917510986, 455.0266499519348, 458.0071783065796, 456.86091232299805, 455.5416212081909, 456.97434067726135, 453.4238600730896, 450.5328736305237, 451.0885992050171, 455.4830732345581, 454.3406422138214, 452.5810697078705, 454.0896575450897, 454.5272579193115, 457.4523606300354, 448.4219365119934, 452.3417100906372, 455.69692730903625, 455.2394781112671, 453.2113983631134, 456.5160310268402, 456.01188945770264, 450.80065727233887, 454.7911388874054, 447.7385241985321, 449.37039709091187, 444.3379864692688, 446.57862758636475, 442.51562428474426, 438.80807423591614, 433.8827500343323, 433.7620267868042, 438.41549134254456, 430.7167298793793, 438.3004550933838, 423.9231758117676, 435.58251786231995, 434.5470278263092, 431.345769405365, 434.05484795570374, 436.97829031944275, 439.28361558914185, 441.23883152008057, 440.52046632766724, 438.10819005966187, 438.21217584609985, 440.44422483444214, 436.4511332511902], "train_losses": [5.602060052579205, 5.293809000322737, 5.148440861841752, 5.044157791404443, 4.96305672099403, 4.9134380378946805, 4.8468895399655745, 4.820033467134635, 4.763062436125007, 4.734652351944489, 4.715905881878328, 4.692474685331612, 4.645216855602173, 4.635096871470066, 4.6107104916357375, 4.594203008175999, 4.58218736552633, 4.5608089935990535, 4.543650573530202, 4.551315572723361, 4.536031799661126, 4.504528821069335, 4.492984676725297, 4.494839572911624, 4.48808605306331, 4.467546460653004, 4.465631051315152, 4.451053685250928, 4.449625742967027, 4.4359993578882255, 4.429526551826153, 4.413274568339519, 4.4127278488247, 4.405135129229197, 4.41141294846969, 4.392666898633747, 4.393517444596848, 4.386232753751815, 4.381006350519068, 4.384101766311656, 4.365696523183261, 4.371569660722931, 4.364110994567263, 4.359906170996719, 4.35682294188048, 4.350757338900543, 4.362129188854822, 4.341296695981927, 4.341738778172234, 4.329167170942929], "val_losses": [5.637190148305085, 5.371557534427966, 5.261700873940678, 5.190777608580508, 5.13135063559322, 5.104145259533898, 5.054629899364407, 5.045003641419491, 5.000912010063559, 4.980753773834746, 4.987139830508474, 4.972529462394068, 4.937250728283899, 4.938874470338983, 4.920904065148305, 4.912311639300848, 4.919701734639831, 4.901919028072034, 4.88984077065678, 4.910451204978814, 4.898481859110169, 4.870706766419492, 4.87559951006356, 4.880774629237288, 4.872369902012712, 4.8615197960805085, 4.861214247881356, 4.856093418961865, 4.851892545021187, 4.853369968220339, 4.848254766949153, 4.839298530190678, 4.840293961864407, 4.834872219279661, 4.844332296080508, 4.832551972987289, 4.834124735169492, 4.82787639036017, 4.8246477754237285, 4.834080376059322, 4.820755429025423, 4.830311506885593, 4.823712261652543, 4.825317465572034, 4.824306144067797, 4.822441737288136, 4.834238612288136, 4.818302105402543, 4.819265426377119, 4.8053797007415255], "test_losses": [5.597499217801881, 5.331519265776699, 5.224830997800364, 5.145497146162015, 5.088287649802791, 5.057357639942355, 5.017074436817355, 5.006386766155947, 4.958696087587227, 4.947682204755765, 4.94440408354824, 4.93078376251517, 4.894708429725425, 4.896980656003489, 4.880345316766535, 4.870652282122269, 4.872378451152913, 4.856383684769417, 4.846175999317355, 4.863907601069478, 4.85385487380537, 4.825490118230431, 4.827249767710861, 4.837940104956766, 4.83059810897679, 4.818754622079794, 4.820263020043234, 4.809959633836469, 4.811080191899272, 4.808055099931735, 4.805840353363926, 4.795912659283981, 4.795940510277609, 4.789754034246056, 4.800818582182949, 4.791376206481341, 4.792813791812045, 4.786351472428701, 4.786682425193416, 4.791505091398665, 4.778416605829035, 4.789127090602245, 4.78325704926426, 4.784488418727245, 4.780365286521541, 4.78119370543841, 4.790634599704187, 4.777598260675819, 4.776926281382736, 4.765048425174454], "status": "OK"}