{"data": "data/ptb", "recepie_id": 2004444, "recepies_list_path": "data/new_recepies_fix.json", "cuda": true, "batch_size": 20, "model": "CustomRNN", "emsize": 400, "nhid": 600, "nlayers": 3, "dropout": 0.1, "dropouth": 0.25, "dropouti": 0.4, "dropoute": 0.0, "wdrop": 0.1, "tied": true, "bptt": 70, "lr": 0.001, "wdecay": 1.2e-06, "epochs": 50, "alpha": 2, "beta": 1, "log_interval": 200, "clip": 0.25, "eval_batch_size": 50, "recepie": "{\"node_0\": {\"op\": \"linear\", \"input\": [\"h_prev_1\", \"h_prev_0\"]}, \"node_7\": {\"op\": \"linear\", \"input\": [\"x\", \"h_prev_1\"]}, \"node_8\": {\"op\": \"activation_tanh\", \"input\": [\"node_7\"]}, \"node_11\": {\"op\": \"linear\", \"input\": [\"h_prev_1\", \"node_8\"]}, \"node_12\": {\"op\": \"activation_leaky_relu\", \"input\": [\"node_11\"]}, \"h_new_0\": {\"op\": \"blend\", \"input\": [\"node_0\", \"node_12\", \"node_7\"]}, \"h_new_1\": {\"op\": \"activation_leaky_relu\", \"input\": [\"node_0\"]}}", "experiment_id": 999988855, "init_time": "2020-05-15_09-20-27", "num_params": 9254800, "wall_times": [178.921804189682, 179.3153202533722, 175.63012504577637, 175.50683283805847, 175.69078063964844, 175.18256282806396, 175.57377243041992, 175.09505915641785, 175.52851176261902, 175.66286826133728, 175.47401881217957, 175.63612365722656, 175.64177775382996, 175.52383089065552, 175.59121584892273, 175.19874954223633, 175.65395855903625, 175.34885263442993, 175.39531016349792, 175.73469185829163, 175.14656281471252, 175.32343816757202, 175.2760112285614, 175.32184600830078, 175.34322500228882, 175.4448585510254, 175.3782093524933, 175.2180097103119, 175.46935844421387, 175.14401650428772, 175.49469900131226, 175.30097103118896, 175.14090538024902, 175.48024249076843, 175.4464817047119, 175.36014461517334, 175.5803782939911, 175.39946341514587, 175.17179107666016, 175.18327927589417, 175.21693301200867, 175.22789239883423, 175.14546704292297, 175.5392906665802, 175.2396821975708, 175.3600869178772, 175.33547568321228, 175.328298330307, 175.38624572753906, 175.42682766914368], "train_losses": [5.55378610618041, 5.27423761833683, 5.126627971868108, 5.037713981227475, 4.950935180329192, 4.88950508646657, 4.831384305577968, 4.78779046312732, 4.751450214485503, 4.712918465252003, 4.6978452275294496, 4.6921406023075685, 4.63119293273627, 4.639026024016998, 4.613258767683288, 4.552050555376257, 4.544185526598892, 4.546122367677909, 4.533523025254155, 4.495060193776559, 4.507245609434673, 4.493045189876822, 4.522184373487171, 4.459150681109139, 4.450153131891776, 4.4398869076434835, 4.4244564742348444, 4.439031739147975, 4.413526286240654, 4.431341946371901, 4.392708081195202, 4.413170351245226, 4.408429734145554, 4.374683146414932, 4.376094699720295, 4.374999159539562, 4.3535350606476255, 4.362328798208811, 4.343457939997848, 4.36652017441235, 4.3447867079500835, 4.316510677209402, 4.325209442741111, 4.348885213275241, 4.322164454574795, 4.325388460814373, 4.325789360443225, 4.3257775939970955, 4.316893086708623, 4.29676952221505], "val_losses": [5.593298463983051, 5.36585407838983, 5.254333289194915, 5.19550483315678, 5.131823689088983, 5.096753840042373, 5.057436440677966, 5.030539923199153, 5.008794690148305, 4.992887976694916, 4.98666611493644, 4.9989449814618645, 4.954421014300848, 4.9680624337923724, 4.953803297139831, 4.908226628707627, 4.90627780720339, 4.912634070444915, 4.911960076800847, 4.882627780720339, 4.903557004766949, 4.895798132944916, 4.925584282309322, 4.8799198887711865, 4.876761784957627, 4.868809255826271, 4.858411347987288, 4.880271782309322, 4.857083554025424, 4.876186771716101, 4.845877913135594, 4.866102356991526, 4.87444186970339, 4.840061904131356, 4.848895987817796, 4.840661745233051, 4.827921742584746, 4.837595338983051, 4.820482322563559, 4.842948887711865, 4.83115234375, 4.8110623013771185, 4.824252184851695, 4.842909163135594, 4.8175079449152545, 4.826936904131356, 4.824477290783898, 4.82805813029661, 4.818933395127119, 4.806594941737288], "test_losses": [5.557748146427488, 5.323991794030643, 5.211995837757889, 5.149758940761529, 5.093295495486954, 5.057986361309163, 5.020502479331007, 4.993034288721177, 4.97766824370449, 4.956605189054915, 4.95629171723301, 4.967043978496663, 4.919997724514563, 4.938594188505006, 4.92209691908753, 4.873913218674151, 4.875146958434466, 4.881859047898969, 4.88092752104824, 4.851840417361954, 4.876416548941899, 4.862704675174454, 4.897118133248635, 4.845632312367264, 4.84066179886605, 4.836576295130461, 4.82759553483389, 4.847946611422937, 4.825018429061742, 4.846129778519417, 4.818890617889108, 4.83626489731872, 4.840718389714806, 4.8104002128527, 4.815887747459041, 4.813891957107099, 4.796514418518659, 4.808618638121966, 4.790625118514867, 4.813081907994539, 4.800221563542931, 4.777364786388804, 4.790188687518962, 4.809364689206614, 4.785329577992264, 4.795259642369539, 4.795222013899424, 4.795222902760922, 4.790586897470419, 4.778409198649879], "status": "OK"}