{"data": "data/ptb", "recepie_id": 2005736, "recepies_list_path": "data/new_recepies_fix.json", "cuda": true, "batch_size": 20, "model": "CustomRNN", "emsize": 400, "nhid": 600, "nlayers": 3, "dropout": 0.1, "dropouth": 0.25, "dropouti": 0.4, "dropoute": 0.0, "wdrop": 0.1, "tied": true, "bptt": 70, "lr": 0.001, "wdecay": 1.2e-06, "epochs": 50, "alpha": 2, "beta": 1, "log_interval": 200, "clip": 0.25, "eval_batch_size": 50, "recepie": "{\"node_0\": {\"op\": \"linear\", \"input\": [\"h_prev_0\", \"x\"]}, \"node_1\": {\"op\": \"activation_leaky_relu\", \"input\": [\"node_0\"]}, \"node_5\": {\"op\": \"linear\", \"input\": [\"x\", \"h_prev_1\"]}, \"node_6\": {\"op\": \"activation_tanh\", \"input\": [\"node_5\"]}, \"node_11\": {\"op\": \"linear\", \"input\": [\"node_6\", \"node_1\"]}, \"h_new_0\": {\"op\": \"activation_leaky_relu\", \"input\": [\"node_11\"]}, \"h_new_1\": {\"op\": \"linear\", \"input\": [\"x\", \"node_6\", \"h_new_0\"]}}", "experiment_id": 999908389, "init_time": "2020-05-10_23-17-23", "num_params": 11816400, "wall_times": [210.64833736419678, 208.87626028060913, 205.22839832305908, 205.69996976852417, 205.753258228302, 209.5049638748169, 205.36640739440918, 206.78482031822205, 206.37560057640076, 206.48570370674133, 206.84969758987427, 206.61377215385437, 206.844318151474, 208.24835228919983, 206.42489004135132, 205.75434255599976, 209.18151664733887, 206.6377363204956, 207.33134651184082, 207.71887755393982, 209.20461654663086, 210.7246024608612, 206.73283505439758, 206.54291558265686, 206.46258735656738, 206.90536832809448, 205.2717866897583, 207.17103123664856, 206.55758094787598, 206.86942434310913, 210.78751015663147, 209.43992686271667, 209.3562822341919, 205.42701697349548, 207.16178512573242, 208.001305103302, 206.96187114715576, 206.26971912384033, 208.80113291740417, 206.69387912750244, 205.21561980247498, 207.12012696266174, 206.0303544998169, 207.79533171653748, 206.74415850639343, 205.95369219779968, 206.71599817276, 206.98407220840454, 205.64729571342468, 209.33204221725464], "train_losses": [5.589791431337744, 5.260511638696143, 5.0774610362541015, 4.951826488623528, 4.861432026921629, 4.785838493760422, 4.722349271825077, 4.671441322414071, 4.620925027567102, 4.581394391103222, 4.544204857188962, 4.505794554488731, 4.475596810956914, 4.448912612285515, 4.420664316739282, 4.398040802673337, 4.377594081141413, 4.354632281749233, 4.334304905599484, 4.31617995602711, 4.299822914985746, 4.282915372357593, 4.2679774487655315, 4.250240371685224, 4.238423497929105, 4.2246000248776285, 4.212904597654779, 4.201167987870475, 4.190266375531171, 4.177350599752568, 4.171350132456565, 4.157743498198053, 4.148736283685654, 4.141259547630574, 4.130212115405303, 4.12304088671938, 4.111528679871981, 4.104110355817331, 4.096178090204938, 4.091413519982788, 4.0831534747996345, 4.076344904792641, 4.06972333723307, 4.0617116481093, 4.058245169033404, 4.0509008054972835, 4.044805786402023, 4.040210989188317, 4.036191487144317, 4.028256279920392], "val_losses": [5.619565677966102, 5.337631091101695, 5.197055415783899, 5.108921808792373, 5.050510129766949, 4.999382944915254, 4.959453125, 4.929500794491525, 4.90271484375, 4.8810924258474575, 4.864326668432203, 4.843097854872881, 4.830429356461864, 4.820356859110169, 4.809267081567796, 4.799517677436441, 4.7900218485169495, 4.783392809851695, 4.774925516419492, 4.768809586864407, 4.767292108050848, 4.760421742584746, 4.752430813029661, 4.74764499470339, 4.746115267478814, 4.744831170550848, 4.7396653204449155, 4.737396385063559, 4.734771583686441, 4.730800450211865, 4.728912870762712, 4.725706435381356, 4.724563029661017, 4.724901019597458, 4.720041710805085, 4.716274827860169, 4.7133395127118645, 4.711655521716102, 4.712931011652542, 4.712217624470339, 4.711123874470339, 4.712793630826271, 4.711056342690678, 4.711005693855932, 4.706668763241526, 4.708045550847458, 4.708742386122881, 4.705640558792373, 4.707116657838983, 4.7039641816737285], "test_losses": [5.579479032349818, 5.296415162317961, 5.149067999089806, 5.057966213781857, 4.995461473187197, 4.945775893128034, 4.904376576247724, 4.876889126972087, 4.849877811172633, 4.828237292836014, 4.81165261870449, 4.791097103970722, 4.778643265511226, 4.767237098471632, 4.755974038133344, 4.747282454111044, 4.737113582277761, 4.731551383305522, 4.723135050060679, 4.716409035099363, 4.716664434636681, 4.709523321355431, 4.704769097485588, 4.699874137211772, 4.696094401831766, 4.694865698953277, 4.690751751649727, 4.689584083927488, 4.685979454262743, 4.682263420623483, 4.680985830362561, 4.676804329585103, 4.67566154998483, 4.6763916015625, 4.670881845418689, 4.671431754399272, 4.6690427909777, 4.666570570862409, 4.664514041641383, 4.66530542466247, 4.665224834553246, 4.664959953826608, 4.664226643090109, 4.662049524992415, 4.660727195369387, 4.660938151831766, 4.661741386339503, 4.658444006466171, 4.658656444364381, 4.657783878659739], "status": "OK"}