{"data": "data/ptb", "recepie_id": 2011654, "recepies_list_path": "data/new_recepies_fix.json", "cuda": true, "batch_size": 20, "model": "CustomRNN", "emsize": 400, "nhid": 600, "nlayers": 3, "dropout": 0.1, "dropouth": 0.25, "dropouti": 0.4, "dropoute": 0.0, "wdrop": 0.1, "tied": true, "bptt": 70, "lr": 0.001, "wdecay": 1.2e-06, "epochs": 50, "alpha": 2, "beta": 1, "log_interval": 200, "clip": 0.25, "eval_batch_size": 50, "recepie": "{\"node_0\": {\"op\": \"linear\", \"input\": [\"x\", \"h_prev_2\"]}, \"node_1\": {\"op\": \"activation_sigm\", \"input\": [\"node_0\"]}, \"node_4\": {\"op\": \"linear\", \"input\": [\"h_prev_0\", \"node_1\"]}, \"node_5\": {\"op\": \"activation_tanh\", \"input\": [\"node_4\"]}, \"node_6\": {\"op\": \"linear\", \"input\": [\"node_1\", \"h_prev_2\"]}, \"node_7\": {\"op\": \"activation_sigm\", \"input\": [\"node_6\"]}, \"node_8\": {\"op\": \"linear\", \"input\": [\"h_prev_2\", \"node_7\", \"node_5\"]}, \"node_10\": {\"op\": \"linear\", \"input\": [\"node_7\", \"x\", \"h_prev_1\"]}, \"node_11\": {\"op\": \"activation_tanh\", \"input\": [\"node_10\"]}, \"node_12\": {\"op\": \"linear\", \"input\": [\"node_5\", \"node_11\"]}, \"node_14\": {\"op\": \"linear\", \"input\": [\"node_1\", \"h_new_2\"]}, \"h_new_0\": {\"op\": \"activation_sigm\", \"input\": [\"node_8\"]}, \"h_new_1\": {\"op\": \"elementwise_prod\", \"input\": [\"node_6\", \"node_14\"]}, \"h_new_2\": {\"op\": \"activation_tanh\", \"input\": [\"node_12\"]}}", "experiment_id": 999913437, "init_time": "2020-05-15_07-52-02", "num_params": 18021200, "wall_times": [371.58976006507874, 368.54811906814575, 359.31073451042175, 359.4273376464844, 359.2621822357178, 359.4199538230896, 359.2622563838959, 359.4369640350342, 359.1257154941559, 359.48009395599365, 359.2611622810364, 359.55999183654785, 359.52270221710205, 359.6095585823059, 360.02381205558777, 359.58864426612854, 359.6789929866791, 359.5146198272705, 359.39577889442444, 359.64303851127625, 359.6348991394043, 359.7482340335846, 359.5965356826782, 359.51238799095154, 359.7957911491394, 359.5865969657898, 359.3729302883148, 359.8583242893219, 360.0289132595062, 359.6460654735565, 359.60032773017883, 362.8338224887848, 358.85939931869507, 359.05800199508667, 359.5701243877411, 359.6761541366577, 359.39355754852295, 359.42244577407837, 359.6220643520355, 359.73967123031616, 359.96740555763245, 359.79228377342224, 359.37165331840515, 359.7166996002197, 359.6405258178711, 359.8354609012604, 359.8027756214142, 359.95674896240234, 359.39716267585754, 359.7574894428253], "train_losses": [6.58399813753967, 6.562404187510086, 6.553433112796514, 6.548905972648056, 6.546658581437255, 6.544718378516486, 6.544405727233608, 6.545304599671884, 6.544928493625948, 6.542806331020386, 6.543134530821365, 6.543446761874025, 6.541937715157872, 6.542538644370932, 6.543724113818515, 6.543526605615621, 6.54258613038567, 6.5426739585014255, 6.543518201011242, 6.5464358594212255, 6.5439350693884135, 6.54488899198537, 6.542808432171481, 6.545104570087677, 6.545471010838578, 6.546157667016298, 6.545674822494756, 6.545627756710236, 6.547311198967242, 6.547314981039213, 6.54836177451455, 6.549246359125383, 6.5487483863159595, 6.5477192425098165, 6.547969699720295, 6.547495680033349, 6.547370871658329, 6.547522994997579, 6.547506606019041, 6.548280670082298, 6.547084694879243, 6.547127558361573, 6.548359673363455, 6.547532240062396, 6.546869116776935, 6.547499882335539, 6.546607733580765, 6.547819677532139, 6.548155441477059, 6.547875988381475], "val_losses": [6.584331302966102, 6.560465439618644, 6.549980799788136, 6.544766949152542, 6.542214645127118, 6.539991393008474, 6.538873808262712, 6.539435248940678, 6.538667902542373, 6.536691604872881, 6.536911414194916, 6.53689155190678, 6.535166843220339, 6.536018273305085, 6.537119968220339, 6.536731329449153, 6.535628310381356, 6.536046080508474, 6.537102754237288, 6.540031117584745, 6.537454978813559, 6.53873344809322, 6.536669756355932, 6.538891684322034, 6.539446504237288, 6.54016750529661, 6.539623278601695, 6.539498146186441, 6.541571106991525, 6.54155720338983, 6.542752251059322, 6.543797007415254, 6.543381223516949, 6.5425642213983055, 6.543626853813559, 6.5429217425847455, 6.542849576271187, 6.543209745762712, 6.542662870762712, 6.543047537076271, 6.542296742584746, 6.54243842690678, 6.5440750794491525, 6.542817134533898, 6.541903469279661, 6.542869438559322, 6.5415922934322035, 6.542956170550847, 6.543652674788135, 6.542796610169492], "test_losses": [6.506026480961772, 6.488589981227245, 6.480982511946299, 6.477176999582828, 6.475540901850728, 6.473140383229672, 6.473084088668083, 6.474189832372573, 6.474031022451456, 6.471392881523058, 6.471910791489685, 6.472607066330401, 6.470680014601031, 6.471237627047937, 6.472985721328883, 6.472461293044599, 6.471148740898058, 6.471346660725121, 6.472280557873179, 6.475774968712075, 6.472704841095267, 6.473857990746359, 6.471140444857403, 6.473482298619539, 6.473490594660194, 6.474451157653216, 6.473324081272755, 6.473240528291869, 6.475547420168386, 6.475482236991808, 6.476186215298847, 6.477592394189927, 6.476628868325243, 6.475041954262743, 6.475318686476031, 6.475027139904429, 6.475012918120449, 6.474092057607706, 6.474497971025485, 6.475530235512743, 6.474280496245449, 6.474189832372573, 6.475389795395935, 6.474407899726942, 6.473492964957524, 6.474748629968143, 6.47302957182949, 6.474751000265473, 6.474721964123179, 6.474375308138653], "status": "OK"}