{"data": "data/ptb", "recepie_id": 2009057, "recepies_list_path": "data/new_recepies_fix.json", "cuda": true, "batch_size": 20, "model": "CustomRNN", "emsize": 400, "nhid": 600, "nlayers": 3, "dropout": 0.1, "dropouth": 0.25, "dropouti": 0.4, "dropoute": 0.0, "wdrop": 0.1, "tied": true, "bptt": 70, "lr": 0.001, "wdecay": 1.2e-06, "epochs": 50, "alpha": 2, "beta": 1, "log_interval": 200, "clip": 0.25, "eval_batch_size": 50, "recepie": "{\"node_0\": {\"op\": \"linear\", \"input\": [\"h_prev_1\", \"h_prev_0\"]}, \"node_1\": {\"op\": \"activation_sigm\", \"input\": [\"node_0\"]}, \"node_3\": {\"op\": \"linear\", \"input\": [\"x\", \"node_1\"]}, \"node_4\": {\"op\": \"activation_leaky_relu\", \"input\": [\"node_3\"]}, \"node_6\": {\"op\": \"linear\", \"input\": [\"x\", \"node_4\"]}, \"node_7\": {\"op\": \"activation_sigm\", \"input\": [\"node_6\"]}, \"node_8\": {\"op\": \"linear\", \"input\": [\"node_4\", \"node_7\", \"h_prev_0\"]}, \"h_new_0\": {\"op\": \"elementwise_prod\", \"input\": [\"node_0\", \"node_1\"]}, \"h_new_1\": {\"op\": \"activation_tanh\", \"input\": [\"node_8\"]}}", "experiment_id": 999960352, "init_time": "2020-05-09_20-15-06", "num_params": 11856400, "wall_times": [226.07023811340332, 224.62374305725098, 226.26705932617188, 226.10592889785767, 222.74444603919983, 221.28019762039185, 221.00239372253418, 220.59169936180115, 223.09352850914001, 220.5835304260254, 220.8478775024414, 221.60186386108398, 221.97652077674866, 220.56138825416565, 221.7620506286621, 220.77800178527832, 222.17526531219482, 221.63434982299805, 219.49119639396667, 220.30577063560486, 223.97986888885498, 219.48273348808289, 221.8041205406189, 222.2938220500946, 224.30655694007874, 220.4520387649536, 223.12118291854858, 221.27334117889404, 222.0533790588379, 220.80514335632324, 221.521817445755, 220.94972681999207, 221.13216829299927, 222.18296074867249, 220.4050259590149, 223.17205500602722, 221.7375009059906, 222.66041898727417, 221.71856784820557, 223.34606313705444, 224.07744526863098, 221.322007894516, 222.23647332191467, 220.00174379348755, 225.6920895576477, 219.0003046989441, 221.6759912967682, 220.90691685676575, 220.71311044692993, 220.35274839401245], "train_losses": [6.494837891990748, 6.4322050992415685, 6.398691319052229, 6.372180255231026, 6.351104449061374, 6.330581665859825, 6.312739951455005, 6.294891513366683, 6.287947208998978, 6.254547731429186, 6.242266503281158, 6.233120192566296, 6.213506787558496, 6.205125295842074, 6.181012485880265, 6.159881209321715, 6.14120617839277, 6.125502175111613, 6.105887929643376, 6.0958532522457105, 6.085526935076112, 6.070407051799258, 6.066555641842827, 6.060118975579582, 6.053032633397881, 6.047727226883976, 6.04078754504868, 6.031216801812705, 6.0236619029369045, 6.011321422328008, 6.000667745817869, 5.989020224839976, 5.975355178581034, 5.964614094185358, 5.950402748641816, 5.942675555376257, 5.933264919853693, 5.923788728416976, 5.912286186864612, 5.911908820128019, 5.897599140713249, 5.8920273082405465, 5.888364161422193, 5.8801763958366955, 5.875153804260126, 5.865229227179818, 5.858555130842881, 5.853956971787424, 5.843286906298747, 5.840852092410306], "val_losses": [6.496492319915254, 6.451898172669492, 6.430005958686441, 6.411923993644068, 6.40111030190678, 6.392061043432204, 6.382488082627119, 6.374723252118644, 6.3783540783898305, 6.353579184322034, 6.347811837923729, 6.348516949152542, 6.3381640625, 6.337989936440678, 6.3257673463983055, 6.318716896186441, 6.309390889830508, 6.303475238347458, 6.296340042372881, 6.296547934322034, 6.291637314618644, 6.289470338983051, 6.2902231197033895, 6.293974443855932, 6.295260195974576, 6.297731064618644, 6.295517081567796, 6.296931938559322, 6.2973139565677965, 6.293502383474577, 6.289827198093221, 6.285988479872882, 6.287210672669492, 6.276849179025424, 6.277529131355932, 6.274796080508475, 6.273525556144068, 6.275270127118644, 6.275190677966101, 6.274338585805085, 6.274290254237288, 6.271234772245763, 6.274392876059322, 6.2724880826271185, 6.2767816472457625, 6.273168034957627, 6.268178628177966, 6.269772245762712, 6.277749602754238, 6.269627251059322], "test_losses": [6.443101605165352, 6.403585193226639, 6.379188315382281, 6.363759457486347, 6.354683589009405, 6.347425738584648, 6.336747549112561, 6.326841483995753, 6.329628361081614, 6.31194594299909, 6.308634045054611, 6.306184935338289, 6.302283425932949, 6.302555417551578, 6.292885197019114, 6.286686276926578, 6.279763230999697, 6.275611062651699, 6.264595105810073, 6.265751218332828, 6.265152718256978, 6.261873411900789, 6.262778272906553, 6.264189784966626, 6.26854757660801, 6.27117919921875, 6.2669677734375, 6.269290072246663, 6.271249122989988, 6.266606895668993, 6.263633357668386, 6.25842996245449, 6.261063955362561, 6.250013036635315, 6.250747828807645, 6.247355340753944, 6.248605672595571, 6.247563926918993, 6.247952655681129, 6.245812277192051, 6.248370420585558, 6.243402277381675, 6.246057010391383, 6.245885163834951, 6.249332761301578, 6.246478330741808, 6.242428085179005, 6.243786265549151, 6.252852060262439, 6.243056213971481], "status": "OK"}