{"data": "data/ptb", "recepie_id": 1009209, "recepies_list_path": "data/models_recepies.json", "cuda": true, "batch_size": 20, "model": "CustomRNN", "emsize": 400, "nhid": 600, "nlayers": 3, "dropout": 0.1, "dropouth": 0.25, "dropouti": 0.4, "dropoute": 0.0, "wdrop": 0.1, "tied": true, "bptt": 70, "lr": 0.001, "wdecay": 1.2e-06, "epochs": 50, "alpha": 2, "beta": 1, "log_interval": 200, "clip": 0.25, "eval_batch_size": 50, "recepie": "{\"node_5\": {\"op\": \"linear\", \"input\": [\"x\", \"h_prev_1\"]}, \"node_6\": {\"op\": \"activation_tanh\", \"input\": [\"node_5\"]}, \"node_7\": {\"op\": \"linear\", \"input\": [\"h_prev_0\", \"x\"]}, \"node_8\": {\"op\": \"activation_leaky_relu\", \"input\": [\"node_7\"]}, \"node_14\": {\"op\": \"linear\", \"input\": [\"node_6\", \"h_prev_1\"]}, \"h_new_0\": {\"op\": \"activation_leaky_relu\", \"input\": [\"node_14\"]}, \"h_new_1\": {\"op\": \"linear\", \"input\": [\"x\", \"node_6\", \"node_8\"]}}", "experiment_id": 999989217, "init_time": "2020-04-21_01-25-10", "num_params": 11816400, "wall_times": [206.95959377288818, 205.7646803855896, 206.21542596817017, 205.65066862106323, 205.5001254081726, 202.57076144218445, 202.3368101119995, 202.17708134651184, 202.565682888031, 202.65821409225464, 202.3363814353943, 202.33662128448486, 203.18891310691833, 202.82589387893677, 202.79735326766968, 202.5420858860016, 202.55051279067993, 202.54408764839172, 202.6023507118225, 202.32602500915527, 202.71538138389587, 202.84120273590088, 202.72140645980835, 202.65190172195435, 202.64651679992676, 202.77129673957825, 202.7067859172821, 202.73686480522156, 202.64793848991394, 202.87918853759766, 202.8023784160614, 202.89717268943787, 202.80851364135742, 202.8977997303009, 202.72989320755005, 202.7168447971344, 202.91536259651184, 202.87553668022156, 202.6580605506897, 202.747878074646, 202.79854798316956, 202.85146594047546, 202.88136672973633, 202.58939599990845, 202.97009992599487, 202.58672785758972, 202.81722855567932, 202.64721131324768, 202.77189803123474, 202.84324383735657], "train_losses": [5.7189895312247865, 5.382786445726427, 5.192128835861438, 5.059826075116992, 4.951073015840998, 4.878400502931526, 4.8171851467107745, 4.759127820585229, 4.712211638023775, 4.66278247875316, 4.624799129955354, 4.58776382053144, 4.559579820208703, 4.528270147517616, 4.502699979156581, 4.478832583642623, 4.453504467887687, 4.436014065945888, 4.41512021946103, 4.3914692425098165, 4.374552454816847, 4.3580558973428, 4.346847096713463, 4.326786146522511, 4.318742099671884, 4.302717460733688, 4.293154701871874, 4.277469608950567, 4.26988235234791, 4.25787091200043, 4.245619520197946, 4.23680603181647, 4.22573926900113, 4.218718482733581, 4.209381807729547, 4.2002884460222685, 4.18835853033726, 4.182956891103222, 4.1750985860093595, 4.16458526639234, 4.1613150348286805, 4.152803271744393, 4.147199501775052, 4.136829900892905, 4.131720321661019, 4.125458891399064, 4.118828078774676, 4.114675363751277, 4.109393069899414, 4.100219023990102], "val_losses": [5.745139036016949, 5.456138771186441, 5.30064453125, 5.200689221398305, 5.122684719279661, 5.076215240995762, 5.033984706038136, 4.996303628177966, 4.968380230402542, 4.93888671875, 4.918363016419492, 4.897371226165254, 4.883140558792373, 4.868023702330508, 4.852017346398305, 4.84270656779661, 4.831194054555085, 4.823793034957627, 4.812357653601695, 4.805137380826271, 4.7967842955508475, 4.790627648305085, 4.786107653601695, 4.781384070444915, 4.777455640889831, 4.773852290783898, 4.769527608580509, 4.76428264036017, 4.7626512844279665, 4.757316935911017, 4.754517677436441, 4.751901152012712, 4.748556673728814, 4.748555680614407, 4.743834745762712, 4.742530124470339, 4.74144233315678, 4.736881289724576, 4.735450211864407, 4.734416379766949, 4.731749867584746, 4.7287890625, 4.728586467161017, 4.728706302966102, 4.725422404661017, 4.723142876059322, 4.724790452860169, 4.720733580508474, 4.722995895127118, 4.720650489936441], "test_losses": [5.709363029998483, 5.411387026888653, 5.257776945540049, 5.15673117035801, 5.07604269379551, 5.028291868932039, 4.98847146636074, 4.949583479501669, 4.922106400276851, 4.89161904344281, 4.871573142635012, 4.851434800231341, 4.835514401926578, 4.821882229406857, 4.808797595570389, 4.798315844489533, 4.784517751156705, 4.777928620866201, 4.769763539138349, 4.760142502275485, 4.753222419220267, 4.747690441538986, 4.742725853781098, 4.736706187424151, 4.734415295054611, 4.727132260220722, 4.725251725576456, 4.720515871510922, 4.717511223357858, 4.716882798278216, 4.712525599211165, 4.709733685243477, 4.70536344954111, 4.704720506390322, 4.699886581272755, 4.698541437537925, 4.696496167229217, 4.694969992035801, 4.691045668518659, 4.689364238850121, 4.688734332334648, 4.686009379266535, 4.685486136130916, 4.683967960690989, 4.681546109393962, 4.68003622999469, 4.679959491618629, 4.677428310357251, 4.676708628830401, 4.67515104719736], "status": "OK"}