{"data": "data/ptb", "recepie_id": 2003676, "recepies_list_path": "data/new_recepies_fix.json", "cuda": true, "batch_size": 20, "model": "CustomRNN", "emsize": 400, "nhid": 600, "nlayers": 3, "dropout": 0.1, "dropouth": 0.25, "dropouti": 0.4, "dropoute": 0.0, "wdrop": 0.1, "tied": true, "bptt": 70, "lr": 0.001, "wdecay": 1.2e-06, "epochs": 50, "alpha": 2, "beta": 1, "log_interval": 200, "clip": 0.25, "eval_batch_size": 50, "recepie": "{\"node_0\": {\"op\": \"linear\", \"input\": [\"h_prev_0\", \"x\"]}, \"node_1\": {\"op\": \"activation_tanh\", \"input\": [\"node_0\"]}, \"node_2\": {\"op\": \"linear\", \"input\": [\"node_1\", \"h_prev_0\"]}, \"node_3\": {\"op\": \"activation_leaky_relu\", \"input\": [\"node_2\"]}, \"node_4\": {\"op\": \"linear\", \"input\": [\"x\", \"node_3\"]}, \"node_5\": {\"op\": \"activation_leaky_relu\", \"input\": [\"node_4\"]}, \"node_6\": {\"op\": \"linear\", \"input\": [\"x\", \"node_5\"]}, \"node_7\": {\"op\": \"activation_leaky_relu\", \"input\": [\"node_6\"]}, \"h_new_0\": {\"op\": \"linear\", \"input\": [\"node_1\", \"node_7\"]}}", "experiment_id": 999952417, "init_time": "2020-05-18_01-59-08", "num_params": 12698000, "wall_times": [234.98537135124207, 227.6165623664856, 227.4154896736145, 227.4279067516327, 227.4378354549408, 227.53448820114136, 227.42937660217285, 227.33424925804138, 228.83980417251587, 230.33834075927734, 231.05315136909485, 231.20700669288635, 231.2342586517334, 226.82354164123535, 226.8426856994629, 226.98080134391785, 226.89414167404175, 226.87006163597107, 226.94134879112244, 227.079421043396, 227.0272171497345, 226.96157479286194, 226.9953830242157, 227.01024627685547, 226.77056407928467, 226.85570311546326, 226.89573431015015, 226.91034030914307, 226.93293952941895, 226.97384095191956, 227.00982928276062, 226.98538398742676, 226.912171125412, 226.97249031066895, 227.01464414596558, 226.89279770851135, 226.59678840637207, 226.67207050323486, 226.73526167869568, 226.61781573295593, 227.258229970932, 226.80310606956482, 226.84455180168152, 226.6789891719818, 226.64010095596313, 226.6840159893036, 226.7114543914795, 226.64710187911987, 226.50355887413025, 226.7396183013916], "train_losses": [5.469890925044377, 5.196722792614706, 5.051423992119843, 4.935516933596902, 4.8626481731751925, 4.808151457694583, 4.754546050508311, 4.713093281023076, 4.671001761605078, 4.646608237857028, 4.620948980689581, 4.579606731751923, 4.548952197972137, 4.532677101823463, 4.51617508135657, 4.50038240949922, 4.480078986471948, 4.465343613845409, 4.447475004706578, 4.436901592168254, 4.428511695847453, 4.406423134850196, 4.404241299553547, 4.391056156204615, 4.379325429643376, 4.384461063148835, 4.3702043327416495, 4.369236542547469, 4.350021515787209, 4.341677424560271, 4.3435033248614925, 4.32987736001291, 4.315043653515142, 4.311920922758324, 4.317415853100963, 4.304723639798827, 4.297376754881395, 4.291106079554623, 4.2791568332795435, 4.277539367166908, 4.278484464929267, 4.268748150987037, 4.262459405760852, 4.25015968748319, 4.251353561535152, 4.2478795183153135, 4.252059968533161, 4.246201959281373, 4.243712515464472, 4.2304403844602225], "val_losses": [5.512470206567796, 5.28884467690678, 5.18371391684322, 5.098677502648305, 5.053219345868644, 5.022720140360169, 4.9914952992584745, 4.964851363877119, 4.944611030190678, 4.928572232521186, 4.915723318326271, 4.89455078125, 4.875464115466102, 4.871718418961865, 4.865334679555085, 4.853464976165254, 4.849113148834745, 4.84599907309322, 4.834080045021186, 4.835060911016949, 4.834540519067796, 4.822703257415254, 4.822247417902543, 4.81497219279661, 4.81408203125, 4.813968154131356, 4.809105534957627, 4.807161679025424, 4.796820709745763, 4.800475039724576, 4.802692995233051, 4.794618313029661, 4.789651747881356, 4.786308262711865, 4.79822563559322, 4.785639896716102, 4.78772014036017, 4.784180018538136, 4.778543101165254, 4.779076734639831, 4.775580640889831, 4.776957097457627, 4.768930746822034, 4.764666644597457, 4.763960209216101, 4.769025092690678, 4.768986030190678, 4.767725768008474, 4.769120431673729, 4.763955574682203], "test_losses": [5.467887211771845, 5.242357568833435, 5.135552563713592, 5.05206772887591, 5.004802222390777, 4.972560845532463, 4.942338369425061, 4.918091709173999, 4.893499281799909, 4.882387920490746, 4.872312379114836, 4.84679938751517, 4.83022952774196, 4.825680927165504, 4.819099500341323, 4.809078475804005, 4.80476838639639, 4.801239902533374, 4.788161787014563, 4.787828167665352, 4.783131719792931, 4.772850258836469, 4.772396939472087, 4.765803957448422, 4.768587871662621, 4.771628074275637, 4.761026030605279, 4.764131120107706, 4.752361112427943, 4.75320553085179, 4.755769896275789, 4.749225209060224, 4.742607042627427, 4.741135087985437, 4.749858967308859, 4.738770716398665, 4.740972130043993, 4.734524625018962, 4.72948744690534, 4.733538877616808, 4.729930099931735, 4.728889243116656, 4.72323489883571, 4.718219942259557, 4.719691896901547, 4.719470274101183, 4.7265379081652, 4.722142191766535, 4.722469885372421, 4.715771425117567], "status": "OK"}