{"data": "data/ptb", "recepie_id": 1012483, "recepies_list_path": "data/models_recepies.json", "cuda": true, "batch_size": 20, "model": "CustomRNN", "emsize": 400, "nhid": 600, "nlayers": 3, "dropout": 0.1, "dropouth": 0.25, "dropouti": 0.4, "dropoute": 0.0, "wdrop": 0.1, "tied": true, "bptt": 70, "lr": 0.001, "wdecay": 1.2e-06, "epochs": 50, "alpha": 2, "beta": 1, "log_interval": 200, "clip": 0.25, "eval_batch_size": 50, "recepie": "{\"node_0\": {\"op\": \"linear\", \"input\": [\"h_prev_2\", \"h_prev_1\"]}, \"node_2\": {\"op\": \"elementwise_prod\", \"input\": [\"h_prev_2\", \"h_prev_1\"]}, \"node_4\": {\"op\": \"linear\", \"input\": [\"h_prev_0\", \"x\"]}, \"h_new_0\": {\"op\": \"activation_leaky_relu\", \"input\": [\"node_0\"]}, \"h_new_1\": {\"op\": \"elementwise_prod\", \"input\": [\"node_2\", \"node_0\"]}, \"h_new_2\": {\"op\": \"activation_leaky_relu\", \"input\": [\"node_4\"]}}", "experiment_id": 999984105, "init_time": "2020-04-16_17-24-58", "num_params": 7493200, "wall_times": [165.96773982048035, 127.61180424690247, 123.08780884742737, 126.90654253959656, 125.1582818031311, 127.46931791305542, 126.49922013282776, 126.28123140335083, 126.02140092849731, 127.3765001296997, 126.86874389648438, 126.21375775337219, 125.5878758430481, 126.58149123191833, 126.05803942680359, 125.83383512496948, 126.03912615776062, 126.55116510391235, 125.6495258808136, 125.79389071464539, 125.35567092895508, 127.25674891471863, 126.17249178886414, 125.5652186870575, 125.7668936252594, 126.68033385276794, 126.1194326877594, 125.56896901130676, 126.50461268424988, 126.61369180679321, 129.47711205482483, 126.13861417770386, 127.26171398162842, 126.8614251613617, 125.75882625579834, 125.84084343910217, 126.10875105857849, 126.53461503982544, 126.14890098571777, 126.79784321784973, 127.26965475082397, 126.4541084766388, 126.1149525642395, 125.78899121284485], "train_losses": [6.499793666962509, 6.473270416464956, 6.447136299150126, 6.426337844924964, 6.422965077187887, 6.416964609891883, 6.405834812543704, 6.406422294389759, 6.38932943023506, 6.395561864611909, 6.387919978080792, 6.385000638749933, 6.374899985207897, 6.368426338685385, 6.371544026679576, 6.366293250094132, 6.3537010515841, 6.35219830832123, 6.347595106503147, 6.346605044107363, 6.350026138319617, 6.338681603329568, 6.334255738663869, 6.333124478914528, 6.324004642703459, 6.319295122639987, 6.323268399359906, 6.312831981872949, 6.314846985772686, 6.323433549835942, 6.318986253429078, 6.316266523452208, 6.305455680840192, 6.316480000403421, 6.308613710935399, 6.30587759197999, 6.297891116669356, 6.304918626620408, 6.303994540368996, 6.301726978107687, 6.297404069845625, 6.291066998144263, 6.297700752380184, NaN], "val_losses": [6.500858050847458, 6.485221133474576, 6.467320577330509, 6.454668961864407, 6.458015757415255, 6.457084878177966, 6.449237950211864, 6.458916181144068, 6.44556938559322, 6.455916313559322, 6.452869438559322, 6.45419094279661, 6.447872748940678, 6.445997748940678, 6.450164856991526, 6.450161546610169, 6.443251456567797, 6.445067531779661, 6.444253177966102, 6.4460361493644065, 6.4530342955508475, 6.446628707627118, 6.444887447033898, 6.447165651483051, 6.442157044491525, 6.442510593220339, 6.448138241525424, 6.442537738347458, 6.4481223516949155, 6.45647311970339, 6.452778072033898, 6.458583156779661, 6.449012844279661, 6.4644292902542375, 6.456569120762712, 6.460199947033899, 6.453924788135593, 6.46010593220339, 6.462015360169492, 6.462016022245763, 6.460383342161017, 6.460958686440678, 6.463748675847458, NaN], "test_losses": [6.441669353003641, 6.427439272982403, 6.410895190192658, 6.400014932873179, 6.401875023702973, 6.39971212738926, 6.393334249848301, 6.399574650144114, 6.392149101183253, 6.398370539100425, 6.392799155226031, 6.396088535345874, 6.390440709382585, 6.390946767862561, 6.390569298012743, 6.391290460975425, 6.387619462985437, 6.390092275675061, 6.387401988205401, 6.390958026774879, 6.394317330665959, 6.389710065230583, 6.38953347807949, 6.392834709685983, 6.388148039290049, 6.389337928549757, 6.393048036445692, 6.390060869235437, 6.393440320653823, 6.401812803398058, 6.400974310717537, 6.404013031894721, 6.398004328162925, 6.409820260353459, 6.404679085444478, 6.40691664612409, 6.405109886984223, 6.410684826304611, 6.410961558517901, 6.410830599590413, 6.408841920130461, 6.409092579073119, 6.410817562955097, NaN], "status": "loss is nan!"}