{"data": "data/ptb", "recepie_id": 2008594, "recepies_list_path": "data/new_recepies_fix.json", "cuda": true, "batch_size": 20, "model": "CustomRNN", "emsize": 400, "nhid": 600, "nlayers": 3, "dropout": 0.1, "dropouth": 0.25, "dropouti": 0.4, "dropoute": 0.0, "wdrop": 0.1, "tied": true, "bptt": 70, "lr": 0.001, "wdecay": 1.2e-06, "epochs": 50, "alpha": 2, "beta": 1, "log_interval": 200, "clip": 0.25, "eval_batch_size": 50, "recepie": "{\"node_0\": {\"op\": \"linear\", \"input\": [\"x\", \"h_prev_0\"]}, \"node_1\": {\"op\": \"activation_sigm\", \"input\": [\"node_0\"]}, \"node_2\": {\"op\": \"linear\", \"input\": [\"x\", \"node_1\"]}, \"node_3\": {\"op\": \"activation_tanh\", \"input\": [\"node_2\"]}, \"h_new_0\": {\"op\": \"linear\", \"input\": [\"x\", \"node_3\"]}}", "experiment_id": 999950983, "init_time": "2020-05-09_07-09-52", "num_params": 9174800, "wall_times": [182.83536982536316, 176.517564535141, 176.80315494537354, 176.88000583648682, 176.57395267486572, 174.35329675674438, 172.2050483226776, 171.15276837348938, 171.0309898853302, 169.2307186126709, 169.489000082016, 169.15820598602295, 170.15146589279175, 170.17990732192993, 172.06905436515808, 171.2942898273468, 170.65160083770752, 169.5546658039093, 170.05045199394226, 168.9853389263153, 172.30161786079407, 171.1581039428711, 170.92761516571045, 172.2001736164093, 170.61737203598022, 173.8460178375244, 170.6362681388855, 171.54545068740845, 171.12398624420166, 172.83110356330872, 171.19685745239258, 170.00614857673645, 172.4184808731079, 170.5737864971161, 172.56320786476135, 173.04976797103882, 172.02574038505554, 170.39883303642273, 171.33654832839966, 171.67818188667297, 172.40636706352234, 170.91544723510742, 171.71602058410645, 171.0296332836151, 171.12683248519897, 171.48935461044312, 172.64280533790588, 172.9954390525818, 173.216543674469, 173.32916641235352], "train_losses": [5.721049919988166, 5.486940505486526, 5.378782492200527, 5.348774692727664, 5.305704036899575, 5.261716018503577, 5.2272537787101285, 5.210580724544134, 5.196671524527997, 5.167409213463504, 5.184880705045452, 5.15638279274918, 5.143002662578667, 5.137894344037438, 5.120755254558658, 5.136413452745952, 5.140910336318649, 5.123241336533806, 5.123201834893228, 5.1107966388306165, 5.123480027298155, 5.104242308106073, 5.0941647672260775, 5.088559316335862, 5.099238206659136, 5.090947484670002, 5.082563471572266, 5.100166074982519, 5.082807205099241, 5.084436017427787, 5.082481526679576, 5.0808106913291375, 5.056107457909741, 5.056073839492227, 5.066875016809209, 5.07128407226615, 5.050527220832661, 5.06364344642569, 5.045257113657146, 5.025591179871981, 5.042623110644936, 5.04220792318864, 5.037649265773761, 5.054347113522672, 5.017087401161852, 5.03503543381206, 5.0385615855790435, 5.026424496396106, 5.002826048222258, 5.007759130762197], "val_losses": [5.749304157838983, 5.5620948093220335, 5.479489870233051, 5.473727820444915, 5.450780256885594, 5.414086996822034, 5.397605270127118, 5.3878939353813555, 5.376763109110169, 5.3593309719279665, 5.382451337394068, 5.36299655720339, 5.352633077330508, 5.35367485434322, 5.3432934984110165, 5.364300516419491, 5.371441671080508, 5.360111228813559, 5.360746159957627, 5.354436242055085, 5.364651085805085, 5.349225039724576, 5.344880495233051, 5.344143604343221, 5.354251853813559, 5.348309388241526, 5.344939088983051, 5.3622239141949155, 5.347312301377118, 5.348143869173729, 5.352451006355932, 5.350318127648305, 5.325872285487288, 5.331984904661017, 5.3387642346398305, 5.344796742584745, 5.324798397775424, 5.34375, 5.32435315148305, 5.309323358050848, 5.322757547669491, 5.321673066737288, 5.325861030190678, 5.336041777012712, 5.306946173199153, 5.319345537605932, 5.323214049258475, 5.318400423728813, 5.2928558659957625, 5.301523106461865], "test_losses": [5.700097537735133, 5.504755409018507, 5.425284080135012, 5.415230464009405, 5.388024783828883, 5.35296393829642, 5.336890359526699, 5.331918660876821, 5.324044533146238, 5.307361195388349, 5.326589047330097, 5.305174003527003, 5.298303104141383, 5.296981070805522, 5.290279647679005, 5.304436841057342, 5.312915394607099, 5.304878308935073, 5.303460871131675, 5.297589052070692, 5.311234261225728, 5.294328115518811, 5.287130707675971, 5.287847722618325, 5.299180114153519, 5.294771953693871, 5.287487437424151, 5.304834458434466, 5.288790508381371, 5.29253439301426, 5.293964274878641, 5.291439315647755, 5.271467782918689, 5.273764601031553, 5.285795045130461, 5.28802253204642, 5.27013449067051, 5.286134590222997, 5.269596433176578, 5.253033388008192, 5.268666091474515, 5.267243320502124, 5.265797439130765, 5.277323602472694, 5.252914873141687, 5.265291380650789, 5.270675511036105, 5.261613271768811, 5.23706765776699, 5.243043177336165], "status": "OK"}