{"data": "data/ptb", "recepie_id": 2006536, "recepies_list_path": "data/new_recepies_fix.json", "cuda": true, "batch_size": 20, "model": "CustomRNN", "emsize": 400, "nhid": 600, "nlayers": 3, "dropout": 0.1, "dropouth": 0.25, "dropouti": 0.4, "dropoute": 0.0, "wdrop": 0.1, "tied": true, "bptt": 70, "lr": 0.001, "wdecay": 1.2e-06, "epochs": 50, "alpha": 2, "beta": 1, "log_interval": 200, "clip": 0.25, "eval_batch_size": 50, "recepie": "{\"node_0\": {\"op\": \"linear\", \"input\": [\"h_prev_0\", \"x\"]}, \"node_1\": {\"op\": \"activation_leaky_relu\", \"input\": [\"node_0\"]}, \"node_3\": {\"op\": \"activation_leaky_relu\", \"input\": [\"h_new_1\"]}, \"node_4\": {\"op\": \"linear\", \"input\": [\"h_prev_0\", \"node_3\"]}, \"node_5\": {\"op\": \"activation_tanh\", \"input\": [\"node_4\"]}, \"node_14\": {\"op\": \"linear\", \"input\": [\"h_prev_1\", \"node_1\", \"node_5\"]}, \"h_new_0\": {\"op\": \"activation_sigm\", \"input\": [\"node_14\"]}, \"h_new_1\": {\"op\": \"linear\", \"input\": [\"x\", \"node_1\"]}}", "experiment_id": 999985384, "init_time": "2020-05-09_12-42-35", "num_params": 11856400, "wall_times": [265.64292550086975, 220.3390007019043, 215.98516654968262, 213.2184920310974, 212.74870944023132, 214.9956760406494, 215.17785239219666, 216.10199880599976, 214.85360598564148, 215.09193110466003, 217.36304783821106, 215.6878695487976, 216.52984595298767, 217.52643537521362, 215.1258420944214, 216.06451225280762, 213.81549620628357, 216.55930185317993, 215.73534083366394, 216.3498604297638, 216.7779312133789, 215.78933000564575, 215.06342434883118, 214.5998272895813, 215.90064764022827, 214.92862963676453, 215.13712859153748, 213.7130572795868, 216.28599381446838, 215.10781121253967, 216.40215039253235, 218.3785755634308, 214.67501974105835, 216.76966261863708, 216.80527329444885, 217.34673643112183, 215.7457311153412, 216.70548176765442, 214.96046662330627, 217.67411065101624, 215.99966025352478, 215.5419464111328, 216.17355275154114, 214.6700096130371, 215.8385465145111, 214.10404872894287, 215.87732195854187, 214.64449191093445, 217.0923535823822, 214.79293870925903], "train_losses": [6.42728756521973, 6.166453609945672, 5.982464633424775, 5.774025822306492, 5.612585138642354, 5.46957365122909, 5.378191648512721, 5.285725031601313, 5.224877797052337, 5.183300219192082, 5.123926311790651, 5.084547798666021, 5.048754689769243, 5.009797247323974, 4.98055846915174, 4.951113778172234, 4.921128671131193, 4.895483281560971, 4.87555008135657, 4.857165009278683, 4.829935351783121, 4.80119496665053, 4.786590705852294, 4.773617358533699, 4.753117687994191, 4.742002598703674, 4.715612140955301, 4.7009183711204345, 4.684621002770157, 4.6699104237265345, 4.653583639260932, 4.645000437039427, 4.627841176510139, 4.616298292856759, 4.602749650368458, 4.592502336480017, 4.580616544967995, 4.572931794954548, 4.554999310822441, 4.54433050602442, 4.536813007638105, 4.523697202275295, 4.517864406836641, 4.511008771045129, 4.497708904846431, 4.492314829756333, 4.482798296218601, 4.474532788042601, 4.466615650718089, 4.464222019391103], "val_losses": [6.432243776483051, 6.191398305084745, 6.021431408898305, 5.829169094279661, 5.687982653601695, 5.5640631620762715, 5.491670418432204, 5.418653005826271, 5.372509931144068, 5.3441988877118645, 5.302652277542373, 5.2730177436440675, 5.24579482256356, 5.222220603813559, 5.199746755826271, 5.180379038665254, 5.159694782838983, 5.147287142478813, 5.134259467690678, 5.126212261652542, 5.106896848516949, 5.086653204449153, 5.081550251588983, 5.0753128310381355, 5.064354144597457, 5.061060315148305, 5.038540121822034, 5.032541048728813, 5.022722126588983, 5.015146318855932, 5.0065952727754235, 5.002615532309322, 4.993504700741526, 4.989012844279661, 4.981987884004237, 4.975165519067796, 4.971798530190678, 4.967556276483051, 4.959201204978814, 4.952658567266949, 4.952899231991525, 4.942054422669491, 4.941593286546611, 4.941344345868644, 4.936143405720339, 4.931299986758474, 4.927840638241525, 4.92744140625, 4.924111824682203, 4.924425979872882], "test_losses": [6.396995174074636, 6.163376298922937, 5.988668793613471, 5.790531491770328, 5.645478776357706, 5.516749113508799, 5.441925345115291, 5.364730094243022, 5.317909018507281, 5.287774243401092, 5.244068923505765, 5.214704495031857, 5.187539702480279, 5.16290520232858, 5.141901405112257, 5.124307873179611, 5.105616893583131, 5.089984782691141, 5.077748122724515, 5.071283136756675, 5.05322739684466, 5.032730250682645, 5.027291010884405, 5.024571094698119, 5.011916077252731, 5.009378081386529, 4.988618424795206, 4.98285386168841, 4.976062959837682, 4.968073280112257, 4.96040329423923, 4.95687984725804, 4.946942079414442, 4.943532110417931, 4.936849057095722, 4.931413076456311, 4.927682821033071, 4.924856537754096, 4.915885554934011, 4.90954352814017, 4.910208396541262, 4.900145595513501, 4.897676338269872, 4.895578921419903, 4.89078588393128, 4.886758748767446, 4.884242974438713, 4.881522169390928, 4.879381494614685, 4.877955464483465], "status": "OK"}