{"data": "data/ptb", "recepie_id": 1003716, "recepies_list_path": "data/models_recepies.json", "cuda": true, "batch_size": 20, "model": "CustomRNN", "emsize": 400, "nhid": 600, "nlayers": 3, "dropout": 0.1, "dropouth": 0.25, "dropouti": 0.4, "dropoute": 0.0, "wdrop": 0.1, "tied": true, "bptt": 70, "lr": 0.001, "wdecay": 1.2e-06, "epochs": 50, "alpha": 2, "beta": 1, "log_interval": 200, "clip": 0.25, "eval_batch_size": 50, "recepie": "{\"node_0\": {\"op\": \"linear\", \"input\": [\"h_prev_0\", \"x\"]}, \"node_1\": {\"op\": \"activation_leaky_relu\", \"input\": [\"node_0\"]}, \"node_3\": {\"op\": \"linear\", \"input\": [\"h_prev_0\", \"node_1\"]}, \"node_4\": {\"op\": \"activation_leaky_relu\", \"input\": [\"node_3\"]}, \"node_9\": {\"op\": \"linear\", \"input\": [\"node_4\", \"node_1\"]}, \"h_new_0\": {\"op\": \"elementwise_prod\", \"input\": [\"node_9\", \"node_0\"]}}", "experiment_id": 999989181, "init_time": "2020-04-17_14-38-29", "num_params": 9254800, "wall_times": [147.7891149520874, 146.81416487693787, 146.51300811767578, 146.72464418411255, 146.65791845321655, 145.2536723613739, 145.29650783538818, 145.45055842399597, 145.41400980949402, 145.22365593910217, 145.3213849067688, 145.31075024604797, 145.3109645843506, 145.10455965995789, 145.32033920288086, 145.29618859291077, 145.15246725082397, 145.3000180721283, 145.23187375068665, 145.28838181495667, 145.21080136299133, 145.31252312660217, 145.25728559494019, 145.13452100753784, 145.33440279960632, 145.26496720314026, 145.26057934761047, 145.29052329063416, 145.03004002571106, 145.07671356201172, 145.0255537033081, 144.99453043937683, 145.25304126739502, 144.9821376800537, 145.12390756607056, 145.426607131958, 145.10916328430176, 145.23402404785156, 145.2485146522522, 145.14368605613708, 145.24554347991943, 145.26234340667725, 145.09438061714172, 145.26674675941467, 145.13120341300964, 145.23577213287354, 145.4127426147461, 144.96122479438782, 145.19904851913452, 145.3683304786682], "train_losses": [5.911373026598892, 5.562210041148943, 5.35417717242214, 5.21446533268786, 5.098580546366521, 5.002448261255446, 4.946989218573504, 4.883510502393631, 4.836485900435695, 4.795507991097843, 4.761058778441181, 4.718390282932602, 4.684652099806358, 4.662274000188263, 4.632564564170836, 4.604176752191921, 4.5850869540369, 4.561802417836588, 4.5479907112312405, 4.5296136235275135, 4.510001479210371, 4.499294013232209, 4.481150153299984, 4.465431862191383, 4.447814130493249, 4.441351409956431, 4.429886689123769, 4.419495236270238, 4.409956430530902, 4.395772399951589, 4.389682003388736, 4.377457506320263, 4.371816335861438, 4.3576575190952616, 4.354772638642354, 4.34653612635146, 4.335342033779786, 4.33681157885536, 4.326344904792641, 4.306877739901028, 4.3149759964498955, 4.302027022483998, 4.29604378462697, 4.290986734172449, 4.281795038593943, 4.272327251761605, 4.271437204157926, 4.274088856839331, 4.266798282771234, 4.268987682211823], "val_losses": [5.925075476694915, 5.6095835540254235, 5.434350172139831, 5.321895855402542, 5.233875132415254, 5.163442465572034, 5.124220736228813, 5.081359904661017, 5.05263671875, 5.026026549258474, 5.004873874470339, 4.981213585805085, 4.962069319385593, 4.948566935911017, 4.935261851165254, 4.922556938559322, 4.911723384533898, 4.901169557733051, 4.894864605402542, 4.887807865466102, 4.879186970338983, 4.874349841101695, 4.866148702330508, 4.857694319385593, 4.849709348516949, 4.847922404661017, 4.843703323622881, 4.838826800847458, 4.837239141949152, 4.833197497351695, 4.8302078919491525, 4.825256223516949, 4.818367319915255, 4.816825675317797, 4.814074086334746, 4.813617915783898, 4.81241889565678, 4.81270060911017, 4.806317862817797, 4.803180283368644, 4.800991790254237, 4.798853283898305, 4.794375, 4.789007878707627, 4.785615399894068, 4.780852092161017, 4.7826754502118645, 4.783234242584745, 4.7805654131355935, 4.779855667372881], "test_losses": [5.878067757319478, 5.558668414365898, 5.381723348376821, 5.268451579566141, 5.180181114418993, 5.109633362408981, 5.069103648361651, 5.027875289176274, 4.997031202594053, 4.972360555408071, 4.949110605184314, 4.92427048173923, 4.906360515113016, 4.894070523456462, 4.879777926843143, 4.865129489343143, 4.857225140321602, 4.845210399442506, 4.837964993078732, 4.831783553929005, 4.820602861422937, 4.816651872060831, 4.81069116684997, 4.8033693183973, 4.794205452631978, 4.793753910990595, 4.788726806640625, 4.7827394355848, 4.781226000739533, 4.775842166641383, 4.773690232952822, 4.769092744993932, 4.76582795670889, 4.760367680521845, 4.761272245240443, 4.758226413171268, 4.75649668869463, 4.75598855620449, 4.752328224552488, 4.745660874450091, 4.745624727415807, 4.743431609811135, 4.739495138520176, 4.734630103250152, 4.734241078200849, 4.729235602814017, 4.731373907292931, 4.730096613319175, 4.727358031041414, 4.726414356416869], "status": "OK"}