{"data": "data/ptb", "recepie_id": 2002627, "recepies_list_path": "data/new_recepies_fix.json", "cuda": true, "batch_size": 20, "model": "CustomRNN", "emsize": 400, "nhid": 600, "nlayers": 3, "dropout": 0.1, "dropouth": 0.25, "dropouti": 0.4, "dropoute": 0.0, "wdrop": 0.1, "tied": true, "bptt": 70, "lr": 0.001, "wdecay": 1.2e-06, "epochs": 50, "alpha": 2, "beta": 1, "log_interval": 200, "clip": 0.25, "eval_batch_size": 50, "recepie": "{\"node_0\": {\"op\": \"linear\", \"input\": [\"x\", \"h_prev_1\"]}, \"node_1\": {\"op\": \"activation_leaky_relu\", \"input\": [\"node_0\"]}, \"node_5\": {\"op\": \"linear\", \"input\": [\"h_prev_0\", \"h_prev_1\", \"node_1\"]}, \"h_new_0\": {\"op\": \"elementwise_sum\", \"input\": [\"node_0\", \"node_1\"]}, \"h_new_1\": {\"op\": \"activation_sigm\", \"input\": [\"node_5\"]}}", "experiment_id": 999929569, "init_time": "2020-05-11_07-47-14", "num_params": 8373200, "wall_times": [130.40815091133118, 130.3974416255951, 129.24053239822388, 129.24675631523132, 127.85019564628601, 128.23083209991455, 129.8600389957428, 130.22623372077942, 130.82087349891663, 128.60623002052307, 129.06197047233582, 127.43497776985168, 128.67352724075317, 128.1266689300537, 127.68515539169312, 129.2862205505371, 128.20264673233032, 128.4037013053894, 129.0534064769745, 128.28834867477417, 129.0206732749939, 129.58099603652954, 128.89893674850464, 127.97969508171082, 130.6104335784912, 128.27074813842773, 129.09991908073425, 128.51688528060913, 129.43792724609375, 128.709862947464, 128.6596441268921, 128.02267575263977, 128.4354190826416, 128.74194717407227, 127.73676037788391, 128.0734157562256, 128.37542486190796, 128.8954794406891, 128.4429407119751, 127.7665548324585, 127.92727518081665, 129.57947611808777, 128.0477418899536, 128.90171074867249, 127.95337176322937, 128.57452988624573, 128.11855220794678, 127.34373641014099, 128.2151448726654, 129.47793698310852], "train_losses": [5.916322498117369, 5.664258327282019, 5.571542513850788, 5.488204137754828, 5.387711123661987, 5.343544507422947, 5.278874438572427, 5.32292717242214, 5.256775371819698, 5.23734056465494, 5.227884964498951, 5.211650210451293, 5.186323355387016, 5.161111643402721, 5.140661560029046, 5.128066419907482, 5.135964646872142, 5.115582640793932, 5.096982410843957, 5.110805463665215, 5.070853336291754, 5.050867607309988, 5.063747243289764, 5.0303296958205586, 5.039656705529557, 5.022552495158948, 5.03821951818084, 5.011835363885751, 5.0153115082566835, 5.003440424802323, 4.987764156715615, 4.982346128503039, 4.983142044537679, 4.9829432756441285, 4.978917049916626, 4.982506236216449, 4.961498507342262, 4.9746424681297405, 4.9669921769942444, 4.952866558415362, 4.953786862594804, 4.9452187886611805, 4.943743360362541, 4.944571634124038, 4.945723064923888, 4.932687943763111, 4.942702450110269, 4.931972291700285, 4.945059101177989, 4.9139637458985534], "val_losses": [5.933308395127119, 5.714036016949152, 5.636993511652542, 5.566177171610169, 5.491104674258475, 5.459450476694915, 5.401157971398305, 5.451143736758475, 5.403297139830508, 5.389091962394068, 5.392051774364407, 5.37479939088983, 5.354248874470339, 5.342271252648305, 5.3241869703389835, 5.322730402542373, 5.33409328654661, 5.317806541313559, 5.306399629237288, 5.320362486758475, 5.290283699682203, 5.270511784957627, 5.284586202330509, 5.261781978283898, 5.271825675317797, 5.250140360169492, 5.2716661149364406, 5.253856594279661, 5.2605137711864405, 5.252335805084746, 5.239802701271186, 5.236355601165254, 5.236731660487288, 5.23840969279661, 5.237114009533898, 5.242518207097458, 5.222087526483051, 5.24497219279661, 5.2370862023305085, 5.22181110963983, 5.22442002118644, 5.221609176377119, 5.220472722457627, 5.219961599576271, 5.22407905190678, 5.2111338056144065, 5.223820511122882, 5.206813095868644, 5.224149894067796, 5.192945246292373], "test_losses": [5.881114181962985, 5.662454253261529, 5.577418651395631, 5.523361057911105, 5.431801805218447, 5.405468394455401, 5.353030306621663, 5.400008414555522, 5.352352994159587, 5.33746337890625, 5.343208387060073, 5.330672477055522, 5.301892326873483, 5.301157534701153, 5.278314979331007, 5.275833278026395, 5.284566638539139, 5.261868671306129, 5.255611086354672, 5.269895683214503, 5.24224616485892, 5.225144469622269, 5.239549359071602, 5.214546870259405, 5.227505878337379, 5.209219034435679, 5.229630257319478, 5.211770659511529, 5.213003806697512, 5.210069378602852, 5.195881371359223, 5.187866803511833, 5.192554659056432, 5.19403550231341, 5.190313542930825, 5.196276025864685, 5.180200076797633, 5.194811182114685, 5.195605231720267, 5.177358682873179, 5.176915437272451, 5.172247136680825, 5.176404045623483, 5.176707443681735, 5.180104079755765, 5.165936812613774, 5.179160701418386, 5.165458605127427, 5.179609872762439, 5.15178969299909], "status": "OK"}