{"data": "data/ptb", "recepie_id": 2008666, "recepies_list_path": "data/new_recepies_fix.json", "cuda": true, "batch_size": 20, "model": "CustomRNN", "emsize": 400, "nhid": 600, "nlayers": 3, "dropout": 0.1, "dropouth": 0.25, "dropouti": 0.4, "dropoute": 0.0, "wdrop": 0.1, "tied": true, "bptt": 70, "lr": 0.001, "wdecay": 1.2e-06, "epochs": 50, "alpha": 2, "beta": 1, "log_interval": 200, "clip": 0.25, "eval_batch_size": 50, "recepie": "{\"node_0\": {\"op\": \"linear\", \"input\": [\"x\", \"h_prev_0\"]}, \"node_1\": {\"op\": \"activation_tanh\", \"input\": [\"node_0\"]}, \"node_2\": {\"op\": \"elementwise_prod\", \"input\": [\"node_1\", \"h_prev_1\"]}, \"node_3\": {\"op\": \"linear\", \"input\": [\"node_1\", \"h_prev_1\"]}, \"node_6\": {\"op\": \"linear\", \"input\": [\"h_prev_1\", \"h_prev_0\", \"x\"]}, \"node_8\": {\"op\": \"elementwise_prod\", \"input\": [\"node_3\", \"node_6\"]}, \"h_new_0\": {\"op\": \"activation_leaky_relu\", \"input\": [\"node_6\"]}, \"h_new_1\": {\"op\": \"elementwise_prod\", \"input\": [\"node_8\", \"node_2\"]}}", "experiment_id": 999935338, "init_time": "2020-05-15_04-19-28", "num_params": 10094800, "wall_times": [200.63852977752686, 211.2067437171936, 218.10879111289978, 210.31262803077698, 200.03373336791992, 209.19876718521118, 202.22487330436707, 209.8875916004181, 203.27472019195557, 208.29025220870972, 205.70044541358948, 205.83309245109558, 208.01237320899963, 204.13426613807678, 207.64518785476685, 201.39094161987305, 209.2146873474121, 199.94517493247986, 208.22813272476196, 199.02876949310303, 210.08385586738586, 197.94254207611084, 210.02823066711426, 197.18362545967102, 209.32237839698792, 213.95051956176758, 210.7362892627716, 195.92152786254883, 209.6449739933014, 197.99315428733826, 207.9557580947876, 196.49845576286316, 209.0493757724762, 211.29228281974792, 209.8023624420166, 215.3542721271515, 209.2357587814331, 195.27632522583008, 208.77894496917725, 199.53183269500732, 208.8476903438568, 200.74834442138672, 207.90202522277832, 211.27592301368713, 209.13979959487915, 204.47740364074707, 205.99781203269958, 205.2321195602417, 203.8395972251892, 207.39710783958435], "train_losses": [5.588125218519714, 5.26909400045721, 5.097221101608305, 4.989903548760153, 4.915428248211501, 4.848317062019257, 4.797975162713141, 4.7539001566618255, 4.71614709402399, 4.66559213799688, 4.643016109945672, 4.610388595288042, 4.586625416868377, 4.568066369479856, 4.544171238771448, 4.523760236808133, 4.5076671003442526, 4.48899921332903, 4.484089243451132, 4.4649725505621, 4.452980020574471, 4.44157791404443, 4.42883275173471, 4.422992812382335, 4.408038079581518, 4.404285003496315, 4.392609327093755, 4.386945464203109, 4.37855514765209, 4.364570306196547, 4.362897789925233, 4.354424267790867, 4.3535989356409015, 4.344601806653757, 4.331955818675703, 4.332081467511161, 4.323318406755957, 4.318413479640687, 4.312797102764779, 4.3141666330482495, 4.303168367758593, 4.303936968829003, 4.2959639408853745, 4.290192078828466, 4.289203277123339, 4.283083044214942, 4.280707062557151, 4.282429165994298, 4.277372956000215, 4.270718610483567], "val_losses": [5.618119041313559, 5.346795881885593, 5.21783203125, 5.14140922934322, 5.091738612288135, 5.051080839512712, 5.021057997881356, 4.994234970868644, 4.977068657309322, 4.95016750529661, 4.9385993776483055, 4.922030918961864, 4.910657772775424, 4.903140558792373, 4.89218220338983, 4.881994835805084, 4.877251059322034, 4.871676377118644, 4.872701271186441, 4.861329780190678, 4.859668299788136, 4.854009533898305, 4.851493644067797, 4.849245895127119, 4.844496822033898, 4.845495564088983, 4.838432534427966, 4.837069981461864, 4.834786811440678, 4.830279396186441, 4.831246027542373, 4.8275413797669495, 4.832264631885593, 4.825106263241525, 4.822606925317797, 4.823516949152542, 4.822744637182203, 4.8171421477754235, 4.816007018008475, 4.8158762579449155, 4.813561308262712, 4.8140578654661015, 4.813983381885593, 4.8103406382415255, 4.812018339512712, 4.81074516684322, 4.811354277012712, 4.811056673728814, 4.808659626588983, 4.8084616657838986], "test_losses": [5.575315605089503, 5.302345646237864, 5.168388292627427, 5.092368709230886, 5.041835155301881, 4.998500194364381, 4.970583128697664, 4.94254843702594, 4.924358182740443, 4.892943447076001, 4.884371859356038, 4.867628671590564, 4.854774845456614, 4.848431040939776, 4.836425484962834, 4.827373319459193, 4.820744782975576, 4.814796818112864, 4.815150584989381, 4.804954454736802, 4.804549133893356, 4.797888302108617, 4.792619723718143, 4.794029161768052, 4.789068129456159, 4.789098350747118, 4.783883696620904, 4.781968496378186, 4.779896263937348, 4.774766940515018, 4.775624691861347, 4.770912244481948, 4.774116293897906, 4.769060153405643, 4.764281633988167, 4.765179680389108, 4.765268862826153, 4.760303089919599, 4.759438820255613, 4.759638221518507, 4.755279244728459, 4.759082683081766, 4.758042418841019, 4.752408222087379, 4.753257381105886, 4.752891170168386, 4.753124348168234, 4.752593105279126, 4.752188969584345, 4.749814820521086], "status": "OK"}