{"data": "data/ptb", "recepie_id": 2009407, "recepies_list_path": "data/new_recepies_fix.json", "cuda": true, "batch_size": 20, "model": "CustomRNN", "emsize": 400, "nhid": 600, "nlayers": 3, "dropout": 0.1, "dropouth": 0.25, "dropouti": 0.4, "dropoute": 0.0, "wdrop": 0.1, "tied": true, "bptt": 70, "lr": 0.001, "wdecay": 1.2e-06, "epochs": 50, "alpha": 2, "beta": 1, "log_interval": 200, "clip": 0.25, "eval_batch_size": 50, "recepie": "{\"node_0\": {\"op\": \"linear\", \"input\": [\"x\", \"h_prev_0\"]}, \"node_3\": {\"op\": \"linear\", \"input\": [\"h_prev_1\", \"h_new_0\"]}, \"node_4\": {\"op\": \"activation_leaky_relu\", \"input\": [\"node_3\"]}, \"node_6\": {\"op\": \"linear\", \"input\": [\"node_4\", \"h_new_0\"]}, \"node_7\": {\"op\": \"activation_sigm\", \"input\": [\"node_6\"]}, \"node_8\": {\"op\": \"linear\", \"input\": [\"h_prev_1\", \"node_4\"]}, \"node_9\": {\"op\": \"activation_leaky_relu\", \"input\": [\"node_8\"]}, \"h_new_0\": {\"op\": \"activation_sigm\", \"input\": [\"node_0\"]}, \"h_new_1\": {\"op\": \"elementwise_prod\", \"input\": [\"node_9\", \"node_7\"]}}", "experiment_id": 999992601, "init_time": "2020-05-18_11-41-52", "num_params": 11016400, "wall_times": [134.04106092453003, 133.4304234981537, 124.44112515449524, 134.20227932929993, 133.38324737548828, 133.65345931053162, 133.7398099899292, 125.78858852386475, 130.82778191566467, 130.5570511817932, 127.1010377407074, 130.6249918937683, 130.49975967407227, 126.34960198402405, 131.20246005058289, 129.810448884964, 116.59996294975281, 130.72477459907532, 130.72254514694214, 129.68805932998657, 130.25169897079468, 129.3991663455963, 122.49320459365845, 130.18490982055664, 130.5479826927185, 131.887704372406, 130.30333971977234, 125.80068516731262, 128.9091260433197, 130.78853058815002, 129.655264377594, 130.7720923423767, 130.53386878967285, 119.05940961837769, 129.86057019233704, 130.49969172477722, 119.30094718933105, 130.35546803474426, 131.81333255767822, 116.81599688529968, 131.73909258842468, 130.26436924934387, 122.46682548522949, 130.4260392189026, 131.58045196533203, 129.8674783706665, 131.1427435874939, 128.23386001586914, 125.86003541946411, 131.22334694862366], "train_losses": [5.968634856920015, 5.724816863670593, 5.544294366225593, 5.434255822709914, 5.343876489295896, 5.270812321822387, 5.218066705664031, 5.173516839465333, 5.133053712145662, 5.105719837555807, 5.076788247673606, 5.050299876284224, 5.024952429939218, 5.003902678043139, 4.981309000322737, 4.96160062328546, 4.943473992792211, 4.928060788822549, 4.909946765235867, 4.89722765719972, 4.887448059544941, 4.866538664541983, 4.85869212589425, 4.846665557258889, 4.833973764186972, 4.82338354243989, 4.812912666074983, 4.802751079151202, 4.792614285810338, 4.789080149669195, 4.781724019686945, 4.7721536966811895, 4.7585655525523105, 4.756358923672745, 4.74511818554677, 4.7351553675165405, 4.730697565354204, 4.723813774138024, 4.715424718277661, 4.70698859663278, 4.700364927922113, 4.693797570060782, 4.688652271260287, 4.683072454413426, 4.675377618874724, 4.670045317626808, 4.663236747619816, 4.662902664595772, 4.654464441799796, 4.651565693749664], "val_losses": [5.981651218220339, 5.760503177966101, 5.60242783368644, 5.512891287076271, 5.443281581038136, 5.38883640095339, 5.351141750529661, 5.326589314088983, 5.298832428495762, 5.285778270656779, 5.267622815148305, 5.253753641419491, 5.237373874470339, 5.225169491525424, 5.2113304422669495, 5.201297669491526, 5.192500662076271, 5.185497881355932, 5.1744362420550845, 5.170332693326271, 5.16607421875, 5.15780720338983, 5.155442266949152, 5.1487884004237285, 5.145049324682203, 5.142316273834746, 5.136968021716101, 5.13382514565678, 5.1321034163135595, 5.130504171080508, 5.127017677436441, 5.124060844809322, 5.1205369438559325, 5.120025158898305, 5.119926840572034, 5.114995365466101, 5.114362420550847, 5.109448159427966, 5.109285288665254, 5.106896186440678, 5.102155058262712, 5.0995017876059325, 5.100032441737288, 5.099019134004237, 5.099293233580508, 5.094890095338983, 5.090929555084746, 5.093478217690678, 5.0886364539194915, 5.090985169491526], "test_losses": [5.928857895934466, 5.710239447436287, 5.549197891383495, 5.46233656799909, 5.390931360929915, 5.333650163076456, 5.296830556925061, 5.26587151092233, 5.238547315875303, 5.22174309295358, 5.203305142597087, 5.188954769986347, 5.17365213042324, 5.159904405908677, 5.146519336885619, 5.135491528557342, 5.126314329869539, 5.118033696146845, 5.108183925591626, 5.102579950128944, 5.098422448611954, 5.087543969015473, 5.086594664934769, 5.080837212719963, 5.077039403822815, 5.073211966209041, 5.067086525333738, 5.064587639373483, 5.062417632167779, 5.060791015625, 5.059474908032463, 5.054914455969357, 5.050512221253034, 5.051815884784587, 5.049084117111651, 5.044339967005461, 5.043346812424151, 5.040241130347391, 5.037850685489988, 5.03583474761074, 5.032616476410801, 5.029958187955097, 5.029456277495449, 5.029162953200849, 5.028836444743629, 5.025577878489078, 5.022217389449333, 5.025151817543993, 5.021372378451153, 5.02399392729824], "status": "OK"}