{"data": "data/ptb", "recepie_id": 2005218, "recepies_list_path": "data/new_recepies_fix.json", "cuda": true, "batch_size": 20, "model": "CustomRNN", "emsize": 400, "nhid": 600, "nlayers": 3, "dropout": 0.1, "dropouth": 0.25, "dropouti": 0.4, "dropoute": 0.0, "wdrop": 0.1, "tied": true, "bptt": 70, "lr": 0.001, "wdecay": 1.2e-06, "epochs": 50, "alpha": 2, "beta": 1, "log_interval": 200, "clip": 0.25, "eval_batch_size": 50, "recepie": "{\"node_0\": {\"op\": \"linear\", \"input\": [\"h_prev_1\", \"x\"]}, \"node_1\": {\"op\": \"activation_sigm\", \"input\": [\"node_0\"]}, \"node_2\": {\"op\": \"linear\", \"input\": [\"h_prev_0\", \"node_1\"]}, \"node_3\": {\"op\": \"activation_tanh\", \"input\": [\"node_2\"]}, \"h_new_0\": {\"op\": \"activation_tanh\", \"input\": [\"h_new_1\"]}, \"h_new_1\": {\"op\": \"linear\", \"input\": [\"node_3\", \"node_1\"]}}", "experiment_id": 999997599, "init_time": "2020-05-12_00-52-29", "num_params": 9254800, "wall_times": [193.50937342643738, 156.87194800376892, 157.71566581726074, 155.50721740722656, 156.6461935043335, 154.94242668151855, 156.58591103553772, 155.3859040737152, 154.35781002044678, 153.02097272872925, 154.98682641983032, 154.82322454452515, 154.8012409210205, 153.09391832351685, 155.93145084381104, 154.26215958595276, 154.80632376670837, 155.23217511177063, 157.06716775894165, 156.28542971611023, 154.83546781539917, 154.94920325279236, 155.96325993537903, 154.14363813400269, 154.67982459068298, 154.78460907936096, 154.36032795906067, 155.2266023159027, 155.9805359840393, 154.7836058139801, 154.02281975746155, 152.95293760299683, 154.30109786987305, 154.09394478797913, 155.722327709198, 154.18261528015137, 153.81456518173218, 154.95817065238953, 155.6995723247528, 153.5304787158966, 154.35247230529785, 153.43137669563293, 154.57058477401733, 153.86993288993835, 152.21455883979797, 153.73020124435425, 152.1157524585724, 151.5475137233734, 154.00959420204163, 153.37301397323608], "train_losses": [5.905752447420795, 5.6191621617987195, 5.448065428164165, 5.324440421440482, 5.225245918724114, 5.145763575116992, 5.087747851783121, 5.030201525603787, 4.9915802673336565, 4.941595563713625, 4.909690004572105, 4.8743503240815444, 4.844586678365876, 4.815699212656662, 4.795979069173256, 4.770324854768436, 4.752709644451617, 4.734411560029046, 4.712184323059545, 4.695309138158248, 4.678179293744285, 4.666755755473078, 4.654961994379001, 4.637330395083643, 4.622540812758862, 4.6129225835081495, 4.598219988838685, 4.5927851514173526, 4.56964139234038, 4.562976961298478, 4.552113589909096, 4.544242257678446, 4.533814665026088, 4.526205976682266, 4.518856990613738, 4.509824562288204, 4.49852078962939, 4.500287857699963, 4.485519286886127, 4.480589145957722, 4.47129029167339, 4.461414881528697, 4.45757355709752, 4.456098128798881, 4.443655112016567, 4.445663392232801, 4.4332544140982195, 4.424116507987736, 4.419546504356947, 4.41522569724598], "val_losses": [5.920897113347458, 5.662674788135593, 5.518582163665254, 5.416839247881356, 5.338578853283899, 5.281457229872881, 5.238673199152543, 5.195376059322034, 5.169691472457627, 5.136775357521186, 5.11385891154661, 5.0960096663135594, 5.076504237288136, 5.056986559851695, 5.04858249470339, 5.03515029131356, 5.026725039724576, 5.01286579713983, 5.002933990995762, 4.995417108050847, 4.988210407838983, 4.9834623278601695, 4.975417770127119, 4.965406845868644, 4.959094279661017, 4.951168233580509, 4.94521484375, 4.943453389830508, 4.9334540519067795, 4.92884533898305, 4.928253111758474, 4.922690677966101, 4.92090969279661, 4.910049655720339, 4.913783103813559, 4.909870233050848, 4.9027267611228815, 4.905129104872882, 4.90233779131356, 4.897906183792373, 4.895231064618644, 4.88992717161017, 4.887740995762712, 4.884378641419492, 4.883503045550848, 4.88256157309322, 4.878180945444916, 4.873238215042373, 4.871131819385593, 4.867486758474576], "test_losses": [5.873661374582828, 5.612104989949939, 5.466771986878034, 5.360558370942051, 5.284566045964806, 5.223876360550667, 5.178731677601639, 5.141413123862257, 5.114104335747876, 5.078075816330401, 5.057569781553398, 5.037576916148361, 5.018025518621056, 4.99921365386074, 4.989723575925364, 4.974300643772755, 4.96787565657236, 4.951973924359072, 4.942257779315837, 4.934013292627427, 4.924399959230886, 4.919610477188258, 4.912529213914594, 4.902582557456007, 4.897371458775789, 4.890514188599818, 4.886044104122421, 4.881436246112712, 4.872928063846329, 4.870082225614381, 4.866749291281098, 4.859684323801578, 4.857501872534891, 4.849644040598453, 4.852071521351639, 4.845662533658222, 4.839642867301274, 4.841256743495904, 4.836927691709648, 4.831923401471481, 4.831729629664745, 4.825641520972391, 4.822495543841019, 4.821111882774575, 4.817754652893659, 4.81841329926426, 4.813577003849363, 4.809089734716323, 4.809278469641232, 4.802969923297178], "status": "OK"}