{"data": "data/ptb", "recepie_id": 2006954, "recepies_list_path": "data/new_recepies_fix.json", "cuda": true, "batch_size": 20, "model": "CustomRNN", "emsize": 400, "nhid": 600, "nlayers": 3, "dropout": 0.1, "dropouth": 0.25, "dropouti": 0.4, "dropoute": 0.0, "wdrop": 0.1, "tied": true, "bptt": 70, "lr": 0.001, "wdecay": 1.2e-06, "epochs": 50, "alpha": 2, "beta": 1, "log_interval": 200, "clip": 0.25, "eval_batch_size": 50, "recepie": "{\"node_0\": {\"op\": \"linear\", \"input\": [\"x\", \"h_prev_1\", \"h_prev_2\"]}, \"node_1\": {\"op\": \"activation_tanh\", \"input\": [\"node_0\"]}, \"node_3\": {\"op\": \"elementwise_prod\", \"input\": [\"h_prev_0\", \"h_prev_2\"]}, \"node_5\": {\"op\": \"linear\", \"input\": [\"h_prev_2\", \"h_prev_1\"]}, \"node_6\": {\"op\": \"activation_sigm\", \"input\": [\"node_5\"]}, \"node_11\": {\"op\": \"linear\", \"input\": [\"h_prev_2\", \"h_prev_0\", \"node_1\"]}, \"h_new_0\": {\"op\": \"activation_tanh\", \"input\": [\"node_11\"]}, \"h_new_1\": {\"op\": \"blend\", \"input\": [\"node_1\", \"node_3\", \"node_0\"]}, \"h_new_2\": {\"op\": \"linear\", \"input\": [\"node_1\", \"node_6\"]}}", "experiment_id": 999922183, "init_time": "2020-05-14_20-30-18", "num_params": 12776400, "wall_times": [270.4043924808502, 269.13139486312866, 269.2665193080902, 268.62564635276794, 267.4903128147125, 265.50852632522583, 262.44744324684143, 265.9677495956421, 264.0553398132324, 264.4209792613983, 261.5073072910309, 264.25055718421936, 265.94866466522217, 266.2441465854645, 264.73191833496094, 263.3003022670746, 262.21000361442566, 261.6966893672943, 262.283319234848, 263.9969537258148, 261.28285121917725, 263.9653835296631, 263.0952594280243, 263.66230821609497, 262.21797728538513, 261.3405601978302, 264.68597865104675, 263.72162795066833, 262.6832826137543, 262.61746859550476, 260.70078921318054, 263.57294726371765, 262.5695769786835, 264.19508051872253, 264.1533784866333, 262.2336332798004, 262.3891725540161, 262.3064293861389, 263.9562029838562, 264.96017265319824, 262.5285494327545, 262.8177282810211, 263.14573645591736, 262.79793334007263, 261.6610872745514, 262.82932209968567, 259.8229069709778, 260.88621497154236, 260.61787939071655, 262.79125809669495], "train_losses": [5.868770087004465, 5.5469888823893285, 5.362247273546339, 5.255215897477274, 5.1515972110160835, 5.059184803802915, 5.02058875934592, 4.951058307783336, 4.907559857592384, 4.873830079070518, 4.835810590473885, 4.806505836157281, 4.776251361545909, 4.757796951481899, 4.722098394384379, 4.694180399790221, 4.684468459200689, 4.649359064870098, 4.6363378113065465, 4.6262859044699045, 4.61135764617288, 4.581592319536335, 4.576976931041902, 4.55355582002044, 4.545380241111291, 4.537031527351944, 4.52577103840568, 4.519215867220698, 4.508351235140659, 4.503223165779141, 4.490562469743424, 4.477202090393201, 4.467886847130332, 4.466092884325749, 4.457275193642085, 4.4464181257059865, 4.436968408773062, 4.432252585256307, 4.419305712441504, 4.412945528078103, 4.409034445430585, 4.402492301382389, 4.405225058496047, 4.3852708467807, 4.3848611223172504, 4.381354721370555, 4.379458642622774, 4.3662642542090255, 4.363884490479264, 4.360336066510677], "val_losses": [5.897253707627119, 5.615056276483051, 5.465983845338983, 5.3803340174788135, 5.297645987817797, 5.235384004237289, 5.204753045550848, 5.1550281382415255, 5.1267813162076274, 5.111875, 5.087450344279661, 5.068988016419492, 5.051685315148305, 5.043249801377119, 5.019083686440678, 5.008073689088983, 4.998141882944915, 4.981117915783899, 4.983064751059322, 4.975200278072034, 4.972816803495762, 4.956841565148305, 4.959633540783899, 4.945924589512712, 4.936516154661017, 4.937362950211864, 4.944335275423729, 4.931226827330509, 4.927021980932204, 4.928822828389831, 4.920114870233051, 4.908410354872881, 4.9078376588983055, 4.910865002648305, 4.904590174788136, 4.905266816737288, 4.896880627648305, 4.88460407838983, 4.886006024894068, 4.881419491525424, 4.873744041313559, 4.880598516949153, 4.8830309851694915, 4.869333951271186, 4.876691935911017, 4.8746001059322035, 4.880625, 4.872404992055085, 4.864889102224576, 4.866468816207627], "test_losses": [5.847978017862561, 5.566443582182949, 5.421265833586165, 5.337102501137743, 5.262793087264867, 5.190037403291869, 5.163843840071299, 5.115698953276699, 5.088640231530643, 5.076037360626517, 5.051031908942658, 5.02904562348301, 5.016651931318265, 5.009435561096784, 4.981466052601639, 4.970170104387894, 4.960199448668841, 4.940191176331159, 4.94234873947588, 4.937946504759557, 4.934260099836924, 4.917354250417172, 4.918835686248483, 4.900533731701304, 4.889316003299454, 4.895639956576153, 4.894961162678246, 4.88857676681963, 4.8832761894152, 4.884852437139715, 4.876013894682949, 4.866970617794296, 4.865248004209648, 4.865783098831917, 4.858416807304308, 4.86266852814017, 4.854268490689472, 4.846568876099818, 4.84480507859906, 4.83941413360892, 4.835181375151699, 4.834235330229824, 4.8409669746473, 4.828158776736954, 4.832589158734072, 4.831126981568568, 4.833065292210255, 4.826954665693265, 4.816364177222391, 4.82452629607858], "status": "OK"}