{"data": "data/ptb", "recepie_id": 2009988, "recepies_list_path": "data/new_recepies_fix.json", "cuda": true, "batch_size": 20, "model": "CustomRNN", "emsize": 400, "nhid": 600, "nlayers": 3, "dropout": 0.1, "dropouth": 0.25, "dropouti": 0.4, "dropoute": 0.0, "wdrop": 0.1, "tied": true, "bptt": 70, "lr": 0.001, "wdecay": 1.2e-06, "epochs": 50, "alpha": 2, "beta": 1, "log_interval": 200, "clip": 0.25, "eval_batch_size": 50, "recepie": "{\"node_0\": {\"op\": \"linear\", \"input\": [\"x\", \"h_prev_0\"]}, \"node_1\": {\"op\": \"activation_leaky_relu\", \"input\": [\"node_0\"]}, \"node_2\": {\"op\": \"linear\", \"input\": [\"h_prev_0\", \"x\"]}, \"node_3\": {\"op\": \"activation_leaky_relu\", \"input\": [\"node_2\"]}, \"node_8\": {\"op\": \"linear\", \"input\": [\"node_1\", \"x\", \"node_3\"]}, \"node_9\": {\"op\": \"activation_leaky_relu\", \"input\": [\"node_8\"]}, \"node_10\": {\"op\": \"linear\", \"input\": [\"x\", \"node_9\"]}, \"h_new_0\": {\"op\": \"blend\", \"input\": [\"node_2\", \"node_10\", \"node_9\"]}}", "experiment_id": 999969536, "init_time": "2020-05-19_04-56-15", "num_params": 11776400, "wall_times": [260.9394612312317, 261.13951563835144, 255.6791272163391, 255.1945550441742, 256.0303361415863, 256.08181405067444, 255.8649616241455, 256.08381628990173, 256.531818151474, 256.5024690628052, 255.68111491203308, 255.71442866325378, 255.93940043449402, 255.9548077583313, 255.0281367301941, 255.49096488952637, 256.3188555240631, 255.95486521720886, 256.45982599258423, 256.7210886478424, 257.2322657108307, 256.72787833213806, 256.47978472709656, 256.76657938957214, 257.1331355571747, 256.3318667411804, 256.20545387268066, 256.80030608177185, 256.86436700820923, 256.4556231498718, 256.4774749279022, 256.9070544242859, 256.7832741737366, 256.29474925994873, 256.1733419895172, 256.7645699977875, 256.65990376472473, 256.44659948349, 256.45047068595886, 256.856249332428, 256.69647097587585, 256.1634986400604, 255.99771404266357, 256.60145592689514, 256.2480742931366, 256.0725169181824, 256.2080912590027, 256.59589314460754, 256.21656799316406, 256.0396707057953], "train_losses": [5.499208286267549, 5.189924728363186, 5.037038671265666, 4.915093744957237, 4.838807252165026, 4.765440939164112, 4.702585424398903, 4.660717047227153, 4.604869711822925, 4.564498194690979, 4.5273670727771504, 4.4944386732827715, 4.464946496288527, 4.434749172986929, 4.412827443386585, 4.383827355978699, 4.361326969366898, 4.340554569415309, 4.320283083884675, 4.304540419423377, 4.285990196869453, 4.269553732316712, 4.252962623043408, 4.239691752729816, 4.227402540207628, 4.210282781318917, 4.200265753590447, 4.187022198241085, 4.1710710995912, 4.168699320235598, 4.158746587730622, 4.143034600075305, 4.131562735328923, 4.124609185896402, 4.122846740358238, 4.101808754908289, 4.09562716838793, 4.083384181189823, 4.0848907065246625, 4.074181979855844, 4.070838628234092, 4.066127427249745, 4.0516673054166, 4.0482083904846435, 4.03600700607821, 4.036826034774891, 4.024352341186596, 4.022357928567587, 4.010657458582109, 4.004001011914367], "val_losses": [5.5322414592161016, 5.277443392478814, 5.164215439618644, 5.075372086864407, 5.027471861758475, 4.977536414194915, 4.938945974576272, 4.9158981064618645, 4.8863800979872885, 4.865699152542373, 4.845932534427966, 4.829963254766949, 4.8169998013771185, 4.801918034957627, 4.789719941737288, 4.780274761652542, 4.770977886652543, 4.761875, 4.750280389300848, 4.7466651218220335, 4.739690479343221, 4.7356190413135595, 4.727073953919492, 4.7248086599576276, 4.722432468220339, 4.711313228283898, 4.710622020656779, 4.709333951271186, 4.703841035487288, 4.7021633342161016, 4.693547735699153, 4.69222358315678, 4.691756488347457, 4.6911655852754235, 4.693761917372881, 4.679652409957627, 4.6832971398305085, 4.678977754237288, 4.677112685381356, 4.676160288665254, 4.679252846927966, 4.66870564088983, 4.673149165783898, 4.673513638771187, 4.667665519067796, 4.668911215572034, 4.669165121822034, 4.661110963983051, 4.661309917902543, 4.660076138771187], "test_losses": [5.494646683479976, 5.232141587340716, 5.118203172405947, 5.027999137211772, 4.978299927942961, 4.927606971518507, 4.889854357080552, 4.865119711866656, 4.833109735285194, 4.814194170016687, 4.796849815590868, 4.778050691178701, 4.766777853363926, 4.754084318586924, 4.743052658525485, 4.730425788360892, 4.720365950204794, 4.711305784947664, 4.700466711544296, 4.697108296514715, 4.688636557569781, 4.685149553910042, 4.677769336885619, 4.674386330021238, 4.6727294921875, 4.663160898153064, 4.660442759689776, 4.659651376668689, 4.653492455343598, 4.654719973073422, 4.646761996074788, 4.644077930635619, 4.642733083187955, 4.643238845380765, 4.646289121757433, 4.634548742794296, 4.634981322057039, 4.630676862105583, 4.628389525182039, 4.630215246700546, 4.630737600974666, 4.619256473282008, 4.626474917513653, 4.624038251858313, 4.622027054573726, 4.621238634424302, 4.62479704329111, 4.614361513008192, 4.613640942619842, 4.614305218446602], "status": "OK"}