{"data": "data/ptb", "recepie_id": 2008374, "recepies_list_path": "data/new_recepies_fix.json", "cuda": true, "batch_size": 20, "model": "CustomRNN", "emsize": 400, "nhid": 600, "nlayers": 3, "dropout": 0.1, "dropouth": 0.25, "dropouti": 0.4, "dropoute": 0.0, "wdrop": 0.1, "tied": true, "bptt": 70, "lr": 0.001, "wdecay": 1.2e-06, "epochs": 50, "alpha": 2, "beta": 1, "log_interval": 200, "clip": 0.25, "eval_batch_size": 50, "recepie": "{\"node_0\": {\"op\": \"linear\", \"input\": [\"h_prev_0\", \"h_prev_1\"]}, \"node_1\": {\"op\": \"activation_tanh\", \"input\": [\"node_0\"]}, \"node_2\": {\"op\": \"linear\", \"input\": [\"node_1\", \"x\"]}, \"node_3\": {\"op\": \"activation_tanh\", \"input\": [\"node_2\"]}, \"node_6\": {\"op\": \"linear\", \"input\": [\"x\", \"node_1\", \"node_3\"]}, \"node_7\": {\"op\": \"activation_tanh\", \"input\": [\"node_6\"]}, \"node_12\": {\"op\": \"linear\", \"input\": [\"node_7\", \"node_1\"]}, \"h_new_0\": {\"op\": \"activation_leaky_relu\", \"input\": [\"node_12\"]}, \"h_new_1\": {\"op\": \"elementwise_prod\", \"input\": [\"node_2\", \"node_3\"]}}", "experiment_id": 999990290, "init_time": "2020-05-15_17-36-12", "num_params": 11856400, "wall_times": [229.41485166549683, 229.0097050666809, 227.54237866401672, 233.2737843990326, 226.99355578422546, 227.40157103538513, 224.98360133171082, 223.79359579086304, 224.9084610939026, 225.00557947158813, 224.9619562625885, 225.31190848350525, 223.67352890968323, 224.7469289302826, 224.94707608222961, 224.61821603775024, 223.38904309272766, 224.71375131607056, 224.913339138031, 224.84110236167908, 223.79663610458374, 224.7888777256012, 225.08604860305786, 224.73038864135742, 224.344642162323, 224.65653681755066, 224.61779880523682, 224.8074173927307, 224.81289148330688, 223.5117311477661, 224.71475100517273, 225.0128047466278, 224.85984444618225, 223.58325052261353, 224.8163185119629, 224.62191200256348, 224.71826076507568, 221.98768138885498, 224.40980195999146, 224.91343879699707, 225.06803488731384, 223.5243968963623, 224.96051454544067, 224.58576607704163, 224.54776310920715, 223.31082272529602, 224.6846375465393, 224.65682911872864, 228.95445609092712, 223.1887457370758], "train_losses": [5.619334456188478, 5.329746248184605, 5.145242489645527, 5.035297237238448, 4.948020043300522, 4.8735115445645745, 4.815455899359906, 4.7626972560647625, 4.716508492012264, 4.675617570329729, 4.64294298988758, 4.609328354445699, 4.581357831074175, 4.549879225835081, 4.526974997982895, 4.502193601742778, 4.486000450486794, 4.466042456699478, 4.442595711634662, 4.422693188236243, 4.4088726567963, 4.3933106913291375, 4.377436074579097, 4.364001734710344, 4.352267226077134, 4.337501596874832, 4.32563933825507, 4.314841102549621, 4.304076905491905, 4.2924390498090474, 4.2812424358560595, 4.270531608036147, 4.265720812489914, 4.2534732027594, 4.243195632295197, 4.235950863320962, 4.228722903555484, 4.2231090480608895, 4.213529059760099, 4.206201085202517, 4.197384234979291, 4.19029789279759, 4.186440179387876, 4.179150445780216, 4.174116507987736, 4.168045021784734, 4.1644478511107526, 4.15688622855145, 4.1500595886450435, 4.144685684605454], "val_losses": [5.6464128707627115, 5.397084547139831, 5.252686374470339, 5.172897245762712, 5.1115297272245765, 5.061301310911017, 5.026441340042373, 4.997378840042373, 4.968750993114407, 4.945340969279661, 4.929478283898305, 4.912960143008474, 4.899700079449152, 4.882224576271186, 4.873380561440678, 4.862504634533899, 4.857833355402542, 4.847633408368644, 4.841545617055084, 4.83387844279661, 4.827620828919492, 4.822827065677966, 4.816577727754237, 4.8127062367584745, 4.81091498940678, 4.807403998940678, 4.802707891949153, 4.8008130296610165, 4.795100304555085, 4.791241061970339, 4.790806408898305, 4.78585407838983, 4.783479541843221, 4.781802833686441, 4.78167141154661, 4.7811669094279665, 4.777015029131356, 4.776035818326271, 4.775853747351695, 4.773865201271186, 4.772398702330508, 4.7709911281779664, 4.769156845868644, 4.769143273305085, 4.76705376059322, 4.765608448093221, 4.766339711334746, 4.763736758474576, 4.76216498940678, 4.761709811970339], "test_losses": [5.601119846973605, 5.351042812310376, 5.201254242832221, 5.118428943226639, 5.057648001365291, 5.005683972997573, 4.970346395251821, 4.939603935167628, 4.911039778329794, 4.888476918044599, 4.873334866125607, 4.85547349059466, 4.841714507167779, 4.823841576437348, 4.81478289261605, 4.802484604918841, 4.799053303246359, 4.78871851059997, 4.780654166508647, 4.771978285706159, 4.767661085406553, 4.761676973509557, 4.756474763444326, 4.75123818406781, 4.748217832694933, 4.743028955552185, 4.741179827347542, 4.737644232592537, 4.735158383267597, 4.731158802810224, 4.728903464900637, 4.726953006485133, 4.724446713345722, 4.721711982801122, 4.719944037280037, 4.71908450821071, 4.716043416736196, 4.714324951171875, 4.714394578655947, 4.712447379399272, 4.708944079945389, 4.710052490234375, 4.709486581746814, 4.706900291072512, 4.705592479520631, 4.704237262022148, 4.705311302999848, 4.703651502294448, 4.700511154619235, 4.702344875891232], "status": "OK"}