{"data": "data/ptb", "recepie_id": 2004918, "recepies_list_path": "data/new_recepies_fix.json", "cuda": true, "batch_size": 20, "model": "CustomRNN", "emsize": 400, "nhid": 600, "nlayers": 3, "dropout": 0.1, "dropouth": 0.25, "dropouti": 0.4, "dropoute": 0.0, "wdrop": 0.1, "tied": true, "bptt": 70, "lr": 0.001, "wdecay": 1.2e-06, "epochs": 50, "alpha": 2, "beta": 1, "log_interval": 200, "clip": 0.25, "eval_batch_size": 50, "recepie": "{\"node_0\": {\"op\": \"linear\", \"input\": [\"x\", \"h_prev_0\"]}, \"node_1\": {\"op\": \"activation_leaky_relu\", \"input\": [\"node_0\"]}, \"node_2\": {\"op\": \"linear\", \"input\": [\"x\", \"h_prev_0\", \"node_1\"]}, \"node_3\": {\"op\": \"activation_tanh\", \"input\": [\"node_2\"]}, \"node_5\": {\"op\": \"linear\", \"input\": [\"node_1\", \"x\"]}, \"node_6\": {\"op\": \"activation_tanh\", \"input\": [\"node_5\"]}, \"node_9\": {\"op\": \"linear\", \"input\": [\"node_3\", \"node_6\"]}, \"node_10\": {\"op\": \"activation_leaky_relu\", \"input\": [\"node_9\"]}, \"node_11\": {\"op\": \"linear\", \"input\": [\"node_10\", \"h_prev_0\"]}, \"h_new_0\": {\"op\": \"activation_tanh\", \"input\": [\"node_11\"]}}", "experiment_id": 999906154, "init_time": "2020-05-11_07-41-06", "num_params": 13578000, "wall_times": [327.29831099510193, 250.18322134017944, 249.54189348220825, 246.69197702407837, 248.78215789794922, 248.49216270446777, 248.30661964416504, 257.8340015411377, 259.46302556991577, 255.29349875450134, 257.7219908237457, 255.97843766212463, 258.0401885509491, 254.06758284568787, 248.2432668209076, 248.69492483139038, 259.79099130630493, 257.71865487098694, 247.66742491722107, 248.95922565460205, 247.71768712997437, 247.02089619636536, 253.52614521980286, 257.28901743888855, 261.39284229278564, 258.94208669662476, 254.2135934829712, 253.16114282608032, 255.63691687583923, 250.00854635238647, 248.29193377494812, 254.95980143547058, 256.80652260780334, 253.08864617347717, 255.49003338813782, 257.35955572128296, 248.64908289909363, 246.85931944847107, 245.85022068023682, 254.12433695793152, 255.77955436706543, 259.1118564605713, 257.310898065567, 257.94855308532715, 253.32432985305786, 248.10396599769592, 246.5846381187439, 257.7347803115845, 257.6330635547638, 256.040997505188], "train_losses": [5.646688501828842, 5.300167923995482, 5.104989477435318, 4.976052760744446, 4.881416074982519, 4.804842144720563, 4.741402930181271, 4.6877193601742775, 4.644095261147867, 4.5970109864988435, 4.560004252729816, 4.527664175541929, 4.494373957829057, 4.469856045936206, 4.444155185977086, 4.421893069899414, 4.401290863186488, 4.378712313753967, 4.3640177034586625, 4.3438932985046526, 4.33055603181647, 4.3076375161368405, 4.29838908947878, 4.280303221316766, 4.266259547630574, 4.260230924909902, 4.239856482975633, 4.230684538217417, 4.223471286509602, 4.211339660319509, 4.201161684417191, 4.192843647463826, 4.1813856503146685, 4.170539088134043, 4.164580223629713, 4.1568273963208, 4.152923877817224, 4.14475376190092, 4.135783527647787, 4.126314480124791, 4.123661146522511, 4.116649605319778, 4.107774763326341, 4.1040952275294496, 4.099423528185682, 4.092381730407186, 4.0858185748480444, 4.084025032273681, 4.080031584503255, 4.074524047254048], "val_losses": [5.676857123940678, 5.3792571504237285, 5.2248523569915255, 5.1319074417372885, 5.061903469279661, 5.009389234639831, 4.971732322563559, 4.939112155720339, 4.919935778601695, 4.887952529131356, 4.870493246822034, 4.857582759533899, 4.840503509004237, 4.82653998940678, 4.820020193326271, 4.809996358580508, 4.799859970868644, 4.7924165783898305, 4.78970405190678, 4.780961996822034, 4.775256885593221, 4.769983779131356, 4.775460143008474, 4.762841962394067, 4.763153800317797, 4.7544508077330505, 4.755333024364407, 4.746193061440678, 4.746524430614407, 4.739613347457627, 4.741840572033898, 4.741566803495763, 4.733864870233051, 4.734312102754237, 4.734549457097458, 4.732401350635593, 4.734668630826271, 4.724287274894068, 4.727699947033899, 4.725691538665254, 4.728659957627118, 4.723127648305085, 4.723161414194915, 4.724382944915254, 4.720606130826271, 4.721045418432204, 4.719763969809322, 4.717323887711864, 4.716650556144068, 4.719134335275424], "test_losses": [5.636057437044903, 5.335653656894721, 5.178246951797633, 5.080518407729065, 5.013877498293386, 4.963379498824333, 4.925537405662166, 4.89343735778216, 4.86965112778747, 4.839377394000303, 4.821165214464503, 4.809603496662621, 4.792588909852852, 4.779590791868932, 4.770361742927033, 4.763716021787773, 4.751652097239078, 4.743886410611347, 4.742273719565382, 4.731841448441292, 4.726066515283677, 4.717155382471177, 4.721954345703125, 4.711386078769721, 4.713044694326456, 4.703329141857554, 4.701658674814169, 4.694491488262288, 4.695506864381068, 4.688590929346177, 4.687872432967992, 4.690585534549454, 4.682794367225425, 4.681344337833738, 4.678785898153064, 4.677784151243932, 4.681252785099363, 4.671287166262136, 4.673997601259102, 4.673094814263501, 4.673225773190989, 4.668917165219205, 4.667859716322815, 4.671131911787015, 4.665929701721784, 4.669535516535194, 4.665658302677488, 4.663583107364988, 4.663917911862864, 4.664146349268052], "status": "OK"}