{"data": "data/ptb", "recepie_id": 2009871, "recepies_list_path": "data/new_recepies_fix.json", "cuda": true, "batch_size": 20, "model": "CustomRNN", "emsize": 400, "nhid": 600, "nlayers": 3, "dropout": 0.1, "dropouth": 0.25, "dropouti": 0.4, "dropoute": 0.0, "wdrop": 0.1, "tied": true, "bptt": 70, "lr": 0.001, "wdecay": 1.2e-06, "epochs": 50, "alpha": 2, "beta": 1, "log_interval": 200, "clip": 0.25, "eval_batch_size": 50, "recepie": "{\"node_0\": {\"op\": \"linear\", \"input\": [\"h_prev_1\", \"x\", \"h_prev_2\"]}, \"node_1\": {\"op\": \"activation_sigm\", \"input\": [\"node_0\"]}, \"node_3\": {\"op\": \"linear\", \"input\": [\"h_prev_1\", \"h_prev_2\"]}, \"node_4\": {\"op\": \"activation_leaky_relu\", \"input\": [\"node_3\"]}, \"node_6\": {\"op\": \"linear\", \"input\": [\"h_prev_0\", \"x\"]}, \"node_8\": {\"op\": \"linear\", \"input\": [\"x\", \"h_prev_0\"]}, \"node_12\": {\"op\": \"linear\", \"input\": [\"h_prev_2\", \"h_prev_1\", \"node_1\"]}, \"node_13\": {\"op\": \"activation_sigm\", \"input\": [\"node_12\"]}, \"h_new_0\": {\"op\": \"linear\", \"input\": [\"node_13\", \"h_new_2\", \"node_4\"]}, \"h_new_1\": {\"op\": \"activation_tanh\", \"input\": [\"node_6\"]}, \"h_new_2\": {\"op\": \"activation_leaky_relu\", \"input\": [\"node_8\"]}}", "experiment_id": 999929345, "init_time": "2020-05-10_15-17-51", "num_params": 17099600, "wall_times": [398.84697914123535, 354.25156116485596, 348.0586256980896, 337.784526348114, 337.0479781627655, 343.4331274032593, 344.17060375213623, 342.9234127998352, 344.6470227241516, 347.79503178596497, 348.12860441207886, 348.8874616622925, 344.01444268226624, 345.2404041290283, 344.9261951446533, 343.13812470436096, 346.6653542518616, 346.1435356140137, 346.5745484828949, 343.05015325546265, 347.96846055984497, 345.82256031036377, 343.5995852947235, 345.6249179840088, 348.6321544647217, 346.0322587490082, 345.5591003894806, 344.68332386016846, 347.2034134864807, 345.6885290145874, 341.94107961654663, 343.3026270866394, 336.40717482566833, 346.822802066803, 343.4937324523926, 345.9916453361511, 344.53275537490845, 345.858469247818, 346.01826643943787, 346.4319176673889, 342.25303411483765, 345.01043725013733, 344.09743666648865, 343.09718012809753, 342.64022970199585, 345.62598729133606, 347.87647557258606, 348.18265175819397, 345.2869203090668, 345.6509976387024], "train_losses": [5.72961000954763, 5.412245424533376, 5.218876069065677, 5.083395107175515, 4.9820792823140225, 4.900527304878705, 4.840303691974611, 4.779409811871336, 4.732345288042601, 4.694978416975956, 4.648512300978968, 4.615154846431069, 4.591465208299715, 4.552255207492873, 4.529257688532085, 4.508920226857081, 4.481630896670432, 4.456172089317412, 4.445528498332527, 4.421298864369857, 4.398899333010596, 4.38405343983648, 4.36515022389866, 4.352641230971976, 4.336882597762358, 4.335128556828573, 4.315189473401108, 4.295581111155935, 4.286108701791189, 4.278513460814373, 4.266773489188317, 4.2552553991178526, 4.24593763447367, 4.2390227462212895, 4.23268525428971, 4.220991087757517, 4.204712629767092, 4.202745532112313, 4.193495424533376, 4.198722247996343, 4.185808573368834, 4.173594582055833, 4.174841825345597, 4.162809373487171, 4.151799761981604, 4.146461157280404, 4.139718563417783, 4.12969060970362, 4.131790500107579, 4.119884957775268], "val_losses": [5.751085143008474, 5.478014102224576, 5.313075344279661, 5.2118991657838984, 5.138470934851695, 5.079465704449152, 5.042153403072034, 5.0007388771186445, 4.974401814088983, 4.9487255031779664, 4.922759864936441, 4.907450344279661, 4.890466101694916, 4.870611758474576, 4.8635546875, 4.852674457097458, 4.838012115995762, 4.828755627648305, 4.81693657309322, 4.8104048596398306, 4.805626324152542, 4.800726959745763, 4.7973215704449155, 4.785041710805085, 4.785230402542373, 4.778033302436441, 4.776995828919492, 4.771441340042373, 4.769474311440678, 4.764937764830509, 4.759806673728813, 4.7617803230932205, 4.753986361228813, 4.750218816207627, 4.756818061440678, 4.746059984110169, 4.747653270656779, 4.744631223516949, 4.744877184851695, 4.738704978813559, 4.739424324682203, 4.736955442266949, 4.737637380826271, 4.737627780720339, 4.732246424788135, 4.734275688559322, 4.7321812102754235, 4.7375132415254235, 4.7287754899364405, 4.730070180084746], "test_losses": [5.705865656287925, 5.429534615822209, 5.268429654315837, 5.164280567354369, 5.088387794864988, 5.029634049795206, 4.989126260998179, 4.948819947474211, 4.922878820919296, 4.897329089711014, 4.874291281098301, 4.859317224002579, 4.844032361669448, 4.82264694658298, 4.814761263652913, 4.80591531401699, 4.792484913057494, 4.78393080628034, 4.772913664290049, 4.767809821564017, 4.76086899840716, 4.757983457694933, 4.749059584534284, 4.74226364580173, 4.738624646825698, 4.735057053056735, 4.73124472608844, 4.723773845191141, 4.722178338800819, 4.717679218181129, 4.713075211904581, 4.713247947322512, 4.707810781534436, 4.706912438846329, 4.710693655662166, 4.702504278386681, 4.702118808783374, 4.699590294106493, 4.698923351695236, 4.694037576323574, 4.696675717251972, 4.691612169580552, 4.692877612067658, 4.694316975121359, 4.684954893241808, 4.686451736005765, 4.685293253185679, 4.688269457770783, 4.681981651528368, 4.683953442619842], "status": "OK"}