{"data": "data/ptb", "recepie_id": 2006946, "recepies_list_path": "data/new_recepies_fix.json", "cuda": true, "batch_size": 20, "model": "CustomRNN", "emsize": 400, "nhid": 600, "nlayers": 3, "dropout": 0.1, "dropouth": 0.25, "dropouti": 0.4, "dropoute": 0.0, "wdrop": 0.1, "tied": true, "bptt": 70, "lr": 0.001, "wdecay": 1.2e-06, "epochs": 50, "alpha": 2, "beta": 1, "log_interval": 200, "clip": 0.25, "eval_batch_size": 50, "recepie": "{\"node_0\": {\"op\": \"linear\", \"input\": [\"x\", \"h_prev_0\"]}, \"node_1\": {\"op\": \"activation_leaky_relu\", \"input\": [\"node_0\"]}, \"node_13\": {\"op\": \"linear\", \"input\": [\"x\", \"node_1\"]}, \"node_14\": {\"op\": \"activation_leaky_relu\", \"input\": [\"node_13\"]}, \"h_new_0\": {\"op\": \"linear\", \"input\": [\"x\", \"node_14\"]}}", "experiment_id": 999984629, "init_time": "2020-05-08_02-48-49", "num_params": 9174800, "wall_times": [143.58811259269714, 143.33672094345093, 142.61817145347595, 144.17224979400635, 143.38379526138306, 144.18331217765808, 143.6727261543274, 141.94006776809692, 141.14432215690613, 141.06783032417297, 140.89130544662476, 140.75401067733765, 140.98678064346313, 140.83456015586853, 140.85103106498718, 140.26104164123535, 141.0516836643219, 141.0089180469513, 141.01894688606262, 140.54674172401428, 141.0008339881897, 140.9209327697754, 141.03979301452637, 140.73076844215393, 140.49871516227722, 140.90279698371887, 140.90080165863037, 141.12197518348694, 140.28815698623657, 140.92993116378784, 140.46098113059998, 140.2634711265564, 139.94725894927979, 140.44596529006958, 140.2589030265808, 140.43839073181152, 140.26487350463867, 139.63196206092834, 140.15748023986816, 140.3358509540558, 140.3853964805603, 139.37823128700256, 140.37081480026245, 140.25638341903687, 140.35866904258728, 139.86915159225464, 139.9926655292511, 140.20127272605896, 140.25174975395203, 140.37659668922424], "train_losses": [5.558634302216126, 5.338495861572804, 5.215376812032704, 5.137769955892637, 5.069768722096714, 5.0308201044860414, 5.005822709913399, 4.973377154940563, 4.9366284425259535, 4.903660121160777, 4.895316870394277, 4.876755721854661, 4.857125927868323, 4.834523425313324, 4.82025408799957, 4.809853390081222, 4.793416925528481, 4.784171020251735, 4.78357597426174, 4.771622105454252, 4.764577786294444, 4.761860157468668, 4.746386020117261, 4.755647894142327, 4.729923921521166, 4.733099601285568, 4.732836116938303, 4.713451737399817, 4.713378617341725, 4.712850387956538, 4.711430850277016, 4.692106983890055, 4.697250181539455, 4.691957381932117, 4.691167349120542, 4.678647009977946, 4.672396925931903, 4.660637623715776, 4.6832939157387985, 4.665034912726588, 4.6608389139906405, 4.655704120945619, 4.659439547361627, 4.64343465924372, 4.647979028831155, 4.635304465198214, 4.637867869533645, 4.636529016056156, 4.621625131111828, 4.614692593190253], "val_losses": [5.594666313559322, 5.422996888241525, 5.330222457627118, 5.279001588983051, 5.2321176509533895, 5.2136854475635594, 5.201721067266949, 5.183957229872881, 5.159076072563559, 5.141086467161017, 5.139923199152542, 5.13097358315678, 5.1186129502118645, 5.1089307468220335, 5.101129502118644, 5.097776747881356, 5.088564618644067, 5.086566141419492, 5.087499006885594, 5.082327529131356, 5.077026284427966, 5.079379965572034, 5.066971994173729, 5.082541048728814, 5.0644849046610165, 5.063217359639831, 5.071184123411017, 5.059265095338983, 5.0585642876059325, 5.063669557733051, 5.059201204978813, 5.044907971398305, 5.054100569385593, 5.051387380826271, 5.050230071504237, 5.039783501059322, 5.038842690677966, 5.029945047669491, 5.056100370762712, 5.037970074152542, 5.031806144067796, 5.029250198622881, 5.038968816207627, 5.026197364936441, 5.031737950211864, 5.022324549788135, 5.01920219809322, 5.0246593617584745, 5.014523636122881, 5.015650820974576], "test_losses": [5.552550676956917, 5.374553198953277, 5.278486825887439, 5.228917390397451, 5.179193293006675, 5.159138207296723, 5.151092825584041, 5.130889003716626, 5.105719408942658, 5.088490902798847, 5.086572739684466, 5.076419571070995, 5.067112598604369, 5.054948825280643, 5.049011823043083, 5.047128621814321, 5.031808797595571, 5.036029111991808, 5.034666191027003, 5.027466412886833, 5.025735503261529, 5.026074455779733, 5.014956576152913, 5.028484455590109, 5.00946518981341, 5.011069881105886, 5.018191439434163, 5.003379451418386, 5.004017653974515, 5.00835707581159, 5.006389729027609, 4.990210079452367, 4.996820838706007, 4.993679009594963, 4.996538773323726, 4.987856966777913, 4.983546581083131, 4.973758438258495, 4.994009666072512, 4.982299212113167, 4.979251009746663, 4.973768512022148, 4.98303696715716, 4.972888539138349, 4.97558356720267, 4.966574067050971, 4.965306846840868, 4.967792992452973, 4.959285106473756, 4.957088729710255], "status": "OK"}