{"data": "data/ptb", "recepie_id": 1005591, "recepies_list_path": "data/models_recepies.json", "cuda": true, "batch_size": 20, "model": "CustomRNN", "emsize": 400, "nhid": 600, "nlayers": 3, "dropout": 0.1, "dropouth": 0.25, "dropouti": 0.4, "dropoute": 0.0, "wdrop": 0.1, "tied": true, "bptt": 70, "lr": 0.001, "wdecay": 1.2e-06, "epochs": 50, "alpha": 2, "beta": 1, "log_interval": 200, "clip": 0.25, "eval_batch_size": 50, "recepie": "{\"node_0\": {\"op\": \"linear\", \"input\": [\"h_prev_0\", \"x\"]}, \"node_1\": {\"op\": \"activation_tanh\", \"input\": [\"node_0\"]}, \"node_4\": {\"op\": \"linear\", \"input\": [\"node_1\", \"h_prev_0\"]}, \"node_5\": {\"op\": \"activation_sigm\", \"input\": [\"node_4\"]}, \"h_new_0\": {\"op\": \"linear\", \"input\": [\"x\", \"node_5\"]}}", "experiment_id": 999967688, "init_time": "2020-04-24_07-14-41", "num_params": 9214800, "wall_times": [188.96757316589355, 139.5765905380249, 139.18916034698486, 139.77076983451843, 140.15653944015503, 139.7144935131073, 138.2990698814392, 142.4562909603119, 138.71823263168335, 138.22972989082336, 139.1381356716156, 139.155375957489, 138.10017943382263, 138.57525515556335, 140.41452932357788, 139.93146276474, 140.24938130378723, 140.56926822662354, 140.8001983165741, 138.93785309791565, 139.24137949943542, 140.9846794605255, 139.78526711463928, 139.2657811641693, 139.2986705303192, 138.77600932121277, 138.76057267189026, 139.53969740867615, 140.82107162475586, 139.54409337043762, 139.34411072731018, 140.03923964500427, 140.95178294181824, 140.27342414855957, 140.47001934051514, 141.8551003932953, 140.46542024612427, 138.98968410491943, 139.0317907333374, 140.03174757957458, 140.28526735305786, 141.1702196598053, 140.4575788974762, 139.38103103637695, 139.6224901676178, 139.94620370864868, 138.73924660682678, 139.0538535118103, 138.0276165008545, 139.1533010005951], "train_losses": [5.701670583212307, 5.507491444112743, 5.37068381542144, 5.255180598138884, 5.206088463503846, 5.153730299607337, 5.105926170593298, 5.090249062046151, 5.052387159781615, 5.051932890914959, 5.019274279221128, 5.022248248480447, 4.995666165752246, 4.987151461056425, 4.966812318460545, 4.957085249583131, 4.937320141466301, 4.925692371308698, 4.934461315286967, 4.914707973616266, 4.915527002312947, 4.917662612285515, 4.893382130466355, 4.896825076649992, 4.871720103141305, 4.862963345839384, 4.872556781507181, 4.86650084382228, 4.855111764429025, 4.857605830778334, 4.856510290597601, 4.8446904752299496, 4.833564039723522, 4.841616911408746, 4.83366615566672, 4.8205125295842075, 4.813382063229519, 4.81837691961164, 4.8082350835081495, 4.801704285675864, 4.803592380049486, 4.816528326878597, 4.802124515894787, 4.803389829083965, 4.792324326959282, 4.794583904846431, 4.782961177451455, 4.788471236081975, 4.795842494352106, 4.787592954924426], "val_losses": [5.723475900423729, 5.574056541313559, 5.464912936970339, 5.379962261652542, 5.347959149894068, 5.313269001588983, 5.278911215572034, 5.28104641154661, 5.2554816604872885, 5.259177370233051, 5.240160884533898, 5.245184719279661, 5.228049523305085, 5.226056342690678, 5.214064155190678, 5.214117452330508, 5.192712857521187, 5.1887119306144065, 5.202214976165254, 5.188010460805085, 5.197121623411017, 5.201870696504237, 5.177409957627119, 5.185002648305085, 5.164005561440678, 5.160331700211865, 5.173166710805085, 5.167299059851695, 5.157835672669491, 5.161178164724577, 5.168282574152542, 5.161709149894068, 5.149068127648305, 5.155919623940678, 5.153243842690678, 5.1423940677966105, 5.136763109110169, 5.145241326800847, 5.141759136652542, 5.1348073358050845, 5.13522609904661, 5.149433262711864, 5.135291313559322, 5.139372351694916, 5.133140227754238, 5.13592094809322, 5.126689618644067, 5.131222854872881, 5.137291445974577, 5.133672206038136], "test_losses": [5.668569027798847, 5.525575508191747, 5.422544608995753, 5.324676809959041, 5.294889875986044, 5.253463596973605, 5.221922050402003, 5.221397622117719, 5.190256063220571, 5.202234360778216, 5.179711202973301, 5.186977942013046, 5.171197094963592, 5.166297097807949, 5.153454826873483, 5.151331633040049, 5.139915095949636, 5.130576717043386, 5.143250696867415, 5.126323218484527, 5.136956964881675, 5.141573711506371, 5.119611721594357, 5.127948649878641, 5.110141791186287, 5.104481521162015, 5.113476206955401, 5.109793950053095, 5.102491656553398, 5.107251213592233, 5.111722779505461, 5.102149148589199, 5.092904989001821, 5.101565462871663, 5.09917738831159, 5.088192245335255, 5.077965597504551, 5.087195535307949, 5.08447739684466, 5.074991466929611, 5.076320611157463, 5.091335259594963, 5.078806460482403, 5.082550937689624, 5.074391189130765, 5.078369733199333, 5.067954646730886, 5.07367180389108, 5.079297112029733, 5.075825219015473], "status": "OK"}