{"data": "data/ptb", "recepie_id": 1000639, "recepies_list_path": "data/models_recepies.json", "cuda": true, "batch_size": 20, "model": "CustomRNN", "emsize": 400, "nhid": 600, "nlayers": 3, "dropout": 0.1, "dropouth": 0.25, "dropouti": 0.4, "dropoute": 0.0, "wdrop": 0.1, "tied": true, "bptt": 70, "lr": 0.001, "wdecay": 1.2e-06, "epochs": 50, "alpha": 2, "beta": 1, "log_interval": 200, "clip": 0.25, "eval_batch_size": 50, "recepie": "{\"node_0\": {\"op\": \"linear\", \"input\": [\"x\", \"h_prev_0\"]}, \"node_1\": {\"op\": \"activation_leaky_relu\", \"input\": [\"node_0\"]}, \"node_5\": {\"op\": \"linear\", \"input\": [\"node_1\", \"h_prev_0\"]}, \"h_new_0\": {\"op\": \"activation_leaky_relu\", \"input\": [\"node_5\"]}}", "experiment_id": 999988850, "init_time": "2020-04-18_13-03-30", "num_params": 7493200, "wall_times": [150.89719772338867, 105.04492092132568, 101.8057177066803, 101.53684568405151, 100.1262104511261, 100.7817223072052, 100.45761346817017, 101.21297454833984, 101.37804460525513, 100.8628659248352, 102.04588341712952, 100.1327166557312, 101.26985454559326, 100.83936762809753, 100.72898721694946, 101.63815140724182, 99.77357649803162, 101.39941716194153, 99.29518246650696, 100.58337759971619, 100.11224365234375, 99.46676850318909, 100.96968269348145, 99.32332038879395, 100.65716862678528, 100.06850147247314, 98.57234048843384, 99.24627470970154, 99.00217294692993, 100.47682785987854, 99.2554771900177, 99.6811888217926, 100.10541915893555, 98.93032217025757, 96.33509635925293, 95.60131549835205, 100.13088321685791, 101.16306781768799, 96.82398176193237, 100.16747212409973, 100.01377415657043, 99.10562300682068, 99.6463074684143, 98.84525156021118, 99.9395203590393, 100.37135887145996, 99.27227234840393, 99.31762933731079, 98.92500734329224, 99.77592945098877], "train_losses": [5.795818541229627, 5.4858613542843315, 5.287684565112151, 5.16471805914152, 5.076133949222742, 4.9899808711204345, 4.938984673363455, 4.887809457533215, 4.842342228766608, 4.807562294927653, 4.777116195336453, 4.74090747875316, 4.719255116723145, 4.6923036516325105, 4.669806206632241, 4.654200957452531, 4.628416891910064, 4.616189873460277, 4.598954551261363, 4.58443097466516, 4.569230407186273, 4.554229028831155, 4.540538768759077, 4.530528884944328, 4.5150026390457745, 4.506417335673175, 4.4963540826206225, 4.485337327201334, 4.480653861411436, 4.466165163923404, 4.460371449895111, 4.451363815152493, 4.442788597305148, 4.436939833118175, 4.4277817559571835, 4.424921669087193, 4.421619079796676, 4.410123261927814, 4.4063336258135655, 4.3993536018772526, 4.395156342450648, 4.387472853127858, 4.38577428258297, 4.380805900704642, 4.37432090796622, 4.369760149400247, 4.366486135764617, 4.364662336614491, 4.358852653837879, 4.352068036953365], "val_losses": [5.815370762711864, 5.537485765360169, 5.374208156779661, 5.27943127648305, 5.214291247351695, 5.152606925317796, 5.116883606991525, 5.08752251059322, 5.0559070444915255, 5.03433295815678, 5.01492717161017, 4.998337857521187, 4.986777674788136, 4.9752052436440675, 4.961628045550848, 4.949603416313559, 4.947734375, 4.937395391949153, 4.929293564618644, 4.921797868114407, 4.913615598516949, 4.9066743908898305, 4.90505561440678, 4.90534858315678, 4.895897444385593, 4.891345338983051, 4.889681210275424, 4.885512778072034, 4.884178694385593, 4.879819253177966, 4.8710374735169495, 4.87537705243644, 4.87056342690678, 4.871395325741525, 4.8671259269067795, 4.866979608050848, 4.862152740995763, 4.86063625529661, 4.857956501588983, 4.857413930084745, 4.863942002118644, 4.855059586864407, 4.851328456038136, 4.851796212923729, 4.852650953389831, 4.85204250529661, 4.847453985699152, 4.848397113347458, 4.849683858580509, 4.8531640625], "test_losses": [5.770366779808859, 5.49029066956159, 5.327055995904126, 5.22736306792324, 5.163677919258192, 5.097756395062197, 5.065029699825546, 5.030254475121359, 4.997756513577063, 4.978214597239078, 4.960062267710861, 4.939971923828125, 4.929371065306432, 4.916293246074788, 4.902812476297027, 4.89057907548923, 4.884774217327822, 4.879435418878944, 4.871591512439321, 4.864384030832828, 4.856370351846936, 4.849742407937652, 4.847037306109678, 4.844083026774879, 4.833340839274879, 4.830375893602094, 4.827425762287621, 4.825120648134102, 4.823045156534436, 4.819724073687803, 4.812853766876517, 4.81356218949105, 4.810580651736954, 4.809406761984223, 4.805565102586469, 4.803822934048847, 4.801204644360588, 4.799394626061893, 4.795568966171117, 4.795887474874848, 4.800196379133799, 4.792692017786711, 4.790543343256978, 4.790519047709345, 4.790894147261833, 4.790194909549454, 4.786949972504551, 4.786981378944175, 4.787093671780188, 4.788090381807494], "status": "OK"}