{"data": "data/ptb", "recepie_id": 2009852, "recepies_list_path": "data/new_recepies_fix.json", "cuda": true, "batch_size": 20, "model": "CustomRNN", "emsize": 400, "nhid": 600, "nlayers": 3, "dropout": 0.1, "dropouth": 0.25, "dropouti": 0.4, "dropoute": 0.0, "wdrop": 0.1, "tied": true, "bptt": 70, "lr": 0.001, "wdecay": 1.2e-06, "epochs": 50, "alpha": 2, "beta": 1, "log_interval": 200, "clip": 0.25, "eval_batch_size": 50, "recepie": "{\"node_0\": {\"op\": \"linear\", \"input\": [\"x\", \"h_prev_0\", \"h_prev_1\"]}, \"node_2\": {\"op\": \"linear\", \"input\": [\"h_new_1\", \"x\"]}, \"node_3\": {\"op\": \"activation_leaky_relu\", \"input\": [\"node_2\"]}, \"node_6\": {\"op\": \"linear\", \"input\": [\"node_3\", \"h_prev_0\", \"h_prev_1\"]}, \"node_7\": {\"op\": \"activation_sigm\", \"input\": [\"node_6\"]}, \"node_8\": {\"op\": \"linear\", \"input\": [\"node_7\", \"h_new_1\"]}, \"h_new_0\": {\"op\": \"activation_leaky_relu\", \"input\": [\"node_8\"]}, \"h_new_1\": {\"op\": \"activation_sigm\", \"input\": [\"node_0\"]}}", "experiment_id": 999934873, "init_time": "2020-05-17_05-04-53", "num_params": 12736400, "wall_times": [233.52242636680603, 236.71749138832092, 233.2585654258728, 233.26348280906677, 232.92326974868774, 230.83015298843384, 227.8096969127655, 227.95127749443054, 227.8399317264557, 227.72864818572998, 227.83290266990662, 227.92230081558228, 227.87392234802246, 227.8359317779541, 227.84820699691772, 227.70243310928345, 227.7835807800293, 227.8530080318451, 227.96543717384338, 227.88008046150208, 227.98399329185486, 227.89617586135864, 227.7563772201538, 227.84509086608887, 227.58478379249573, 227.6170196533203, 227.76150512695312, 227.562077999115, 227.8838005065918, 227.9353368282318, 227.77308869361877, 227.77131032943726, 227.92744326591492, 227.89446759223938, 227.8307065963745, 227.7138488292694, 227.97947788238525, 228.06287336349487, 227.82566261291504, 227.84520602226257, 227.79026436805725, 227.78781533241272, 227.69181752204895, 227.95918703079224, 227.76312685012817, 227.84461641311646, 227.72315192222595, 227.91289234161377, 227.8187758922577, 227.9762053489685], "train_losses": [6.005183119520198, 5.798996742375343, 5.642442915927061, 5.53556198227637, 5.4289050313323655, 5.360240254020763, 5.283765918320693, 5.224545394949169, 5.184525190280243, 5.1472478282502285, 5.10372836654833, 5.07523717793556, 5.051844222338766, 5.027955395083643, 4.997642088241622, 4.974828630116723, 4.952428678527244, 4.934080586708623, 4.920019683583455, 4.90384628314776, 4.8876527116615565, 4.870729620515303, 4.853108947205637, 4.844966566483783, 4.831157381259749, 4.8147663015706526, 4.8061364537948466, 4.794721740358238, 4.786583561938572, 4.771276255984079, 4.767405095207359, 4.753282838470228, 4.753762741380238, 4.737051026034102, 4.730801362218278, 4.721461325372492, 4.714134611505568, 4.708082035662417, 4.700550669678877, 4.693042836587596, 4.684922728067344, 4.679816930907428, 4.672044352778226, 4.666217020332419, 4.663596464687214, 4.655513756656447, 4.652049798961864, 4.644432706013663, 4.640008942499058, 4.636882429670271], "val_losses": [6.023494438559322, 5.830231726694915, 5.693238877118644, 5.603053495762712, 5.514208487817797, 5.45734077065678, 5.398171345338983, 5.354015823622881, 5.326881620762712, 5.303048861228813, 5.274278336864406, 5.253973781779661, 5.24088718220339, 5.224936771716101, 5.206365201271186, 5.195070842161017, 5.179629237288135, 5.171595603813559, 5.161149695444915, 5.155188360699152, 5.147184851694916, 5.135396252648305, 5.129666313559322, 5.124863943326271, 5.118251125529661, 5.108725834216101, 5.1071643273305085, 5.100441604872882, 5.096464181673729, 5.089653403072034, 5.091657838983051, 5.081758474576271, 5.083189221398305, 5.078034626588983, 5.072862155720339, 5.06891982256356, 5.067558924788136, 5.064649761652542, 5.064745431673729, 5.062779065148305, 5.054665320444915, 5.052622153072034, 5.053571570444915, 5.053529528601695, 5.0534702727754235, 5.0484375, 5.042783368644068, 5.043026681673729, 5.044146252648305, 5.040406183792373], "test_losses": [5.966702655681129, 5.778965625948119, 5.639046381978155, 5.550994576759709, 5.458193880840413, 5.404574792361954, 5.343158610816141, 5.296428198953277, 5.269906942126821, 5.244880750341323, 5.211527111460861, 5.193513444326456, 5.180985830362561, 5.163047420168386, 5.142364205665959, 5.129505342650182, 5.115758210709951, 5.105371567809466, 5.097576845039442, 5.086722660990595, 5.079015639221784, 5.06731466645176, 5.060945084951456, 5.055251630764563, 5.047312912431735, 5.041138287886833, 5.035386168841019, 5.028429346177185, 5.026928947967233, 5.017436499734527, 5.017251023968447, 5.009786365101639, 5.010383680028823, 5.002987167210255, 5.000937452594053, 4.995310959306735, 4.991827807380158, 4.990280595797937, 4.987340241959951, 4.985703551653519, 4.981742784814927, 4.977550321412318, 4.977329291186287, 4.976050515776699, 4.97613999450091, 4.970459873236499, 4.965078113148514, 4.965817053341171, 4.965262107478762, 4.961116457448422], "status": "OK"}