{"data": "data/ptb", "recepie_id": 2000683, "recepies_list_path": "data/new_recepies_fix.json", "cuda": true, "batch_size": 20, "model": "CustomRNN", "emsize": 400, "nhid": 600, "nlayers": 3, "dropout": 0.1, "dropouth": 0.25, "dropouti": 0.4, "dropoute": 0.0, "wdrop": 0.1, "tied": true, "bptt": 70, "lr": 0.001, "wdecay": 1.2e-06, "epochs": 50, "alpha": 2, "beta": 1, "log_interval": 200, "clip": 0.25, "eval_batch_size": 50, "recepie": "{\"node_1\": {\"op\": \"linear\", \"input\": [\"h_prev_2\", \"x\"]}, \"node_2\": {\"op\": \"activation_sigm\", \"input\": [\"node_1\"]}, \"node_4\": {\"op\": \"linear\", \"input\": [\"node_2\", \"x\"]}, \"node_11\": {\"op\": \"linear\", \"input\": [\"h_new_1\", \"node_2\"]}, \"node_12\": {\"op\": \"activation_leaky_relu\", \"input\": [\"node_11\"]}, \"node_13\": {\"op\": \"linear\", \"input\": [\"h_prev_1\", \"h_new_1\", \"h_prev_0\"]}, \"node_14\": {\"op\": \"activation_sigm\", \"input\": [\"node_13\"]}, \"h_new_0\": {\"op\": \"linear\", \"input\": [\"x\", \"node_14\"]}, \"h_new_1\": {\"op\": \"activation_sigm\", \"input\": [\"node_4\"]}, \"h_new_2\": {\"op\": \"linear\", \"input\": [\"node_12\", \"x\"]}}", "experiment_id": 999928161, "init_time": "2020-05-12_22-36-11", "num_params": 15299600, "wall_times": [294.7886664867401, 291.3872365951538, 287.7279758453369, 288.627610206604, 288.13360381126404, 287.8653597831726, 288.9315342903137, 288.33217883110046, 288.14738178253174, 289.6527943611145, 291.17397570610046, 290.31413745880127, 290.0778455734253, 289.83451890945435, 290.3436918258667, 289.38770508766174, 290.8997232913971, 289.4380030632019, 290.9395544528961, 290.3568410873413, 290.85567927360535, 289.98130798339844, 290.9178099632263, 289.17278599739075, 289.9228000640869, 290.2786068916321, 291.9998903274536, 290.9381568431854, 290.2871551513672, 289.4349842071533, 289.8098175525665, 289.0609791278839, 290.4119915962219, 290.49974274635315, 289.843204498291, 291.3065571784973, 292.650137424469, 289.3338317871094, 288.89737010002136, 290.2224340438843, 289.7782709598541, 287.52780413627625, 290.3410212993622, 288.6263346672058, 289.23685097694397, 289.35965037345886, 288.64616298675537, 290.9058117866516, 289.83350586891174, 290.96896958351135], "train_losses": [5.793416085068044, 5.499534805147652, 5.319025755069657, 5.263651178661718, 5.1786314614598465, 5.1305390545156255, 5.076631081571728, 5.051321035716207, 5.023935052579205, 4.98479649090958, 4.985753355118068, 4.952896394760906, 4.929638753294605, 4.914242358533699, 4.891002366736593, 4.893728820396967, 4.862247273546339, 4.882249391506643, 4.865199811064493, 4.8440584489806895, 4.830248003066, 4.818068050400732, 4.8210575681781505, 4.795317206578452, 4.800357027593997, 4.798649211984293, 4.811854106153515, 4.78911712992846, 4.78614736297133, 4.763905838174385, 4.773332442445269, 4.76203875531171, 4.761740812086494, 4.767517716906029, 4.762960320181809, 4.752203267037814, 4.749831907912431, 4.746177165698456, 4.745884265235867, 4.759759006374052, 4.717012348044753, 4.732826451643268, 4.725361482034318, 4.725192129256092, 4.724937889973643, 4.715293186219139, 4.711581712925609, 4.71293149238879, 4.709344407240063, 4.7015524985207895], "val_losses": [5.817032574152543, 5.5648139565677965, 5.417445047669491, 5.382090505826271, 5.320890823622881, 5.289843087923729, 5.254295550847457, 5.246020590572034, 5.234629237288136, 5.207897576800847, 5.212026284427966, 5.190652476165254, 5.17888440148305, 5.168647047139831, 5.155387314618644, 5.166232454978814, 5.14489406779661, 5.166958752648305, 5.159155852754237, 5.139791445974576, 5.135933527542373, 5.127601297669491, 5.134304157838983, 5.117499668961864, 5.126285752118644, 5.124126721398305, 5.143300119173729, 5.1245878575211865, 5.126047404661017, 5.1097795286016945, 5.120064552436441, 5.107297073622881, 5.115793167372881, 5.131630693855932, 5.124544160487289, 5.112007415254237, 5.1087913797669495, 5.112214976165254, 5.113733779131356, 5.1350698490466105, 5.097549986758475, 5.108566604872881, 5.102512248411017, 5.107208686440678, 5.114423662605932, 5.102782375529661, 5.102208355402542, 5.105530654131356, 5.104753707627118, 5.094553760593221], "test_losses": [5.781780354027609, 5.510614784018507, 5.363004517786711, 5.339768493059769, 5.272402865215413, 5.234972907501517, 5.198988238584648, 5.19293212890625, 5.180103487181432, 5.15021463042324, 5.159522195464199, 5.137406136225728, 5.121458775788835, 5.117353420813107, 5.101973746586772, 5.116295675629551, 5.089706865329187, 5.114385808555825, 5.109534995069781, 5.088745709761833, 5.082307389638956, 5.075059020403519, 5.083103216967537, 5.064316240329187, 5.068054791793083, 5.076894223111347, 5.086538370373179, 5.074654884708738, 5.076413052753337, 5.057239125075849, 5.068100420016687, 5.055233853534587, 5.063323085747876, 5.075224941216626, 5.06871847504551, 5.060092963061287, 5.059537720911711, 5.060070445236651, 5.063676260050061, 5.077041774120145, 5.043852278329794, 5.054785867339199, 5.051487006030037, 5.051277234716323, 5.061620619690534, 5.049570028064321, 5.047581941178701, 5.052127578883495, 5.050864802980886, 5.041193397299757], "status": "OK"}