{"data": "data/ptb", "recepie_id": 2004727, "recepies_list_path": "data/new_recepies_fix.json", "cuda": true, "batch_size": 20, "model": "CustomRNN", "emsize": 400, "nhid": 600, "nlayers": 3, "dropout": 0.1, "dropouth": 0.25, "dropouti": 0.4, "dropoute": 0.0, "wdrop": 0.1, "tied": true, "bptt": 70, "lr": 0.001, "wdecay": 1.2e-06, "epochs": 50, "alpha": 2, "beta": 1, "log_interval": 200, "clip": 0.25, "eval_batch_size": 50, "recepie": "{\"node_7\": {\"op\": \"linear\", \"input\": [\"h_prev_0\", \"x\"]}, \"node_8\": {\"op\": \"activation_leaky_relu\", \"input\": [\"node_7\"]}, \"node_18\": {\"op\": \"linear\", \"input\": [\"node_8\", \"h_prev_0\"]}, \"h_new_0\": {\"op\": \"activation_leaky_relu\", \"input\": [\"node_18\"]}}", "experiment_id": 999939005, "init_time": "2020-05-11_05-13-25", "num_params": 7493200, "wall_times": [103.64744400978088, 104.19149732589722, 102.90373706817627, 103.09155368804932, 102.99896168708801, 102.53181028366089, 103.10953259468079, 103.0745198726654, 102.59434413909912, 102.5518274307251, 102.77623224258423, 102.58403468132019, 102.46171927452087, 102.55438256263733, 104.72717905044556, 102.31129169464111, 102.38205194473267, 102.47098565101624, 102.43954563140869, 102.49551033973694, 102.35620546340942, 102.26761674880981, 102.45212483406067, 102.58035278320312, 102.38651204109192, 102.35192203521729, 102.34403467178345, 102.27340698242188, 102.50263953208923, 102.57379150390625, 102.34753394126892, 102.34020900726318, 102.00501537322998, 102.41587328910828, 102.71096229553223, 102.38090085983276, 102.59286761283875, 102.42040038108826, 102.44375586509705, 102.49540734291077, 102.47170639038086, 102.48540878295898, 102.0738275051117, 102.45689249038696, 102.33373093605042, 102.02744364738464, 102.81830358505249, 102.60724091529846, 102.43319702148438, 102.33322358131409], "train_losses": [5.8331211170727775, 5.488533178016245, 5.292798346646227, 5.1684093613845405, 5.077608116830724, 5.000965268812866, 4.943328593136464, 4.896397282287128, 4.853263591926201, 4.814588544188048, 4.77814786052391, 4.752188558980151, 4.719225280377602, 4.698653330240439, 4.673426069738046, 4.658854166666667, 4.632788546877522, 4.61813974167608, 4.6018343889516435, 4.58119646267011, 4.569934713033188, 4.559504178769297, 4.544901178661718, 4.532574145419827, 4.520652214108978, 4.508766002366737, 4.499903767279867, 4.489777479694475, 4.481175367113119, 4.4723887734656556, 4.4650250793394655, 4.454404180786402, 4.4483516049432525, 4.4451124704157925, 4.434639913130009, 4.427961614490883, 4.419962112043462, 4.415281587865096, 4.408578915873272, 4.402664175541929, 4.398510620058093, 4.394440690387822, 4.389262193400032, 4.38554021435103, 4.375981657791405, 4.374428066672046, 4.370458572024098, 4.361184511322683, 4.359077897235221, 4.354578072050993], "val_losses": [5.852141154661017, 5.539491856461864, 5.3771861758474575, 5.278869504766949, 5.210981859110169, 5.159171080508474, 5.11719875529661, 5.087599973516949, 5.057112685381356, 5.032790651483051, 5.012843286546611, 5.002213983050847, 4.981257944915254, 4.972370564088983, 4.962598980402542, 4.950436639300848, 4.939388241525424, 4.934709679555085, 4.92634467690678, 4.919091631355932, 4.910958355402542, 4.905547537076271, 4.9033054157838984, 4.898866194385593, 4.895157574152543, 4.8924582891949155, 4.8873391154661014, 4.8812125926906775, 4.877833024364406, 4.87589016154661, 4.875440611758474, 4.872568855932204, 4.869675582627119, 4.868942664194916, 4.868421279131356, 4.865406514830508, 4.863360037076271, 4.85802436440678, 4.856539658368644, 4.8543968485169495, 4.85457858845339, 4.854790452860169, 4.852762844279661, 4.852327198093221, 4.845638241525424, 4.845187367584746, 4.850287672139831, 4.848359043961865, 4.844048596398305, 4.846835606461864], "test_losses": [5.808858630726639, 5.493418276888653, 5.329416219470571, 5.229268194402306, 5.162133670547633, 5.106993443757585, 5.066486247534891, 5.035900523361651, 5.005387685831311, 4.982029590791869, 4.95926969954111, 4.948581140018204, 4.928764269189927, 4.916645531515473, 4.90808342498483, 4.897107466910649, 4.887995451399424, 4.881990303113622, 4.873690707012288, 4.864177814965109, 4.857884675553701, 4.853535179952973, 4.849100057361196, 4.843087205609072, 4.840819719925667, 4.835035601865898, 4.832669156268962, 4.828647650561287, 4.822731980999697, 4.822086371264412, 4.820260649745904, 4.815135178056735, 4.813298790200243, 4.811999867263349, 4.811099450565079, 4.809610311267446, 4.806048050667476, 4.803001626023969, 4.799070191614836, 4.798948121302336, 4.796795002465109, 4.798859531439624, 4.795885993439017, 4.795655778310831, 4.790514603401851, 4.789930917684314, 4.793004008172785, 4.790206168461772, 4.787198261149879, 4.789959361252276], "status": "OK"}