{"data": "data/ptb", "recepie_id": 2006999, "recepies_list_path": "data/new_recepies_fix.json", "cuda": true, "batch_size": 20, "model": "CustomRNN", "emsize": 400, "nhid": 600, "nlayers": 3, "dropout": 0.1, "dropouth": 0.25, "dropouti": 0.4, "dropoute": 0.0, "wdrop": 0.1, "tied": true, "bptt": 70, "lr": 0.001, "wdecay": 1.2e-06, "epochs": 50, "alpha": 2, "beta": 1, "log_interval": 200, "clip": 0.25, "eval_batch_size": 50, "recepie": "{\"node_0\": {\"op\": \"linear\", \"input\": [\"x\", \"h_prev_0\"]}, \"node_1\": {\"op\": \"activation_sigm\", \"input\": [\"node_0\"]}, \"node_4\": {\"op\": \"linear\", \"input\": [\"node_1\", \"h_prev_0\"]}, \"node_5\": {\"op\": \"activation_tanh\", \"input\": [\"node_4\"]}, \"node_9\": {\"op\": \"linear\", \"input\": [\"node_5\", \"h_prev_1\"]}, \"node_10\": {\"op\": \"activation_leaky_relu\", \"input\": [\"node_9\"]}, \"node_19\": {\"op\": \"linear\", \"input\": [\"node_10\", \"x\"]}, \"h_new_0\": {\"op\": \"activation_tanh\", \"input\": [\"node_19\"]}, \"h_new_1\": {\"op\": \"linear\", \"input\": [\"node_10\", \"node_1\"]}}", "experiment_id": 999911741, "init_time": "2020-05-09_23-15-31", "num_params": 12738000, "wall_times": [350.0528950691223, 336.2789361476898, 335.90441036224365, 341.70175433158875, 335.19660449028015, 335.7366180419922, 332.23780965805054, 333.1295099258423, 333.9476339817047, 336.09860944747925, 335.612909078598, 333.6285910606384, 328.85968708992004, 328.06364822387695, 334.72954535484314, 329.53295278549194, 341.3528778553009, 336.8313739299774, 336.6087510585785, 337.99090003967285, 330.6533360481262, 331.6259560585022, 336.7783679962158, 334.4266550540924, 335.35952711105347, 329.5041742324829, 336.5230815410614, 332.1482720375061, 338.36404395103455, 330.88185000419617, 338.3012180328369, 334.00188422203064, 338.2129726409912, 335.43721556663513, 332.0669894218445, 343.2011749744415, 333.67124366760254, 336.63154101371765, 336.8379063606262, 333.50252509117126, 331.72611904144287, 339.2370593547821, 330.5460112094879, 337.81395292282104, 337.52995014190674, 328.3484618663788, 338.87450432777405, 333.722115278244, 333.7035446166992, 336.7092001438141], "train_losses": [5.590760061992362, 5.319885125867355, 5.188139170162982, 5.102235288580496, 5.043639227314292, 4.984964582997149, 4.91573291512022, 4.870186262842235, 4.854986535823786, 4.8256977502555, 4.792060842612017, 4.782266536899575, 4.747245390914959, 4.7349671043784625, 4.711580032004734, 4.6995753153407565, 4.686856627534829, 4.666262405196062, 4.658459570491098, 4.642579490748211, 4.64035941450164, 4.620581279248023, 4.61305873809908, 4.6175039333548495, 4.616488657145931, 4.58220291404443, 4.5869397490721315, 4.569464055187995, 4.580347597627885, 4.5713815656769405, 4.551516442768006, 4.543580395083643, 4.530060748480447, 4.524009853558173, 4.530030071674466, 4.515680890619117, 4.511132738959712, 4.523594245871658, 4.511623147625195, 4.49205512748104, 4.490214098891937, 4.506716539589048, 4.483941742644291, 4.468198237722554, 4.473213685385401, 4.477247475256845, 4.46895675326771, 4.46294704090689, 4.465660467430477, 4.462177179145823], "val_losses": [5.629321371822034, 5.407333487817796, 5.3120832229872885, 5.257925715042373, 5.224796411546611, 5.187523503707627, 5.1395676641949155, 5.112446040783898, 5.109354475635593, 5.101801840572034, 5.083991326800848, 5.082143140889831, 5.0595140360169495, 5.056677039194915, 5.045198291843221, 5.041589645127119, 5.038418630826271, 5.02535752118644, 5.025782905190678, 5.018198159427966, 5.024484242584745, 5.006291710805085, 5.006910090042373, 5.016608183262712, 5.023811904131356, 4.990127118644068, 5.0043574549788135, 4.989247881355932, 5.005384997351695, 5.004801046080509, 4.98716796875, 4.982006753177966, 4.9750536281779665, 4.973039923199153, 4.982877383474576, 4.9763095868644065, 4.970131422139831, 4.982422868114407, 4.976337063029661, 4.958202131885593, 4.965850436970339, 4.982236824682204, 4.960771318855932, 4.947998543432203, 4.953443789724576, 4.957351694915254, 4.9536649231991525, 4.95560546875, 4.959808659957627, 4.958018405720339], "test_losses": [5.584323327518204, 5.355210980165352, 5.260510490935983, 5.205709809238471, 5.176729368932039, 5.138213815040959, 5.086714364949939, 5.061066562689624, 5.061296481530643, 5.048303104141383, 5.028216019417476, 5.03014899689017, 5.0108642578125, 5.002730582524272, 4.993889966057342, 4.989511434314321, 4.986863812196602, 4.97606710785801, 4.975054990898058, 4.969393535725121, 4.973975913038531, 4.958932821033071, 4.957297908449636, 4.969644787242111, 4.973611479824029, 4.94567634064017, 4.957336722068416, 4.940613978117415, 4.95618149840716, 4.956084612503792, 4.936802243723453, 4.932743702119994, 4.926417674833131, 4.925394298960861, 4.934031069857403, 4.924306628773514, 4.923655093294903, 4.936414107535649, 4.931629662374848, 4.913529775675061, 4.918724874848301, 4.933257760353459, 4.916694715185073, 4.899428580571147, 4.908024463838744, 4.911569539783071, 4.907259746662621, 4.910178175250303, 4.910721862200394, 4.911219032065382], "status": "OK"}