{"data": "data/ptb", "recepie_id": 2001652, "recepies_list_path": "data/new_recepies_fix.json", "cuda": true, "batch_size": 20, "model": "CustomRNN", "emsize": 400, "nhid": 600, "nlayers": 3, "dropout": 0.1, "dropouth": 0.25, "dropouti": 0.4, "dropoute": 0.0, "wdrop": 0.1, "tied": true, "bptt": 70, "lr": 0.001, "wdecay": 1.2e-06, "epochs": 50, "alpha": 2, "beta": 1, "log_interval": 200, "clip": 0.25, "eval_batch_size": 50, "recepie": "{\"node_2\": {\"op\": \"linear\", \"input\": [\"x\", \"h_prev_1\"]}, \"node_3\": {\"op\": \"activation_tanh\", \"input\": [\"node_2\"]}, \"node_4\": {\"op\": \"linear\", \"input\": [\"node_3\", \"h_prev_0\", \"h_prev_1\"]}, \"node_6\": {\"op\": \"linear\", \"input\": [\"h_prev_0\", \"h_prev_1\"]}, \"node_7\": {\"op\": \"activation_tanh\", \"input\": [\"node_6\"]}, \"node_8\": {\"op\": \"linear\", \"input\": [\"x\", \"node_7\"]}, \"node_9\": {\"op\": \"activation_tanh\", \"input\": [\"node_8\"]}, \"node_14\": {\"op\": \"linear\", \"input\": [\"h_new_0\", \"node_9\"]}, \"h_new_0\": {\"op\": \"activation_tanh\", \"input\": [\"node_4\"]}, \"h_new_1\": {\"op\": \"activation_sigm\", \"input\": [\"node_14\"]}}", "experiment_id": 999914465, "init_time": "2020-05-12_08-14-53", "num_params": 13618000, "wall_times": [309.53657388687134, 268.7216155529022, 265.8623251914978, 266.83309626579285, 264.5839765071869, 265.0541296005249, 265.3884496688843, 260.872305393219, 265.26883149147034, 264.68188643455505, 263.73165917396545, 264.6089401245117, 264.27016830444336, 261.3495855331421, 262.2272078990936, 262.09874963760376, 264.0112102031708, 260.0071668624878, 258.69653034210205, 262.199893951416, 263.6208794116974, 263.5597195625305, 262.249253988266, 259.8074064254761, 264.7382855415344, 265.8057806491852, 261.99367451667786, 262.4709939956665, 258.2494661808014, 263.8147506713867, 262.74665546417236, 262.0073416233063, 264.5199851989746, 263.70574021339417, 261.6182930469513, 263.2702820301056, 265.5356433391571, 266.45384907722473, 263.39146757125854, 264.6121566295624, 264.03194880485535, 262.1139488220215, 262.58896350860596, 259.8122100830078, 264.44900131225586, 268.6096796989441, 259.6754791736603, 263.3338108062744, 262.465701341629, 263.0757837295532], "train_losses": [5.7189004424183745, 5.382445218788662, 5.208991834086386, 5.087764660991878, 4.988005368861277, 4.932060540046259, 4.852394135603249, 4.802598955811952, 4.761385297321285, 4.72345615822172, 4.682769888655801, 4.654869543730838, 4.621279281641654, 4.5957813928782745, 4.567438125302566, 4.543575352321016, 4.519592813727073, 4.5193053762573285, 4.489263538136733, 4.474910575009413, 4.467480064278415, 4.451438195901242, 4.4318050400731535, 4.427349759292131, 4.418354311225862, 4.400058748184605, 4.385807901000484, 4.372176052928837, 4.367865331343123, 4.352081904550589, 4.343928597843043, 4.333219450944005, 4.324719874536066, 4.311989420284008, 4.312360483567318, 4.29523232007423, 4.295813498467, 4.292559655881878, 4.286422613764725, 4.2774103564897, 4.27335555510731, 4.260921783389812, 4.261378153407563, 4.255044023317734, 4.254872149158195, 4.2482329319294285, 4.238532757786025, 4.236661472621161, 4.232152402372115, 4.228729207008768], "val_losses": [5.754502780720339, 5.457612221927966, 5.32042141154661, 5.229481263241525, 5.157126588983051, 5.130697166313559, 5.071106991525424, 5.036735632944915, 5.016278469279661, 4.996987884004238, 4.966668763241525, 4.95875, 4.938892015360169, 4.922836003707627, 4.908371292372881, 4.900727952860169, 4.889598450741525, 4.894779528601695, 4.8784229343220336, 4.873850966631356, 4.877019663665254, 4.861216234110169, 4.858976430084746, 4.85987453654661, 4.853435513771187, 4.847973715572034, 4.834298199152542, 4.829903667902542, 4.831522113347457, 4.8213307733050845, 4.821043101165254, 4.820743511652543, 4.816967028601695, 4.815688890360169, 4.817151085805085, 4.806383408368644, 4.811108646716102, 4.801995828919492, 4.806210275423729, 4.806151681673729, 4.808183262711864, 4.799940082097458, 4.8006829316737285, 4.79965969279661, 4.800314155190678, 4.794537870762712, 4.788263704978814, 4.791388042902542, 4.791517147775424, 4.788523569915254], "test_losses": [5.714677236612561, 5.413871691064927, 5.27960916167324, 5.184298320881371, 5.111558636415352, 5.082817003564927, 5.025711800288228, 4.994474244349211, 4.9700927734375, 4.952120290219205, 4.92459224960179, 4.916746565439169, 4.89315440353838, 4.884546668784132, 4.866874620752427, 4.859571142104065, 4.848453855051578, 4.851715680464958, 4.834240367111651, 4.829163190230583, 4.838057138387439, 4.816930085709951, 4.814519493325243, 4.819007058745449, 4.810193404410649, 4.802826520308708, 4.793718949104976, 4.790031655320844, 4.79085948166338, 4.779037920016687, 4.779533608445844, 4.776923022223908, 4.774704423922937, 4.77018752607327, 4.773260912848908, 4.761758748767446, 4.765341453181887, 4.759266381124848, 4.762665387496208, 4.764265634481189, 4.761606753451153, 4.754630968408677, 4.757960347295965, 4.753185679611651, 4.753345082107099, 4.748838258021086, 4.744812308005916, 4.748500490651547, 4.745978494292324, 4.744949488963895], "status": "OK"}