{"data": "data/ptb", "recepie_id": 2000177, "recepies_list_path": "data/new_recepies_fix.json", "cuda": true, "batch_size": 20, "model": "CustomRNN", "emsize": 400, "nhid": 600, "nlayers": 3, "dropout": 0.1, "dropouth": 0.25, "dropouti": 0.4, "dropoute": 0.0, "wdrop": 0.1, "tied": true, "bptt": 70, "lr": 0.001, "wdecay": 1.2e-06, "epochs": 50, "alpha": 2, "beta": 1, "log_interval": 200, "clip": 0.25, "eval_batch_size": 50, "recepie": "{\"node_0\": {\"op\": \"linear\", \"input\": [\"h_prev_1\", \"h_prev_2\"]}, \"node_1\": {\"op\": \"activation_leaky_relu\", \"input\": [\"node_0\"]}, \"node_3\": {\"op\": \"linear\", \"input\": [\"h_prev_1\", \"h_prev_0\"]}, \"node_4\": {\"op\": \"activation_tanh\", \"input\": [\"node_3\"]}, \"node_5\": {\"op\": \"linear\", \"input\": [\"node_4\", \"h_prev_2\"]}, \"node_6\": {\"op\": \"activation_leaky_relu\", \"input\": [\"node_5\"]}, \"node_8\": {\"op\": \"linear\", \"input\": [\"node_4\", \"node_6\"]}, \"node_9\": {\"op\": \"activation_tanh\", \"input\": [\"node_8\"]}, \"node_13\": {\"op\": \"linear\", \"input\": [\"x\", \"node_9\"]}, \"node_19\": {\"op\": \"linear\", \"input\": [\"node_6\", \"h_prev_1\"]}, \"h_new_0\": {\"op\": \"activation_tanh\", \"input\": [\"node_13\"]}, \"h_new_1\": {\"op\": \"linear\", \"input\": [\"node_1\", \"node_4\"]}, \"h_new_2\": {\"op\": \"activation_leaky_relu\", \"input\": [\"node_19\"]}}", "experiment_id": 999982310, "init_time": "2020-05-14_16-01-43", "num_params": 16301200, "wall_times": [374.9293038845062, 376.170889377594, 357.4394645690918, 358.1489109992981, 361.89852356910706, 360.4141902923584, 364.09335017204285, 356.2050778865814, 365.5464029312134, 360.0001766681671, 365.1535806655884, 361.4361906051636, 358.12325501441956, 359.1418433189392, 360.1276876926422, 358.6596779823303, 359.42127227783203, 362.7028579711914, 357.3817105293274, 357.18015456199646, 362.2142562866211, 360.40138840675354, 362.2374658584595, 367.95784759521484, 371.6412196159363, 361.3965218067169, 360.45223689079285, 359.68203258514404, 360.3734278678894, 363.5053143501282, 358.9511077404022, 358.87683725357056, 357.21904468536377, 371.65541100502014, 373.2248589992523, 366.9493715763092, 371.8760507106781, 358.172322511673, 365.24918150901794, 368.17284083366394, 360.20010709762573, 363.29724168777466, 367.34967827796936, 364.07184410095215, 352.8064615726471, 361.5430471897125, 363.24920439720154, 370.62872290611267, 361.48551630973816, 374.23377752304077], "train_losses": [5.511328146011511, 5.2719145856866225, 5.138809605454252, 5.058476295653811, 4.992219857726857, 4.938837172556614, 4.890717870878382, 4.849184417191114, 4.818131925394008, 4.789275976951213, 4.764673598784358, 4.738415933785165, 4.722345489753106, 4.71034833723307, 4.706387667419719, 4.673446240788554, 4.666343929858534, 4.651189587703728, 4.638388114544672, 4.6196139092840625, 4.611111391264591, 4.602064675111613, 4.5997336580872465, 4.587493612500673, 4.574424032461944, 4.577068541229627, 4.556423891264591, 4.554708931741165, 4.549495975875423, 4.553934867677909, 4.539961792668495, 4.531704268866656, 4.528731140067775, 4.525727754693131, 4.518048047442311, 4.518109401054273, 4.506157213167662, 4.4956085942122535, 4.49867333319886, 4.4920685748480444, 4.478544305712441, 4.483950987709107, 4.476148573234361, 4.4768192606637625, 4.476227576515519, 4.461977149561616, 4.455226571324834, 4.4532086258135655, 4.453051459711689, 4.445793663600667], "val_losses": [5.555579316737288, 5.369116790254237, 5.269720272775424, 5.220426046080508, 5.178726496292373, 5.1494948358050845, 5.119038996292373, 5.097881686970339, 5.083174655720339, 5.074481263241525, 5.061100701800847, 5.050228747351695, 5.0442915783898306, 5.0426744570974575, 5.047778072033898, 5.031164923199152, 5.028546742584746, 5.021555217161017, 5.016340704449153, 5.009771252648305, 5.006280455508475, 5.005710407838983, 5.007852224576271, 5.003796676377118, 4.996773371292373, 5.005563757944915, 4.991513837394068, 4.993466631355933, 4.990878244173729, 5.002035553495762, 4.994216432733051, 4.989750728283898, 4.98988049523305, 4.991417836334746, 4.990353548728813, 4.995290982521187, 4.9816591631355935, 4.978375595868644, 4.985326403601695, 4.98498576536017, 4.97808064088983, 4.9833835407838984, 4.979334282309322, 4.988255097987288, 4.9791459216101694, 4.974577926377119, 4.970697828389831, 4.967163996292373, 4.976818061440678, 4.969683196504238], "test_losses": [5.510918774651092, 5.321346542210255, 5.220563870031857, 5.172260173316141, 5.127482886453277, 5.099072502654733, 5.070800188675667, 5.051697962492415, 5.038019569174757, 5.026322151850728, 5.017477387363471, 5.005749156174151, 4.999908150978459, 4.998933958775789, 5.005611678929005, 4.98467543518659, 4.984334704945389, 4.977928976410801, 4.971593764221784, 4.965622392672937, 4.963651490442961, 4.963532086714958, 4.966738506428246, 4.959991455078125, 4.953379806962985, 4.965507433252427, 4.94919652846253, 4.953900087226942, 4.95067885315534, 4.959818423373028, 4.952362060546875, 4.947771683479976, 4.949598886434314, 4.952877896503337, 4.950246273892597, 4.952317024897603, 4.943799657729065, 4.935711018090109, 4.945058285611347, 4.94496614030264, 4.935462433157615, 4.938468266459345, 4.935400805427033, 4.939599194572967, 4.937901469110285, 4.929832088137136, 4.927078691501062, 4.925669253451153, 4.932030835197967, 4.926833662014563], "status": "OK"}