{"data": "data/ptb", "recepie_id": 2006304, "recepies_list_path": "data/new_recepies_fix.json", "cuda": true, "batch_size": 20, "model": "CustomRNN", "emsize": 400, "nhid": 600, "nlayers": 3, "dropout": 0.1, "dropouth": 0.25, "dropouti": 0.4, "dropoute": 0.0, "wdrop": 0.1, "tied": true, "bptt": 70, "lr": 0.001, "wdecay": 1.2e-06, "epochs": 50, "alpha": 2, "beta": 1, "log_interval": 200, "clip": 0.25, "eval_batch_size": 50, "recepie": "{\"node_0\": {\"op\": \"linear\", \"input\": [\"h_prev_0\", \"h_prev_1\"]}, \"node_3\": {\"op\": \"linear\", \"input\": [\"x\", \"h_prev_1\"]}, \"node_4\": {\"op\": \"activation_tanh\", \"input\": [\"node_3\"]}, \"node_8\": {\"op\": \"linear\", \"input\": [\"node_4\", \"h_prev_1\"]}, \"h_new_0\": {\"op\": \"activation_tanh\", \"input\": [\"node_0\"]}, \"h_new_1\": {\"op\": \"activation_leaky_relu\", \"input\": [\"node_8\"]}}", "experiment_id": 999976074, "init_time": "2020-05-18_07-21-26", "num_params": 9254800, "wall_times": [148.91224431991577, 148.1383695602417, 147.8858344554901, 145.2543272972107, 145.22723293304443, 145.23850202560425, 145.50781774520874, 145.5021252632141, 145.47266221046448, 145.48278832435608, 145.48233675956726, 145.54257464408875, 145.32158517837524, 145.3258500099182, 145.58710956573486, 145.5218300819397, 145.49357891082764, 145.27307605743408, 145.3917601108551, 145.31328439712524, 145.25901246070862, 144.67205238342285, 144.5289876461029, 144.20538449287415, 144.28256344795227, 144.84082221984863, 144.72660183906555, 144.00685858726501, 144.5750629901886, 144.67802214622498, 144.6987144947052, 144.5572018623352, 144.97112321853638, 145.031423330307, 145.11595845222473, 144.91181874275208, 144.61862564086914, 144.61375665664673, 144.89534306526184, 144.43659567832947, 144.5382571220398, 144.45633482933044, 144.60623955726624, 144.4381546974182, 144.0964813232422, 144.37729859352112, 144.90584540367126, 144.46647024154663, 144.31818747520447, 144.23613905906677], "train_losses": [6.474897547872627, 6.407161899575063, 6.375052528777365, 6.352741665994298, 6.322135458689688, 6.291983940481954, 6.263179680356086, 6.235160410279168, 6.212513783551181, 6.190428164165456, 6.169716697595611, 6.146725902318326, 6.132293095449411, 6.110422633935776, 6.091479916357377, 6.078876371631434, 6.0794331766715075, 6.057681220079608, 6.038548138212038, 6.022299936797375, 6.016939480124791, 6.002066271986445, 5.988897517616051, 5.9774130459631, 5.969859407777957, 5.963723206121242, 5.955972479963423, 5.948343200338874, 5.941801896751116, 5.932537081114518, 5.92344371940724, 5.915260156123931, 5.9057503462697, 5.8972793455166475, 5.893602331101071, 5.88667567640256, 5.8803486902264535, 5.8775033114141255, 5.8708851056963045, 5.8663037558496045, 5.855481567021677, 5.85286983621107, 5.851809595368727, 5.8451149077510625, 5.841093304555968, 5.836124082217202, 5.824429075224571, 5.825623789736969, 5.822598552390942, 5.80926506777473], "val_losses": [6.488581832627118, 6.429008871822034, 6.413384533898305, 6.402883342161017, 6.384902012711865, 6.363271318855932, 6.345510460805085, 6.332457627118644, 6.3206289724576274, 6.311056673728814, 6.302052436440678, 6.289975503177966, 6.287815810381356, 6.275993776483051, 6.274359110169492, 6.2709130031779665, 6.280346927966102, 6.268646054025424, 6.257286811440678, 6.255615068855932, 6.253931408898305, 6.254306806144068, 6.250354210805085, 6.248865201271187, 6.246281117584746, 6.247644332627119, 6.244441869703389, 6.254984772245763, 6.243327595338983, 6.243623543432204, 6.250999073093221, 6.247621822033898, 6.245421742584746, 6.248278601694915, 6.247507282838983, 6.246784957627119, 6.247607256355932, 6.2458507680084745, 6.250055614406779, 6.23982719809322, 6.243977092161017, 6.244652409957627, 6.245642876059322, 6.2423867849576276, 6.244198887711865, 6.24489936440678, 6.245604475635593, 6.245873940677966, 6.2451489671610165, 6.24385593220339], "test_losses": [6.433956405491505, 6.382836202973301, 6.362247207789745, 6.355086539555522, 6.340022707448422, 6.323226780567355, 6.308261315799454, 6.293189187651699, 6.285717417892901, 6.276091047861044, 6.267920040389867, 6.260466640435376, 6.256326323574029, 6.245540285573422, 6.247040683783374, 6.240332149764867, 6.250212734185376, 6.243704490291262, 6.228865836430522, 6.230688595077367, 6.227651651623179, 6.227609578845571, 6.224674558176578, 6.222124118249393, 6.221311698839503, 6.224715445805522, 6.220687125493022, 6.230840294106493, 6.216963980961772, 6.221342512704794, 6.222930019341626, 6.222249744007889, 6.219614565951153, 6.222957870335255, 6.223105421344053, 6.221106668120449, 6.220693643810679, 6.218941401509405, 6.226363395024272, 6.216345333358617, 6.222455367301274, 6.220823417589503, 6.220047737788228, 6.219408350083435, 6.219353833244842, 6.220048330362561, 6.219379313941141, 6.219797078845571, 6.222644398513349, 6.217859360778216], "status": "OK"}