{"data": "data/ptb", "recepie_id": 2001737, "recepies_list_path": "data/new_recepies_fix.json", "cuda": true, "batch_size": 20, "model": "CustomRNN", "emsize": 400, "nhid": 600, "nlayers": 3, "dropout": 0.1, "dropouth": 0.25, "dropouti": 0.4, "dropoute": 0.0, "wdrop": 0.1, "tied": true, "bptt": 70, "lr": 0.001, "wdecay": 1.2e-06, "epochs": 50, "alpha": 2, "beta": 1, "log_interval": 200, "clip": 0.25, "eval_batch_size": 50, "recepie": "{\"node_0\": {\"op\": \"linear\", \"input\": [\"h_prev_1\", \"x\", \"h_prev_0\"]}, \"node_1\": {\"op\": \"activation_leaky_relu\", \"input\": [\"node_0\"]}, \"node_2\": {\"op\": \"linear\", \"input\": [\"h_prev_0\", \"node_1\"]}, \"node_3\": {\"op\": \"activation_leaky_relu\", \"input\": [\"node_2\"]}, \"node_5\": {\"op\": \"linear\", \"input\": [\"h_prev_0\", \"h_prev_1\"]}, \"node_8\": {\"op\": \"linear\", \"input\": [\"x\", \"h_new_1\", \"node_3\"]}, \"h_new_0\": {\"op\": \"activation_tanh\", \"input\": [\"node_8\"]}, \"h_new_1\": {\"op\": \"activation_tanh\", \"input\": [\"node_5\"]}}", "experiment_id": 999990850, "init_time": "2020-05-19_08-40-07", "num_params": 12736400, "wall_times": [236.96002054214478, 237.68567848205566, 231.08875679969788, 232.11020874977112, 231.61790943145752, 232.13169479370117, 234.7317008972168, 232.25117111206055, 234.98017191886902, 234.74229526519775, 233.0495240688324, 233.3113706111908, 232.04192996025085, 232.54281377792358, 233.06243705749512, 235.84920144081116, 235.55463576316833, 232.27834343910217, 231.69867062568665, 232.6582372188568, 233.15354371070862, 232.92796730995178, 231.29473853111267, 231.4626796245575, 232.86151838302612, 234.51055765151978, 232.14811277389526, 234.57261443138123, 231.6942958831787, 232.52377223968506, 233.1723027229309, 232.26702308654785, 231.10902953147888, 234.42324995994568, 235.39668440818787, 231.34661722183228, 234.70837450027466, 234.94180154800415, 231.29545617103577, 232.70916557312012, 231.3912410736084, 232.57606291770935, 233.6500964164734, 230.34083437919617, 231.68347907066345, 231.77224397659302, 235.08881402015686, 233.4145381450653, 233.06756496429443, 231.2863335609436], "train_losses": [5.472376586789307, 5.1913585538701525, 5.046325338873649, 4.934438202624926, 4.839053086843096, 4.774496900381905, 4.726244385724275, 4.6830295909310955, 4.633077245037922, 4.604292315502125, 4.572630069657361, 4.550349463450057, 4.523356815797967, 4.5002420526061, 4.486624492361895, 4.461901508122209, 4.447195131380775, 4.424766183906192, 4.409541663304825, 4.402289330186649, 4.379486377817224, 4.380845402345221, 4.358948886558012, 4.350344252595342, 4.338541666666667, 4.333587992846001, 4.3290705179925775, 4.307644239820343, 4.303143994405895, 4.291045566403098, 4.296593025523102, 4.2832276034102525, 4.276096296595127, 4.282707778629445, 4.284038227502555, 4.268443904308536, 4.272642004195578, 4.271027059464257, 4.2457384453499, 4.247095788957022, 4.240788133370986, 4.228116511349578, 4.234299778790812, 4.22300357027594, 4.225682958151794, 4.212939896993169, 4.222627043999785, 4.207858052955731, 4.198537346700016, 4.189196049163574], "val_losses": [5.517785023834746, 5.290459149894068, 5.1847811837923725, 5.10503078654661, 5.0349569650423724, 4.996015625, 4.964107521186441, 4.940072166313559, 4.9157435116525425, 4.89828720868644, 4.879010195974576, 4.8741508871822035, 4.864721927966102, 4.851323159427966, 4.850410818326271, 4.833907243114407, 4.836146716101695, 4.821377780720339, 4.813452065677966, 4.812324549788135, 4.803029329978814, 4.818510328389831, 4.798371954449152, 4.793280918961864, 4.786152674788136, 4.789091631355932, 4.784483249470339, 4.77404296875, 4.773697033898305, 4.7707752913135595, 4.777906514830509, 4.7694382282838985, 4.768185248940678, 4.77662407309322, 4.782166644597457, 4.766563493114407, 4.7798123013771185, 4.78079250529661, 4.75887016684322, 4.765469743114407, 4.7598953919491525, 4.753634798728814, 4.760995431673729, 4.749845074152542, 4.758274298199153, 4.7492396054025425, 4.7603131620762715, 4.756737950211864, 4.751104674258475, 4.7405164194915255], "test_losses": [5.483412659283981, 5.251497435338289, 5.147987143507281, 5.066007447474211, 4.995136149878641, 4.958849268052185, 4.928232730013653, 4.90759514373483, 4.879763705059163, 4.864276182304308, 4.846859533809921, 4.838712821886378, 4.829228077119994, 4.819917845494539, 4.81539798477321, 4.800603773987409, 4.799363515909436, 4.788339855601486, 4.781382440363319, 4.778984884613926, 4.769869609943871, 4.783541188656705, 4.764121638918386, 4.757343181128641, 4.755055251630765, 4.757943162640322, 4.755553310357251, 4.743329390738774, 4.744666238432949, 4.740265485152458, 4.748443010941292, 4.742125575982251, 4.739977790314017, 4.745454362295206, 4.751331810812348, 4.73734350111878, 4.750669905282919, 4.749314391497269, 4.732457725747118, 4.734735285194175, 4.730036170737257, 4.722268410099363, 4.730278829926426, 4.720985190382281, 4.728241855658374, 4.719860188011984, 4.731310501839351, 4.724847293594508, 4.722410035364836, 4.713294760694781], "status": "OK"}