{"data": "data/ptb", "recepie_id": 2009199, "recepies_list_path": "data/new_recepies_fix.json", "cuda": true, "batch_size": 20, "model": "CustomRNN", "emsize": 400, "nhid": 600, "nlayers": 3, "dropout": 0.1, "dropouth": 0.25, "dropouti": 0.4, "dropoute": 0.0, "wdrop": 0.1, "tied": true, "bptt": 70, "lr": 0.001, "wdecay": 1.2e-06, "epochs": 50, "alpha": 2, "beta": 1, "log_interval": 200, "clip": 0.25, "eval_batch_size": 50, "recepie": "{\"node_3\": {\"op\": \"linear\", \"input\": [\"x\", \"h_prev_1\"]}, \"node_5\": {\"op\": \"linear\", \"input\": [\"h_new_1\", \"h_prev_1\", \"h_prev_0\"]}, \"node_6\": {\"op\": \"activation_tanh\", \"input\": [\"node_5\"]}, \"node_7\": {\"op\": \"linear\", \"input\": [\"x\", \"node_6\"]}, \"node_8\": {\"op\": \"activation_leaky_relu\", \"input\": [\"node_7\"]}, \"node_9\": {\"op\": \"linear\", \"input\": [\"node_6\", \"h_prev_1\", \"node_8\"]}, \"h_new_0\": {\"op\": \"activation_tanh\", \"input\": [\"node_9\"]}, \"h_new_1\": {\"op\": \"activation_leaky_relu\", \"input\": [\"node_3\"]}}", "experiment_id": 999915759, "init_time": "2020-05-10_04-46-20", "num_params": 12736400, "wall_times": [286.0205063819885, 240.56875610351562, 238.70456719398499, 240.11677479743958, 234.58075332641602, 235.5738422870636, 233.41233348846436, 234.6179735660553, 233.8454029560089, 235.4205756187439, 236.18763852119446, 236.28018808364868, 232.7472071647644, 234.99216389656067, 235.44145011901855, 236.02403473854065, 235.12229347229004, 236.8756504058838, 233.97843289375305, 230.45536732673645, 234.69953298568726, 234.67799639701843, 233.99697494506836, 234.8570659160614, 233.9343340396881, 235.0294268131256, 234.22613334655762, 234.3181324005127, 233.18707966804504, 233.26488947868347, 233.60584783554077, 233.5671889781952, 233.65992331504822, 235.12066888809204, 231.4447000026703, 232.57259440422058, 233.80353331565857, 232.63984274864197, 237.11496376991272, 232.0236566066742, 233.42014718055725, 232.52173781394958, 230.41234636306763, 232.87290215492249, 235.68874192237854, 232.495512008667, 234.80669140815735, 234.2322974205017, 234.2108654975891, 234.18054342269897], "train_losses": [5.562149107767199, 5.222653938733796, 5.037254249367974, 4.907416138857512, 4.805176647974826, 4.738231452719058, 4.671628745091711, 4.615428836533806, 4.561476739416922, 4.52284833723307, 4.494450019498682, 4.458505627723092, 4.4291369984132105, 4.405745723737292, 4.38025245750632, 4.35868792359206, 4.335620226184713, 4.312658847022753, 4.292411734844817, 4.279041690199559, 4.255366339895648, 4.242132029611102, 4.2289666370824595, 4.2180637640524985, 4.202694264025604, 4.196925343580227, 4.187460078129202, 4.171700184228928, 4.161852089048464, 4.149957052471626, 4.1388407024904525, 4.127757970926792, 4.127647450379215, 4.1146060257651556, 4.110583582109623, 4.100141281399602, 4.093775213813135, 4.0820839888924745, 4.090507083400571, 4.068011319321177, 4.067684380210855, 4.067845328384703, 4.052586348905384, 4.059794137620354, 4.041414528535313, 4.0338222291700285, 4.018884725808187, 4.029968297832284, 4.016723061562046, 4.017317687321823], "val_losses": [5.596197695974576, 5.311622417902543, 5.173246159957627, 5.080217161016949, 5.011923000529661, 4.972013042902542, 4.930693193855932, 4.8975049655720335, 4.867353019067797, 4.849605402542373, 4.832973384533898, 4.818110434322034, 4.807897907838983, 4.7948824814618645, 4.783691737288136, 4.78368842690678, 4.772339777542373, 4.759985765360169, 4.754995365466102, 4.745573027012711, 4.741455574682203, 4.737338122351695, 4.7347480799788135, 4.727078257415254, 4.726948490466102, 4.72051079184322, 4.723409030720339, 4.721196702860169, 4.714659361758475, 4.710105601165254, 4.707971067266949, 4.710517081567796, 4.702573821504237, 4.710592558262712, 4.703207759533898, 4.70715671345339, 4.704709348516949, 4.703366657838983, 4.700866988877118, 4.696877648305085, 4.695448887711865, 4.691692597987288, 4.6982915121822035, 4.694653403072034, 4.701556210275424, 4.697828389830509, 4.696658832097458, 4.692844941737288, 4.690067200741526, 4.692930680614407], "test_losses": [5.562783250530947, 5.271813846328883, 5.126574470001517, 5.035120102965716, 4.96386481720267, 4.923660722751062, 4.885255091398665, 4.852283662962682, 4.824818138937348, 4.804390620259405, 4.789772404050364, 4.776429704092081, 4.764070677525789, 4.752882874127731, 4.743976778197057, 4.740779543385922, 4.728014603401851, 4.716129636301578, 4.711346672576608, 4.707348869842233, 4.701695118135619, 4.694788960577215, 4.692342221158222, 4.686729357080552, 4.68538125047406, 4.678911820198726, 4.678573460254855, 4.68077102216702, 4.674866315230583, 4.669457889297633, 4.669578181887136, 4.66856399091702, 4.661710868761378, 4.665139207562197, 4.660494609943871, 4.662540176539745, 4.659352422917931, 4.663343114760315, 4.658282233673392, 4.656708356246208, 4.655835197967233, 4.652617519341626, 4.656377403481493, 4.652972471366808, 4.657569959325698, 4.655245586506371, 4.65452590497952, 4.650183223983617, 4.646567335406553, 4.647045542892901], "status": "OK"}