{"data": "data/ptb", "recepie_id": 2010948, "recepies_list_path": "data/new_recepies_fix.json", "cuda": true, "batch_size": 20, "model": "CustomRNN", "emsize": 400, "nhid": 600, "nlayers": 3, "dropout": 0.1, "dropouth": 0.25, "dropouti": 0.4, "dropoute": 0.0, "wdrop": 0.1, "tied": true, "bptt": 70, "lr": 0.001, "wdecay": 1.2e-06, "epochs": 50, "alpha": 2, "beta": 1, "log_interval": 200, "clip": 0.25, "eval_batch_size": 50, "recepie": "{\"node_0\": {\"op\": \"linear\", \"input\": [\"h_prev_0\", \"x\"]}, \"node_1\": {\"op\": \"activation_leaky_relu\", \"input\": [\"node_0\"]}, \"node_2\": {\"op\": \"linear\", \"input\": [\"x\", \"h_prev_0\", \"node_1\"]}, \"node_3\": {\"op\": \"activation_leaky_relu\", \"input\": [\"node_2\"]}, \"node_8\": {\"op\": \"linear\", \"input\": [\"x\", \"node_1\", \"node_3\"]}, \"node_9\": {\"op\": \"activation_leaky_relu\", \"input\": [\"node_8\"]}, \"node_12\": {\"op\": \"linear\", \"input\": [\"node_9\", \"h_prev_0\"]}, \"h_new_0\": {\"op\": \"activation_sigm\", \"input\": [\"node_12\"]}}", "experiment_id": 999998723, "init_time": "2020-05-13_05-28-30", "num_params": 12696400, "wall_times": [227.97293066978455, 223.47986793518066, 223.45027899742126, 223.83475756645203, 221.80634999275208, 224.64940667152405, 223.53374648094177, 224.30211448669434, 223.63319635391235, 222.78605365753174, 222.56716895103455, 223.681307554245, 221.11936259269714, 224.45157766342163, 223.11665892601013, 224.5134482383728, 221.89069747924805, 222.84562945365906, 221.89883160591125, 222.21602773666382, 222.90972590446472, 223.10841298103333, 222.47438979148865, 224.21854639053345, 223.50555753707886, 224.6408486366272, 223.75369882583618, 224.10997319221497, 224.2360999584198, 225.82711744308472, 221.9951684474945, 226.94609308242798, 222.6986391544342, 223.82609152793884, 221.5449240207672, 221.402765750885, 223.88728594779968, 221.7616264820099, 224.02980995178223, 223.17796158790588, 221.63784527778625, 226.81799840927124, 222.32603645324707, 221.44404697418213, 224.41999006271362, 221.97361731529236, 221.9388027191162, 222.00877809524536, 221.6395275592804, 221.17097330093384], "train_losses": [6.237787689607875, 5.997926584099833, 5.850487130869776, 5.71474982854607, 5.619329413425851, 5.542440310499704, 5.475222806062073, 5.4239530384325745, 5.374419662067667, 5.330434585283202, 5.2956336399333015, 5.263739847237911, 5.236250487467054, 5.214804038244312, 5.185916992765317, 5.167343657549352, 5.151484589317412, 5.12711922099403, 5.112380066295519, 5.09442110765962, 5.080719081141413, 5.063545953014899, 5.0554355097896835, 5.03898853948147, 5.032238801705126, 5.02058497727395, 5.010892787504707, 4.998527093082674, 4.991455458958636, 4.980505940374375, 4.967678833171965, 4.959741945027163, 4.95171638830617, 4.944643913721693, 4.93599011282341, 4.925312062960573, 4.9192733547146466, 4.9119672321284495, 4.900687412592115, 4.892562681539455, 4.886821496288527, 4.883744570625572, 4.877168808159862, 4.869002894545748, 4.862775923161745, 4.856034169759561, 4.849431092329622, 4.846641183906192, 4.8405264139906405, 4.837979818863967], "val_losses": [6.2530402542372885, 6.022074284957627, 5.889872219279661, 5.762171610169491, 5.678977754237288, 5.6152615201271185, 5.5603482521186445, 5.5169915254237285, 5.47811970338983, 5.444061837923729, 5.420165188029661, 5.395410487288135, 5.375291644597458, 5.361200013241525, 5.343092558262712, 5.331829316737288, 5.318311705508474, 5.304479277012712, 5.297642346398305, 5.281068922139831, 5.2774275026483055, 5.266214578919492, 5.261880627648305, 5.2527923066737285, 5.250852092161017, 5.243536480402542, 5.238372616525424, 5.228726165254237, 5.228325278072034, 5.223650357521186, 5.214455442266949, 5.21333156779661, 5.205119504766949, 5.203060116525424, 5.19904826536017, 5.19144829184322, 5.187546014300848, 5.186444319385593, 5.183884401483051, 5.175747153072034, 5.172629104872882, 5.173635460805085, 5.166825675317797, 5.1681749867584745, 5.163283236228813, 5.159909957627119, 5.158265691207627, 5.153838718220339, 5.148789393538135, 5.152127251059322], "test_losses": [6.185214440799454, 5.963135358199333, 5.831221793461772, 5.704934129437197, 5.622232677867111, 5.555850723414745, 5.49799295073574, 5.459650428549757, 5.418442216891687, 5.385805000379247, 5.360561333813713, 5.336882656060376, 5.316976899082221, 5.302144170964806, 5.283908881030037, 5.272165242908071, 5.259619851714199, 5.243039029315837, 5.233676947436287, 5.220057218977549, 5.212594930408071, 5.201808892407463, 5.197180886870449, 5.186916906856796, 5.184419798619539, 5.176949806583738, 5.171861963364685, 5.161022001099818, 5.160908226827973, 5.155807939547937, 5.147815889525182, 5.144160891042172, 5.13794182342233, 5.136988371321299, 5.132231777154126, 5.125385173316141, 5.119377062158677, 5.116172420168386, 5.115629029505461, 5.107666015625, 5.105688002503034, 5.105030244993932, 5.099171462568265, 5.097787801501821, 5.09564446014108, 5.092023238395024, 5.088823929573726, 5.086736290200243, 5.082618491163531, 5.082414645593143], "status": "OK"}