{"data": "data/ptb", "recepie_id": 2003736, "recepies_list_path": "data/new_recepies_fix.json", "cuda": true, "batch_size": 20, "model": "CustomRNN", "emsize": 400, "nhid": 600, "nlayers": 3, "dropout": 0.1, "dropouth": 0.25, "dropouti": 0.4, "dropoute": 0.0, "wdrop": 0.1, "tied": true, "bptt": 70, "lr": 0.001, "wdecay": 1.2e-06, "epochs": 50, "alpha": 2, "beta": 1, "log_interval": 200, "clip": 0.25, "eval_batch_size": 50, "recepie": "{\"node_0\": {\"op\": \"linear\", \"input\": [\"x\", \"h_prev_1\"]}, \"node_1\": {\"op\": \"activation_sigm\", \"input\": [\"node_0\"]}, \"node_4\": {\"op\": \"linear\", \"input\": [\"node_1\", \"h_prev_2\"]}, \"node_6\": {\"op\": \"linear\", \"input\": [\"h_prev_2\", \"h_prev_0\"]}, \"node_7\": {\"op\": \"activation_sigm\", \"input\": [\"node_6\"]}, \"node_8\": {\"op\": \"linear\", \"input\": [\"node_7\", \"x\", \"h_prev_1\"]}, \"node_9\": {\"op\": \"activation_tanh\", \"input\": [\"node_8\"]}, \"node_10\": {\"op\": \"linear\", \"input\": [\"node_9\", \"h_prev_0\"]}, \"node_15\": {\"op\": \"linear\", \"input\": [\"node_7\", \"node_1\"]}, \"node_16\": {\"op\": \"activation_tanh\", \"input\": [\"node_15\"]}, \"h_new_0\": {\"op\": \"activation_leaky_relu\", \"input\": [\"node_10\"]}, \"h_new_1\": {\"op\": \"linear\", \"input\": [\"node_16\", \"h_new_2\"]}, \"h_new_2\": {\"op\": \"activation_leaky_relu\", \"input\": [\"node_4\"]}}", "experiment_id": 999915146, "init_time": "2020-05-13_09-46-58", "num_params": 17141200, "wall_times": [355.50784277915955, 349.7154002189636, 349.65520572662354, 349.70093607902527, 349.11849188804626, 349.0141804218292, 348.6254143714905, 348.0939359664917, 348.02785873413086, 347.9778814315796, 348.02587628364563, 347.94510197639465, 348.12551259994507, 347.9930443763733, 347.7177882194519, 347.2986569404602, 347.18440651893616, 347.2388017177582, 347.6470239162445, 347.5646948814392, 347.3694350719452, 347.3537263870239, 347.24964356422424, 347.34200716018677, 347.37562322616577, 347.4735698699951, 347.46811532974243, 347.695472240448, 347.55733919143677, 339.44528889656067, 324.5393855571747, 323.8813326358795, 323.8353638648987, 323.86713099479675, 323.68942403793335, 323.4908881187439, 323.80155873298645, 323.45914101600647, 323.4397089481354, 323.79251050949097, 323.2842171192169, 323.5298047065735, 324.1787209510803, 324.0658895969391, 324.0078372955322, 324.2923662662506, 324.0446708202362, 323.77394795417786, 323.92949414253235, 323.6319453716278], "train_losses": [5.695544887311065, 5.397085199155505, 5.223693588295411, 5.091371496960895, 5.006833363589909, 4.933512435452639, 4.875598407831746, 4.825573782340918, 4.781777388924748, 4.746764647544511, 4.710913546877522, 4.678314607874778, 4.651075705314399, 4.6269624751223715, 4.606621651605615, 4.581551977435318, 4.5628408067075465, 4.551905996180948, 4.529978383357538, 4.517251290947232, 4.497457186945296, 4.486924116507987, 4.4718895399655745, 4.45937256266473, 4.44911726440213, 4.438028649615405, 4.4270261820235595, 4.417783218358346, 4.408792813054704, 4.399686844440859, 4.393079144478511, 4.381450954090689, 4.3767821963584534, 4.36973955811952, 4.362410743101501, 4.3561829312570595, 4.350514025603787, 4.345437644559195, 4.339366158356194, 4.337458313162283, 4.32913187160454, 4.321805157737615, 4.318548793771179, 4.313253472782529, 4.310296312731967, 4.305992314829757, 4.300610006185789, 4.295809296164811, 4.293077379511591, 4.290797210343714], "val_losses": [5.71920749470339, 5.459450476694915, 5.319449483580509, 5.21888440148305, 5.1620286016949155, 5.1133107123940675, 5.072963122351695, 5.041917372881356, 5.013656647245763, 4.995397576800848, 4.977401019597457, 4.9611606197033895, 4.94698689088983, 4.935488612288135, 4.922598980402542, 4.916748874470339, 4.907060381355932, 4.903633474576271, 4.89355170815678, 4.891635659427966, 4.883424258474577, 4.881064618644068, 4.875622020656779, 4.870740201271186, 4.865857388771186, 4.866377449682203, 4.862141485699152, 4.856740598516949, 4.858152476165254, 4.855115201271186, 4.851637314618644, 4.85111626059322, 4.849625926906779, 4.847605601165254, 4.848596067266949, 4.84342922404661, 4.844167108050847, 4.843334216101695, 4.841000728283898, 4.843254104872881, 4.837906514830508, 4.83822265625, 4.83344279661017, 4.836200013241525, 4.833242849576271, 4.834125397245763, 4.831806806144068, 4.831160950741525, 4.8317468882415255, 4.829856329449153], "test_losses": [5.673128294713289, 5.414119387135922, 5.270147527305825, 5.166809674605583, 5.106510495676578, 5.055208965412621, 5.017118287317961, 4.986171685376213, 4.959510877294448, 4.937610218825849, 4.919949725993629, 4.900623802999848, 4.886701861631523, 4.878001388994235, 4.864755574939321, 4.856168876573878, 4.844806263747724, 4.844434719641232, 4.833336987541717, 4.828726759234678, 4.82204370591247, 4.81858366438486, 4.812091123710558, 4.808870482213289, 4.803313616410042, 4.802766374013956, 4.798151405112257, 4.79541252654733, 4.79380813154202, 4.793582657008495, 4.790399940268507, 4.785410168101486, 4.784844555901092, 4.784504121947057, 4.783255271541262, 4.779361465602245, 4.779225469792931, 4.779495683688562, 4.776290745411105, 4.777487745562803, 4.772694708074181, 4.772785075659891, 4.769791982706311, 4.77206065353838, 4.768942231113471, 4.770608253849363, 4.767194136832524, 4.766720966228004, 4.768717052867111, 4.766680967460558], "status": "OK"}