{"data": "data/ptb", "recepie_id": 2010825, "recepies_list_path": "data/new_recepies_fix.json", "cuda": true, "batch_size": 20, "model": "CustomRNN", "emsize": 400, "nhid": 600, "nlayers": 3, "dropout": 0.1, "dropouth": 0.25, "dropouti": 0.4, "dropoute": 0.0, "wdrop": 0.1, "tied": true, "bptt": 70, "lr": 0.001, "wdecay": 1.2e-06, "epochs": 50, "alpha": 2, "beta": 1, "log_interval": 200, "clip": 0.25, "eval_batch_size": 50, "recepie": "{\"node_0\": {\"op\": \"linear\", \"input\": [\"h_prev_0\", \"x\"]}, \"node_1\": {\"op\": \"activation_sigm\", \"input\": [\"node_0\"]}, \"node_4\": {\"op\": \"linear\", \"input\": [\"x\", \"node_1\"]}, \"node_5\": {\"op\": \"activation_tanh\", \"input\": [\"node_4\"]}, \"node_7\": {\"op\": \"linear\", \"input\": [\"node_5\", \"x\"]}, \"node_8\": {\"op\": \"activation_tanh\", \"input\": [\"node_7\"]}, \"node_9\": {\"op\": \"linear\", \"input\": [\"h_prev_0\", \"node_8\"]}, \"node_10\": {\"op\": \"activation_leaky_relu\", \"input\": [\"node_9\"]}, \"node_12\": {\"op\": \"linear\", \"input\": [\"x\", \"node_10\", \"node_5\"]}, \"node_13\": {\"op\": \"activation_sigm\", \"input\": [\"node_12\"]}, \"node_16\": {\"op\": \"elementwise_sum\", \"input\": [\"node_8\", \"node_7\"]}, \"node_17\": {\"op\": \"linear\", \"input\": [\"node_5\", \"node_8\", \"node_13\"]}, \"node_18\": {\"op\": \"activation_sigm\", \"input\": [\"node_17\"]}, \"h_new_0\": {\"op\": \"blend\", \"input\": [\"node_16\", \"node_18\", \"node_9\"]}}", "experiment_id": 999914489, "init_time": "2020-05-11_06-11-02", "num_params": 16179600, "wall_times": [426.20643424987793, 423.57008957862854, 408.7245543003082, 409.7893464565277, 406.24001479148865, 410.3505582809448, 406.36352467536926, 403.7304139137268, 405.4400429725647, 406.7185962200165, 408.1565742492676, 408.4285912513733, 407.30002427101135, 406.10462760925293, 406.795006275177, 407.4280662536621, 406.76555275917053, 408.6937005519867, 408.27468752861023, 405.63551354408264, 406.46699929237366, 409.37302899360657, 408.2048101425171, 409.67141795158386, 410.974244594574, 408.5755834579468, 407.3465440273285, 407.4374053478241, 409.2677309513092, 402.6015315055847, 403.0193221569061, 402.1821713447571, 401.5061004161835, 405.04659605026245, 403.55845618247986, 404.91159772872925, 406.50768971443176, 408.2084147930145, 406.3232808113098, 404.6631872653961, 403.76965522766113, 409.0983021259308, 406.434415102005, 405.79787850379944, 406.08513021469116, 405.96160554885864, 403.5652117729187, 406.2802333831787, 408.1827538013458, 405.93601632118225], "train_losses": [5.684811787289549, 5.398703925958797, 5.208512771636814, 5.130743286402023, 5.025696237426712, 4.955016876445592, 4.9101106550212466, 4.877740741487817, 4.857466314345651, 4.818729492765317, 4.7759378698025925, 4.764166380910118, 4.720459496530579, 4.716406796299284, 4.691155582674412, 4.681492388790275, 4.665228638857512, 4.644560876230434, 4.644078031708891, 4.640788049324942, 4.6033547818837075, 4.602232346968964, 4.61412023963208, 4.570791982679792, 4.575890215695766, 4.565753842585122, 4.561219558522941, 4.560168142515195, 4.531636191571191, 4.532554814829757, 4.5349698778979075, 4.511795442014954, 4.501842709509978, 4.489128224006239, 4.5154140444301, 4.483563535447259, 4.485560889677801, 4.489582072642676, 4.4707986223172504, 4.469749307460599, 4.466011779893497, 4.454455028642892, 4.460487853665752, 4.45293379525039, 4.441182057178205, 4.4231365311172075, 4.436111559356678, 4.441406460115109, 4.42857515061051, 4.414633592867516], "val_losses": [5.714892743644068, 5.46267280190678, 5.307777740995762, 5.2492588056144065, 5.170633606991525, 5.120397245762712, 5.09078720868644, 5.065345603813559, 5.053694716631356, 5.031970338983051, 5.006006024894067, 4.9956839247881355, 4.966201337394068, 4.969693127648305, 4.956013969809322, 4.945407507944915, 4.936880627648305, 4.920827595338983, 4.927100768008475, 4.927969412076271, 4.899572298728813, 4.899835143008475, 4.926914724576271, 4.891109639830509, 4.892823093220339, 4.891624735169492, 4.883290850105932, 4.889636520127119, 4.872700278072034, 4.868798662605932, 4.875596530720339, 4.85454548463983, 4.852354343220339, 4.845475039724576, 4.86488049523305, 4.843969809322034, 4.840432997881356, 4.8484067134533895, 4.832303694385593, 4.829855667372882, 4.8335646186440675, 4.82665419756356, 4.838483183262712, 4.829012513241525, 4.827295749470339, 4.811486030190678, 4.8171375132415255, 4.828127648305085, 4.810244968220339, 4.807900225105932], "test_losses": [5.669922467574333, 5.421003915731189, 5.268521503337379, 5.208004849628337, 5.128208197436287, 5.079403182835255, 5.054686314851335, 5.028045358009709, 5.014254375568871, 4.986421751744539, 4.961045348528519, 4.95169422927412, 4.926423896863622, 4.926185089407615, 4.910536682721481, 4.908007871757433, 4.894433475235133, 4.882747613110588, 4.884378377673696, 4.882700799738319, 4.856546050136529, 4.856757895460406, 4.878478707619084, 4.843393862826153, 4.846391103800061, 4.842291378280492, 4.83752915465716, 4.842242787185224, 4.822809608237257, 4.824248971290959, 4.833490760581007, 4.814763930237409, 4.811056785213137, 4.801801663000607, 4.824108531174151, 4.801991286787015, 4.801027168347997, 4.804824384670813, 4.789498930995904, 4.790216834799757, 4.793035414612409, 4.785353280965564, 4.797111140871511, 4.788713177430977, 4.783723405263956, 4.770075529524424, 4.775323664100425, 4.785406316368325, 4.769741910175212, 4.76393349656781], "status": "OK"}