{"data": "data/ptb", "recepie_id": 1001514, "recepies_list_path": "data/models_recepies.json", "cuda": true, "batch_size": 20, "model": "CustomRNN", "emsize": 400, "nhid": 600, "nlayers": 3, "dropout": 0.1, "dropouth": 0.25, "dropouti": 0.4, "dropoute": 0.0, "wdrop": 0.1, "tied": true, "bptt": 70, "lr": 0.001, "wdecay": 1.2e-06, "epochs": 50, "alpha": 2, "beta": 1, "log_interval": 200, "clip": 0.25, "eval_batch_size": 50, "recepie": "{\"node_0\": {\"op\": \"linear\", \"input\": [\"x\", \"h_prev_0\"]}, \"node_1\": {\"op\": \"activation_leaky_relu\", \"input\": [\"node_0\"]}, \"node_6\": {\"op\": \"linear\", \"input\": [\"h_prev_0\", \"x\"]}, \"node_7\": {\"op\": \"activation_leaky_relu\", \"input\": [\"node_6\"]}, \"node_8\": {\"op\": \"linear\", \"input\": [\"h_prev_0\", \"node_7\"]}, \"node_9\": {\"op\": \"activation_sigm\", \"input\": [\"node_8\"]}, \"h_new_0\": {\"op\": \"linear\", \"input\": [\"node_7\", \"node_9\", \"node_1\"]}}", "experiment_id": 999958899, "init_time": "2020-04-21_16-00-56", "num_params": 11856400, "wall_times": [199.6703839302063, 199.29505348205566, 196.57440328598022, 199.77491116523743, 196.09018278121948, 196.20595717430115, 196.50031518936157, 196.11655282974243, 196.35679602622986, 196.5091803073883, 196.49819922447205, 196.36369252204895, 196.21149444580078, 196.48264145851135, 196.32435154914856, 196.35729670524597, 196.12546801567078, 196.50804471969604, 196.39264941215515, 196.20391011238098, 196.23747563362122, 196.59722065925598, 196.51082682609558, 196.5040352344513, 196.6920142173767, 196.61053657531738, 196.56990432739258, 196.3887815475464, 196.26940608024597, 196.39280652999878, 196.30328607559204, 196.18773794174194, 196.29721927642822, 196.29657101631165, 196.2214550971985, 196.49981713294983, 196.18453764915466, 196.2710723876953, 196.1045105457306, 196.0439579486847, 196.16425371170044, 196.29002237319946, 196.26039052009583, 196.2842981815338, 196.30139088630676, 196.46569561958313, 196.528071641922, 196.38621973991394, 196.2709996700287, 196.30017399787903], "train_losses": [5.6784654705233715, 5.392761870663224, 5.217269949168953, 5.101679324000861, 5.017586634661933, 4.954426032757786, 4.883260885643591, 4.842459893227906, 4.804345432601797, 4.768397258754236, 4.731387163143457, 4.705570739874132, 4.6722645534129414, 4.654058499408316, 4.628691302243021, 4.609575449814426, 4.582241575224571, 4.565211745602711, 4.552304794658705, 4.541958306438599, 4.524235517185735, 4.511283601608305, 4.496944085847991, 4.489593839088807, 4.476828925958797, 4.466379481335054, 4.455383737426712, 4.444409005029315, 4.438541330482492, 4.426034018476682, 4.4197494755526865, 4.412081534747997, 4.409716479075897, 4.4022515094669465, 4.388836920418482, 4.3971183973428, 4.376520813162283, 4.3664424318218495, 4.372978272416761, 4.35545719366898, 4.351398189984401, 4.343520554300468, 4.339533409983325, 4.344590040207628, 4.334109498547685, 4.321276087891991, 4.320418818245388, 4.311105255903394, 4.306922284304234, 4.296908618417514], "val_losses": [5.705701800847458, 5.456024563029661, 5.319219081038136, 5.226931607521187, 5.170676972987288, 5.12361626059322, 5.077084878177966, 5.045865664724576, 5.024413731461864, 5.003111758474576, 4.981682004766949, 4.96828952595339, 4.951988546080509, 4.934233977754237, 4.932719478283898, 4.915010924258475, 4.9083206435381355, 4.897781382415254, 4.895001986228814, 4.890521054025424, 4.88611030190678, 4.877770789194916, 4.874684851694915, 4.866829978813559, 4.87273205773305, 4.871241724046611, 4.861183461334746, 4.859394862288136, 4.855580309851695, 4.851961731991525, 4.853820180084746, 4.855923265360169, 4.847034891419492, 4.843097854872881, 4.844942068326271, 4.844035023834746, 4.847926377118644, 4.842793961864407, 4.843197497351695, 4.834731197033898, 4.832202396716101, 4.837989936440678, 4.835864340572034, 4.8288638771186445, 4.82837360963983, 4.829556077860169, 4.826310579978814, 4.826107322563559, 4.835016220868644, 4.823155124470339], "test_losses": [5.652009538076456, 5.405904529164139, 5.26427985626517, 5.170328973566444, 5.114370401623179, 5.068358782425667, 5.017016364532767, 4.988934859488774, 4.966367554896086, 4.944525561286408, 4.922472611214351, 4.90899658203125, 4.890452560869235, 4.876240850652306, 4.874786376953125, 4.858116668404885, 4.852336698365443, 4.840621800098605, 4.836206528746966, 4.831432157349818, 4.827007108521693, 4.816204774726942, 4.815468204831614, 4.808502197265625, 4.811541511017142, 4.810018594982554, 4.80132582581159, 4.79715795424378, 4.796264944724666, 4.78950959733389, 4.79273972002048, 4.793098523778823, 4.781477252256523, 4.781770872838289, 4.782574403633192, 4.78180168670358, 4.784479233825091, 4.781167632167779, 4.781660654012439, 4.771519336885619, 4.767345539574484, 4.772489973642294, 4.769495695540049, 4.763425956652003, 4.764299114930977, 4.762119626535953, 4.759529780415655, 4.76364017227321, 4.763964606720267, 4.759940730715261], "status": "OK"}