{"data": "data/ptb", "recepie_id": 2009963, "recepies_list_path": "data/new_recepies_fix.json", "cuda": true, "batch_size": 20, "model": "CustomRNN", "emsize": 400, "nhid": 600, "nlayers": 3, "dropout": 0.1, "dropouth": 0.25, "dropouti": 0.4, "dropoute": 0.0, "wdrop": 0.1, "tied": true, "bptt": 70, "lr": 0.001, "wdecay": 1.2e-06, "epochs": 50, "alpha": 2, "beta": 1, "log_interval": 200, "clip": 0.25, "eval_batch_size": 50, "recepie": "{\"node_2\": {\"op\": \"linear\", \"input\": [\"h_prev_1\", \"h_prev_0\", \"x\"]}, \"node_3\": {\"op\": \"activation_sigm\", \"input\": [\"node_2\"]}, \"node_4\": {\"op\": \"linear\", \"input\": [\"node_3\", \"h_prev_1\"]}, \"node_5\": {\"op\": \"activation_leaky_relu\", \"input\": [\"node_4\"]}, \"node_9\": {\"op\": \"linear\", \"input\": [\"node_3\", \"h_prev_0\"]}, \"node_10\": {\"op\": \"activation_tanh\", \"input\": [\"node_9\"]}, \"node_11\": {\"op\": \"linear\", \"input\": [\"x\", \"h_prev_0\"]}, \"node_12\": {\"op\": \"activation_sigm\", \"input\": [\"node_11\"]}, \"node_13\": {\"op\": \"linear\", \"input\": [\"h_prev_1\", \"node_10\"]}, \"node_14\": {\"op\": \"activation_leaky_relu\", \"input\": [\"node_13\"]}, \"node_18\": {\"op\": \"linear\", \"input\": [\"h_prev_1\", \"h_prev_0\"]}, \"node_19\": {\"op\": \"activation_sigm\", \"input\": [\"node_18\"]}, \"h_new_0\": {\"op\": \"linear\", \"input\": [\"node_10\", \"node_5\"]}, \"h_new_1\": {\"op\": \"linear\", \"input\": [\"node_14\", \"node_19\", \"node_12\"]}}", "experiment_id": 999963937, "init_time": "2020-05-15_01-56-37", "num_params": 19782800, "wall_times": [403.4493806362152, 402.46001839637756, 401.1137578487396, 404.56349873542786, 404.71011447906494, 398.5634582042694, 394.8506314754486, 397.19099831581116, 395.3927879333496, 394.74013209342957, 392.6892557144165, 393.6101624965668, 393.15171360969543, 395.1640615463257, 395.9336106777191, 399.0276024341583, 395.0409400463104, 396.33188796043396, 392.31458473205566, 395.1074376106262, 393.93841528892517, 391.5418949127197, 390.5568699836731, 392.6389651298523, 394.5521149635315, 393.87457370758057, 399.4244351387024, 397.90491008758545, 397.9886283874512, 395.3531472682953, 392.5503489971161, 393.64878487586975, 394.1120054721832, 393.7922956943512, 394.4878067970276, 393.27462220191956, 392.88085103034973, 392.85210156440735, 396.8476662635803, 393.62514877319336, 397.6050786972046, 398.627409696579, 393.5756642818451, 392.0428833961487, 391.66771507263184, 400.2660892009735, 394.9776840209961, 393.3962609767914, 396.44233679771423, 394.28354597091675], "train_losses": [6.014083175326771, 5.734855323140229, 5.544265370340487, 5.40537213907267, 5.30351295653811, 5.237672126297671, 5.160257315367651, 5.104723891936959, 5.056368000645474, 5.010105696304664, 4.972030317088914, 4.936353191732559, 4.906816050104889, 4.877219235786133, 4.857107437738691, 4.847209755392394, 4.80622134029907, 4.789435664434404, 4.773439601151095, 4.749881495078264, 4.737877198644505, 4.727310089559464, 4.710732007422947, 4.689323799150126, 4.676383650018827, 4.665287471088161, 4.651211019444893, 4.645252575170781, 4.629429646737669, 4.619975307272336, 4.609653192404927, 4.599366376875908, 4.592424173659298, 4.579841220214082, 4.571489144612984, 4.561536832338228, 4.550496123796461, 4.546120686757033, 4.542924835942123, 4.534562254585552, 4.532153494970685, 4.516609599402937, 4.509729590258727, 4.501297670916035, 4.499579349550858, 4.491851315824862, 4.4826991218869345, 4.475210619385725, 4.468947508202894, 4.466023126109408], "val_losses": [6.026836599576272, 5.772567531779661, 5.6041359904661014, 5.487453654661017, 5.406558196504237, 5.353575873940678, 5.294596464512712, 5.253017081567797, 5.218115399894068, 5.184390889830508, 5.157470868644068, 5.136729343220339, 5.11571140095339, 5.096091101694915, 5.084989075741525, 5.086839909957627, 5.053732123940678, 5.048248146186441, 5.037184851694915, 5.020510129766949, 5.012475834216102, 5.012491061970339, 5.003124006885593, 4.988676840572034, 4.975816009004237, 4.974821239406779, 4.967389433262712, 4.958747682733051, 4.949275357521186, 4.944496490995762, 4.939480601165254, 4.928939684851695, 4.929158501059322, 4.925, 4.920186705508475, 4.916595934851695, 4.905978879766949, 4.902924721927966, 4.904020458156779, 4.900207560911017, 4.899061175847458, 4.8857938294491525, 4.882638373940678, 4.884616988877118, 4.884951999470339, 4.878051840572034, 4.874418365995763, 4.872395722987288, 4.867579780190678, 4.863720868644068], "test_losses": [5.976911526281857, 5.722012714274879, 5.55102776092233, 5.435810570577973, 5.350623862257281, 5.302430384367415, 5.239207443681735, 5.200265236271238, 5.16370102965716, 5.129668300591626, 5.104438855810073, 5.078764387704794, 5.061221817164745, 5.040570009101942, 5.025957126061893, 5.02930398589199, 4.994649646351639, 4.985671552639563, 4.977789128868325, 4.962527080646996, 4.955131160402761, 4.953766461714958, 4.946551869216474, 4.929433878185679, 4.920425859469812, 4.917525504399272, 4.909681301672482, 4.903002988944933, 4.892034141762743, 4.890433302203428, 4.884048610057645, 4.876297145213895, 4.872301416489685, 4.867780666906857, 4.865170673259254, 4.861752111934921, 4.852065299321147, 4.848991023684011, 4.849657669808101, 4.847169746472997, 4.844006584685983, 4.834438879513046, 4.830922839711014, 4.828696241656553, 4.833563350936742, 4.82638431289821, 4.820647600785042, 4.817474661521541, 4.813000132736651, 4.81042717498483], "status": "OK"}