{"data": "data/ptb", "recepie_id": 1006666, "recepies_list_path": "data/models_recepies.json", "cuda": true, "batch_size": 20, "model": "CustomRNN", "emsize": 400, "nhid": 600, "nlayers": 3, "dropout": 0.1, "dropouth": 0.25, "dropouti": 0.4, "dropoute": 0.0, "wdrop": 0.1, "tied": true, "bptt": 70, "lr": 0.001, "wdecay": 1.2e-06, "epochs": 50, "alpha": 2, "beta": 1, "log_interval": 200, "clip": 0.25, "eval_batch_size": 50, "recepie": "{\"node_2\": {\"op\": \"linear\", \"input\": [\"h_prev_0\", \"h_prev_1\"]}, \"node_3\": {\"op\": \"activation_leaky_relu\", \"input\": [\"node_2\"]}, \"node_5\": {\"op\": \"linear\", \"input\": [\"h_prev_0\", \"x\"]}, \"node_6\": {\"op\": \"activation_tanh\", \"input\": [\"node_5\"]}, \"node_8\": {\"op\": \"linear\", \"input\": [\"node_6\", \"node_3\", \"h_prev_0\"]}, \"node_9\": {\"op\": \"activation_tanh\", \"input\": [\"node_8\"]}, \"node_10\": {\"op\": \"linear\", \"input\": [\"node_6\", \"node_9\", \"h_prev_0\"]}, \"node_12\": {\"op\": \"linear\", \"input\": [\"node_3\", \"h_prev_1\"]}, \"h_new_0\": {\"op\": \"activation_sigm\", \"input\": [\"node_10\"]}, \"h_new_1\": {\"op\": \"activation_sigm\", \"input\": [\"node_12\"]}}", "experiment_id": 999995360, "init_time": "2020-04-17_18-21-31", "num_params": 14538000, "wall_times": [288.4992206096649, 290.58763670921326, 285.7550127506256, 280.89716386795044, 280.8692481517792, 280.79300236701965, 270.5286605358124, 281.7206428050995, 281.4754068851471, 280.7008888721466, 280.68202662467957, 281.3278465270996, 280.5298571586609, 279.4932861328125, 279.19930720329285, 280.0614926815033, 281.02064514160156, 280.86425518989563, 272.1296353340149, 280.26067185401917, 280.3269431591034, 280.2319173812866, 279.9251503944397, 279.93112301826477, 280.07338857650757, 279.9098210334778, 280.1659665107727, 280.3802299499512, 280.1034095287323, 280.31613183021545, 274.1765441894531, 277.7287073135376, 280.30490374565125, 280.60587787628174, 280.4946913719177, 280.36780405044556, 280.2340669631958, 279.82648515701294, 280.03459453582764, 280.22937631607056, 279.86221385002136, 280.1612639427185, 275.85448455810547, 282.7564241886139, 279.6747546195984, 279.62021231651306, 279.4107882976532, 279.15257573127747, 279.28053998947144, 279.349333524704], "train_losses": [6.583949390834275, 6.563169846968964, 6.555029567398203, 6.548979092706148, 6.547020819885966, 6.545635320854177, 6.545110453310742, 6.545227277311603, 6.543397594938411, 6.543474497068474, 6.545054142461406, 6.544706612070357, 6.545536986982949, 6.541278794174601, 6.5411901255984075, 6.546767421063955, 6.54618035944812, 6.543525765155183, 6.373627528104997, 6.232631885051907, 6.138666727179818, 6.071980813969125, 5.979194401861116, 5.902481375396698, 5.849051204211715, 5.794222927088376, 5.737116581948254, 5.683016984024528, 5.6319619540369, 5.58608584126728, 5.546174896455274, 5.510236808132968, 5.475869540368996, 5.444560287908128, 5.41753948483137, 5.392331975149266, 5.369331094346727, 5.3498765363616805, 5.331257816282072, 5.314422553251573, 5.296743888171696, 5.279791801140337, 5.2672865902856225, 5.252348246463343, 5.241993773869076, 5.227227724436555, 5.214281271851972, 5.203422522994997, 5.191699780807918, 5.181196966946372], "val_losses": [6.584490863347457, 6.561532044491526, 6.551710143008474, 6.545046345338983, 6.542341763771186, 6.54061374470339, 6.540046345338983, 6.539645127118644, 6.537623808262712, 6.537339115466102, 6.538702330508475, 6.538148834745763, 6.539092955508474, 6.535464115466102, 6.53524563029661, 6.539092955508474, 6.538317664194915, 6.5361943855932205, 6.374177039194915, 6.240722325211864, 6.15180217161017, 6.090170815677966, 6.005225768008475, 5.936527409957627, 5.892368908898305, 5.843239539194915, 5.790466763771186, 5.742575476694915, 5.6957077595338985, 5.655881223516949, 5.623601694915254, 5.5908865201271185, 5.560630296610169, 5.536869041313559, 5.513528204449153, 5.493045881885593, 5.47169094279661, 5.456496292372881, 5.441726032838983, 5.429926509533899, 5.4149751721398305, 5.400947762182203, 5.39627482786017, 5.381045418432203, 5.377914128707627, 5.366100701800847, 5.358676840572034, 5.349212129237288, 5.339047272245763, 5.332352688029661], "test_losses": [6.507007191482099, 6.48895500701608, 6.481973888804611, 6.477142630271541, 6.475000474059466, 6.473782733806129, 6.473171789669296, 6.473949247193568, 6.471658947398361, 6.471616874620753, 6.473464521389563, 6.472684693567961, 6.473293267407463, 6.467908544447815, 6.469275613432949, 6.474918698801578, 6.474285829414442, 6.471333624089806, 6.307437044902913, 6.178750047405947, 6.09069350159284, 6.02978515625, 5.941368917817051, 5.872160383798544, 5.827160288986651, 5.776648660307949, 5.725303279543386, 5.675555479179308, 5.629235721328883, 5.589140364267294, 5.557330381523058, 5.52740715545358, 5.499723267786711, 5.473275490177488, 5.451975405794903, 5.431933949294599, 5.413590810831311, 5.397830703883495, 5.384852733426881, 5.372513558100728, 5.358724945957221, 5.344241244121663, 5.338429867642597, 5.325161535763046, 5.318856544864988, 5.307738072663835, 5.298924122041869, 5.291506869121663, 5.280243808783374, 5.276055493401092], "status": "OK"}