{"data": "data/ptb", "recepie_id": 2009919, "recepies_list_path": "data/new_recepies_fix.json", "cuda": true, "batch_size": 20, "model": "CustomRNN", "emsize": 400, "nhid": 600, "nlayers": 3, "dropout": 0.1, "dropouth": 0.25, "dropouti": 0.4, "dropoute": 0.0, "wdrop": 0.1, "tied": true, "bptt": 70, "lr": 0.001, "wdecay": 1.2e-06, "epochs": 50, "alpha": 2, "beta": 1, "log_interval": 200, "clip": 0.25, "eval_batch_size": 50, "recepie": "{\"node_5\": {\"op\": \"linear\", \"input\": [\"x\", \"h_prev_0\", \"h_prev_1\"]}, \"node_7\": {\"op\": \"linear\", \"input\": [\"x\", \"h_prev_0\"]}, \"h_new_0\": {\"op\": \"elementwise_prod\", \"input\": [\"h_new_1\", \"node_7\"]}, \"h_new_1\": {\"op\": \"activation_tanh\", \"input\": [\"node_5\"]}}", "experiment_id": 999905183, "init_time": "2020-05-10_19-39-01", "num_params": 8333200, "wall_times": [135.2412600517273, 134.65616703033447, 136.30224466323853, 134.87255811691284, 138.6911816596985, 133.62804007530212, 134.82892560958862, 131.97883296012878, 133.66126561164856, 133.5756480693817, 139.52104473114014, 133.93976974487305, 136.16884207725525, 134.07864212989807, 136.11705923080444, 134.16380882263184, 132.33301663398743, 136.29007387161255, 134.3164041042328, 134.24003624916077, 135.8941011428833, 133.8369584083557, 136.0615553855896, 133.47685170173645, 133.7883915901184, 131.15811848640442, 134.21881985664368, 132.3457474708557, 138.58357405662537, 134.40751910209656, 133.94312858581543, 132.68086338043213, 135.9661147594452, 134.58716917037964, 139.03112268447876, 133.48557829856873, 136.52268385887146, 133.46790719032288, 137.48063206672668, 133.60024523735046, 134.17992186546326, 131.99860382080078, 134.86476850509644, 134.07435870170593, 134.4328122138977, 133.4807596206665, 134.921945810318, 132.85927867889404, 137.30087232589722, 134.45313715934753], "train_losses": [5.603675417540746, 5.190295371416276, 4.967759517373998, 4.823026346753806, 4.7202951865149805, 4.635021650260879, 4.5661782751062345, 4.5093232276370285, 4.450144307057178, 4.406255042762627, 4.369583232478081, 4.330510226722608, 4.300150694556506, 4.2728201818084015, 4.242067734387607, 4.222706467511161, 4.194101816739282, 4.173746705395084, 4.150713887095907, 4.137690952611479, 4.119629457802162, 4.107004901565274, 4.088841290812759, 4.075486374455382, 4.059544941100532, 4.052800666317035, 4.035069472459792, 4.026794298988758, 4.018054771125813, 4.002773939675111, 3.989519878570276, 3.9808883498735947, 3.971850458555215, 3.9665063908611695, 3.954197007288473, 3.950400647490721, 3.9375138675972243, 3.9318823624334356, 3.9307254686407402, 3.9191220718358344, 3.916769623070303, 3.9160779241299553, 3.9010315811414125, 3.89902288069496, 3.893663684713033, 3.889898421951482, 3.8813811958743476, 3.876340114168146, 3.873074505136894, 3.863021757839815], "val_losses": [5.633573225635593, 5.284126059322034, 5.115272775423729, 5.014556739936441, 4.948433527542373, 4.901045418432203, 4.858326602224576, 4.827350370762712, 4.799961930614407, 4.77448391154661, 4.760363479872882, 4.747786679025424, 4.733244504766949, 4.719799059851695, 4.7091859772245765, 4.696662473516949, 4.69230170815678, 4.685017213983051, 4.676682004766949, 4.67159626588983, 4.662061705508474, 4.663178628177966, 4.653883077330509, 4.654473980402543, 4.651347987288136, 4.64565810381356, 4.64228217690678, 4.641327462923729, 4.634137314618644, 4.634496159957627, 4.630199615995763, 4.628413996292373, 4.6246467823093225, 4.626146054025424, 4.619153866525424, 4.616887910487288, 4.614958620233051, 4.617603945974576, 4.6128545418432205, 4.6086460540254235, 4.60785685911017, 4.605941472457627, 4.60412109375, 4.602135195974577, 4.600604806673728, 4.600048993644068, 4.598775820974576, 4.597311308262712, 4.598079316737288, 4.596647245762711], "test_losses": [5.592688106796117, 5.241790475197209, 5.067165337719963, 4.967939950887439, 4.90289780700091, 4.853817837909587, 4.811500327101031, 4.782806396484375, 4.753561371738471, 4.729315600348908, 4.715269810945085, 4.703399658203125, 4.689830002275485, 4.677341794504703, 4.665480530377731, 4.657036642426426, 4.652458116846177, 4.645679066482099, 4.63578811201077, 4.631333434466019, 4.622841844280947, 4.623424048562652, 4.614551136794599, 4.612641269720874, 4.610672145213895, 4.605796739893052, 4.6020261894152, 4.602587357308101, 4.595173956121056, 4.593693112864078, 4.590994233066596, 4.587427824446299, 4.584530432247421, 4.587503673960861, 4.580417077518204, 4.578977714464503, 4.578114333662015, 4.578882309996966, 4.577258063751517, 4.57516123947588, 4.572846051558708, 4.570037545509709, 4.567644137780643, 4.567392886263653, 4.566610391857554, 4.564195058878186, 4.564040100690231, 4.562947689908222, 4.563221755537015, 4.562413187860285], "status": "OK"}