{"data": "data/ptb", "recepie_id": 2007159, "recepies_list_path": "data/new_recepies_fix.json", "cuda": true, "batch_size": 20, "model": "CustomRNN", "emsize": 400, "nhid": 600, "nlayers": 3, "dropout": 0.1, "dropouth": 0.25, "dropouti": 0.4, "dropoute": 0.0, "wdrop": 0.1, "tied": true, "bptt": 70, "lr": 0.001, "wdecay": 1.2e-06, "epochs": 50, "alpha": 2, "beta": 1, "log_interval": 200, "clip": 0.25, "eval_batch_size": 50, "recepie": "{\"node_0\": {\"op\": \"linear\", \"input\": [\"x\", \"h_prev_0\"]}, \"node_1\": {\"op\": \"activation_tanh\", \"input\": [\"node_0\"]}, \"node_2\": {\"op\": \"linear\", \"input\": [\"h_prev_1\", \"node_1\"]}, \"node_3\": {\"op\": \"activation_sigm\", \"input\": [\"node_2\"]}, \"node_9\": {\"op\": \"activation_sigm\", \"input\": [\"h_new_1\"]}, \"node_14\": {\"op\": \"linear\", \"input\": [\"node_9\", \"h_prev_1\"]}, \"h_new_0\": {\"op\": \"activation_leaky_relu\", \"input\": [\"node_14\"]}, \"h_new_1\": {\"op\": \"linear\", \"input\": [\"node_3\", \"x\"]}}", "experiment_id": 999999184, "init_time": "2020-05-10_21-46-23", "num_params": 10976400, "wall_times": [207.23850512504578, 209.43389582633972, 210.60261297225952, 204.88800311088562, 201.83483624458313, 203.8836886882782, 201.48713326454163, 203.47194862365723, 203.27849698066711, 200.51641297340393, 202.48530435562134, 206.30986213684082, 205.88843631744385, 202.48159432411194, 203.05079770088196, 200.75155472755432, 202.7403154373169, 205.84247636795044, 204.67247343063354, 202.62558031082153, 200.51728177070618, 206.89899921417236, 204.02781581878662, 203.0460169315338, 202.2223551273346, 203.57364702224731, 204.9679729938507, 202.76265954971313, 202.90383434295654, 205.2763442993164, 204.0681746006012, 201.04463243484497, 200.32697296142578, 207.1144163608551, 202.36490559577942, 200.9641318321228, 204.08561444282532, 203.14163494110107, 200.68710279464722, 202.75849556922913, 201.13672161102295, 203.12041997909546, 205.171324968338, 200.40148544311523, 200.83244705200195, 205.62843084335327, 205.02771925926208, 201.760183095932, 200.97909498214722, 200.8441116809845], "train_losses": [6.388151104701199, 6.162410575009413, 5.918174872922382, 5.8173532387983435, 5.7074121886934535, 5.659230692942822, 5.565001630493249, 5.499914693265558, 5.445141466300898, 5.405384745979237, 5.360550383922328, 5.3470799042547466, 5.303849981173686, 5.284719840917648, 5.260485164192351, 5.227372283631865, 5.203644404550589, 5.1838540826206225, 5.177596434430638, 5.156182342934754, 5.133916444785111, 5.11507626338013, 5.117598485154107, 5.092633028078103, 5.088809353316121, 5.0961764092840625, 5.070186851164542, 5.056721834489807, 5.057058018664946, 5.044037605561831, 5.023361438330375, 5.024883091953096, 5.014163019068366, 4.995952762761552, 4.9916592706148135, 4.982566329137755, 4.98087826434834, 4.964361956054004, 4.953916713732451, 4.958505207492873, 4.945536062476467, 4.939526770345866, 4.92720183825507, 4.927208982168791, 4.921376186730138, 4.911456652412458, 4.906312614302619, 4.900471414259588, 4.908598666693561, 4.890936390592222], "val_losses": [6.393283898305085, 6.1926893538135594, 5.970643538135593, 5.8863188559322035, 5.797557600635593, 5.763424920550848, 5.682429157838983, 5.6282421875, 5.585475370762712, 5.555203257415254, 5.52240234375, 5.516966366525423, 5.483477555614407, 5.475267147775424, 5.455871292372882, 5.433270656779661, 5.4142541710805085, 5.404587195444916, 5.398933395127119, 5.3870130429025425, 5.372972391419491, 5.356861758474576, 5.361995828919492, 5.34265327065678, 5.3403859904661015, 5.354431276483051, 5.328598053495763, 5.321241061970339, 5.321236096398305, 5.31671577065678, 5.301180481991525, 5.3043167372881355, 5.300338983050848, 5.288835738877118, 5.283626522775424, 5.27460341631356, 5.279811639300847, 5.267126588983051, 5.261184454449152, 5.266892545021187, 5.250115532309322, 5.248712261652543, 5.243753310381356, 5.243591432733051, 5.238748344809322, 5.235019862288135, 5.233341167902543, 5.226152012711864, 5.232278204449153, 5.219701072563559], "test_losses": [6.347362333131068, 6.153004470380765, 5.934630755081917, 5.848525556545813, 5.753550705400485, 5.720276471480583, 5.62915750151699, 5.577405614760315, 5.532188637742719, 5.50690408354824, 5.473494150106189, 5.469308797595571, 5.433983663910801, 5.42419196564017, 5.404058067543993, 5.382632357402913, 5.365325038872876, 5.353564808669599, 5.348231639676881, 5.334981085027306, 5.323742320236651, 5.307034094356796, 5.308925591626213, 5.293375255992111, 5.293379404012439, 5.303536720646238, 5.278101652571299, 5.27172377503034, 5.273177359868022, 5.26617194610892, 5.251308996700546, 5.256412246852245, 5.250777457524272, 5.236520119083738, 5.233929976676274, 5.229874990518811, 5.225938519227852, 5.216521327935376, 5.209699019645024, 5.216178819971177, 5.203260106947815, 5.199583775788835, 5.195059470760012, 5.195442866353155, 5.190179028557342, 5.187412298998787, 5.184839933821299, 5.1781005859375, 5.184114030263956, 5.170423192885315], "status": "OK"}