{"data": "data/ptb", "recepie_id": 2004021, "recepies_list_path": "data/new_recepies_fix.json", "cuda": true, "batch_size": 20, "model": "CustomRNN", "emsize": 400, "nhid": 600, "nlayers": 3, "dropout": 0.1, "dropouth": 0.25, "dropouti": 0.4, "dropoute": 0.0, "wdrop": 0.1, "tied": true, "bptt": 70, "lr": 0.001, "wdecay": 1.2e-06, "epochs": 50, "alpha": 2, "beta": 1, "log_interval": 200, "clip": 0.25, "eval_batch_size": 50, "recepie": "{\"node_0\": {\"op\": \"linear\", \"input\": [\"h_prev_0\", \"x\"]}, \"node_1\": {\"op\": \"activation_sigm\", \"input\": [\"node_0\"]}, \"node_2\": {\"op\": \"linear\", \"input\": [\"x\", \"node_1\"]}, \"node_3\": {\"op\": \"activation_sigm\", \"input\": [\"node_2\"]}, \"node_4\": {\"op\": \"linear\", \"input\": [\"node_1\", \"node_3\"]}, \"node_5\": {\"op\": \"activation_tanh\", \"input\": [\"node_4\"]}, \"node_15\": {\"op\": \"linear\", \"input\": [\"node_3\", \"h_prev_0\", \"node_5\"]}, \"h_new_0\": {\"op\": \"activation_sigm\", \"input\": [\"node_15\"]}}", "experiment_id": 999911112, "init_time": "2020-05-14_10-07-08", "num_params": 11856400, "wall_times": [208.53325080871582, 210.20217871665955, 208.23912715911865, 206.11706614494324, 206.56410765647888, 205.68045783042908, 206.97318840026855, 204.59791803359985, 207.8981053829193, 205.63829636573792, 205.17323207855225, 203.21246361732483, 204.83681321144104, 205.2380132675171, 204.63961172103882, 204.89861536026, 203.26761054992676, 203.16503238677979, 204.24998545646667, 203.8929705619812, 203.0730721950531, 205.29194474220276, 209.53749990463257, 213.45418882369995, 212.75547122955322, 214.39871215820312, 212.196759223938, 210.080632686615, 209.04894375801086, 214.44595193862915, 213.88753366470337, 210.03019833564758, 210.55779218673706, 215.23072409629822, 210.71738696098328, 213.97016263008118, 211.92761397361755, 211.49556064605713, 211.34575295448303, 214.75608110427856, 211.74393892288208, 210.46688508987427, 212.24474000930786, 210.5341100692749, 215.1905312538147, 214.8515853881836, 211.36425375938416, 212.24594736099243, 216.44921112060547, 212.6355321407318], "train_losses": [6.588994254612447, 6.566053886961433, 6.5557708535043835, 6.5496275079339465, 6.54673464310688, 6.544847389193696, 6.543965746194395, 6.543029053036416, 6.5421776666128775, 6.541383851729331, 6.540995138776828, 6.540700137163143, 6.541988142784143, 6.542386941261901, 6.542361307218546, 6.543211853181647, 6.544509524097681, 6.544679297106127, 6.545042796245495, 6.5447444327900595, 6.544617103033726, 6.545116336533806, 6.543495928809639, 6.543845980582002, 6.5429626566618255, 6.543424909902641, 6.543325735570975, 6.542902983970738, 6.543351789844548, 6.542702113926094, 6.543108896778011, 6.542729849120542, 6.542451236485396, 6.543848081733096, 6.543828330912807, 6.54433849039858, 6.544876805309021, 6.544259907347642, 6.543923723172503, 6.543865311172072, 6.54324967390135, 6.544003146683879, 6.543627881098381, 6.545131464821688, 6.544188888440643, 6.544578862083804, 6.544442707492873, 6.544506162255931, 6.544649880990802, 6.5433971747081925], "val_losses": [6.588603019067796, 6.5648139565677965, 6.552435778601695, 6.545850105932203, 6.542361626059322, 6.53978813559322, 6.5387890625, 6.5374655720338986, 6.536416843220339, 6.535382018008475, 6.534625264830509, 6.5342604608050845, 6.535847457627119, 6.535922272245763, 6.536364539194915, 6.536649231991525, 6.537916445974576, 6.537864141949153, 6.53860500529661, 6.538003177966102, 6.538232256355932, 6.539147907838983, 6.537398702330509, 6.537746954449153, 6.536403601694915, 6.536780985169491, 6.536541313559322, 6.5361155985169495, 6.536078522245763, 6.5355369438559325, 6.535644862288136, 6.535491922669491, 6.53504502118644, 6.536465174788136, 6.536462526483051, 6.537463585805085, 6.537934322033898, 6.537570180084746, 6.536878972457627, 6.536595603813559, 6.536259931144068, 6.536942531779661, 6.537094809322034, 6.538356064618644, 6.53739936440678, 6.537983315677966, 6.537734375, 6.537476165254238, 6.537315280720339, 6.53612155720339], "test_losses": [6.509616888842537, 6.490411554725425, 6.481911075925364, 6.476397764335558, 6.473593110019721, 6.471769166224211, 6.471517322132889, 6.470565647754855, 6.469971888273665, 6.468960363888046, 6.468806887135922, 6.467688106796117, 6.469282724324939, 6.469347314927185, 6.469275020858617, 6.47009751403216, 6.471875829604065, 6.471449768658981, 6.472454774726942, 6.471695687006978, 6.471544580552185, 6.472404405908677, 6.470800307190534, 6.471247108237257, 6.469519754057949, 6.471052151281857, 6.470714976486651, 6.469941074408374, 6.470818676994842, 6.469910260543083, 6.470415726448726, 6.469691600614381, 6.469513235740291, 6.471451546381978, 6.470736309162621, 6.471539839957524, 6.472516402457524, 6.470877934428095, 6.470135438789442, 6.470797344318871, 6.469686860019721, 6.471352586468447, 6.470713791337985, 6.471850348907767, 6.470857786900789, 6.471206220608313, 6.470552018545206, 6.470981042361954, 6.471261330021238, 6.469109692619842], "status": "OK"}