{"data": "data/ptb", "recepie_id": 2000890, "recepies_list_path": "data/new_recepies_fix.json", "cuda": true, "batch_size": 20, "model": "CustomRNN", "emsize": 400, "nhid": 600, "nlayers": 3, "dropout": 0.1, "dropouth": 0.25, "dropouti": 0.4, "dropoute": 0.0, "wdrop": 0.1, "tied": true, "bptt": 70, "lr": 0.001, "wdecay": 1.2e-06, "epochs": 50, "alpha": 2, "beta": 1, "log_interval": 200, "clip": 0.25, "eval_batch_size": 50, "recepie": "{\"node_2\": {\"op\": \"linear\", \"input\": [\"h_prev_0\", \"x\", \"h_prev_1\"]}, \"node_3\": {\"op\": \"activation_tanh\", \"input\": [\"node_2\"]}, \"node_6\": {\"op\": \"linear\", \"input\": [\"h_prev_1\", \"node_3\"]}, \"node_7\": {\"op\": \"activation_tanh\", \"input\": [\"node_6\"]}, \"node_8\": {\"op\": \"linear\", \"input\": [\"node_3\", \"h_prev_0\"]}, \"node_10\": {\"op\": \"linear\", \"input\": [\"node_7\", \"h_new_0\"]}, \"h_new_0\": {\"op\": \"activation_leaky_relu\", \"input\": [\"node_8\"]}, \"h_new_1\": {\"op\": \"activation_leaky_relu\", \"input\": [\"node_10\"]}}", "experiment_id": 999905843, "init_time": "2020-05-14_23-53-22", "num_params": 11896400, "wall_times": [214.10411286354065, 213.0079469680786, 213.07557845115662, 212.97491145133972, 212.77906680107117, 212.87193989753723, 210.24057531356812, 210.28716778755188, 210.31253099441528, 210.26210689544678, 210.34058594703674, 210.40006136894226, 210.59689903259277, 210.31840419769287, 210.2823362350464, 210.18778705596924, 210.25704860687256, 210.2503478527069, 210.20371007919312, 210.02876448631287, 210.20305609703064, 210.14132499694824, 210.3097903728485, 210.28551506996155, 210.43151926994324, 210.26714706420898, 210.24009895324707, 210.19598698616028, 210.27553963661194, 209.9973590373993, 210.07572031021118, 210.0171308517456, 210.0366280078888, 209.91699314117432, 209.92328143119812, 210.0338168144226, 210.13056230545044, 210.07731890678406, 210.04330563545227, 210.01656937599182, 210.18267369270325, 210.13099431991577, 210.09641981124878, 210.10728907585144, 210.08176159858704, 210.11336183547974, 210.0623700618744, 209.9409327507019, 210.17173504829407, 210.0208625793457], "train_losses": [5.668566107256199, 5.365177118632672, 5.1912866945027165, 5.0789003247539135, 4.989575348959174, 4.923372280270023, 4.8689575096821045, 4.819728800225915, 4.774779295089021, 4.739489201764295, 4.710864379941907, 4.682209721773977, 4.653734081679307, 4.631226971384003, 4.609929703888978, 4.590855454252058, 4.571859787666075, 4.553170048679468, 4.540555157737615, 4.521796921225324, 4.508076824807703, 4.499224255015868, 4.486271919208219, 4.471754225835081, 4.462617160185036, 4.452174859475015, 4.44463340796622, 4.4326152439352375, 4.425526800602442, 4.41722347170674, 4.410922539804206, 4.4028360497014685, 4.394010794873863, 4.390284613522672, 4.381980023936313, 4.376484673363455, 4.3727215117529985, 4.365745269888656, 4.361714421628745, 4.353086675004034, 4.3532261914367165, 4.344461029530418, 4.340927733849712, 4.33694016930235, 4.333517394169221, 4.328038012344683, 4.326228921252219, 4.321333239201764, 4.317102361357646, 4.312130617637567], "val_losses": [5.695255561440678, 5.431406912076271, 5.289799059851695, 5.204595471398305, 5.143055481991525, 5.09941704184322, 5.065669690148305, 5.03811374470339, 5.011087129237288, 4.991008011122881, 4.977444385593221, 4.963461665783898, 4.948763241525424, 4.938732786016949, 4.9288215042372885, 4.917744968220339, 4.914274695444916, 4.905451536016949, 4.8988940015889835, 4.893975436970339, 4.892236824682203, 4.888028005826271, 4.881287076271186, 4.876420153601695, 4.874399165783898, 4.871324152542373, 4.86978813559322, 4.868421279131356, 4.863425582627118, 4.863121689618644, 4.8617578125, 4.859762314618644, 4.856843551377119, 4.85821967690678, 4.856231792902542, 4.856238082627119, 4.856053694385594, 4.850979872881356, 4.853422934322034, 4.851031845868644, 4.850457825741525, 4.8491873013771185, 4.849377317266949, 4.846687632415255, 4.84776747881356, 4.843619239936441, 4.845769001588983, 4.8476933262711865, 4.846211268538136, 4.84522609904661], "test_losses": [5.651880356871966, 5.386795192088895, 5.245139705324636, 5.160368391611044, 5.095293656136226, 5.049599064206614, 5.015179384101942, 4.983848201418386, 4.957109469811893, 4.936967275675061, 4.92181870543841, 4.906985384746663, 4.891860221196147, 4.883936613508799, 4.872872954433404, 4.863714125549909, 4.857983931754399, 4.847937130233617, 4.843400677430977, 4.835637657387743, 4.831570227169296, 4.829314889259709, 4.823369294694326, 4.819897697967233, 4.817907833358617, 4.811831576152913, 4.811302407273969, 4.80899640425895, 4.805380515681887, 4.804344992035801, 4.803109474552488, 4.800113715014412, 4.79855702224287, 4.799755207543234, 4.794973725254096, 4.797072623539897, 4.794928689604824, 4.791714270138046, 4.792812310376213, 4.789472857725273, 4.78887228363926, 4.788293931090716, 4.78956826219281, 4.78707530197588, 4.788634365044751, 4.785787045376972, 4.786653389051122, 4.785781119633647, 4.785116843806887, 4.783715405510467], "status": "OK"}