{"data": "data/ptb", "recepie_id": 2006676, "recepies_list_path": "data/new_recepies_fix.json", "cuda": true, "batch_size": 20, "model": "CustomRNN", "emsize": 400, "nhid": 600, "nlayers": 3, "dropout": 0.1, "dropouth": 0.25, "dropouti": 0.4, "dropoute": 0.0, "wdrop": 0.1, "tied": true, "bptt": 70, "lr": 0.001, "wdecay": 1.2e-06, "epochs": 50, "alpha": 2, "beta": 1, "log_interval": 200, "clip": 0.25, "eval_batch_size": 50, "recepie": "{\"node_1\": {\"op\": \"linear\", \"input\": [\"x\", \"h_prev_1\"]}, \"node_2\": {\"op\": \"activation_leaky_relu\", \"input\": [\"node_1\"]}, \"node_3\": {\"op\": \"linear\", \"input\": [\"h_prev_1\", \"x\"]}, \"node_5\": {\"op\": \"linear\", \"input\": [\"h_new_1\", \"x\"]}, \"node_6\": {\"op\": \"activation_sigm\", \"input\": [\"node_5\"]}, \"node_10\": {\"op\": \"linear\", \"input\": [\"node_2\", \"h_prev_0\"]}, \"node_17\": {\"op\": \"blend\", \"input\": [\"node_3\", \"h_prev_1\", \"node_1\"]}, \"node_18\": {\"op\": \"elementwise_prod\", \"input\": [\"node_17\", \"node_10\"]}, \"h_new_0\": {\"op\": \"blend\", \"input\": [\"node_6\", \"node_17\", \"node_18\"]}, \"h_new_1\": {\"op\": \"activation_sigm\", \"input\": [\"node_3\"]}}", "experiment_id": 999970034, "init_time": "2020-05-16_05-49-44", "num_params": 10936400, "wall_times": [248.53153157234192, 250.40442967414856, 251.67185878753662, 248.06032180786133, 247.2445583343506, 248.32977533340454, 248.57633996009827, 246.75393652915955, 246.94354343414307, 247.67893362045288, 248.80734276771545, 246.16187024116516, 247.7911512851715, 248.40650868415833, 245.3188157081604, 248.9106261730194, 245.687917470932, 246.28113460540771, 245.99747109413147, 248.0955126285553, 249.1382293701172, 247.69096398353577, 247.86542439460754, 246.89559054374695, 246.34635400772095, 247.2525281906128, 247.42998361587524, 248.23062324523926, 247.45953130722046, 247.77868819236755, 247.19312596321106, 246.27709674835205, 247.99656081199646, 247.93732237815857, 247.35197687149048, 246.5072786808014, 247.13989114761353, 246.34620118141174, 245.382737159729, 248.6419575214386, 248.0076241493225, 246.93357706069946, 246.53644394874573, 246.82400345802307, 246.39230942726135, 245.8222839832306, 246.95342564582825, 247.82607173919678, 246.50886869430542, 248.46553301811218], "train_losses": [5.553127185197138, 5.22359693534506, 5.042291549002205, 4.914377252433973, 4.834420048679468, 4.760019969340004, 4.690703414958851, 4.640315290328654, 4.593444492630843, 4.546447205637136, 4.507405296917863, 4.479483520251735, 4.449503876203539, 4.409424419073745, 4.390589700661611, 4.357265444301006, 4.340213342477543, 4.320011615163251, 4.293017706820504, 4.281601732693239, 4.256369849658437, 4.248021976359529, 4.2398968250766496, 4.214646031681997, 4.202896814991124, 4.180512832149965, 4.173481540126943, 4.167490317895756, 4.149175844494648, 4.134280364154699, 4.124568843795385, 4.123106442633532, 4.105244557178205, 4.098972200930557, 4.08399813753967, 4.085551728659029, 4.068869009197999, 4.053728114410198, 4.064381790920338, 4.05132397732774, 4.0267279026141685, 4.015356893120327, 4.023792174304771, 4.01899272497445, 4.007107353692647, 3.9963381138723038, 3.9991826522241944, 3.9777584752030553, 3.986589613253725, 3.9823423464310688], "val_losses": [5.586579713983051, 5.304992055084746, 5.162217293432203, 5.073171345338983, 5.019080707097458, 4.971647245762711, 4.9286324814618645, 4.89840439618644, 4.870255892478814, 4.848613943326272, 4.830373411016949, 4.81351264565678, 4.798863215042373, 4.782222259004238, 4.776887910487289, 4.7616594941737285, 4.755124801377119, 4.743334878177966, 4.737127251059322, 4.731215240995763, 4.723600701800848, 4.7143015095338985, 4.7143359375, 4.706314883474576, 4.705771649894068, 4.700711731991525, 4.69481594279661, 4.689714645127118, 4.6869921875, 4.685571371822034, 4.684541512182204, 4.676917703919491, 4.674228681144068, 4.677565876588983, 4.6733448093220336, 4.664159825211865, 4.659549126059322, 4.662011387711864, 4.657991591631356, 4.657321239406779, 4.65825642213983, 4.659273371292373, 4.654675582627118, 4.650251588983051, 4.6479541843220336, 4.643897311970339, 4.644314088983051, 4.645144001588983, 4.642774761652542, 4.6455909030720335], "test_losses": [5.542566392028216, 5.259402969508495, 5.118398129361347, 5.024920713554308, 4.968452527685073, 4.922613643905492, 4.876135668708283, 4.848275490177488, 4.817872575185831, 4.794158342972542, 4.777304640094053, 4.762469541679308, 4.744964895896541, 4.731480570672785, 4.723943617737409, 4.710846243552791, 4.702981893298696, 4.69519754057949, 4.684862747933101, 4.680306443890322, 4.670875623388198, 4.666348651774879, 4.663902801217385, 4.659489307588744, 4.657367002616808, 4.648164915807039, 4.642909966626213, 4.638553952707828, 4.633103750284436, 4.632653097504551, 4.629735854065534, 4.625324730734223, 4.622017277097239, 4.625663090678095, 4.621972537735133, 4.614981642047178, 4.610164012723756, 4.613612202764715, 4.609446108919903, 4.604820769967385, 4.607344247762439, 4.606511384538076, 4.604838843484527, 4.597149895232858, 4.598874879114836, 4.59362318909284, 4.593646299491808, 4.591548290067506, 4.591816133665807, 4.592959505840413], "status": "OK"}