{"data": "data/ptb", "recepie_id": 2004782, "recepies_list_path": "data/new_recepies_fix.json", "cuda": true, "batch_size": 20, "model": "CustomRNN", "emsize": 400, "nhid": 600, "nlayers": 3, "dropout": 0.1, "dropouth": 0.25, "dropouti": 0.4, "dropoute": 0.0, "wdrop": 0.1, "tied": true, "bptt": 70, "lr": 0.001, "wdecay": 1.2e-06, "epochs": 50, "alpha": 2, "beta": 1, "log_interval": 200, "clip": 0.25, "eval_batch_size": 50, "recepie": "{\"node_2\": {\"op\": \"linear\", \"input\": [\"h_prev_1\", \"x\", \"h_prev_0\"]}, \"node_3\": {\"op\": \"activation_tanh\", \"input\": [\"node_2\"]}, \"node_9\": {\"op\": \"linear\", \"input\": [\"x\", \"h_prev_0\"]}, \"node_12\": {\"op\": \"linear\", \"input\": [\"x\", \"node_3\"]}, \"h_new_0\": {\"op\": \"activation_leaky_relu\", \"input\": [\"node_9\"]}, \"h_new_1\": {\"op\": \"activation_tanh\", \"input\": [\"node_12\"]}}", "experiment_id": 999946589, "init_time": "2020-05-18_02-37-22", "num_params": 10054800, "wall_times": [183.7190294265747, 190.30144143104553, 191.86262106895447, 186.73178672790527, 189.08858799934387, 189.73639941215515, 184.7877016067505, 187.09585523605347, 189.54358005523682, 185.14732956886292, 186.5691704750061, 190.16842913627625, 159.64696073532104, 184.07443356513977, 182.9165198802948, 167.6564166545868, 187.7961347103119, 185.87662529945374, 185.9504406452179, 188.31234693527222, 183.60509157180786, 187.17317485809326, 182.52225279808044, 187.559894323349, 182.75870656967163, 187.87357592582703, 184.05105638504028, 187.6155333518982, 185.5966489315033, 186.14202642440796, 188.09776186943054, 183.68792819976807, 187.63065361976624, 182.8227035999298, 187.404212474823, 182.8044352531433, 187.41095089912415, 183.53753280639648, 187.26031756401062, 185.6694140434265, 185.66979956626892, 188.02749633789062, 184.05487275123596, 187.64727067947388, 182.86391925811768, 187.84833216667175, 182.7912151813507, 187.44622540473938, 184.58243918418884, 187.67903757095337], "train_losses": [5.6205245481684685, 5.272017542090259, 5.103881330348018, 4.993583084557044, 4.9090340252003655, 4.843264634097144, 4.786419672153192, 4.751871285164865, 4.707115926389113, 4.677723764186972, 4.640670805093863, 4.6184410467430475, 4.58941448483137, 4.5652667957613895, 4.541132974288634, 4.525986196277769, 4.512462347372384, 4.493896156070141, 4.477921524527997, 4.463642101688989, 4.452871601177989, 4.440413876338013, 4.4328270399655745, 4.418336661556667, 4.4108906023075685, 4.398685015598946, 4.394112070356624, 4.385385989860685, 4.3784732027594, 4.372816483782476, 4.365027516674735, 4.358052955731268, 4.349733237857028, 4.343763867597224, 4.341339979694475, 4.334552841428648, 4.328598599456726, 4.324208034129417, 4.319501455677479, 4.310128220644398, 4.309228927975902, 4.305898603490936, 4.2987412424022375, 4.297497781184444, 4.297823039373891, 4.284284482410844, 4.28442652022484, 4.279666572535097, 4.275589498951105, 4.2741825681781505], "val_losses": [5.647407309322034, 5.3503406382415255, 5.223092227224576, 5.14362155720339, 5.087133871822034, 5.04635593220339, 5.011104012182203, 4.993226628707627, 4.967557600635593, 4.951142081567797, 4.933107786016949, 4.925032772775424, 4.910502184851695, 4.900506488347458, 4.889127383474576, 4.884678561970339, 4.8784841763771185, 4.873948622881356, 4.864647444385593, 4.861006686970339, 4.858404065148305, 4.851953125, 4.850937831038135, 4.847035222457627, 4.846043101165254, 4.841334083686441, 4.839009533898305, 4.837257018008475, 4.835565413135593, 4.8333732786016945, 4.829615664724576, 4.831080839512712, 4.829276350635594, 4.826014631885593, 4.821312235169492, 4.822761520127119, 4.822038863877118, 4.820968617584746, 4.821623079978814, 4.818470934851695, 4.81692763506356, 4.817131223516949, 4.812359308792373, 4.814359772245763, 4.813862884004237, 4.80883110434322, 4.809549788135593, 4.80928032309322, 4.807330177436441, 4.810280058262712], "test_losses": [5.610825029391687, 5.305498734261226, 5.174754318681735, 5.093984066861347, 5.036375767976335, 4.99317117339199, 4.957233614134557, 4.942162078561135, 4.91168923979824, 4.901013716910649, 4.878740032899727, 4.870971087113167, 4.855807702518204, 4.84607407653216, 4.835454848206159, 4.827025774613167, 4.824152085387591, 4.819261273134102, 4.809830156344812, 4.80684121141156, 4.803009922064624, 4.79595947265625, 4.795274456727852, 4.78887465393659, 4.787464327025182, 4.783758663436742, 4.781878128792476, 4.781588063656705, 4.77926280197588, 4.777970989930977, 4.775152706405492, 4.775256406913683, 4.77128141829111, 4.770459813979065, 4.767757082448422, 4.768494837492415, 4.767106435831311, 4.764848135050061, 4.765627962871663, 4.761160544978762, 4.762141848073422, 4.762456208756826, 4.757446585349666, 4.759128903879703, 4.758453369140625, 4.750141625265473, 4.753543594508495, 4.751877868059769, 4.75268317657767, 4.752636066918234], "status": "OK"}