{"data": "data/ptb", "recepie_id": 1013864, "recepies_list_path": "data/models_recepies.json", "cuda": true, "batch_size": 20, "model": "CustomRNN", "emsize": 400, "nhid": 600, "nlayers": 3, "dropout": 0.1, "dropouth": 0.25, "dropouti": 0.4, "dropoute": 0.0, "wdrop": 0.1, "tied": true, "bptt": 70, "lr": 0.001, "wdecay": 1.2e-06, "epochs": 50, "alpha": 2, "beta": 1, "log_interval": 200, "clip": 0.25, "eval_batch_size": 50, "recepie": "{\"node_2\": {\"op\": \"linear\", \"input\": [\"h_prev_2\", \"h_prev_0\"]}, \"node_3\": {\"op\": \"activation_leaky_relu\", \"input\": [\"node_2\"]}, \"node_4\": {\"op\": \"linear\", \"input\": [\"h_prev_0\", \"node_3\", \"h_prev_1\"]}, \"node_5\": {\"op\": \"activation_sigm\", \"input\": [\"node_4\"]}, \"node_6\": {\"op\": \"linear\", \"input\": [\"h_prev_2\", \"x\"]}, \"h_new_0\": {\"op\": \"elementwise_sum\", \"input\": [\"node_5\", \"node_3\"]}, \"h_new_1\": {\"op\": \"linear\", \"input\": [\"node_5\", \"x\"]}, \"h_new_2\": {\"op\": \"activation_sigm\", \"input\": [\"node_6\"]}}", "experiment_id": 999903528, "init_time": "2020-04-17_12-52-04", "num_params": 11856400, "wall_times": [293.48882484436035, 235.94291853904724, 238.10693430900574, 238.7517364025116, 233.63406252861023, 233.23316550254822, 233.79026794433594, 233.78042697906494, 233.6179859638214, 233.99747943878174, 233.6819396018982, 221.53541159629822, 231.5347545146942, 234.8786976337433, 233.97976922988892, 234.1758370399475, 232.54258966445923, 235.00966453552246, 233.41751790046692, 234.20789241790771, 232.82857942581177, 233.79856967926025, 232.87219953536987, 232.35854721069336, 234.30757784843445, 231.91383028030396, 225.4264359474182, 233.21120309829712, 232.85771894454956, 232.97694563865662, 233.9525055885315, 232.8989589214325, 237.2827432155609, 234.6671438217163, 233.85303568840027, 229.4098117351532, 228.2818808555603, 234.3093273639679, 227.91686630249023, 234.02506685256958, 230.3320894241333, 227.5446252822876, 229.38094758987427, 235.10811352729797, 230.00135684013367, 231.49067378044128, 232.46661686897278, 232.78535294532776, 232.62298846244812, 234.48944973945618], "train_losses": [6.939276733365607, 6.928481439271691, 6.879646905760852, 6.6843402889839165, 6.577860254962078, 6.6102364719487925, 6.488429801382389, 6.522692852052068, 6.486209725135819, 6.467719175272982, 6.4406445827282015, 6.429045388225486, 6.439948261255446, 6.4166439742348444, 6.41252487762896, 6.4106636779893496, 6.411691981335054, 6.407808633881986, 6.407632977650476, 6.388631427841428, 6.393225384594697, 6.381954810123178, 6.388295663896509, 6.384973744015921, 6.377610049889731, 6.387154738852133, 6.369514734952396, 6.355392057985046, 6.369143251438868, 6.37335689984401, 6.357299903178958, 6.348952029880049, 6.348162417298693, 6.343116292829864, 6.336817882308644, 6.338610164192351, 6.330090836964122, 6.319453129202302, 6.317242718250767, 6.324305527540208, 6.312104143133775, 6.3025325594373625, 6.306008283578075, 6.290079457129794, 6.297760425071271, 6.278987060271099, 6.273957745011026, 6.275157082055833, 6.284285322871281, 6.24980879525039], "val_losses": [6.937552966101695, 6.9273199152542375, 6.881931938559322, 6.695416445974576, 6.598679157838983, 6.632430481991525, 6.515885858050847, 6.552067664194915, 6.519617981991526, 6.501829978813559, 6.476389698093221, 6.469350503177966, 6.4824688824152545, 6.460837526483051, 6.458848649364406, 6.458640095338983, 6.460501191737288, 6.456584348516949, 6.462206700211865, 6.444149894067797, 6.450774629237288, 6.4435546875, 6.450672007415254, 6.451971663135593, 6.448965174788135, 6.460950741525424, 6.441792902542373, 6.432718485169492, 6.450052304025424, 6.457574152542373, 6.445855402542373, 6.438991657838983, 6.440832891949152, 6.435922934322034, 6.435605799788136, 6.436927304025423, 6.430665386652542, 6.424523305084746, 6.422067664194915, 6.429345206567796, 6.422141816737288, 6.414145259533898, 6.421929952330508, 6.4097219279661015, 6.421639300847458, 6.401833289194915, 6.404501456567797, 6.40880561440678, 6.416932600635593, 6.3916532044491525], "test_losses": [6.891219944629855, 6.885571526092233, 6.858736204869539, 6.670446303284284, 6.562862062917172, 6.60089822417324, 6.479000943378337, 6.51435037261074, 6.480783406970571, 6.461288304004855, 6.434839341246966, 6.424158188903216, 6.435632798278216, 6.417248179611651, 6.413962354937803, 6.414317899537318, 6.413062827101031, 6.413081789479672, 6.412741651812803, 6.398344465829794, 6.403690078883495, 6.396223642293689, 6.401554440989078, 6.403345793196299, 6.400707652267901, 6.40887451171875, 6.394076745486954, 6.385517601827973, 6.402333083662015, 6.405841716284891, 6.396956064168689, 6.390701442088895, 6.390095238546723, 6.387663906060376, 6.389029789896845, 6.388720466095267, 6.385232573574029, 6.377642881523058, 6.377669547368022, 6.386017734564624, 6.382202741011833, 6.37482400542324, 6.384421339312803, 6.373038578959345, 6.385280572094963, 6.367871330779733, 6.36938239532767, 6.372317415996663, 6.380137619462985, 6.357513724021541], "status": "OK"}