{"data": "data/ptb", "recepie_id": 1001761, "recepies_list_path": "data/models_recepies.json", "cuda": true, "batch_size": 20, "model": "CustomRNN", "emsize": 400, "nhid": 600, "nlayers": 3, "dropout": 0.1, "dropouth": 0.25, "dropouti": 0.4, "dropoute": 0.0, "wdrop": 0.1, "tied": true, "bptt": 70, "lr": 0.001, "wdecay": 1.2e-06, "epochs": 50, "alpha": 2, "beta": 1, "log_interval": 200, "clip": 0.25, "eval_batch_size": 50, "recepie": "{\"node_0\": {\"op\": \"linear\", \"input\": [\"x\", \"h_prev_0\"]}, \"node_1\": {\"op\": \"activation_sigm\", \"input\": [\"node_0\"]}, \"node_2\": {\"op\": \"elementwise_sum\", \"input\": [\"node_1\", \"node_0\"]}, \"h_new_0\": {\"op\": \"elementwise_prod\", \"input\": [\"node_2\", \"node_1\"]}}", "experiment_id": 999997067, "init_time": "2020-04-17_01-52-54", "num_params": 5731600, "wall_times": [69.13908529281616, 68.48579216003418, 68.67908334732056, 68.6862223148346, 68.59840369224548, 68.63302779197693, 68.43959164619446, 68.70590090751648, 68.74871039390564, 68.79139161109924, 68.56340789794922, 68.02058625221252, 68.18389201164246, 68.72706651687622, 68.6288046836853, 68.69833445549011, 68.69757413864136, 68.8087432384491, 68.65320777893066, 68.6814911365509, 68.71450734138489, 68.57576155662537, 68.54306221008301, 68.58560061454773, 68.91625761985779, 68.47874450683594, 68.74284744262695, 68.64976024627686, 68.82120656967163, 68.62331342697144, 68.6846992969513, 68.62478470802307, 68.56185674667358, 68.74994993209839, 68.46998071670532, 68.92083501815796, 68.54745411872864, 68.71409916877747, 68.39417719841003, 68.62834978103638, 68.57434320449829, 68.72786283493042, 68.57333898544312, 68.61892676353455, 68.63001942634583, 68.54670834541321, 68.66730451583862, 68.41276216506958, 68.65031290054321, 68.71351766586304], "train_losses": [5.567457876122855, 5.275959721773977, 5.085575681781507, 4.985240674250981, 4.899560775375182, 4.827286220483029, 4.773736703915874, 4.721663035877575, 4.688493844467753, 4.644206622155882, 4.616046574955623, 4.600373248480447, 4.556574753913184, 4.526980040745522, 4.504041774245603, 4.491931579796676, 4.476838591253832, 4.445204500833737, 4.433744402533484, 4.420541189285138, 4.408511679038244, 4.394731489699317, 4.376919191409822, 4.360187725243398, 4.344243350277016, 4.331356990613738, 4.330800185573665, 4.311750309289441, 4.305710760583078, 4.291239292534022, 4.295560099644989, 4.279919971357108, 4.277265377064171, 4.2706728053897045, 4.263402402372115, 4.250588742536712, 4.235183522941208, 4.231149733069765, 4.222674530014523, 4.215435644263353, 4.212768022833629, 4.203037592114464, 4.201986596336937, 4.193968603759884, 4.184103699370663, 4.1845356960357165, 4.187617664461299, 4.172968439029638, 4.16033589841859, 4.16112425030929], "val_losses": [5.599970868644068, 5.359529263771186, 5.212163003177966, 5.145747815148305, 5.092519862288135, 5.039755693855932, 5.007633077330508, 4.97823391154661, 4.961622417902542, 4.940091366525424, 4.930572364936441, 4.919020127118644, 4.8971543961864406, 4.887142147775424, 4.880041379766949, 4.87810546875, 4.872606594279661, 4.858786745233051, 4.851605203919491, 4.85264797404661, 4.852635725635594, 4.843946967690678, 4.838038599046611, 4.834999668961864, 4.820046014300847, 4.81445908368644, 4.822889962923729, 4.8166952462923724, 4.815484308792373, 4.809846398305084, 4.812741657838983, 4.81266154661017, 4.811709811970339, 4.810251588983051, 4.805670352224576, 4.794779528601695, 4.796007018008474, 4.795662738347458, 4.7930670683262715, 4.792569518008475, 4.7909027409957625, 4.787992584745763, 4.787368246822034, 4.792685050317797, 4.786161612817796, 4.7873232256355935, 4.795625662076271, 4.788008143538136, 4.784981130826271, 4.781594279661017], "test_losses": [5.560021854141383, 5.316976306507889, 5.164075536635315, 5.093465564320389, 5.038305782577367, 4.989419585292779, 4.955529074067051, 4.926642556792324, 4.911132516212834, 4.885119391876517, 4.879282830988319, 4.868169395668993, 4.846008893355583, 4.835450996472997, 4.825725370240443, 4.823019083263804, 4.815979596480583, 4.805062303265322, 4.798474950697815, 4.797990521180977, 4.795659630043993, 4.789290048543689, 4.781839611460861, 4.777880622345267, 4.765700849514563, 4.761389278671117, 4.766068245600728, 4.761324391781705, 4.761551940325394, 4.756274177032767, 4.760080281970571, 4.757166593977549, 4.75671623748483, 4.75383810395176, 4.751943643810679, 4.74259015425895, 4.742976512723756, 4.742808221613319, 4.738336951987257, 4.73892330428929, 4.735858509841474, 4.735907397223908, 4.736412566842385, 4.738187919542628, 4.732405875493022, 4.731553753602852, 4.743497385562045, 4.733552506826456, 4.730461935395176, 4.72952863082145], "status": "OK"}