{"data": "data/ptb", "recepie_id": 2000432, "recepies_list_path": "data/new_recepies_fix.json", "cuda": true, "batch_size": 20, "model": "CustomRNN", "emsize": 400, "nhid": 600, "nlayers": 3, "dropout": 0.1, "dropouth": 0.25, "dropouti": 0.4, "dropoute": 0.0, "wdrop": 0.1, "tied": true, "bptt": 70, "lr": 0.001, "wdecay": 1.2e-06, "epochs": 50, "alpha": 2, "beta": 1, "log_interval": 200, "clip": 0.25, "eval_batch_size": 50, "recepie": "{\"node_0\": {\"op\": \"linear\", \"input\": [\"x\", \"h_prev_0\"]}, \"node_1\": {\"op\": \"activation_tanh\", \"input\": [\"node_0\"]}, \"node_2\": {\"op\": \"linear\", \"input\": [\"h_prev_1\", \"node_1\"]}, \"node_3\": {\"op\": \"activation_tanh\", \"input\": [\"node_2\"]}, \"node_4\": {\"op\": \"linear\", \"input\": [\"node_3\", \"x\"]}, \"node_9\": {\"op\": \"linear\", \"input\": [\"h_prev_1\", \"node_1\", \"h_new_0\"]}, \"node_10\": {\"op\": \"activation_tanh\", \"input\": [\"node_9\"]}, \"node_11\": {\"op\": \"linear\", \"input\": [\"x\", \"node_10\", \"h_new_0\"]}, \"node_12\": {\"op\": \"activation_sigm\", \"input\": [\"node_11\"]}, \"node_15\": {\"op\": \"linear\", \"input\": [\"node_1\", \"x\", \"node_12\"]}, \"h_new_0\": {\"op\": \"activation_sigm\", \"input\": [\"node_4\"]}, \"h_new_1\": {\"op\": \"activation_tanh\", \"input\": [\"node_15\"]}}", "experiment_id": 999902208, "init_time": "2020-05-12_03-00-19", "num_params": 17059600, "wall_times": [337.2733278274536, 335.4256041049957, 332.04749941825867, 330.96391105651855, 331.2592873573303, 333.73418521881104, 330.1628222465515, 331.6460509300232, 333.61915159225464, 329.71462297439575, 330.4232361316681, 332.9811284542084, 333.9207544326782, 330.79723858833313, 331.9964499473572, 331.61685132980347, 333.42206025123596, 329.06579303741455, 333.51188921928406, 330.5449900627136, 331.69256806373596, 330.9524383544922, 332.50122594833374, 332.3221604824066, 333.43969655036926, 333.7694664001465, 333.5304374694824, 330.31511545181274, 333.7744417190552, 331.1886212825775, 330.4353973865509, 334.4539222717285, 331.2277331352234, 329.10774755477905, 331.545348405838, 333.4278783798218, 329.18941354751587, 333.2280683517456, 334.2403099536896, 330.6990022659302, 331.9451448917389, 333.94794154167175, 332.98828887939453, 332.1004023551941, 330.0827624797821, 331.9703736305237, 331.6693515777588, 329.91625714302063, 331.74565982818604, 331.8914692401886], "train_losses": [5.952346733634554, 5.651623265289656, 5.467082526491313, 5.354562523532892, 5.2614706040557255, 5.172060321526545, 5.106112332580281, 5.052995232908397, 5.0019330590070465, 4.960068463907267, 4.920194919584746, 4.884248006427842, 4.857354112877198, 4.825979724732397, 4.8011823597439625, 4.776758159189931, 4.756288745226184, 4.736949750551342, 4.717996527217471, 4.69915256374052, 4.687483611021462, 4.6694263185143345, 4.649288886423538, 4.635945316282072, 4.625873658625141, 4.610894972701845, 4.5973786879404015, 4.5810993894895375, 4.572166555725889, 4.561686854526384, 4.548706363294067, 4.540106351863805, 4.52397203283847, 4.518762018584261, 4.507099789548707, 4.498744352105858, 4.493086372438277, 4.486317724302082, 4.477056690737454, 4.468225552686784, 4.461593479371739, 4.457598350680437, 4.448750823651229, 4.443401292964338, 4.436326717228766, 4.434966432010112, 4.428039357081383, 4.424580442149427, 4.415113916007746, 4.415250490828896], "val_losses": [5.964684851694916, 5.689037341101695, 5.532232190148305, 5.4418551377118645, 5.371603217690678, 5.306826006355932, 5.25987983315678, 5.222254700741526, 5.190671014300848, 5.164873874470339, 5.137609573622881, 5.117923728813559, 5.099425979872882, 5.084681541313559, 5.069000264830509, 5.057518207097457, 5.046224841101695, 5.036825344279661, 5.028587460275424, 5.020029131355932, 5.01675483315678, 5.006157309322034, 4.998250132415254, 4.991117584745763, 4.9890585275423724, 4.983982388771186, 4.976534361758475, 4.971086798199153, 4.9691429422669495, 4.965397576800847, 4.96233249470339, 4.956524099576272, 4.952736692266949, 4.951083156779661, 4.944106528072034, 4.944201867055085, 4.9416959083686445, 4.94129502118644, 4.938778469279661, 4.9364595471398305, 4.935891816737288, 4.935177436440678, 4.930546875, 4.931641287076271, 4.9317578125, 4.933540783898305, 4.932522510593221, 4.930251257944915, 4.926882282838983, 4.927337791313559], "test_losses": [5.922430834723908, 5.643208624089806, 5.482134476448726, 5.39220480317051, 5.320239020782767, 5.251061300629551, 5.204188670926881, 5.164946028329794, 5.131546168651395, 5.103456367566747, 5.076600898816747, 5.054737276243932, 5.039274641611044, 5.020741286787015, 5.006058479975728, 4.992179796533677, 4.981220726827973, 4.971853904353762, 4.961597924093598, 4.952225472163228, 4.948230928587682, 4.939080988319175, 4.930113560945085, 4.92400648987409, 4.920720368913076, 4.915154614494842, 4.909930775466474, 4.903267573384405, 4.901216969906705, 4.898723713402609, 4.894323848983617, 4.88929733720798, 4.884374525940534, 4.882721243552791, 4.877637548354065, 4.876667504171723, 4.875350211430522, 4.874126841721026, 4.870999234393962, 4.867796666413835, 4.867841702063107, 4.867191944307494, 4.863060812348301, 4.865003271010315, 4.86358642578125, 4.86527792921344, 4.864006857270176, 4.86134323564548, 4.858719020213895, 4.860313637742719], "status": "OK"}