{"data": "data/ptb", "recepie_id": 2003777, "recepies_list_path": "data/new_recepies_fix.json", "cuda": true, "batch_size": 20, "model": "CustomRNN", "emsize": 400, "nhid": 600, "nlayers": 3, "dropout": 0.1, "dropouth": 0.25, "dropouti": 0.4, "dropoute": 0.0, "wdrop": 0.1, "tied": true, "bptt": 70, "lr": 0.001, "wdecay": 1.2e-06, "epochs": 50, "alpha": 2, "beta": 1, "log_interval": 200, "clip": 0.25, "eval_batch_size": 50, "recepie": "{\"node_0\": {\"op\": \"linear\", \"input\": [\"h_prev_0\", \"x\", \"h_prev_1\"]}, \"node_1\": {\"op\": \"activation_leaky_relu\", \"input\": [\"node_0\"]}, \"node_2\": {\"op\": \"linear\", \"input\": [\"h_prev_0\", \"node_1\"]}, \"node_3\": {\"op\": \"activation_tanh\", \"input\": [\"node_2\"]}, \"node_5\": {\"op\": \"linear\", \"input\": [\"h_prev_0\", \"h_prev_1\", \"node_1\"]}, \"h_new_0\": {\"op\": \"activation_sigm\", \"input\": [\"node_5\"]}, \"h_new_1\": {\"op\": \"linear\", \"input\": [\"node_3\", \"x\"]}}", "experiment_id": 999911241, "init_time": "2020-05-09_14-19-03", "num_params": 12736400, "wall_times": [331.9672179222107, 329.0012729167938, 317.7837438583374, 320.246853351593, 323.1426191329956, 315.44746947288513, 318.3121557235718, 314.30319142341614, 315.78476190567017, 315.999107837677, 314.44355607032776, 315.6134705543518, 312.8206117153168, 318.16857385635376, 313.4685335159302, 313.4469904899597, 315.18234872817993, 312.7222361564636, 315.8750321865082, 316.41703057289124, 315.9908239841461, 325.62323474884033, 316.1697175502777, 319.68038725852966, 311.70420479774475, 313.13029074668884, 319.51331877708435, 316.6472535133362, 314.06489515304565, 315.11941838264465, 320.0730528831482, 312.439905166626, 322.5504353046417, 324.50807094573975, 324.8416917324066, 316.26458644866943, 319.37779784202576, 318.4835777282715, 321.22980761528015, 315.9311623573303, 318.1549696922302, 318.9260392189026, 317.8835928440094, 319.4280505180359, 319.34718775749207, 318.4218690395355, 319.81916403770447, 318.9222755432129, 319.7064137458801, 316.6867673397064], "train_losses": [6.40308902829326, 6.162256770749288, 6.045849218035609, 5.848015756952289, 5.663461991017159, 5.52081904550589, 5.390856546850626, 5.315143668307245, 5.223444812005809, 5.166348972621161, 5.116784499220053, 5.0631051315152495, 5.0214901531655105, 4.997026871201119, 4.956639805551073, 4.931540715265451, 4.906057534559733, 4.88339409862299, 4.859313226157818, 4.836879656150826, 4.816341324431177, 4.797868424237534, 4.781538277930181, 4.763040163923404, 4.74202361021462, 4.717420391587328, 4.7072865398579955, 4.690525657576247, 4.677722503496315, 4.6601400711365715, 4.64753610618041, 4.635560805631758, 4.619261756360604, 4.606085017616051, 4.597455169840245, 4.58389686205691, 4.578221232720133, 4.566070275939971, 4.55318139489538, 4.541241813915335, 4.536483547146469, 4.517936686434296, 4.510815044914206, 4.4954262142972405, 4.492972490048948, 4.484925921817008, 4.474608429482007, 4.462592366602119, 4.4568398351352805, 4.4432121893658225], "val_losses": [6.40462063029661, 6.186376456567797, 6.079809322033898, 5.903919491525424, 5.732929025423728, 5.606291710805085, 5.496750198622881, 5.439302502648305, 5.365315810381356, 5.3224006885593225, 5.290290982521187, 5.252091167902543, 5.222443061440678, 5.2086877648305085, 5.178696371822034, 5.165625, 5.149604409427966, 5.131857786016949, 5.120918630826271, 5.105994769597458, 5.093178959216102, 5.081615797139831, 5.075098318326271, 5.066640293961864, 5.049486559851695, 5.031569782838983, 5.029479277012712, 5.022130230402542, 5.009177039194915, 5.004587195444915, 5.001162936970339, 4.995651152012712, 4.982998874470339, 4.975116856461864, 4.976011983580508, 4.971199020127119, 4.96497815148305, 4.9590336996822035, 4.956470140360169, 4.948017412605933, 4.943320643538136, 4.938074020127119, 4.935129766949153, 4.928332229872882, 4.931697232521186, 4.926876986228813, 4.923144862288136, 4.913754634533898, 4.912423199152542, 4.90786811440678], "test_losses": [6.370193629588895, 6.152129238091626, 6.048094517976335, 5.862224097390777, 5.69128654998483, 5.561935869235437, 5.448624990518811, 5.388438400712985, 5.310872198308556, 5.271223049719357, 5.234782691140777, 5.195265094053398, 5.164867215943568, 5.151927170244235, 5.121698768393507, 5.109098267786711, 5.092336710216929, 5.076310537393811, 5.06414794921875, 5.051434859488774, 5.03875258362409, 5.029396427487864, 5.019679986157463, 5.011560532653216, 4.996802468901699, 4.982373283904733, 4.978184375948119, 4.971237034473605, 4.961812732289139, 4.95697258514108, 4.951731265169903, 4.946439280093295, 4.937293784132281, 4.928710641212834, 4.928215841645176, 4.923353176672482, 4.920288974798999, 4.912499585197967, 4.909131096404733, 4.902123608635467, 4.896954879020024, 4.892580791584496, 4.890388266554156, 4.881329879020024, 4.884149643981341, 4.880067103117415, 4.875996710027306, 4.869274843086317, 4.868565235323119, 4.863104959136074], "status": "OK"}