{"data": "data/ptb", "recepie_id": 2003045, "recepies_list_path": "data/new_recepies_fix.json", "cuda": true, "batch_size": 20, "model": "CustomRNN", "emsize": 400, "nhid": 600, "nlayers": 3, "dropout": 0.1, "dropouth": 0.25, "dropouti": 0.4, "dropoute": 0.0, "wdrop": 0.1, "tied": true, "bptt": 70, "lr": 0.001, "wdecay": 1.2e-06, "epochs": 50, "alpha": 2, "beta": 1, "log_interval": 200, "clip": 0.25, "eval_batch_size": 50, "recepie": "{\"node_0\": {\"op\": \"linear\", \"input\": [\"h_prev_1\", \"x\", \"h_prev_0\"]}, \"node_1\": {\"op\": \"activation_tanh\", \"input\": [\"node_0\"]}, \"node_2\": {\"op\": \"linear\", \"input\": [\"h_prev_0\", \"h_prev_1\"]}, \"node_6\": {\"op\": \"linear\", \"input\": [\"h_prev_0\", \"x\"]}, \"h_new_0\": {\"op\": \"activation_sigm\", \"input\": [\"node_6\"]}, \"h_new_1\": {\"op\": \"blend\", \"input\": [\"node_1\", \"node_0\", \"node_2\"]}}", "experiment_id": 999956616, "init_time": "2020-05-15_13-42-41", "num_params": 10094800, "wall_times": [111.51395893096924, 110.77799892425537, 111.16962790489197, 110.43608498573303, 110.16809701919556, 110.00895953178406, 110.25303053855896, 110.09273743629456, 110.2584342956543, 110.15229558944702, 109.9283218383789, 110.38427543640137, 109.85379552841187, 110.01095247268677, 110.0342607498169, 110.15012884140015, 110.35110521316528, 110.14969897270203, 109.98290920257568, 110.12700295448303, 110.30455183982849, 110.17217469215393, 110.00818371772766, 110.25919890403748, 110.08638453483582, 110.51059460639954, 109.83379936218262, 110.45270919799805, 109.90373039245605, 110.2606201171875, 110.22282338142395, 110.16190886497498, 110.20469427108765, 109.89663076400757, 110.67742443084717, 110.08320879936218, 110.31137299537659, 110.38080644607544, 110.20197033882141, 110.64003849029541, 109.90942311286926, 109.99101614952087, 110.143141746521, 109.96221995353699, 110.25139498710632, 110.0819149017334, 109.91989779472351, 110.16501069068909, 110.60698008537292, 110.16131496429443], "train_losses": [5.982796615297724, 5.707064238072186, 5.552881350519068, 5.428104492765317, 5.343097382470012, 5.276315236539186, 5.229244829487387, 5.173379424183745, 5.129674220725082, 5.096033110779409, 5.065026424076166, 5.038166989403475, 5.016635233446292, 5.001717901134958, 4.9878792997956, 4.963736233258028, 4.947236734172449, 4.935648465655425, 4.91658346108332, 4.905085962293583, 4.893068638723038, 4.873893533833575, 4.862385529288366, 4.85098090137701, 4.843564258243236, 4.828917554192889, 4.82242751869184, 4.80971765572051, 4.800744059625625, 4.791080865741487, 4.786312093217148, 4.778982857968909, 4.769697451051584, 4.764860601231779, 4.760258239874132, 4.747271024958313, 4.742946015545156, 4.738830701011242, 4.735460454655478, 4.729478897719327, 4.730655542332311, 4.726683946533269, 4.715945383518907, 4.708625393335485, 4.7054308032112315, 4.697923390350169, 4.690916471679845, 4.686933109434673, 4.681761336130386, 4.677364047119574], "val_losses": [5.994725238347457, 5.742723781779661, 5.6114631885593225, 5.509566009004237, 5.4451171875, 5.393963519597458, 5.3594143935381355, 5.323653667902542, 5.297670484639831, 5.277241459216102, 5.2580859375, 5.244259798728813, 5.232557600635594, 5.227370895127119, 5.218033633474576, 5.205742518538136, 5.197628111758474, 5.19208388506356, 5.185478019067797, 5.17989108845339, 5.173036612817796, 5.165509136652543, 5.158814552436441, 5.15505561440678, 5.1525668697033895, 5.147945577330509, 5.14340969279661, 5.136288069385593, 5.13610202595339, 5.132940611758475, 5.131645921610169, 5.131993180614407, 5.1245948093220335, 5.122442068326271, 5.1234735831567795, 5.118435513771186, 5.1180465439618645, 5.118024033368644, 5.120978879766949, 5.119377317266949, 5.121194054555085, 5.121518802966102, 5.11929985434322, 5.115440280720339, 5.116591300317797, 5.111958752648305, 5.111509533898305, 5.11202595338983, 5.110863678495763, 5.107875066207627], "test_losses": [5.948550326152913, 5.694024835975425, 5.561350998369235, 5.457617898589199, 5.389683991959951, 5.338871335520328, 5.30602316254551, 5.266166612939927, 5.236862034473605, 5.21569587189017, 5.196916598718143, 5.181672031439624, 5.168253185679611, 5.161343176388046, 5.153077357023665, 5.140472115822209, 5.131265288417779, 5.12580056792324, 5.117379494083738, 5.112679787052488, 5.107160549719357, 5.09765387970267, 5.091517772489381, 5.087695668044599, 5.085590844015473, 5.079666285838895, 5.077090957789745, 5.071588905112257, 5.069049724097391, 5.06775613432949, 5.065916783601335, 5.065407762249697, 5.059794305597694, 5.058029619235437, 5.058714635163835, 5.051532634253641, 5.052467716550364, 5.052077210065231, 5.051521967915655, 5.050042309807342, 5.052692302222391, 5.051811144189927, 5.048927677487864, 5.045838587492415, 5.048076740746359, 5.043315998558859, 5.041662123596784, 5.040779780415655, 5.039293603989685, 5.03741455078125], "status": "OK"}