{"data": "data/ptb", "recepie_id": 1008993, "recepies_list_path": "data/models_recepies.json", "cuda": true, "batch_size": 20, "model": "CustomRNN", "emsize": 400, "nhid": 600, "nlayers": 3, "dropout": 0.1, "dropouth": 0.25, "dropouti": 0.4, "dropoute": 0.0, "wdrop": 0.1, "tied": true, "bptt": 70, "lr": 0.001, "wdecay": 1.2e-06, "epochs": 50, "alpha": 2, "beta": 1, "log_interval": 200, "clip": 0.25, "eval_batch_size": 50, "recepie": "{\"node_0\": {\"op\": \"linear\", \"input\": [\"x\", \"h_prev_1\"]}, \"node_1\": {\"op\": \"activation_leaky_relu\", \"input\": [\"node_0\"]}, \"node_5\": {\"op\": \"linear\", \"input\": [\"h_prev_0\", \"node_1\"]}, \"h_new_0\": {\"op\": \"activation_leaky_relu\", \"input\": [\"node_5\"]}, \"h_new_1\": {\"op\": \"linear\", \"input\": [\"node_1\", \"x\"]}}", "experiment_id": 999931498, "init_time": "2020-04-14_15-47-02", "num_params": 9214800, "wall_times": [146.59950995445251, 145.89897298812866, 146.37934470176697, 144.45971512794495, 145.71509885787964, 144.43771839141846, 145.88213682174683, 145.53269958496094, 145.57718348503113, 145.99808764457703, 143.90032982826233, 143.53930234909058, 145.54558610916138, 146.09649801254272, 145.62210631370544, 145.65351176261902, 144.9531707763672, 146.376526594162, 144.80525755882263, 144.40042996406555, 144.08740091323853, 143.40288519859314, 144.206444978714, 144.4277262687683, 143.79528737068176, 144.8305299282074, 144.50834131240845, 145.37044954299927, 143.94427847862244, 145.15486025810242, 145.92928910255432, 146.02822041511536, 144.7885708808899, 144.53370022773743, 145.34482097625732, 145.86391162872314, 144.42584681510925, 145.84486603736877, 144.9590563774109, 145.3453390598297, 145.4435794353485, 145.02312064170837, 144.75855588912964, 143.7692379951477, 143.58862113952637, 143.62046599388123, 144.78766775131226, 145.29898142814636, 145.2654688358307, 143.49398708343506], "train_losses": [5.85214367839277, 5.470173319751493, 5.270722812785756, 5.132971347022753, 5.022382722150503, 4.947881367328277, 4.880523505997526, 4.828280064950783, 4.7774359905330535, 4.7349893765800655, 4.6941673726534345, 4.656621483513528, 4.625094972029476, 4.6025080179925775, 4.572266570517993, 4.546965769727287, 4.527388924748534, 4.512591358049594, 4.486872007960841, 4.469136191571191, 4.457021794820074, 4.437191971249529, 4.423698799150126, 4.410549795600022, 4.397250769861761, 4.383433600263569, 4.369568944650638, 4.3556773943036955, 4.3467243894895375, 4.338293310607283, 4.330848512048841, 4.318195380157065, 4.309049069442203, 4.301969871174224, 4.289359602764779, 4.283183899467485, 4.273521966274004, 4.268881363966435, 4.261547926416008, 4.252324293340864, 4.247384066887204, 4.243749075493518, 4.23318070571782, 4.227070138104459, 4.220758280216233, 4.22132559101178, 4.2132281749233504, 4.207207116346619, 4.198475152627616, 4.196752628960249], "val_losses": [5.871337394067797, 5.524099576271187, 5.360737884004237, 5.255535950741526, 5.174303495762712, 5.121560844809322, 5.073932733050848, 5.0449956965042375, 5.014570643538136, 4.98889201536017, 4.9650400556144065, 4.941802502648305, 4.926832627118644, 4.914872550317797, 4.904772907838983, 4.892149761652543, 4.881810447563559, 4.875148636122882, 4.864161149364406, 4.858495762711865, 4.851287407309322, 4.844025423728813, 4.83861030190678, 4.829548463983051, 4.823693061440678, 4.82193889036017, 4.817939949682203, 4.81177436440678, 4.8121391684322035, 4.807041512182203, 4.804140293961864, 4.800829250529661, 4.8000668697033895, 4.7943988347457624, 4.791137778072034, 4.7879952330508475, 4.787940611758475, 4.7892578125, 4.783847987288135, 4.7836741922669495, 4.783165055614407, 4.778599708686441, 4.77733547404661, 4.776881620762712, 4.773591101694915, 4.769716962394067, 4.772326204978814, 4.768860235699153, 4.77248046875, 4.76649563029661], "test_losses": [5.829186893203883, 5.482306323005158, 5.316149665314017, 5.210179597428701, 5.125866343674151, 5.072833311210558, 5.026009272603155, 4.994732606758192, 4.963637564946147, 4.936229224343902, 4.91262461838213, 4.892173693018052, 4.874353501403216, 4.864808610342081, 4.849196943264563, 4.838633120638653, 4.831147721670206, 4.825384047424909, 4.813564856075546, 4.806433520270783, 4.801134128015018, 4.793286666129399, 4.78937004607858, 4.781643765643962, 4.774458505574939, 4.77367452973301, 4.768097220115291, 4.761463943037015, 4.761773859412925, 4.755349168499697, 4.75375247696071, 4.750296287166262, 4.749579272223908, 4.744164327973301, 4.741648553644569, 4.739240924131523, 4.737335797652458, 4.738724495600728, 4.733640504114836, 4.732049738319175, 4.73212143981341, 4.727625874639715, 4.721941012780643, 4.724332939073878, 4.723028090393659, 4.720376023968447, 4.722650916831007, 4.720118550420965, 4.720996449294599, 4.717084273551274], "status": "OK"}