{"data": "data/ptb", "recepie_id": 1008544, "recepies_list_path": "data/models_recepies.json", "cuda": true, "batch_size": 20, "model": "CustomRNN", "emsize": 400, "nhid": 600, "nlayers": 3, "dropout": 0.1, "dropouth": 0.25, "dropouti": 0.4, "dropoute": 0.0, "wdrop": 0.1, "tied": true, "bptt": 70, "lr": 0.001, "wdecay": 1.2e-06, "epochs": 50, "alpha": 2, "beta": 1, "log_interval": 200, "clip": 0.25, "eval_batch_size": 50, "recepie": "{\"node_0\": {\"op\": \"linear\", \"input\": [\"h_prev_1\", \"h_prev_0\"]}, \"node_1\": {\"op\": \"activation_tanh\", \"input\": [\"node_0\"]}, \"node_4\": {\"op\": \"linear\", \"input\": [\"h_prev_0\", \"h_prev_1\"]}, \"node_8\": {\"op\": \"linear\", \"input\": [\"x\", \"node_1\"]}, \"h_new_0\": {\"op\": \"activation_sigm\", \"input\": [\"node_8\"]}, \"h_new_1\": {\"op\": \"activation_leaky_relu\", \"input\": [\"node_4\"]}}", "experiment_id": 999987043, "init_time": "2020-04-15_03-54-55", "num_params": 9254800, "wall_times": [197.51534128189087, 150.82804989814758, 148.42765998840332, 152.72027349472046, 149.2302167415619, 149.2475106716156, 149.2383267879486, 150.11089658737183, 148.26323771476746, 150.32912611961365, 149.81337094306946, 148.54181671142578, 148.95711398124695, 148.68050932884216, 149.26810026168823, 148.69243741035461, 149.5931625366211, 148.54758954048157, 149.33741331100464, 148.75371479988098, 149.30484867095947, 149.505606174469, 148.7374405860901, 149.27675080299377, 148.79456663131714, 148.55414390563965, 148.63053846359253, 148.45694541931152, 148.29320788383484, 148.53847789764404, 149.75805139541626, 148.11708045005798, 146.94113874435425, 148.82816529273987, 148.68064093589783, 149.17671179771423, 149.6182506084442, 148.7677083015442, 148.65300011634827, 149.47334790229797, 149.19962167739868, 148.39212203025818, 148.8291347026825, 149.46272110939026, 149.10821628570557, 148.74569702148438, 149.8307864665985, 148.83125972747803, 148.5742630958557, 149.29360342025757], "train_losses": [5.971808015303104, 5.72370619520198, 5.5771521670431925, 5.475769945807111, 5.400014624011619, 5.332886628610618, 5.2765324955623685, 5.231441793071917, 5.187053295277285, 5.153999667177667, 5.122934148243774, 5.094098791081707, 5.0714261100801465, 5.051968610483567, 5.030164125114303, 5.0143411966811895, 4.995572034183207, 4.981066947716637, 4.968096121779356, 4.951881118551987, 4.942629750282395, 4.931838238260449, 4.917252467591846, 4.906805124119198, 4.900639926577377, 4.886732407482115, 4.87781344131569, 4.873631730407186, 4.864991797106127, 4.855049150126405, 4.846785322871281, 4.8361203001452315, 4.832065498762843, 4.819875880802539, 4.815300414178904, 4.8064747391210805, 4.796507298558442, 4.787947208998978, 4.782959076300361, 4.776590907562799, 4.769818897584853, 4.765900250793394, 4.758745411086009, 4.754227516002366, 4.750541256521973, 4.745724577752676, 4.74411929831639, 4.741992092948201, 4.734785144693669, 4.732483543784627], "val_losses": [5.986687632415254, 5.759278998940678, 5.635644862288135, 5.5554800052966105, 5.497204051906779, 5.446371490995762, 5.4069590836864405, 5.378197828389831, 5.3451585672669495, 5.325787539724576, 5.306722722457627, 5.290276085805084, 5.27672404661017, 5.267142147775424, 5.2546398305084745, 5.248937698622881, 5.242482786016949, 5.231586996822034, 5.226840903072034, 5.218475900423729, 5.213372616525424, 5.207478482521187, 5.204113148834746, 5.199237619173728, 5.198984706038136, 5.1939337261652545, 5.191584348516949, 5.191558858580509, 5.186376125529661, 5.185223450741526, 5.181693591101695, 5.17612453654661, 5.175305548199153, 5.171705177436441, 5.167867452330508, 5.164989075741525, 5.162418564618644, 5.160001324152542, 5.156229806673728, 5.153861559851695, 5.152321239406779, 5.15086467161017, 5.146289724576271, 5.1444114141949155, 5.1456130826271185, 5.146078522245762, 5.143932733050847, 5.144228350105932, 5.1427697960805085, 5.143639764300848], "test_losses": [5.933212132129855, 5.709231478496663, 5.581044613736347, 5.497645109602549, 5.441259884139867, 5.389487257281553, 5.348748364494842, 5.316825792627427, 5.286632945236651, 5.267049548695389, 5.246480108464806, 5.22814704376517, 5.215487878299454, 5.204415626896238, 5.193863063182645, 5.185786867604672, 5.177674524992415, 5.167808754930219, 5.163944577707828, 5.153508751137743, 5.150457585899575, 5.144994643128034, 5.138572915086469, 5.134390525447512, 5.133381371359223, 5.126703058631675, 5.123896034018507, 5.125014814358313, 5.119532909208131, 5.116700403898665, 5.114003598111347, 5.10943840545358, 5.107019517028216, 5.103093712075243, 5.101272138577063, 5.098370894645024, 5.095751123520935, 5.092362190913228, 5.090660317430219, 5.088659786483617, 5.086718512970267, 5.08539055389108, 5.081926364343143, 5.081495562803398, 5.08166266876517, 5.081508599438713, 5.081963696526092, 5.081871847504551, 5.080046718560376, 5.079892056659587], "status": "OK"}