{"data": "data/ptb", "recepie_id": 1007112, "recepies_list_path": "data/models_recepies.json", "cuda": true, "batch_size": 20, "model": "CustomRNN", "emsize": 400, "nhid": 600, "nlayers": 3, "dropout": 0.1, "dropouth": 0.25, "dropouti": 0.4, "dropoute": 0.0, "wdrop": 0.1, "tied": true, "bptt": 70, "lr": 0.001, "wdecay": 1.2e-06, "epochs": 50, "alpha": 2, "beta": 1, "log_interval": 200, "clip": 0.25, "eval_batch_size": 50, "recepie": "{\"node_0\": {\"op\": \"elementwise_prod\", \"input\": [\"h_prev_1\", \"h_prev_0\"]}, \"node_2\": {\"op\": \"linear\", \"input\": [\"h_prev_0\", \"h_prev_1\"]}, \"node_3\": {\"op\": \"activation_tanh\", \"input\": [\"node_2\"]}, \"node_7\": {\"op\": \"blend\", \"input\": [\"h_prev_0\", \"h_prev_1\", \"h_new_1\"]}, \"node_8\": {\"op\": \"linear\", \"input\": [\"x\", \"node_3\"]}, \"node_9\": {\"op\": \"activation_leaky_relu\", \"input\": [\"node_8\"]}, \"h_new_0\": {\"op\": \"blend\", \"input\": [\"node_9\", \"node_0\", \"node_7\"]}, \"h_new_1\": {\"op\": \"elementwise_prod\", \"input\": [\"node_3\", \"node_0\"]}}", "experiment_id": 999955261, "init_time": "2020-04-23_12-37-05", "num_params": 7493200, "wall_times": [229.2435746192932, 168.83307766914368, 168.02193140983582, 167.5501787662506, 166.72948265075684, 166.76472520828247, 166.69155883789062, 168.85301089286804, 168.02376866340637, 167.19686841964722, 168.51145005226135, 166.4964292049408, 168.3243727684021, 166.9120819568634, 166.6485288143158, 166.7695333957672, 167.94891786575317, 167.3185350894928, 167.4850103855133, 167.01791763305664, 167.97155690193176, 169.36222553253174, 167.54959321022034, 166.82149982452393, 168.07285475730896, 168.20376753807068, 167.79365062713623, 169.54407620429993, 168.7353880405426, 167.12700247764587, 169.1897373199463, 168.99092817306519, 162.21452689170837, 166.59305596351624, 167.30011463165283, 166.57712602615356, 169.03255820274353, 167.8673279285431, 168.6440510749817, 168.27398085594177, 168.783442735672, 166.84552478790283, 166.5313789844513, 167.94081377983093, 168.90785336494446, 169.28665041923523, 165.694584608078, 166.61113834381104, 167.49417686462402, 168.10677790641785], "train_losses": [8.580769928997903, 8.058670862245172, 7.625437879888118, 7.276902298155021, 7.008381071486203, 6.813001754881395, 6.681942035124522, 6.604721370555645, 6.566426631165617, 6.550460404227852, 6.543828751143026, 6.540310583750202, 6.538020329057071, 6.536396979721371, 6.535200584288097, 6.534288684713033, 6.533586900247432, 6.533033877279329, 6.532593055779678, 6.532240062395783, 6.5319484226238504, 6.531708471168845, 6.531513484347265, 6.5313365674250985, 6.531196630762197, 6.531078546070679, 6.530973068285729, 6.530882718788662, 6.5308079178096925, 6.530742361895541, 6.530683529664891, 6.530636884110591, 6.530589818326072, 6.530549055994836, 6.530510394814695, 6.5304776168576195, 6.530448200742295, 6.530418364396751, 6.5304007147275565, 6.530380963907267, 6.530359952396321, 6.530344403878221, 6.530328435129902, 6.530310365230488, 6.530296497633263, 6.530286412108009, 6.5302771670431925, 6.530267921978377, 6.530256575762466, 6.530245649776774], "val_losses": [8.572749602754238, 8.049126721398306, 7.614479608050847, 7.264994041313559, 6.996146054025424, 6.800913665254237, 6.67017876059322, 6.593222987288136, 6.5549549788135595, 6.538821504237288, 6.531953787076271, 6.528322298728813, 6.526062632415254, 6.524430614406779, 6.523291181144068, 6.522435116525424, 6.521801509533899, 6.521308262711864, 6.5209375, 6.520593220338983, 6.520361493644068, 6.520231064618644, 6.5200787870762715, 6.519943061440678, 6.519844412076271, 6.5198278601694915, 6.519742452330508, 6.519722590042373, 6.519700079449152, 6.519617981991526, 6.519547801906779, 6.519569650423729, 6.519511387711864, 6.519494835805085, 6.519441207627119, 6.51938625529661, 6.519367717161017, 6.519367055084746, 6.519342558262712, 6.519300185381356, 6.5193372616525425, 6.519319385593221, 6.519308792372882, 6.519304819915254, 6.519334613347458, 6.519316737288135, 6.519276350635593, 6.519261122881356, 6.519251191737288, 6.51924655720339], "test_losses": [8.564959183479976, 8.033596001782463, 7.591946796306129, 7.235985024461469, 6.961126531212075, 6.760271683479976, 6.624483867756371, 6.543208742604672, 6.501521730885922, 6.483067781022451, 6.474904477017597, 6.470490983388956, 6.467594480051578, 6.465485508002124, 6.463961406818871, 6.462806479444781, 6.461869026850728, 6.461138975273058, 6.460558252427185, 6.460056341967537, 6.459675909246056, 6.459346437917172, 6.459082742339199, 6.458808972997573, 6.45862290465716, 6.458466465033374, 6.458278618969963, 6.458198621435073, 6.458060551615595, 6.45794203674909, 6.457900556545813, 6.457821744159587, 6.457726932266383, 6.457680118894114, 6.457599528784891, 6.457560418878944, 6.457498198574029, 6.457485161938713, 6.457430052525789, 6.457394498065837, 6.45734353667324, 6.457338203504247, 6.45733168518659, 6.457270057456007, 6.457232132698726, 6.457223836658071, 6.457205466853762, 6.45720724457676, 6.457193022792779, 6.457166949522148], "status": "OK"}