{"data": "data/ptb", "recepie_id": 2007825, "recepies_list_path": "data/new_recepies_fix.json", "cuda": true, "batch_size": 20, "model": "CustomRNN", "emsize": 400, "nhid": 600, "nlayers": 3, "dropout": 0.1, "dropouth": 0.25, "dropouti": 0.4, "dropoute": 0.0, "wdrop": 0.1, "tied": true, "bptt": 70, "lr": 0.001, "wdecay": 1.2e-06, "epochs": 50, "alpha": 2, "beta": 1, "log_interval": 200, "clip": 0.25, "eval_batch_size": 50, "recepie": "{\"node_0\": {\"op\": \"linear\", \"input\": [\"h_prev_0\", \"x\", \"h_prev_1\"]}, \"node_1\": {\"op\": \"activation_tanh\", \"input\": [\"node_0\"]}, \"node_3\": {\"op\": \"activation_tanh\", \"input\": [\"h_new_0\"]}, \"node_4\": {\"op\": \"linear\", \"input\": [\"h_prev_0\", \"h_prev_1\"]}, \"node_5\": {\"op\": \"activation_sigm\", \"input\": [\"node_4\"]}, \"node_6\": {\"op\": \"linear\", \"input\": [\"x\", \"h_prev_2\"]}, \"node_7\": {\"op\": \"activation_leaky_relu\", \"input\": [\"node_6\"]}, \"node_9\": {\"op\": \"linear\", \"input\": [\"h_prev_1\", \"node_7\"]}, \"node_10\": {\"op\": \"activation_leaky_relu\", \"input\": [\"node_9\"]}, \"node_11\": {\"op\": \"linear\", \"input\": [\"node_3\", \"node_5\", \"h_prev_1\"]}, \"node_16\": {\"op\": \"linear\", \"input\": [\"h_new_2\", \"node_10\"]}, \"h_new_0\": {\"op\": \"linear\", \"input\": [\"node_1\", \"x\"]}, \"h_new_1\": {\"op\": \"activation_sigm\", \"input\": [\"node_16\"]}, \"h_new_2\": {\"op\": \"activation_sigm\", \"input\": [\"node_11\"]}}", "experiment_id": 999975143, "init_time": "2020-05-11_01-51-41", "num_params": 17981200, "wall_times": [356.8969917297363, 355.55400228500366, 348.8018560409546, 356.5926389694214, 369.78781723976135, 369.7397334575653, 369.5728487968445, 368.33036279678345, 370.0761287212372, 369.1665139198303, 369.0707542896271, 369.71353578567505, 369.0531716346741, 368.20752811431885, 367.5357713699341, 370.2179305553436, 369.0388460159302, 370.00048661231995, 370.3899531364441, 368.8409752845764, 369.89886498451233, 368.2106056213379, 368.0505566596985, 368.28593373298645, 368.8248550891876, 367.5061933994293, 369.0949454307556, 368.6966202259064, 368.6538679599762, 367.74134850502014, 367.9418911933899, 367.7733452320099, 368.3743097782135, 366.67718505859375, 367.2849895954132, 367.5181474685669, 366.99517345428467, 368.578284740448, 368.8167555332184, 367.9012026786804, 368.0366554260254, 368.107878446579, 368.84970593452454, 369.9376494884491, 370.52833127975464, 368.8952214717865, 369.6629114151001, 368.9733028411865, 370.543762922287, 369.68942618370056], "train_losses": [5.683525462589425, 5.393109401054273, 5.27239953135926, 5.167326428110376, 5.079158766338551, 5.047523415227799, 4.9924593889516435, 4.946318531144102, 4.917820198617611, 4.900320131380775, 4.867449723656608, 4.854452002985315, 4.8290978329568075, 4.839623339250175, 4.804199612715831, 4.784931216717767, 4.760259080334571, 4.756521132537249, 4.737605729923081, 4.742537131542144, 4.737681371362487, 4.715431021730945, 4.704159606798989, 4.695992012263999, 4.693172267495024, 4.69603025321392, 4.67711989336238, 4.678423447501479, 4.666830976682266, 4.656994647947932, 4.671356435909849, 4.65802169060298, 4.644415476574687, 4.636806788230865, 4.62420408396536, 4.6300284747996345, 4.627133929051691, 4.612709526787155, 4.6195571782045075, 4.601099406298747, 4.586388407024905, 4.593787400489484, 4.6040052982626, 4.593423901350116, 4.5940076011242, 4.590424718277661, 4.578379659512668, 4.576157061884783, 4.560321946775321, 4.561285114437093], "val_losses": [5.719266419491525, 5.475997417902542, 5.39075642213983, 5.310774629237288, 5.243999933792373, 5.231880958686441, 5.191285752118644, 5.156163268008474, 5.149356792902543, 5.139457759533898, 5.119193260063559, 5.116631686970339, 5.100868313029661, 5.122113678495762, 5.090805746822034, 5.0724940413135595, 5.0566796875, 5.058412341101695, 5.048895656779661, 5.062690677966102, 5.060583289194915, 5.041955442266949, 5.037583752648305, 5.036452264300848, 5.035371424788136, 5.036469147245763, 5.022669160487288, 5.036505561440678, 5.025274099576271, 5.014734176377119, 5.040875595868644, 5.031913731461865, 5.0130117849576274, 5.0060702462923725, 5.000119173728813, 5.014600105932203, 5.015787870762712, 5.00127251059322, 5.007177568855933, 4.9935738877118645, 4.979501125529661, 4.993248146186441, 5.004107521186441, 4.992469875529661, 4.992439088983051, 4.995545881885593, 4.9859136652542375, 4.989513704978814, 4.9756253310381355, 4.975308858580508], "test_losses": [5.669264710065231, 5.429163071715716, 5.343912365367111, 5.256700237977852, 5.194365566216626, 5.181412483881978, 5.141438011984223, 5.11322021484375, 5.102768981341019, 5.090511581272755, 5.072938196867415, 5.066449507926274, 5.055100524309769, 5.069146906287925, 5.041908041944781, 5.027185532653216, 5.013527879437197, 5.011928521313713, 5.005574939320389, 5.019407994538835, 5.017049548695389, 4.995936717801881, 4.993822412583435, 4.992586895100121, 4.992943032273969, 4.994922230544599, 4.979105236460861, 4.992588672823119, 4.982471651243932, 4.971162962682039, 4.995252294447815, 4.981770635808556, 4.972828096556432, 4.968262311324333, 4.958101142957372, 4.968304976676274, 4.971451546381978, 4.959032077233768, 4.963795782292931, 4.952047996150637, 4.934105141648969, 4.946681939282463, 4.958798306659587, 4.948749431128641, 4.951161208662015, 4.953055372515928, 4.946993040807039, 4.944721703390473, 4.933357312841323, 4.934593719186135], "status": "OK"}