{"data": "data/ptb", "recepie_id": 1001523, "recepies_list_path": "data/models_recepies.json", "cuda": true, "batch_size": 20, "model": "CustomRNN", "emsize": 400, "nhid": 600, "nlayers": 3, "dropout": 0.1, "dropouth": 0.25, "dropouti": 0.4, "dropoute": 0.0, "wdrop": 0.1, "tied": true, "bptt": 70, "lr": 0.001, "wdecay": 1.2e-06, "epochs": 50, "alpha": 2, "beta": 1, "log_interval": 200, "clip": 0.25, "eval_batch_size": 50, "recepie": "{\"node_0\": {\"op\": \"linear\", \"input\": [\"x\", \"h_prev_0\"]}, \"node_1\": {\"op\": \"activation_tanh\", \"input\": [\"node_0\"]}, \"node_2\": {\"op\": \"linear\", \"input\": [\"h_prev_0\", \"node_1\"]}, \"node_3\": {\"op\": \"activation_sigm\", \"input\": [\"node_2\"]}, \"h_new_0\": {\"op\": \"linear\", \"input\": [\"node_3\", \"node_1\"]}}", "experiment_id": 999936071, "init_time": "2020-04-24_20-07-12", "num_params": 9254800, "wall_times": [184.4514377117157, 139.90534019470215, 138.5920708179474, 137.03605794906616, 137.87565732002258, 136.87073159217834, 138.44535303115845, 138.17928314208984, 137.04504227638245, 137.66990447044373, 139.7720558643341, 138.73370552062988, 138.5075933933258, 139.031423330307, 139.02170968055725, 138.07695865631104, 140.08199334144592, 138.99759554862976, 139.08594274520874, 137.80625343322754, 138.534499168396, 138.65127515792847, 138.4984953403473, 137.25355648994446, 138.71867752075195, 138.6812243461609, 139.2518699169159, 139.77483224868774, 138.7774019241333, 138.1298370361328, 137.7335774898529, 138.9724841117859, 139.03148746490479, 137.93017530441284, 136.96094155311584, 137.93319249153137, 137.42683863639832, 137.44196438789368, 138.56217622756958, 137.99993348121643, 137.19502520561218, 137.51796460151672, 138.17542624473572, 137.99813413619995, 137.75694131851196, 139.00418853759766, 138.23522686958313, 138.0259747505188, 137.99356961250305, 139.24603009223938], "train_losses": [5.691456047280942, 5.425101107390673, 5.2681972291700285, 5.1570223831423805, 5.069147201602926, 5.0096241124737775, 4.95164578962939, 4.907504807433704, 4.885857067936098, 4.837686498171158, 4.806086026168576, 4.784361804771126, 4.7664814291861655, 4.7337282656930775, 4.72179750954763, 4.695056159566457, 4.683502770157603, 4.674745172395245, 4.658544877225539, 4.641402005674789, 4.641676836237965, 4.621851214969609, 4.613318860604593, 4.601267498386316, 4.589556522645366, 4.579269707116347, 4.575079171373245, 4.5612909976601586, 4.5561759554354255, 4.558013622182776, 4.546572854472594, 4.539079309208757, 4.5254567062019255, 4.523155525523102, 4.518213197918348, 4.509081595261148, 4.502765114840514, 4.50524447313216, 4.491226013259104, 4.489032411516325, 4.48699345449411, 4.472358516889893, 4.4764120575816255, 4.468447854472594, 4.463849275186918, 4.456491464283793, 4.452665688370717, 4.446998043408101, 4.439303628099618, 4.445295690791243], "val_losses": [5.719008871822034, 5.489712327860169, 5.359004568326271, 5.280623013771186, 5.21554985434322, 5.177834017478814, 5.136372153072034, 5.107235500529661, 5.098421610169492, 5.068245497881356, 5.0446176509533895, 5.033914194915254, 5.026854806673729, 5.004497815148305, 4.996490664724576, 4.982453985699152, 4.9790211202330505, 4.975953389830509, 4.968404396186441, 4.9567415916313555, 4.962093485169492, 4.955077462923729, 4.949845405190678, 4.946454250529661, 4.939170749470339, 4.932414923199152, 4.933761917372881, 4.925964314088983, 4.920672669491525, 4.925412142478813, 4.922813493114407, 4.919803694385593, 4.9123669226694915, 4.909756024894068, 4.909380958686441, 4.905397576800848, 4.907568193855933, 4.90986030190678, 4.897053098516949, 4.902708885063559, 4.901294359110169, 4.892863148834746, 4.901860765360169, 4.892325542902542, 4.892206038135593, 4.888050185381356, 4.883793034957627, 4.886469478283899, 4.879334944385593, 4.882769134004238], "test_losses": [5.675586293044599, 5.440156510732706, 5.315987892521238, 5.229592925136529, 5.164178051994842, 5.124557346973605, 5.082601899082221, 5.055559769417476, 5.048050667475728, 5.016416679308253, 4.99218512970267, 4.981703674908981, 4.972706026243932, 4.95352528396162, 4.947328437879247, 4.9347898612902, 4.929123665522603, 4.926331158980583, 4.915701560603762, 4.905776236821147, 4.911672944004096, 4.901586440003034, 4.892835005973149, 4.888840758684769, 4.885035246321299, 4.877975908297937, 4.878465670983768, 4.874896299491808, 4.869766679782312, 4.872691034113319, 4.868272207315686, 4.867746593882736, 4.858943605885922, 4.857461281193113, 4.855250386358465, 4.850261503052943, 4.851643682683556, 4.854802400163076, 4.844176357232251, 4.847500995524879, 4.845605053947967, 4.836100161654278, 4.84257522138577, 4.838412386699788, 4.83850571715716, 4.831869477207221, 4.829614731871966, 4.830476334951456, 4.821880747971026, 4.830600182986954], "status": "OK"}