{"data": "data/ptb", "recepie_id": 2004030, "recepies_list_path": "data/new_recepies_fix.json", "cuda": true, "batch_size": 20, "model": "CustomRNN", "emsize": 400, "nhid": 600, "nlayers": 3, "dropout": 0.1, "dropouth": 0.25, "dropouti": 0.4, "dropoute": 0.0, "wdrop": 0.1, "tied": true, "bptt": 70, "lr": 0.001, "wdecay": 1.2e-06, "epochs": 50, "alpha": 2, "beta": 1, "log_interval": 200, "clip": 0.25, "eval_batch_size": 50, "recepie": "{\"node_0\": {\"op\": \"linear\", \"input\": [\"h_prev_1\", \"h_prev_0\", \"x\"]}, \"node_2\": {\"op\": \"linear\", \"input\": [\"x\", \"h_new_1\"]}, \"node_3\": {\"op\": \"activation_tanh\", \"input\": [\"node_2\"]}, \"node_4\": {\"op\": \"linear\", \"input\": [\"h_new_1\", \"x\", \"node_3\"]}, \"node_5\": {\"op\": \"activation_leaky_relu\", \"input\": [\"node_4\"]}, \"node_9\": {\"op\": \"linear\", \"input\": [\"x\", \"node_5\"]}, \"node_10\": {\"op\": \"activation_leaky_relu\", \"input\": [\"node_9\"]}, \"node_11\": {\"op\": \"linear\", \"input\": [\"h_prev_0\", \"x\"]}, \"node_12\": {\"op\": \"activation_tanh\", \"input\": [\"node_11\"]}, \"node_13\": {\"op\": \"linear\", \"input\": [\"node_12\", \"x\", \"node_10\"]}, \"h_new_0\": {\"op\": \"activation_tanh\", \"input\": [\"node_13\"]}, \"h_new_1\": {\"op\": \"activation_tanh\", \"input\": [\"node_0\"]}}", "experiment_id": 999904350, "init_time": "2020-05-18_13-45-51", "num_params": 16979600, "wall_times": [413.6177411079407, 399.09676218032837, 401.8279011249542, 402.8466737270355, 402.7039084434509, 400.8013324737549, 400.1265232563019, 397.68647289276123, 399.0101912021637, 400.998220205307, 400.0834493637085, 397.76542806625366, 398.22461915016174, 398.8744087219238, 402.1492636203766, 397.87005138397217, 398.132577419281, 395.20676827430725, 398.36505460739136, 398.2503328323364, 399.0490074157715, 401.39447236061096, 400.9936890602112, 396.75037026405334, 403.1643981933594, 399.19107699394226, 400.18134021759033, 398.7474088668823, 401.75450563430786, 403.8860607147217, 402.0715982913971, 401.3904299736023, 399.83309626579285, 400.39728593826294, 400.8809378147125, 401.07106852531433, 399.46418166160583, 396.34425044059753, 402.4552788734436, 401.2915458679199, 398.1827938556671, 400.5570704936981, 401.4244010448456, 405.17038559913635, 399.9600684642792, 401.15043592453003, 400.6655888557434, 400.6851644515991, 400.0407609939575, 402.0150191783905], "train_losses": [5.4471119257974285, 5.181627282690549, 5.043778743746975, 4.93410496006132, 4.867319452288742, 4.801147060405572, 4.760171672449035, 4.722192946183637, 4.685624932763165, 4.658999146092195, 4.637403094911516, 4.617373241756764, 4.6041864174869565, 4.5831261598354045, 4.5707272672260775, 4.549674993948685, 4.537276941799796, 4.522145292076812, 4.5141071284492496, 4.494180231698134, 4.483919890672906, 4.487070776854392, 4.475244237803238, 4.457393278333602, 4.456948674761982, 4.44414173861008, 4.436455727905976, 4.440681562987467, 4.43598969259319, 4.423465151148405, 4.416619180651928, 4.416808284250444, 4.404890975472003, 4.390427912027325, 4.391404947286321, 4.386594571970308, 4.379038832634071, 4.378078186353612, 4.3675850377871015, 4.365104418804798, 4.354428049862837, 4.355196650933247, 4.357957143241354, 4.349038597305148, 4.34809349954279, 4.346145312247862, 4.351116635737722, 4.334567969716529, 4.333948970604056, 4.332868138480985], "val_losses": [5.494691472457627, 5.28294623940678, 5.1850734904661016, 5.1052734375, 5.05750297934322, 5.0168713585805085, 4.9922682733050845, 4.9782603945974575, 4.9564277674788135, 4.94385063559322, 4.930961003707627, 4.9228144862288135, 4.925399894067796, 4.906745895127119, 4.90562731726695, 4.895396252648305, 4.884867584745763, 4.879831501588983, 4.874777542372882, 4.861348318326272, 4.8642826403601696, 4.86713718220339, 4.857621822033899, 4.84537407309322, 4.84974377648305, 4.842576800847458, 4.842970405190678, 4.844319716631356, 4.848278601694915, 4.834835143008474, 4.833500728283898, 4.840000331038135, 4.8316068591101695, 4.820093683792373, 4.82722358315678, 4.826176178495762, 4.822789327330509, 4.822083554025424, 4.816660818326271, 4.820444253177966, 4.818320974576271, 4.81547702595339, 4.8224649099576276, 4.8140899761652545, 4.813569253177966, 4.814201536016949, 4.820949748411017, 4.809083355402542, 4.8124728548728815, 4.8131723384533895], "test_losses": [5.461866063979065, 5.241746624696602, 5.148884893621056, 5.062404002958131, 5.019122373710558, 4.973769697170813, 4.947880124582828, 4.934883488034739, 4.914768848604369, 4.902324491334193, 4.886308095987561, 4.877209709685983, 4.879617931773361, 4.86477779647679, 4.862552976145328, 4.847735951247724, 4.842338784227094, 4.838306315894266, 4.835131006333435, 4.820307166831007, 4.817579250891232, 4.827372430597694, 4.81726548278216, 4.804310919011681, 4.810724647299757, 4.804706166091474, 4.801260642635012, 4.80094687452594, 4.806737214616201, 4.79305437699105, 4.794578478174302, 4.79726343247497, 4.794258784321905, 4.782754842517446, 4.785917708017294, 4.786091924871056, 4.782124047140473, 4.781201408904733, 4.775976681014867, 4.777922991410042, 4.775650468844812, 4.773989482990746, 4.776032383002124, 4.771327639089047, 4.773286393545206, 4.769662505214654, 4.782594847447664, 4.765033314528974, 4.769948718617264, 4.768306102567506], "status": "OK"}