{"data": "data/ptb", "recepie_id": 2004749, "recepies_list_path": "data/new_recepies_fix.json", "cuda": true, "batch_size": 20, "model": "CustomRNN", "emsize": 400, "nhid": 600, "nlayers": 3, "dropout": 0.1, "dropouth": 0.25, "dropouti": 0.4, "dropoute": 0.0, "wdrop": 0.1, "tied": true, "bptt": 70, "lr": 0.001, "wdecay": 1.2e-06, "epochs": 50, "alpha": 2, "beta": 1, "log_interval": 200, "clip": 0.25, "eval_batch_size": 50, "recepie": "{\"node_0\": {\"op\": \"linear\", \"input\": [\"h_prev_0\", \"x\"]}, \"node_1\": {\"op\": \"activation_tanh\", \"input\": [\"node_0\"]}, \"node_2\": {\"op\": \"linear\", \"input\": [\"h_prev_0\", \"h_prev_1\"]}, \"node_3\": {\"op\": \"activation_leaky_relu\", \"input\": [\"node_2\"]}, \"node_4\": {\"op\": \"linear\", \"input\": [\"x\", \"h_prev_1\", \"node_3\"]}, \"node_5\": {\"op\": \"activation_tanh\", \"input\": [\"node_4\"]}, \"node_6\": {\"op\": \"linear\", \"input\": [\"node_5\", \"node_3\"]}, \"node_20\": {\"op\": \"linear\", \"input\": [\"node_1\", \"h_prev_0\"]}, \"h_new_0\": {\"op\": \"activation_tanh\", \"input\": [\"node_6\"]}, \"h_new_1\": {\"op\": \"activation_leaky_relu\", \"input\": [\"node_20\"]}}", "experiment_id": 999965468, "init_time": "2020-05-19_00-47-51", "num_params": 13618000, "wall_times": [280.58954763412476, 278.27237248420715, 279.8104705810547, 277.54774928092957, 275.4108681678772, 278.6318688392639, 281.7872438430786, 279.842542886734, 281.0649633407593, 284.86808729171753, 279.6920893192291, 279.8911552429199, 282.68573689460754, 280.6372866630554, 280.3978912830353, 285.0380907058716, 285.6481671333313, 282.3062045574188, 284.63002371788025, 281.5963430404663, 283.27394437789917, 284.76428747177124, 274.9801971912384, 285.3169891834259, 285.78568482398987, 283.26281356811523, 283.2277171611786, 281.73111486434937, 285.10545563697815, 282.74892830848694, 282.3391168117523, 281.4180564880371, 286.0575487613678, 281.62026047706604, 284.5765700340271, 283.5857503414154, 280.56062507629395, 281.8987190723419, 284.3942265510559, 283.4068052768707, 282.5733468532562, 283.14169573783875, 282.97965478897095, 283.7939486503601, 283.1737792491913, 280.0787606239319, 280.4659502506256, 282.5278482437134, 282.6946611404419, 283.56536650657654], "train_losses": [5.5666514543327414, 5.299798961863267, 5.156631569038782, 5.05183497727395, 4.9672665873272015, 4.9014291189285135, 4.856902785622075, 4.803787366871067, 4.77280169167877, 4.7302277479694474, 4.699781228148028, 4.673360513823893, 4.6449029436286375, 4.618243118309935, 4.594770739201764, 4.576207909741273, 4.5540701818084015, 4.538113199935452, 4.521358200876769, 4.512972086627938, 4.487108177343876, 4.485220503200473, 4.4624158699101715, 4.460556771421656, 4.442549486310581, 4.435171504356947, 4.423552138803722, 4.4175382241407135, 4.402128802243021, 4.3905060748480444, 4.382562463019741, 4.370748951105374, 4.370467817088914, 4.356597698483137, 4.346518896912484, 4.339124946210532, 4.3352016768866655, 4.325854075896939, 4.3210705953149375, 4.312018416169114, 4.304056314211177, 4.299552286724759, 4.2957693742940135, 4.286243595691464, 4.292002010381367, 4.2796875840460435, 4.268964569549782, 4.268182521112366, 4.270188700177505, 4.256668213113873], "val_losses": [5.607465572033898, 5.38777641684322, 5.28140922934322, 5.212008739406779, 5.154071438029661, 5.116155654131356, 5.09111030190678, 5.056459216101695, 5.040127780720339, 5.016848516949152, 5.003315346927966, 4.987443723516949, 4.9720329051906775, 4.960536943855932, 4.953079647775423, 4.943966498940678, 4.933318326271187, 4.931906448622882, 4.927529793432203, 4.9237665519067795, 4.907053429555085, 4.9157848914194915, 4.897009401483051, 4.903971795550848, 4.894265426377118, 4.8927866790254235, 4.886161281779661, 4.886733315677966, 4.877599311440678, 4.872404329978814, 4.869148569915255, 4.866259269067797, 4.866220206567797, 4.866248675847458, 4.856642942266949, 4.8566015625, 4.856609507415254, 4.85207858845339, 4.852702264300848, 4.848809586864407, 4.844624602754237, 4.8452542372881355, 4.8410824947033895, 4.836010328389831, 4.845387976694915, 4.840048662605932, 4.835921941207627, 4.835103945974576, 4.840352886652543, 4.832313625529661], "test_losses": [5.56609396332676, 5.344558271389563, 5.240265188865291, 5.169041309541869, 5.112383499886226, 5.071618533828883, 5.048802051729369, 5.016310015928398, 5.003099756333435, 4.978172524461469, 4.96478034454642, 4.948326333055219, 4.936424181299302, 4.925081123426122, 4.913909615822209, 4.903491862769266, 4.895929725424757, 4.894639394815686, 4.887490281780947, 4.884087719963592, 4.866667219736044, 4.87271947768128, 4.856574197417324, 4.868110434522906, 4.853117118761378, 4.852574616959951, 4.846603837985437, 4.848065422576608, 4.838149579983313, 4.831766665560528, 4.829575325678853, 4.826948739949939, 4.825463452385467, 4.82342055237409, 4.815936634841474, 4.81573249298392, 4.814185281401699, 4.811593657558404, 4.810276364817203, 4.806682697777609, 4.802907110417931, 4.80519089189548, 4.803992706595115, 4.795948510031098, 4.80660418167855, 4.799439661711165, 4.793666506276547, 4.794688993287318, 4.799153744595722, 4.7914064277723], "status": "OK"}