{"data": "data/ptb", "recepie_id": 2004979, "recepies_list_path": "data/new_recepies_fix.json", "cuda": true, "batch_size": 20, "model": "CustomRNN", "emsize": 400, "nhid": 600, "nlayers": 3, "dropout": 0.1, "dropouth": 0.25, "dropouti": 0.4, "dropoute": 0.0, "wdrop": 0.1, "tied": true, "bptt": 70, "lr": 0.001, "wdecay": 1.2e-06, "epochs": 50, "alpha": 2, "beta": 1, "log_interval": 200, "clip": 0.25, "eval_batch_size": 50, "recepie": "{\"node_0\": {\"op\": \"linear\", \"input\": [\"x\", \"h_prev_0\"]}, \"node_1\": {\"op\": \"activation_sigm\", \"input\": [\"node_0\"]}, \"node_2\": {\"op\": \"linear\", \"input\": [\"node_1\", \"h_prev_0\"]}, \"node_3\": {\"op\": \"activation_leaky_relu\", \"input\": [\"node_2\"]}, \"node_4\": {\"op\": \"linear\", \"input\": [\"node_1\", \"node_3\", \"h_prev_0\"]}, \"node_5\": {\"op\": \"activation_tanh\", \"input\": [\"node_4\"]}, \"h_new_0\": {\"op\": \"elementwise_prod\", \"input\": [\"node_2\", \"node_5\"]}}", "experiment_id": 999949911, "init_time": "2020-05-16_02-29-39", "num_params": 10134800, "wall_times": [175.58185052871704, 175.12293434143066, 174.4701988697052, 173.6583755016327, 172.8912341594696, 172.233464717865, 172.7503981590271, 172.31669521331787, 173.15051198005676, 172.37891721725464, 172.57544684410095, 172.42899441719055, 172.72817587852478, 172.36423659324646, 172.67684245109558, 172.99726390838623, 171.75944185256958, 173.01503133773804, 172.25152611732483, 173.1486518383026, 172.36009311676025, 172.64335989952087, 172.51955652236938, 171.929119348526, 172.2483994960785, 172.98729181289673, 172.27388072013855, 172.22740173339844, 172.9139723777771, 172.0767776966095, 172.78612112998962, 172.92988276481628, 172.098979473114, 172.69338059425354, 172.22422647476196, 172.9908368587494, 172.04976320266724, 172.6868908405304, 173.0510334968567, 172.4127538204193, 172.28798651695251, 173.14624333381653, 172.60618591308594, 171.57955932617188, 172.98980951309204, 172.32182550430298, 173.01379799842834, 172.56506776809692, 173.03292441368103, 172.64015865325928], "train_losses": [6.056496591092464, 5.757197282959496, 5.546625803480179, 5.400409640417406, 5.2878211399333015, 5.198515074498413, 5.1257005237749445, 5.0638699505136895, 5.005243212441504, 4.9616186931848745, 4.9229907112312405, 4.884508549163574, 4.847825812893335, 4.8177949007584315, 4.795451260018289, 4.761179384514012, 4.736435808993599, 4.716701797912969, 4.6962773485826474, 4.6703104828949495, 4.654775412161799, 4.6323876472486685, 4.618597372384487, 4.60125026894734, 4.584728077429939, 4.572419114087461, 4.560140827550965, 4.544512045478995, 4.530599903851326, 4.5182489174869565, 4.509234559060836, 4.493556610053251, 4.487484703620031, 4.472890948577269, 4.4632899487655315, 4.451724372680329, 4.442943242025711, 4.437510925985692, 4.433008579420149, 4.415689631407671, 4.411306209994083, 4.400249532703997, 4.399117012263999, 4.389183610349094, 4.379304838362649, 4.37146838524017, 4.362257779301813, 4.359560741756764, 4.353980924909902, 4.346629417460061], "val_losses": [6.070975238347458, 5.791271848516949, 5.603029661016949, 5.4796914724576276, 5.389305481991525, 5.3163201800847455, 5.262387447033898, 5.219549457097457, 5.176347325211864, 5.145535950741525, 5.120486957097458, 5.0962552966101695, 5.07229343220339, 5.05293498411017, 5.041627052436441, 5.019671610169492, 5.004724576271187, 4.993424589512712, 4.983527542372881, 4.97208984375, 4.962788996292373, 4.95085109904661, 4.939427304025424, 4.933444451800847, 4.9265393273305085, 4.917005097987288, 4.913199483580509, 4.903787407309322, 4.897797272245763, 4.892391088453389, 4.887570511122881, 4.8840029131355935, 4.878971133474576, 4.872116988877119, 4.865716366525424, 4.862753244173729, 4.858149165783899, 4.85823689088983, 4.85333984375, 4.843252449682203, 4.842935315148305, 4.840297934322034, 4.834435248940678, 4.834747417902542, 4.82998046875, 4.825999735169492, 4.82662407309322, 4.819841101694915, 4.818134600105933, 4.81616889565678], "test_losses": [6.014131712682039, 5.739918532880765, 5.549293295851031, 5.426604928322209, 5.334139629475121, 5.261190766269721, 5.207362499051881, 5.161567762060073, 5.120489324180825, 5.089136216246966, 5.062322820274575, 5.036853975462682, 5.012675757547027, 4.992717854027609, 4.980782814396238, 4.960155005593902, 4.944363492206462, 4.935147776187045, 4.92153575119463, 4.909678931375152, 4.900706170832069, 4.889234820615898, 4.88100129655264, 4.871805728060528, 4.865277040351942, 4.858575913512591, 4.85382791167324, 4.845488909378792, 4.83948227965716, 4.832041323763653, 4.82848410004551, 4.822034817297482, 4.820657081974363, 4.812752140378489, 4.806652772773817, 4.804067667248179, 4.800465111593598, 4.800079938277458, 4.794920689851335, 4.787539880252579, 4.786221994937045, 4.783208754456159, 4.778697486062652, 4.77862074768659, 4.775069745998938, 4.76960739580173, 4.767780785421723, 4.764339113698422, 4.761909558935073, 4.760652412488622], "status": "OK"}