{"data": "data/ptb", "recepie_id": 1013723, "recepies_list_path": "data/models_recepies.json", "cuda": true, "batch_size": 20, "model": "CustomRNN", "emsize": 400, "nhid": 600, "nlayers": 3, "dropout": 0.1, "dropouth": 0.25, "dropouti": 0.4, "dropoute": 0.0, "wdrop": 0.1, "tied": true, "bptt": 70, "lr": 0.001, "wdecay": 1.2e-06, "epochs": 50, "alpha": 2, "beta": 1, "log_interval": 200, "clip": 0.25, "eval_batch_size": 50, "recepie": "{\"node_2\": {\"op\": \"linear\", \"input\": [\"h_prev_0\", \"h_prev_2\"]}, \"node_4\": {\"op\": \"linear\", \"input\": [\"h_prev_1\", \"x\"]}, \"node_11\": {\"op\": \"linear\", \"input\": [\"h_prev_1\", \"x\"]}, \"h_new_0\": {\"op\": \"activation_tanh\", \"input\": [\"node_2\"]}, \"h_new_1\": {\"op\": \"activation_tanh\", \"input\": [\"node_4\"]}, \"h_new_2\": {\"op\": \"activation_tanh\", \"input\": [\"node_11\"]}}", "experiment_id": 999988416, "init_time": "2020-04-13_11-47-44", "num_params": 9214800, "wall_times": [152.15505576133728, 151.07647395133972, 150.79991006851196, 149.9596893787384, 149.9744803905487, 149.936665058136, 149.9187569618225, 150.01785922050476, 149.91385579109192, 151.51785826683044, 152.09359550476074, 151.87119913101196, 151.92838835716248, 151.8663113117218, 151.7341697216034, 151.94538044929504, 151.93082642555237, 151.85148406028748, 151.93890953063965, 151.97097277641296, 151.82606649398804, 151.90536332130432, 152.14427018165588, 151.7562758922577, 151.72361254692078, 151.9104027748108, 151.89947843551636, 151.93246030807495, 152.01339268684387, 151.97575187683105, 152.0922155380249, 152.0148103237152, 152.0052845478058, 152.04597902297974, 151.8471450805664, 151.9909918308258, 152.148499250412, 152.0977280139923, 152.01021099090576, 151.9834864139557, 152.03071212768555, 151.9926016330719, 151.91237449645996, 151.9690191745758, 151.9309480190277, 151.9501073360443, 151.94476962089539, 154.8532943725586, 152.1582953929901, 152.096586227417], "train_losses": [6.4507380923565165, 6.396304411408746, 6.34635290597601, 6.340106183771717, 6.26959743625948, 6.22510304044968, 6.1969488764724865, 6.16261480689581, 6.140665342101016, 6.117076979452423, 6.088863142784143, 6.077624505809262, 6.053384786321338, 6.039141083050938, 6.035532986391265, 6.028353773331181, 6.0070918051745466, 6.014534922812113, 6.00275881138723, 5.980373147625195, 5.959886504222474, 5.9625717753213925, 5.957650038997365, 5.946270624899145, 5.940018439702007, 5.919163674627508, 5.918435835888333, 5.937083972083266, 5.909931216717767, 5.901402224194503, 5.903734501909526, 5.886548346646227, 5.882161563390888, 5.886111307218546, 5.884588392905169, 5.881331608708515, 5.865262005136894, 5.872135290597601, 5.86135764617288, 5.8589804038244315, 5.844263521327524, 5.847775385267065, 5.843736552632994, 5.844420267199182, 5.833161038943575, 5.832567673874455, 5.82932307635415, 5.82566287114733, 5.8206604506212685, 5.8212134735893715], "val_losses": [6.464651747881356, 6.420821636652542, 6.384658368644068, 6.397531779661017, 6.339743776483051, 6.324457759533899, 6.312451006355932, 6.301794226694915, 6.3013671875, 6.2953363347457625, 6.286768405720339, 6.297124602754237, 6.297322563559322, 6.290058262711864, 6.304122086864407, 6.3096418167372885, 6.306343352754237, 6.321720074152543, 6.326831302966101, 6.322399364406779, 6.3170663400423726, 6.328155455508474, 6.3312539724576276, 6.337831038135593, 6.336448622881356, 6.335690545550848, 6.340256223516949, 6.366980270127119, 6.350446901483051, 6.353036281779661, 6.359781514830509, 6.352685381355932, 6.3516015625, 6.361972325211864, 6.367748940677966, 6.372375529661017, 6.363706965042373, 6.376020921610169, 6.3793551377118645, 6.377065015889831, 6.374731197033898, 6.3822947563559325, 6.3887579449152545, 6.3952893273305085, 6.3855382680084745, 6.38372219279661, 6.384883474576271, 6.381871689618644, 6.380254899364407, 6.3882130561440675], "test_losses": [6.419181749658677, 6.376652097239078, 6.347931797064624, 6.368228060527913, 6.303671235019721, 6.290493567013046, 6.279307541337985, 6.274737608085558, 6.267531311627731, 6.264026827025182, 6.258224931735437, 6.267302577935376, 6.263397513084041, 6.260284720115291, 6.27734375, 6.286246586771845, 6.284519232592537, 6.301334714426578, 6.303600718674151, 6.29522705078125, 6.292291437537925, 6.303772565230583, 6.30652092498483, 6.311299444402306, 6.313982028405643, 6.308795817847391, 6.315568349893811, 6.343971030226031, 6.329605843256978, 6.327801454414442, 6.336992874886226, 6.327786047481796, 6.329425108085558, 6.338528827556129, 6.343895773285801, 6.349825072057039, 6.344144061931129, 6.353847466626213, 6.360526964502427, 6.357401727472694, 6.35480210387591, 6.361121316557949, 6.367170907918689, 6.37109849059466, 6.364177222390777, 6.364099002578883, 6.361675966133192, 6.364089521389563, 6.364396474893811, 6.368690268507281], "status": "OK"}