{"data": "data/ptb", "recepie_id": 2003851, "recepies_list_path": "data/new_recepies_fix.json", "cuda": true, "batch_size": 20, "model": "CustomRNN", "emsize": 400, "nhid": 600, "nlayers": 3, "dropout": 0.1, "dropouth": 0.25, "dropouti": 0.4, "dropoute": 0.0, "wdrop": 0.1, "tied": true, "bptt": 70, "lr": 0.001, "wdecay": 1.2e-06, "epochs": 50, "alpha": 2, "beta": 1, "log_interval": 200, "clip": 0.25, "eval_batch_size": 50, "recepie": "{\"node_0\": {\"op\": \"linear\", \"input\": [\"h_prev_0\", \"x\"]}, \"node_1\": {\"op\": \"activation_tanh\", \"input\": [\"node_0\"]}, \"node_4\": {\"op\": \"linear\", \"input\": [\"x\", \"h_prev_0\", \"node_1\"]}, \"node_5\": {\"op\": \"activation_leaky_relu\", \"input\": [\"node_4\"]}, \"node_6\": {\"op\": \"linear\", \"input\": [\"x\", \"h_prev_1\"]}, \"node_7\": {\"op\": \"activation_leaky_relu\", \"input\": [\"node_6\"]}, \"node_12\": {\"op\": \"linear\", \"input\": [\"node_7\", \"node_5\"]}, \"node_14\": {\"op\": \"linear\", \"input\": [\"x\", \"node_1\"]}, \"h_new_0\": {\"op\": \"activation_leaky_relu\", \"input\": [\"node_12\"]}, \"h_new_1\": {\"op\": \"activation_sigm\", \"input\": [\"node_14\"]}}", "experiment_id": 999906798, "init_time": "2020-05-16_15-51-26", "num_params": 13538000, "wall_times": [326.44450283050537, 325.11085867881775, 311.8470780849457, 310.4809105396271, 311.56450390815735, 310.51024556159973, 310.3687994480133, 312.835990190506, 313.5425088405609, 313.15220165252686, 312.696848154068, 309.65737676620483, 307.69645380973816, 309.255859375, 310.9884822368622, 310.05085372924805, 311.34641289711, 307.788037776947, 310.77016377449036, 310.5362820625305, 309.51977014541626, 312.34901881217957, 311.0485854148865, 309.5398008823395, 311.51224064826965, 309.6213626861572, 309.6034471988678, 311.53095626831055, 308.40725660324097, 310.1655933856964, 309.02144837379456, 309.27180004119873, 311.9047873020172, 308.9489254951477, 311.10212564468384, 309.7321882247925, 311.1423432826996, 309.7805962562561, 310.1000373363495, 311.1096098423004, 310.2385630607605, 310.9743950366974, 310.68411016464233, 309.8139238357544, 312.1320459842682, 310.0328788757324, 308.8505198955536, 310.8970892429352, 308.4473805427551, 309.24605679512024], "train_losses": [5.696657236700554, 5.399400247431553, 5.223911687779033, 5.092193887499327, 5.000325258189447, 4.9316743484750685, 4.872217235490291, 4.819861172744877, 4.775584876418697, 4.736609784304234, 4.704141957129794, 4.672397346162121, 4.645916118686461, 4.6210998433381745, 4.5998866218869345, 4.5774833084557045, 4.5573568023506, 4.538001838927438, 4.52127163345167, 4.505103696008821, 4.490521707412189, 4.480721518476682, 4.462700365768383, 4.451269683583455, 4.44038782206444, 4.427477509278683, 4.416448146952827, 4.407559017131946, 4.396543102173094, 4.385084684793718, 4.378104240627185, 4.367075718761766, 4.36072141762143, 4.3516238536119625, 4.346284408450326, 4.340706692754559, 4.331181334382228, 4.3244689970953685, 4.319510280512076, 4.312634473670055, 4.308375440401269, 4.303963443332796, 4.295870229546555, 4.287491259211446, 4.285348505325158, 4.28002460868162, 4.278207533214997, 4.269554152546931, 4.266266271314077, 4.263604112877198], "val_losses": [5.721052039194915, 5.457094809322034, 5.313218683792373, 5.2169097590042375, 5.153628177966102, 5.110295617055085, 5.070255892478814, 5.040579978813559, 5.013790717690678, 4.997301377118644, 4.975452860169492, 4.960885195974576, 4.947127913135593, 4.935547206038136, 4.926484043961865, 4.920373742055085, 4.909887447033898, 4.901217889300847, 4.8981653866525425, 4.88849311440678, 4.889051575741526, 4.8835169491525425, 4.877913466631356, 4.869361096398305, 4.863723847987288, 4.863414327330508, 4.859147576800847, 4.855896120233051, 4.854664327330508, 4.85449814618644, 4.847191803495763, 4.845807070974576, 4.8444911943855935, 4.8407686705508475, 4.839901019597457, 4.840346596927966, 4.836915055614407, 4.836197033898305, 4.834048927436441, 4.830760063559322, 4.8339228019067795, 4.82904826536017, 4.83322563559322, 4.831119570974576, 4.82995795815678, 4.827144134004238, 4.825794491525424, 4.825629965572034, 4.826663466631356, 4.828068392478814], "test_losses": [5.668941757054005, 5.410070919296117, 5.268594389980279, 5.164701887704794, 5.097398480165352, 5.053409317164745, 5.008314410459648, 4.976324877692658, 4.951210392331614, 4.930153855999697, 4.911848642293689, 4.894743984185376, 4.879772889961317, 4.870133483294144, 4.858729982839047, 4.851213177430977, 4.842413152305825, 4.833264100898817, 4.828146628963137, 4.819428379095874, 4.816982232251213, 4.813002206746814, 4.805856352870904, 4.801111906477549, 4.796987292836014, 4.792773793044599, 4.791436649063258, 4.788523553644569, 4.785390316861347, 4.783607260694781, 4.777080054422027, 4.77613015776699, 4.774639833320692, 4.771894732725273, 4.771777995581766, 4.772476344432645, 4.767050733844053, 4.768087738925971, 4.764513626839351, 4.76080559295358, 4.764722509291565, 4.758560625094812, 4.762101256731644, 4.758580180047785, 4.757601839824788, 4.754632746131675, 4.756683942183708, 4.753772920775182, 4.753857955191899, 4.755628863584648], "status": "OK"}