{"data": "data/ptb", "recepie_id": 2003198, "recepies_list_path": "data/new_recepies_fix.json", "cuda": true, "batch_size": 20, "model": "CustomRNN", "emsize": 400, "nhid": 600, "nlayers": 3, "dropout": 0.1, "dropouth": 0.25, "dropouti": 0.4, "dropoute": 0.0, "wdrop": 0.1, "tied": true, "bptt": 70, "lr": 0.001, "wdecay": 1.2e-06, "epochs": 50, "alpha": 2, "beta": 1, "log_interval": 200, "clip": 0.25, "eval_batch_size": 50, "recepie": "{\"node_2\": {\"op\": \"linear\", \"input\": [\"h_prev_0\", \"h_prev_1\"]}, \"node_3\": {\"op\": \"activation_leaky_relu\", \"input\": [\"node_2\"]}, \"node_6\": {\"op\": \"linear\", \"input\": [\"node_3\", \"h_prev_0\"]}, \"node_7\": {\"op\": \"activation_sigm\", \"input\": [\"node_6\"]}, \"node_10\": {\"op\": \"linear\", \"input\": [\"x\", \"h_prev_1\", \"node_3\"]}, \"node_11\": {\"op\": \"activation_leaky_relu\", \"input\": [\"node_10\"]}, \"node_12\": {\"op\": \"linear\", \"input\": [\"x\", \"h_prev_0\"]}, \"node_16\": {\"op\": \"linear\", \"input\": [\"node_11\", \"node_3\"]}, \"h_new_0\": {\"op\": \"activation_leaky_relu\", \"input\": [\"node_12\"]}, \"h_new_1\": {\"op\": \"blend\", \"input\": [\"node_10\", \"node_7\", \"node_16\"]}}", "experiment_id": 999907998, "init_time": "2020-05-16_00-16-37", "num_params": 13618000, "wall_times": [152.51350498199463, 149.0744743347168, 149.074538230896, 149.03438711166382, 149.11391067504883, 149.08679056167603, 150.5211102962494, 149.21932196617126, 149.2200231552124, 149.1320357322693, 149.22107100486755, 149.15016794204712, 149.87929916381836, 151.30677580833435, 151.57029795646667, 151.2892668247223, 151.40560173988342, 151.24730801582336, 151.39360785484314, 151.82174134254456, 152.27164340019226, 152.61392164230347, 149.55760192871094, 147.26235365867615, 147.30024766921997, 147.43436288833618, 147.47321605682373, 149.1886169910431, 147.47658729553223, 147.58408880233765, 147.5721185207367, 147.22136688232422, 147.3305525779724, 147.45798921585083, 147.2621364593506, 147.37446689605713, 147.76669836044312, 147.89187455177307, 147.72527742385864, 147.7777237892151, 147.85153532028198, 147.8844919204712, 148.04141640663147, 147.85336780548096, 147.74214148521423, 147.51596426963806, 147.3315544128418, 147.37680888175964, 147.31596207618713, 147.56701040267944], "train_losses": [5.603096760529288, 5.265602307568178, 5.103469084503255, 4.98993212441504, 4.907219471115056, 4.847677051395837, 4.792721444516164, 4.749582711392609, 4.7130680672099405, 4.678299059356678, 4.640746446533269, 4.6230892131945565, 4.596012099268464, 4.570295690791243, 4.549293845140122, 4.528579857188962, 4.516523872438277, 4.501185049217363, 4.486931680651928, 4.469945134742617, 4.451009140847722, 4.442395261820236, 4.431668045021785, 4.422168740923027, 4.415242926684955, 4.402728050535205, 4.396571677827981, 4.384932141224248, 4.37700954090689, 4.36875621940724, 4.36383154147168, 4.3561240990264105, 4.352227304206337, 4.345912504706578, 4.344727455489215, 4.336719548437416, 4.32664200755742, 4.32570951670163, 4.316946035716207, 4.31802980945081, 4.315839569549782, 4.309871459980636, 4.310266896616643, 4.307966556398258, 4.301504676321876, 4.297673857646173, 4.306075520413103, 4.302492637566565, 4.297198577268571, 4.290137448900006], "val_losses": [5.631260593220339, 5.345551840572034, 5.2242018670550845, 5.143485169491526, 5.089802370233051, 5.05005329713983, 5.019139962923729, 4.994413731461864, 4.97409030720339, 4.9556716763771185, 4.935558792372881, 4.928485500529661, 4.915978217690678, 4.904565677966102, 4.895097325211864, 4.887536745233051, 4.88542737023305, 4.877073953919491, 4.874471332097458, 4.86371921345339, 4.856181806144067, 4.857276549258475, 4.849775225105932, 4.847728747351695, 4.845646517478814, 4.844321702860169, 4.839964247881356, 4.834251191737288, 4.834885460805085, 4.8323775158898306, 4.832886983580509, 4.831770722987288, 4.831523768538136, 4.828364009533899, 4.826451933262712, 4.824345868644068, 4.819715638241526, 4.822328853283898, 4.8194266419491525, 4.823135924258475, 4.820701138771186, 4.82031845868644, 4.819745100635593, 4.818901284427966, 4.8191863082627115, 4.816899827860169, 4.821296014300848, 4.822417571504237, 4.826678694385593, 4.823003177966101], "test_losses": [5.592988541982706, 5.299559954300667, 5.174640544409891, 5.090712463971481, 5.035391502010012, 4.998504934959041, 4.96502211487409, 4.941576022546268, 4.92132568359375, 4.903712004133799, 4.88185104814548, 4.877210302260315, 4.860865324446299, 4.848990727396845, 4.838811485512743, 4.83137497392673, 4.826941629057949, 4.821498241239381, 4.817329184522906, 4.807504598376821, 4.797462241163531, 4.798164441747573, 4.79219751450622, 4.788988131921268, 4.788287709060224, 4.786554132850425, 4.782527293973756, 4.777675591626213, 4.776299930313258, 4.772667449654885, 4.774960416034587, 4.773636012401395, 4.770808543973756, 4.767005994481948, 4.769915238167476, 4.766762742718447, 4.76326448014639, 4.763838980961772, 4.762153699560073, 4.765237456386529, 4.76568603515625, 4.765467967801881, 4.766178464426578, 4.763337070502124, 4.764297929782312, 4.762987747933101, 4.769123558859223, 4.76689962738926, 4.769092152419599, 4.766099652040352], "status": "OK"}