{"data": "data/ptb", "recepie_id": 2007195, "recepies_list_path": "data/new_recepies_fix.json", "cuda": true, "batch_size": 20, "model": "CustomRNN", "emsize": 400, "nhid": 600, "nlayers": 3, "dropout": 0.1, "dropouth": 0.25, "dropouti": 0.4, "dropoute": 0.0, "wdrop": 0.1, "tied": true, "bptt": 70, "lr": 0.001, "wdecay": 1.2e-06, "epochs": 50, "alpha": 2, "beta": 1, "log_interval": 200, "clip": 0.25, "eval_batch_size": 50, "recepie": "{\"node_5\": {\"op\": \"linear\", \"input\": [\"x\", \"h_prev_0\"]}, \"node_6\": {\"op\": \"activation_tanh\", \"input\": [\"node_5\"]}, \"h_new_0\": {\"op\": \"elementwise_prod\", \"input\": [\"node_6\", \"node_5\"]}}", "experiment_id": 999987034, "init_time": "2020-05-17_10-56-20", "num_params": 5731600, "wall_times": [66.45183801651001, 65.76440000534058, 65.67912721633911, 65.85547375679016, 66.54687976837158, 65.63510060310364, 65.7239637374878, 65.909982919693, 65.70560359954834, 65.34655451774597, 65.77866578102112, 65.89038586616516, 65.33559775352478, 65.70324110984802, 65.76495933532715, 65.7043182849884, 65.71145510673523, 65.72877073287964, 65.53863739967346, 65.90537190437317, 65.02974224090576, 64.87087416648865, 64.97497367858887, 65.32313132286072, 65.02161288261414, 65.00742435455322, 65.05902576446533, 65.24718594551086, 64.77564978599548, 65.09037113189697, 65.11308646202087, 64.87608194351196, 65.0668420791626, 65.11057829856873, 65.12261867523193, 65.1925299167633, 65.19072270393372, 64.86044716835022, 65.0682806968689, 65.14999389648438, 65.0739197731018, 65.05707812309265, 65.12590003013611, 65.1196277141571, 65.20857238769531, 65.08049845695496, 65.04074239730835, 64.97292923927307, 65.23976445198059, 65.0386471748352], "train_losses": [5.93986085336991, 5.5798647531063414, 5.381606439271691, 5.240552804448389, 5.131424899817116, 5.045482357054489, 4.974486982948739, 4.927390521623366, 4.875828273761497, 4.83599591200043, 4.796884245064816, 4.767940468506266, 4.74233962333925, 4.718283964687214, 4.693600061857889, 4.67871172543166, 4.654624129282986, 4.634208084557044, 4.624169204857189, 4.6146375430315745, 4.591175249448658, 4.587910480877844, 4.5747434074283255, 4.5692808348125435, 4.559490731402291, 4.555122858506804, 4.555005614275725, 4.535915395890485, 4.535246809612178, 4.523124428486902, 4.517932484132107, 4.517028989161422, 4.507103151390457, 4.509395927464903, 4.502926063014362, 4.490488088994675, 4.484705300952074, 4.488324743827659, 4.480094955220268, 4.4773327819912865, 4.470339310687967, 4.4718601238502504, 4.4632159882470015, 4.461698116696251, 4.464155202786294, 4.46289241097843, 4.458395527405734, 4.461103490936475, 4.452054253402184, 4.453526319859072], "val_losses": [5.953435513771186, 5.617663532838983, 5.448036281779661, 5.33902641684322, 5.261211599576272, 5.200407507944916, 5.152857190148305, 5.123545087394068, 5.089696106991526, 5.069595140360169, 5.049398503707627, 5.033998278601695, 5.021781978283898, 5.0093534825211865, 4.992651284427966, 4.982016022245762, 4.977493379237288, 4.9615625, 4.962385791843221, 4.9643872484110165, 4.9432908501059325, 4.949136652542373, 4.9430673993644065, 4.940071835275424, 4.930233712923729, 4.937837658898305, 4.942544028072034, 4.930260858050848, 4.9281663797669495, 4.925022841631356, 4.921260262182203, 4.923204118114406, 4.919399165783898, 4.925640889830508, 4.91556044756356, 4.915001324152542, 4.908620233050847, 4.916681342690678, 4.909689155190678, 4.908769200211864, 4.907097788665254, 4.909904329978813, 4.9060023834745765, 4.901775026483051, 4.907063691737288, 4.906226496292373, 4.901070908368644, 4.907736030190678, 4.899568657309322, 4.908932402012712], "test_losses": [5.90631340545358, 5.568524110664442, 5.401411630574939, 5.286679166034587, 5.204745690799454, 5.143897788038531, 5.094189690154733, 5.066700166868932, 5.028468456083131, 5.010739224628337, 4.987722452404429, 4.973585406553398, 4.962142203618022, 4.949903765928398, 4.93389181488926, 4.923748127465109, 4.914922325356493, 4.90490485626517, 4.90090112778747, 4.904395538626365, 4.88353781098301, 4.889614660763046, 4.882967161900789, 4.879967550629551, 4.870755686343295, 4.878156050895024, 4.882765686627731, 4.870372290750152, 4.869091145043234, 4.864770093010467, 4.862009585482403, 4.865404443833435, 4.858871311817355, 4.864948457884557, 4.856161765681887, 4.853265262344508, 4.84982418319554, 4.855559413872876, 4.851292878678701, 4.848376820388349, 4.847372703181887, 4.850676897660042, 4.845245065040959, 4.840922235285194, 4.847947796571602, 4.846294514183859, 4.841208152400637, 4.846442954054156, 4.838134469337834, 4.849245238072664], "status": "OK"}