{"data": "data/ptb", "recepie_id": 2008394, "recepies_list_path": "data/new_recepies_fix.json", "cuda": true, "batch_size": 20, "model": "CustomRNN", "emsize": 400, "nhid": 600, "nlayers": 3, "dropout": 0.1, "dropouth": 0.25, "dropouti": 0.4, "dropoute": 0.0, "wdrop": 0.1, "tied": true, "bptt": 70, "lr": 0.001, "wdecay": 1.2e-06, "epochs": 50, "alpha": 2, "beta": 1, "log_interval": 200, "clip": 0.25, "eval_batch_size": 50, "recepie": "{\"node_0\": {\"op\": \"linear\", \"input\": [\"x\", \"h_prev_0\", \"h_prev_1\"]}, \"node_2\": {\"op\": \"linear\", \"input\": [\"h_new_1\", \"h_prev_1\"]}, \"node_3\": {\"op\": \"activation_tanh\", \"input\": [\"node_2\"]}, \"node_4\": {\"op\": \"linear\", \"input\": [\"node_3\", \"h_new_1\"]}, \"h_new_0\": {\"op\": \"elementwise_sum\", \"input\": [\"node_4\", \"node_3\"]}, \"h_new_1\": {\"op\": \"activation_leaky_relu\", \"input\": [\"node_0\"]}}", "experiment_id": 999997819, "init_time": "2020-05-08_06-21-33", "num_params": 10134800, "wall_times": [168.61537623405457, 168.22708225250244, 168.17297792434692, 168.1513171195984, 168.14205884933472, 168.3307569026947, 168.09670519828796, 168.18422675132751, 168.10272765159607, 168.33985805511475, 168.29811263084412, 168.39787459373474, 168.19973850250244, 168.31667137145996, 168.4060218334198, 168.0820689201355, 168.34180617332458, 167.1211380958557, 164.87175989151, 164.7111849784851, 164.88175988197327, 164.78035283088684, 164.66068768501282, 164.85553240776062, 164.56518077850342, 164.77144718170166, 164.72865390777588, 164.69287586212158, 164.9557650089264, 164.56998777389526, 164.85051918029785, 164.69236063957214, 164.88210940361023, 164.71093773841858, 164.71563363075256, 164.77405858039856, 164.6394908428192, 164.88225531578064, 164.68059921264648, 164.878764629364, 164.59353923797607, 164.75851559638977, 164.8064901828766, 164.74311518669128, 164.71222138404846, 164.6711287498474, 164.69053769111633, 164.72153520584106, 164.59243178367615, 164.742933511734], "train_losses": [5.651332045747942, 5.338047896159432, 5.151969534990049, 5.038819186703243, 4.948059124710881, 4.881876647302458, 4.8227956403636165, 4.778963527378839, 4.732694499354526, 4.705924993948685, 4.67116481093002, 4.650575211123662, 4.628845106503147, 4.598335552148889, 4.5892774897800015, 4.5598021219945135, 4.547346078075413, 4.5349009601420045, 4.505374324269808, 4.4945176765639285, 4.488789518449788, 4.46887480837502, 4.459305746059921, 4.442933996960895, 4.442340631891776, 4.430064446506374, 4.440734091764832, 4.410276225727503, 4.396879286348233, 4.390776282878813, 4.381829581517938, 4.388230948442795, 4.385015346807595, 4.367664881528697, 4.355895914017536, 4.356051399198537, 4.356250168092088, 4.333098424640955, 4.33477472298424, 4.332907640121564, 4.314182601796568, 4.318294134258513, 4.316071536630628, 4.305810775375182, 4.297438948953795, 4.303664239416922, 4.306738643698564, 4.295801311790651, 4.2978003469420685, 4.299078687268033], "val_losses": [5.680423728813559, 5.415310844809322, 5.266521782309322, 5.186148702330509, 5.120616061970339, 5.0772368246822035, 5.039410421080508, 5.009932799258475, 4.98483017743644, 4.9694882150423725, 4.949010527012712, 4.94391982256356, 4.929337592690678, 4.913428230932204, 4.9087261652542376, 4.893452065677966, 4.890852423199153, 4.887983315677966, 4.874256819385593, 4.869585540254238, 4.865522378177966, 4.857591697563559, 4.850309851694916, 4.846536016949153, 4.85138373940678, 4.839282309322034, 4.850617386122881, 4.838402409957627, 4.8330571371822035, 4.830619372351695, 4.825609110169491, 4.83022841631356, 4.829572298728814, 4.822461268538135, 4.8149265095338984, 4.816895524364407, 4.815930548199153, 4.810722325211865, 4.81002548993644, 4.817770127118644, 4.803174655720339, 4.803713585805085, 4.800254899364407, 4.799440214512712, 4.799195908368644, 4.797479144597458, 4.799501787605932, 4.798221001059322, 4.795754766949153, 4.7946252648305085], "test_losses": [5.642173396730886, 5.374576901926578, 5.225126692392294, 5.139076010694781, 5.073250483540655, 5.032723139790655, 4.991295083055219, 4.966241929137591, 4.941104629664745, 4.922805341702063, 4.905409729596481, 4.8967531074598, 4.884450968029429, 4.868781821241656, 4.865050973244084, 4.849325531894721, 4.846702797898969, 4.842885434048847, 4.827873452195844, 4.822798645612106, 4.819138610247269, 4.81234859725804, 4.805094005992111, 4.80167218550895, 4.804695203466323, 4.795557707258799, 4.802482530908677, 4.791729380783526, 4.789079388368477, 4.783500004740595, 4.77945064803929, 4.78350593048392, 4.784366644701912, 4.776632068226639, 4.770287078561135, 4.771619185660649, 4.768626388994235, 4.7635743965223, 4.762852048410953, 4.767377834875607, 4.754716002825394, 4.760488565685679, 4.756814308536863, 4.752631918897906, 4.751837869292324, 4.751743649973453, 4.751070781818871, 4.751522323460255, 4.748272942107858, 4.748064059655643], "status": "OK"}