{"data": "data/ptb", "recepie_id": 2000874, "recepies_list_path": "data/new_recepies_fix.json", "cuda": true, "batch_size": 20, "model": "CustomRNN", "emsize": 400, "nhid": 600, "nlayers": 3, "dropout": 0.1, "dropouth": 0.25, "dropouti": 0.4, "dropoute": 0.0, "wdrop": 0.1, "tied": true, "bptt": 70, "lr": 0.001, "wdecay": 1.2e-06, "epochs": 50, "alpha": 2, "beta": 1, "log_interval": 200, "clip": 0.25, "eval_batch_size": 50, "recepie": "{\"node_0\": {\"op\": \"linear\", \"input\": [\"x\", \"h_prev_0\"]}, \"node_1\": {\"op\": \"activation_tanh\", \"input\": [\"node_0\"]}, \"node_2\": {\"op\": \"linear\", \"input\": [\"x\", \"h_prev_0\"]}, \"node_3\": {\"op\": \"activation_sigm\", \"input\": [\"node_2\"]}, \"node_5\": {\"op\": \"linear\", \"input\": [\"x\", \"node_1\", \"node_3\"]}, \"node_6\": {\"op\": \"activation_sigm\", \"input\": [\"node_5\"]}, \"node_21\": {\"op\": \"linear\", \"input\": [\"node_1\", \"node_6\"]}, \"h_new_0\": {\"op\": \"activation_tanh\", \"input\": [\"node_21\"]}}", "experiment_id": 999928727, "init_time": "2020-05-11_01-52-20", "num_params": 11816400, "wall_times": [213.2767276763916, 212.23268294334412, 210.38319563865662, 210.0429515838623, 210.16978788375854, 209.86753129959106, 207.9541790485382, 208.14021062850952, 209.26478004455566, 211.08519196510315, 207.67408990859985, 207.70005202293396, 209.1259880065918, 207.68677067756653, 209.4429533481598, 209.39599704742432, 206.75049328804016, 211.04154062271118, 211.22653222084045, 210.4598331451416, 209.13902378082275, 208.35101175308228, 210.90300393104553, 208.92831873893738, 209.3193962574005, 209.01053023338318, 208.57358360290527, 208.0531632900238, 211.03332948684692, 208.1037242412567, 210.60928177833557, 209.49915409088135, 209.0325789451599, 208.33748841285706, 210.60086798667908, 207.22974228858948, 210.48118615150452, 209.18460941314697, 208.62671971321106, 209.85704970359802, 207.21560502052307, 209.70658946037292, 208.45975613594055, 208.63414001464844, 208.56408143043518, 209.89827394485474, 207.49757862091064, 209.16927123069763, 209.1281135082245, 208.85928106307983], "train_losses": [5.6782091300898285, 5.381035766634393, 5.20164578962939, 5.101657892259696, 5.040579110860094, 4.959362897369695, 4.9200604459146895, 4.887382503630789, 4.865249818460545, 4.810340436904954, 4.783546558146415, 4.753923269323867, 4.718401208918293, 4.697682598434726, 4.684792456699478, 4.6725755237749445, 4.65121606220752, 4.633997128987144, 4.629895682050455, 4.612907455220268, 4.593176805981389, 4.569277472970792, 4.555271199774085, 4.549665328653649, 4.536202833360228, 4.5228008512183315, 4.51209338524017, 4.529830882550697, 4.498030801194126, 4.504485537356786, 4.482091048760153, 4.482434376849013, 4.476935244204185, 4.463591674062719, 4.447226648647195, 4.445122135710828, 4.432463540826206, 4.44330295909311, 4.43787442512506, 4.418444660722931, 4.425403252918079, 4.421919964633425, 4.406763101097305, 4.40086853181647, 4.38773759816578, 4.388837340648701, 4.389010055268678, 4.378664407509009, 4.384564019552472, 4.364285810338336], "val_losses": [5.707647643008475, 5.457866790254237, 5.315787870762712, 5.245448556673729, 5.205714049258474, 5.149794425317797, 5.12337592690678, 5.102503310381356, 5.098434851694916, 5.0587953522245765, 5.040123146186441, 5.023956236758474, 5.005384004237288, 4.989992386122881, 4.9907789327330505, 4.990798463983051, 4.972118975105932, 4.963675847457627, 4.970247285487289, 4.96658732786017, 4.950974245233051, 4.935916644597458, 4.92852158368644, 4.927222590042373, 4.92678561970339, 4.916913069385593, 4.915916644597457, 4.92703125, 4.900816009004237, 4.911585672669491, 4.901644928495763, 4.9072116657838984, 4.897125595868644, 4.900161546610169, 4.886057997881356, 4.889292902542373, 4.8848563294491525, 4.889245564088983, 4.884430283368644, 4.878505693855932, 4.885401880296611, 4.882146120233051, 4.872637380826271, 4.869685513771186, 4.869467690677966, 4.869855998411017, 4.872724774894068, 4.864434255826271, 4.861599907309322, 4.864347854872881], "test_losses": [5.673522356644417, 5.405000260732706, 5.265640999506978, 5.193452409170206, 5.150917423581614, 5.092189751782463, 5.067534511529126, 5.049856241466929, 5.040910739343143, 5.001243220949636, 4.986497601259102, 4.970738975747118, 4.954416812044903, 4.935225699711772, 4.937883988167476, 4.937331708889563, 4.918841315704642, 4.914228420813107, 4.919650179668538, 4.912193224268052, 4.897334422880006, 4.884261936817355, 4.877328817126821, 4.876175074901395, 4.87625714644645, 4.863645979501669, 4.863049553435983, 4.876093595930674, 4.850015288417779, 4.858103039195236, 4.850677786521541, 4.852723649404581, 4.846644133040049, 4.849500045035649, 4.832767819895328, 4.835646546002731, 4.831797183138653, 4.83853504958662, 4.83536122146162, 4.825890402192051, 4.835206855847997, 4.832442792873938, 4.823037156780947, 4.820699451039139, 4.816796460197967, 4.819103648361651, 4.823568103382889, 4.811573806318265, 4.812635699522148, 4.809146621852245], "status": "OK"}