{"data": "data/ptb", "recepie_id": 2000034, "recepies_list_path": "data/new_recepies_fix.json", "cuda": true, "batch_size": 20, "model": "CustomRNN", "emsize": 400, "nhid": 600, "nlayers": 3, "dropout": 0.1, "dropouth": 0.25, "dropouti": 0.4, "dropoute": 0.0, "wdrop": 0.1, "tied": true, "bptt": 70, "lr": 0.001, "wdecay": 1.2e-06, "epochs": 50, "alpha": 2, "beta": 1, "log_interval": 200, "clip": 0.25, "eval_batch_size": 50, "recepie": "{\"node_0\": {\"op\": \"linear\", \"input\": [\"x\", \"h_prev_0\"]}, \"node_3\": {\"op\": \"linear\", \"input\": [\"h_prev_1\", \"x\", \"h_prev_0\"]}, \"h_new_0\": {\"op\": \"activation_tanh\", \"input\": [\"node_0\"]}, \"h_new_1\": {\"op\": \"activation_sigm\", \"input\": [\"node_3\"]}}", "experiment_id": 999973129, "init_time": "2020-05-09_06-28-12", "num_params": 8333200, "wall_times": [88.58119773864746, 87.11189460754395, 86.97377133369446, 86.95490026473999, 86.59754872322083, 88.15741300582886, 87.04914665222168, 86.88976740837097, 87.12365674972534, 87.0437843799591, 86.82112503051758, 85.81164050102234, 85.7104709148407, 85.81136775016785, 85.8858289718628, 85.71070742607117, 85.83319306373596, 85.91897082328796, 85.9856481552124, 85.95883893966675, 86.06407403945923, 85.9583489894867, 86.03868341445923, 85.76555848121643, 85.90253043174744, 85.90138697624207, 85.96891403198242, 85.37037420272827, 85.99197793006897, 85.97706723213196, 85.87761163711548, 85.67866611480713, 85.99507570266724, 86.0711522102356, 86.03036761283875, 85.45120644569397, 86.04349040985107, 85.9104015827179, 86.04491877555847, 86.10482406616211, 88.42534971237183, 85.98215866088867, 85.83907294273376, 85.7778058052063, 85.99661469459534, 86.51146674156189, 86.10649228096008, 86.10845422744751, 85.98309111595154, 86.06040024757385], "train_losses": [5.502742842638911, 5.258075564117046, 5.126746897020063, 5.030214552740573, 4.956419184686139, 4.89125324417729, 4.837954605050831, 4.794369167204561, 4.761077268570814, 4.727106698133506, 4.69618279678339, 4.66848416236351, 4.653728618686461, 4.62667419719219, 4.6089997344145015, 4.589151000484105, 4.575789780673444, 4.561578014899682, 4.545117597224463, 4.53741561777204, 4.52726957936636, 4.509350962831477, 4.506100061857889, 4.483493777230918, 4.480899696089506, 4.477439940697112, 4.462907539266312, 4.4481805712441504, 4.445847873298908, 4.432096259614867, 4.42570707936636, 4.426569812005809, 4.414657966220214, 4.416726339357754, 4.405628059275994, 4.397833629175407, 4.394700812893335, 4.385855807245441, 4.383141960491636, 4.377805036711312, 4.372915658114141, 4.370926288257759, 4.358078589774622, 4.357881501801947, 4.357747868592329, 4.343286486068528, 4.343143607794094, 4.340231412376957, 4.327346313404336, 4.325960394142327], "val_losses": [5.547947563559322, 5.357404992055085, 5.262579449152542, 5.198478879766949, 5.150564751059322, 5.110580309851695, 5.08689982786017, 5.059355799788135, 5.0485460805084745, 5.030098980402542, 5.019971199682203, 5.0100009931144065, 5.013606991525424, 4.999381620762712, 4.994276019597458, 4.989150887182204, 4.983605667372881, 4.982146120233051, 4.97809951006356, 4.976104343220339, 4.976559851694915, 4.9676804157838985, 4.971747219279661, 4.9605842823093225, 4.967287473516949, 4.971970338983051, 4.9661245365466105, 4.956712791313559, 4.958742717161017, 4.95311904131356, 4.950410818326271, 4.95614108845339, 4.951810116525424, 4.958966829978814, 4.953345471398305, 4.9496262579449155, 4.949685844809322, 4.946045749470339, 4.948307402012712, 4.947006753177966, 4.94251721398305, 4.950902409957627, 4.942274231991526, 4.945218816207627, 4.945796477754238, 4.937939287605932, 4.935699152542373, 4.937680084745763, 4.931117253707627, 4.934066141419492], "test_losses": [5.507723021275789, 5.312977022337682, 5.222818615367111, 5.15826178985892, 5.113323915351942, 5.075294272413531, 5.049450328049151, 5.026011050326153, 5.013084041262136, 4.996807209496359, 4.985689329869539, 4.975938519227852, 4.978193857137439, 4.965350401054308, 4.959438879513046, 4.95401830580628, 4.949494889638956, 4.946842526926578, 4.939114765056129, 4.944452674643507, 4.943813286938713, 4.933318795509709, 4.937458519796723, 4.925163194971177, 4.931891283942658, 4.936269519398514, 4.930280963194023, 4.921060506579946, 4.920029723528519, 4.920544078049151, 4.915755781155188, 4.92195825669372, 4.91700729814548, 4.920979916470722, 4.915707486347087, 4.916738565685679, 4.914724109242264, 4.9090330253527, 4.912813057019872, 4.911230883552033, 4.908947990935983, 4.912420180237409, 4.904296282425667, 4.908702961449484, 4.910885412716171, 4.901032086714958, 4.903770965279885, 4.902779588421572, 4.89502427184466, 4.901355336013349], "status": "OK"}