{"data": "data/ptb", "recepie_id": 2010484, "recepies_list_path": "data/new_recepies_fix.json", "cuda": true, "batch_size": 20, "model": "CustomRNN", "emsize": 400, "nhid": 600, "nlayers": 3, "dropout": 0.1, "dropouth": 0.25, "dropouti": 0.4, "dropoute": 0.0, "wdrop": 0.1, "tied": true, "bptt": 70, "lr": 0.001, "wdecay": 1.2e-06, "epochs": 50, "alpha": 2, "beta": 1, "log_interval": 200, "clip": 0.25, "eval_batch_size": 50, "recepie": "{\"node_0\": {\"op\": \"linear\", \"input\": [\"x\", \"h_prev_0\"]}, \"node_1\": {\"op\": \"activation_sigm\", \"input\": [\"node_0\"]}, \"node_2\": {\"op\": \"linear\", \"input\": [\"h_prev_0\", \"node_1\"]}, \"node_3\": {\"op\": \"activation_leaky_relu\", \"input\": [\"node_2\"]}, \"node_6\": {\"op\": \"linear\", \"input\": [\"node_3\", \"x\"]}, \"h_new_0\": {\"op\": \"activation_sigm\", \"input\": [\"node_6\"]}}", "experiment_id": 999919255, "init_time": "2020-05-16_10-20-48", "num_params": 9214800, "wall_times": [148.08964490890503, 146.46696829795837, 146.79070806503296, 146.39451456069946, 146.38855457305908, 146.46482491493225, 146.93185806274414, 146.4576506614685, 146.63731813430786, 146.4304962158203, 147.69949769973755, 146.642680644989, 146.85536861419678, 146.75578379631042, 145.10294556617737, 144.9430513381958, 145.1527965068817, 145.13423562049866, 144.91428112983704, 144.72857451438904, 144.99077796936035, 145.0558581352234, 144.88583064079285, 144.8450653553009, 144.94008827209473, 145.33442211151123, 144.911785364151, 144.80257630348206, 144.73624300956726, 145.18729519844055, 144.9520468711853, 144.6047215461731, 144.9208676815033, 144.97092247009277, 144.92724013328552, 144.86549639701843, 144.8719379901886, 145.21262502670288, 144.8741762638092, 144.8365249633789, 144.81554889678955, 145.16235637664795, 144.8683876991272, 144.64480352401733, 144.87017512321472, 144.96457409858704, 144.86642050743103, 144.77156853675842, 144.71331667900085, 145.26424074172974], "train_losses": [5.991014217228766, 5.759651007207789, 5.581905811279651, 5.489141671373245, 5.410748144263353, 5.356488438626217, 5.308786005325158, 5.255601668818246, 5.213738754639341, 5.180263635630143, 5.148658541095154, 5.120243834382228, 5.103699790893443, 5.077071903071379, 5.0610632328815015, 5.040719887983433, 5.020585817734387, 5.00609165725351, 4.988992069415309, 4.970902419181324, 4.950013195228874, 4.939680154375774, 4.925764230676133, 4.912854338120596, 4.903032717443924, 4.89362208192136, 4.879298955139584, 4.871864662336614, 4.862778024312839, 4.857080543004679, 4.85455579984939, 4.849118441046743, 4.8356756965736105, 4.828759967860793, 4.82377393631327, 4.8222901034102525, 4.814070400328116, 4.807743834382228, 4.806562987467054, 4.802511968156635, 4.796378287881232, 4.794389758485289, 4.7881543824969075, 4.780521320800387, 4.777097284976602, 4.775913916680114, 4.773619459684793, 4.766129276262708, 4.764521055214889, 4.7589382967564955], "val_losses": [6.004047934322034, 5.793498411016949, 5.639066472457627, 5.567019332627119, 5.50670749470339, 5.465292306673729, 5.430993776483051, 5.3944038003177965, 5.369025092690678, 5.345925582627118, 5.331900158898305, 5.3113125662076275, 5.302833024364407, 5.288495100635593, 5.28064751059322, 5.268236228813559, 5.257079250529661, 5.249814949682204, 5.238792372881356, 5.230750132415254, 5.21930515095339, 5.217833024364407, 5.209931806144068, 5.207363943326271, 5.204180680614407, 5.198212063029661, 5.194621292372881, 5.191316207627119, 5.191101363877118, 5.189848715572034, 5.189814287605932, 5.186852820444916, 5.183828125, 5.182059719279661, 5.179561043432203, 5.182199417372881, 5.1784312102754235, 5.177238148834745, 5.180417770127119, 5.178291843220339, 5.178291512182203, 5.179141949152543, 5.175155918961864, 5.17363877118644, 5.175748808262711, 5.175007944915254, 5.175053959216101, 5.174209149894068, 5.173310712394068, 5.169982786016949], "test_losses": [5.956567264297633, 5.744946526092233, 5.583173733313107, 5.510682337492415, 5.449362152988471, 5.40923835235892, 5.37517599457676, 5.336669329300667, 5.309720233806129, 5.28741929137591, 5.270263079300667, 5.250948118932039, 5.242031652950546, 5.226376431659587, 5.21856689453125, 5.206284013766687, 5.195516938144721, 5.188390046647451, 5.176391008988167, 5.167673647982403, 5.157198711506371, 5.155990452442355, 5.148157212340716, 5.145040863925971, 5.141036839161105, 5.134365637325546, 5.131886306318265, 5.128828030188107, 5.126328551653519, 5.124553791527609, 5.125420727776092, 5.124525347959648, 5.120261183062803, 5.118256504095874, 5.115613622572815, 5.118498866997876, 5.113560352510619, 5.111863812196602, 5.11468742889108, 5.112658454376517, 5.112336686513956, 5.112266762742719, 5.109176487598605, 5.106345167437803, 5.107804678018811, 5.107699199787621, 5.108193999355279, 5.106099249089806, 5.105630522792779, 5.104872620221481], "status": "OK"}