{"data": "data/ptb", "recepie_id": 2009579, "recepies_list_path": "data/new_recepies_fix.json", "cuda": true, "batch_size": 20, "model": "CustomRNN", "emsize": 400, "nhid": 600, "nlayers": 3, "dropout": 0.1, "dropouth": 0.25, "dropouti": 0.4, "dropoute": 0.0, "wdrop": 0.1, "tied": true, "bptt": 70, "lr": 0.001, "wdecay": 1.2e-06, "epochs": 50, "alpha": 2, "beta": 1, "log_interval": 200, "clip": 0.25, "eval_batch_size": 50, "recepie": "{\"node_0\": {\"op\": \"linear\", \"input\": [\"h_prev_1\", \"x\", \"h_prev_0\"]}, \"node_1\": {\"op\": \"activation_sigm\", \"input\": [\"node_0\"]}, \"node_2\": {\"op\": \"linear\", \"input\": [\"node_1\", \"h_prev_0\"]}, \"node_3\": {\"op\": \"activation_tanh\", \"input\": [\"node_2\"]}, \"node_4\": {\"op\": \"linear\", \"input\": [\"x\", \"node_3\"]}, \"node_5\": {\"op\": \"activation_tanh\", \"input\": [\"node_4\"]}, \"node_8\": {\"op\": \"linear\", \"input\": [\"h_prev_0\", \"node_5\"]}, \"h_new_0\": {\"op\": \"elementwise_sum\", \"input\": [\"node_4\", \"node_5\"]}, \"h_new_1\": {\"op\": \"activation_sigm\", \"input\": [\"node_8\"]}}", "experiment_id": 999981333, "init_time": "2020-05-13_02-09-38", "num_params": 11856400, "wall_times": [225.64245176315308, 222.96004581451416, 221.79604744911194, 221.97204899787903, 221.88970708847046, 222.06854438781738, 222.8919756412506, 221.85056161880493, 221.8586094379425, 222.05844020843506, 221.64355039596558, 221.9685046672821, 222.1911175251007, 222.1312153339386, 221.3155643939972, 221.4301483631134, 221.53628516197205, 221.82327890396118, 222.85039567947388, 425.86385917663574, 261.7329034805298, 212.54314804077148, 212.541264295578, 212.53875136375427, 212.69464540481567, 212.61447381973267, 334.3778827190399, 302.7531507015228, 298.6962676048279, 296.8543813228607, 370.9617028236389, 374.05109119415283, 243.07733464241028, 297.8058841228485, 212.36538672447205, 212.34925961494446, 212.57007002830505, 212.58323764801025, 208.82617259025574, 205.08805751800537, 205.32120561599731, 205.13439869880676, 204.61272048950195, 205.49089646339417, 205.39051914215088, 205.66061925888062, 205.28188967704773, 205.36788892745972, 205.3652126789093, 205.4840726852417], "train_losses": [6.048051224382766, 5.6907975465278895, 5.656770245011026, 5.4441034976601586, 5.443481977166371, 5.333183731375397, 5.325794403205852, 5.270010522564682, 5.266578082136518, 5.215256626190092, 5.206530125463934, 5.173118040987575, 5.143709069576677, 5.1127981953633475, 5.11826833212307, 5.065505906755957, 5.079168851863805, 5.078566661960088, 5.04725740949922, 5.04351147732774, 5.041480084449465, 5.060195037249207, 5.067872643348932, 5.006682921171534, 4.999171726238503, 5.0167234817922655, 5.025333578747781, 4.995045485718896, 4.988980723199398, 4.9677578364531225, 4.96130814305309, 4.972686716690872, 4.958804411408746, 4.954118424237534, 4.970383434860954, 4.947237154402668, 4.919370848125437, 4.942436024151471, 4.933038835995912, 4.9091924519929, 4.9051809343230595, 4.941803157441773, 4.922071667742456, 4.945161637351407, 4.900023028615997, 4.912386201656716, 4.8752000295842075, 4.87940569361519, 4.879743558711204, 4.886092817088914], "val_losses": [6.057282838983051, 5.721820047669492, 5.703862552966101, 5.520092690677966, 5.538852290783899, 5.433385858050848, 5.4373748675847455, 5.39822265625, 5.400356859110169, 5.361443988347458, 5.3598017081567795, 5.326290717690678, 5.3104561705508475, 5.278193193855932, 5.295474708686441, 5.248058461334746, 5.273894663665255, 5.268360368114407, 5.239684851694915, 5.23729641154661, 5.237228217690678, 5.258456700211864, 5.27221828654661, 5.21389797404661, 5.2150820974576275, 5.227198755296611, 5.232087195444915, 5.210528667902542, 5.209204515360169, 5.184649099576271, 5.1903191207627115, 5.198713916843221, 5.1914234639830505, 5.177276549258474, 5.203584149894068, 5.180562102754237, 5.158151152012712, 5.186580045021186, 5.187038532838983, 5.162165982521186, 5.154031382415254, 5.206306938559322, 5.182777740995762, 5.200798463983051, 5.153588453389831, 5.161925648834746, 5.141452926377118, 5.135825609110169, 5.141572762182204, 5.1533643405720335], "test_losses": [6.035606013918386, 5.673723239343143, 5.66533712738926, 5.475860891990291, 5.482439652229976, 5.380606938334345, 5.396857104255158, 5.341705618552791, 5.361592413152306, 5.312663550515777, 5.30560065704642, 5.273666233692355, 5.261564088099211, 5.234049676691444, 5.255615826949333, 5.201670822587985, 5.219681526850728, 5.223263638690837, 5.193871359223301, 5.19769998198574, 5.192122079793689, 5.209088075508192, 5.231096286218143, 5.171147911293993, 5.165978885391383, 5.180155633722694, 5.187238674719357, 5.169744102700243, 5.169913578959345, 5.1455078125, 5.142983445843447, 5.157744472466626, 5.150397143317658, 5.135269313182645, 5.159438642483313, 5.137774124886226, 5.118919002199636, 5.140125459837682, 5.142134286824939, 5.117902144645024, 5.111076280908677, 5.154945743894114, 5.135618339464503, 5.153300757547027, 5.112880077176881, 5.127864504323422, 5.09815164214199, 5.096907236043689, 5.102687206083131, 5.106288280301881], "status": "OK"}