{"data": "data/ptb", "recepie_id": 2006430, "recepies_list_path": "data/new_recepies_fix.json", "cuda": true, "batch_size": 20, "model": "CustomRNN", "emsize": 400, "nhid": 600, "nlayers": 3, "dropout": 0.1, "dropouth": 0.25, "dropouti": 0.4, "dropoute": 0.0, "wdrop": 0.1, "tied": true, "bptt": 70, "lr": 0.001, "wdecay": 1.2e-06, "epochs": 50, "alpha": 2, "beta": 1, "log_interval": 200, "clip": 0.25, "eval_batch_size": 50, "recepie": "{\"node_2\": {\"op\": \"linear\", \"input\": [\"x\", \"h_prev_1\"]}, \"node_3\": {\"op\": \"activation_tanh\", \"input\": [\"node_2\"]}, \"node_4\": {\"op\": \"elementwise_sum\", \"input\": [\"node_3\", \"node_2\"]}, \"node_6\": {\"op\": \"linear\", \"input\": [\"h_prev_0\", \"x\"]}, \"node_8\": {\"op\": \"elementwise_prod\", \"input\": [\"h_prev_1\", \"node_4\"]}, \"node_10\": {\"op\": \"linear\", \"input\": [\"node_3\", \"h_prev_1\"]}, \"node_11\": {\"op\": \"activation_leaky_relu\", \"input\": [\"node_10\"]}, \"h_new_0\": {\"op\": \"elementwise_sum\", \"input\": [\"node_8\", \"node_11\"]}, \"h_new_1\": {\"op\": \"activation_sigm\", \"input\": [\"node_6\"]}}", "experiment_id": 999967402, "init_time": "2020-05-15_16-45-55", "num_params": 9214800, "wall_times": [167.14290809631348, 168.43008685112, 166.20723366737366, 165.3621609210968, 165.33108353614807, 166.43873000144958, 166.81562542915344, 165.9660403728485, 166.197336435318, 166.29707527160645, 166.17508935928345, 165.90342926979065, 166.0183265209198, 166.0914490222931, 165.6950867176056, 165.51540350914001, 165.19140696525574, 166.1062514781952, 165.7112832069397, 166.07436776161194, 165.55459713935852, 166.205397605896, 165.8472933769226, 166.01036286354065, 165.82578802108765, 166.16778564453125, 166.2939350605011, 166.37473320960999, 166.4885754585266, 166.22289967536926, 166.30580711364746, 166.3337996006012, 166.00520586967468, 166.03514003753662, 165.7620017528534, 166.07153296470642, 166.03071999549866, 166.00300931930542, 165.87596654891968, 166.1038043498993, 166.22857213020325, 166.41431427001953, 166.51793837547302, 165.86157536506653, 166.1029577255249, 165.89539432525635, 166.30245304107666, 165.75232815742493, 165.93634009361267, 166.06019949913025], "train_losses": [5.5745408564628045, 5.256956491044053, 5.0691350149265775, 4.936817546124469, 4.832095755338605, 4.754442673874455, 4.683381743854553, 4.626044692324243, 4.571431573072992, 4.525689513743209, 4.484849860147383, 4.441038338443333, 4.411111643402721, 4.37844588779517, 4.341999320907966, 4.314265387149696, 4.289107044403206, 4.262711123661987, 4.243235133935776, 4.223996574283255, 4.199090369668119, 4.179114305981389, 4.1670419322521655, 4.145370659862299, 4.132221656312194, 4.113652523398419, 4.096783641950406, 4.084044362863751, 4.069321176913561, 4.059513003603894, 4.041754915012641, 4.029026561911678, 4.019946647571405, 4.00613452073584, 3.997304643375827, 3.9831752427249745, 3.96911686098112, 3.9588518974234845, 3.948609626297671, 3.937892495024474, 3.9290558939809586, 3.916615398579958, 3.911984461567425, 3.9060894720563715, 3.897584432655586, 3.8834609152277983, 3.8824695921413586, 3.8687747095368725, 3.8582689540637944, 3.855925750363079], "val_losses": [5.615606461864407, 5.34961235434322, 5.202097457627119, 5.104213122351695, 5.035663069385593, 4.986753177966102, 4.949845074152543, 4.919890426377119, 4.888785421080509, 4.868524231991525, 4.850598516949153, 4.832936970338983, 4.818968154131356, 4.813450079449153, 4.799212460275424, 4.793456700211864, 4.784346199682203, 4.77995564088983, 4.775104939088983, 4.770022179555085, 4.7688291181144065, 4.761901814088983, 4.749724576271187, 4.753509335275424, 4.752538400423729, 4.7459639830508475, 4.7443322960805085, 4.742672470868644, 4.742179886122881, 4.732992915783898, 4.736081501588983, 4.736572100105932, 4.735514433262712, 4.729451469809322, 4.72720703125, 4.723802635063559, 4.7254608050847455, 4.721612486758475, 4.719229343220339, 4.723093551377119, 4.718363347457627, 4.717917108050847, 4.715170815677966, 4.713249801377119, 4.714481263241526, 4.714435579978813, 4.708811242055085, 4.711643273305085, 4.710941141419491, 4.710224112817796], "test_losses": [5.568011533866808, 5.29914041167324, 5.151379038986651, 5.055065562424151, 4.988402135163835, 4.939388238110588, 4.904290949256675, 4.870354513520176, 4.842899063258495, 4.822403398532312, 4.805057858957828, 4.786961823991201, 4.774779680863167, 4.767377834875607, 4.754676892919448, 4.747189123653671, 4.737721563542931, 4.732544834173999, 4.72482418319554, 4.718260533601335, 4.718960956462379, 4.71020744842233, 4.701879408753034, 4.702717901433556, 4.70045930436514, 4.694310753090868, 4.693957875075849, 4.694251791944781, 4.690346727093447, 4.684026329262743, 4.685207329907463, 4.683468420528671, 4.684537128337379, 4.679947343844812, 4.676654704566141, 4.67289748701077, 4.673185774423544, 4.669354485076608, 4.670358009708738, 4.671348497705552, 4.666127917836014, 4.666367910440686, 4.664001168556584, 4.661968046021693, 4.662978088971481, 4.659458790010619, 4.655606167987712, 4.658835105525637, 4.656598433707524, 4.657526701399424], "status": "OK"}