{"data": "data/ptb", "recepie_id": 2002923, "recepies_list_path": "data/new_recepies_fix.json", "cuda": true, "batch_size": 20, "model": "CustomRNN", "emsize": 400, "nhid": 600, "nlayers": 3, "dropout": 0.1, "dropouth": 0.25, "dropouti": 0.4, "dropoute": 0.0, "wdrop": 0.1, "tied": true, "bptt": 70, "lr": 0.001, "wdecay": 1.2e-06, "epochs": 50, "alpha": 2, "beta": 1, "log_interval": 200, "clip": 0.25, "eval_batch_size": 50, "recepie": "{\"node_1\": {\"op\": \"linear\", \"input\": [\"h_prev_0\", \"h_prev_1\"]}, \"node_2\": {\"op\": \"activation_sigm\", \"input\": [\"node_1\"]}, \"node_4\": {\"op\": \"linear\", \"input\": [\"h_prev_1\", \"node_2\"]}, \"node_5\": {\"op\": \"activation_sigm\", \"input\": [\"node_4\"]}, \"node_8\": {\"op\": \"linear\", \"input\": [\"x\", \"h_prev_2\"]}, \"h_new_0\": {\"op\": \"activation_sigm\", \"input\": [\"h_new_1\"]}, \"h_new_1\": {\"op\": \"linear\", \"input\": [\"node_5\", \"h_new_2\"]}, \"h_new_2\": {\"op\": \"activation_leaky_relu\", \"input\": [\"node_8\"]}}", "experiment_id": 999955575, "init_time": "2020-05-13_07-02-10", "num_params": 11016400, "wall_times": [262.7969722747803, 200.4956910610199, 201.67128443717957, 201.1640486717224, 198.4114112854004, 198.72879338264465, 198.91178131103516, 197.34839725494385, 197.29677534103394, 196.4934856891632, 197.16058611869812, 197.59991669654846, 197.1365523338318, 199.37800073623657, 198.0037636756897, 196.98229694366455, 196.39633512496948, 199.7008993625641, 197.52047967910767, 199.22996473312378, 197.06543445587158, 197.8065848350525, 199.36319541931152, 199.17191815376282, 198.9305601119995, 197.73984122276306, 195.9698987007141, 199.93058514595032, 197.14104962348938, 197.65618085861206, 197.69968366622925, 195.60327792167664, 199.2203028202057, 198.37163305282593, 199.48062109947205, 198.76821208000183, 197.42423605918884, 199.10370874404907, 200.05137968063354, 199.89706349372864, 198.38854837417603, 195.79811930656433, 200.15124249458313, 198.9721896648407, 196.35358786582947, 197.7240629196167, 196.18801164627075, 198.1171576976776, 199.0039427280426, 196.81589484214783], "train_losses": [6.251580906083589, 5.967033359555699, 5.780412901403905, 5.631687963934161, 5.52063540490022, 5.428206608708515, 5.353752739901028, 5.2832297045613466, 5.2262267360550805, 5.178760051906837, 5.134447195551611, 5.0909437025980315, 5.059183963342478, 5.025647070491098, 4.9951223878489595, 4.967281715615083, 4.942118750336184, 4.916446466031951, 4.901506441288796, 4.877362954521005, 4.856422042251627, 4.840597432897638, 4.823728131219407, 4.809230188666559, 4.792252887822064, 4.78182361424883, 4.764353383357538, 4.752812600855252, 4.740252760072078, 4.729855844225701, 4.713955593432306, 4.706958760287236, 4.697316157683826, 4.682437066322414, 4.67152788983917, 4.66160793529127, 4.650323493222527, 4.640236707277715, 4.630066295519337, 4.62591316026572, 4.61432699289979, 4.603111888817169, 4.592043865311172, 4.585151249260395, 4.579974012963262, 4.574268967511161, 4.566212313753967, 4.553894945807111, 4.550590675595719, 4.540744681566349], "val_losses": [6.266359242584746, 5.9949874205508475, 5.819239274364406, 5.690438294491526, 5.590137049788136, 5.512093816207627, 5.453246490995762, 5.398824483580508, 5.356971994173729, 5.3203985699152545, 5.281419822563559, 5.25459282309322, 5.2313860566737285, 5.204965572033898, 5.186705839512712, 5.168114406779661, 5.153650026483051, 5.135630296610169, 5.123990995762711, 5.109523636122882, 5.101613479872881, 5.091300648834745, 5.076838254766949, 5.071670418432204, 5.063455376059322, 5.057881686970339, 5.049370034427966, 5.043307070974576, 5.035689552436441, 5.031271186440678, 5.020843816207627, 5.019231991525424, 5.00916015625, 5.0036142743644065, 5.002094809322034, 4.991424126059322, 4.987208024364406, 4.985883540783898, 4.977580111228813, 4.976043101165255, 4.968074351165254, 4.9619802701271185, 4.95885295286017, 4.952653270656779, 4.947659891419492, 4.946387049788136, 4.940577992584746, 4.939041313559322, 4.931119902012711, 4.928919160487288], "test_losses": [6.208177881333435, 5.941077371245449, 5.767881523058253, 5.636520830172937, 5.538354373672633, 5.459095186400182, 5.399747681849211, 5.342281600804005, 5.296332201911408, 5.262918713023361, 5.22930197113926, 5.196549202631978, 5.174273148323726, 5.150131077442355, 5.129785037735133, 5.111048429915049, 5.09509751403216, 5.076734228041565, 5.067638804611651, 5.054355065799454, 5.042136775637136, 5.033294381447209, 5.019704874279429, 5.014077788417779, 5.0035400390625, 4.997115940723605, 4.989058707524272, 4.982337136870449, 4.9747314453125, 4.972006788531553, 4.960445663304005, 4.958354764771693, 4.949901395631068, 4.945259168310073, 4.942069636965261, 4.932906956348605, 4.92757112077139, 4.926229236195389, 4.918129337644114, 4.916937670661408, 4.90885703077594, 4.904919078049151, 4.901030901566292, 4.89661118590716, 4.891087800553701, 4.889720138994235, 4.885169168120449, 4.88194052686969, 4.877794284265018, 4.873365087416565], "status": "OK"}