{"data": "data/ptb", "recepie_id": 1007554, "recepies_list_path": "data/models_recepies.json", "cuda": true, "batch_size": 20, "model": "CustomRNN", "emsize": 400, "nhid": 600, "nlayers": 3, "dropout": 0.1, "dropouth": 0.25, "dropouti": 0.4, "dropoute": 0.0, "wdrop": 0.1, "tied": true, "bptt": 70, "lr": 0.001, "wdecay": 1.2e-06, "epochs": 50, "alpha": 2, "beta": 1, "log_interval": 200, "clip": 0.25, "eval_batch_size": 50, "recepie": "{\"node_0\": {\"op\": \"linear\", \"input\": [\"h_prev_0\", \"h_prev_1\"]}, \"node_6\": {\"op\": \"linear\", \"input\": [\"x\", \"h_new_1\"]}, \"node_7\": {\"op\": \"activation_tanh\", \"input\": [\"node_6\"]}, \"node_9\": {\"op\": \"linear\", \"input\": [\"h_prev_1\", \"x\", \"node_7\"]}, \"h_new_0\": {\"op\": \"activation_sigm\", \"input\": [\"node_9\"]}, \"h_new_1\": {\"op\": \"activation_leaky_relu\", \"input\": [\"node_0\"]}}", "experiment_id": 999998712, "init_time": "2020-04-21_08-28-58", "num_params": 10094800, "wall_times": [189.44345664978027, 186.95696115493774, 183.4599506855011, 184.45288467407227, 180.75341773033142, 177.25271034240723, 184.7149658203125, 178.49581813812256, 177.6795036792755, 184.6914803981781, 188.68104314804077, 184.609530210495, 183.8795826435089, 187.9355480670929, 184.60052180290222, 184.1795506477356, 184.10369992256165, 187.57378268241882, 184.73490977287292, 184.06238412857056, 183.98417830467224, 184.08130145072937, 183.908061504364, 183.6273603439331, 178.9712417125702, 176.98241448402405, 183.03053069114685, 179.2164978981018, 176.22028636932373, 183.9285707473755, 183.25844860076904, 183.19387412071228, 183.67676043510437, 183.11140775680542, 182.8393518924713, 183.4624650478363, 183.58131885528564, 182.94932413101196, 183.13484859466553, 183.06899070739746, 183.50514125823975, 183.29444289207458, 182.47355842590332, 183.2354428768158, 179.59202361106873, 175.84975004196167, 182.93079781532288, 181.5323565006256, 176.19968938827515, 181.30284547805786], "train_losses": [5.950864581652413, 5.676918603087516, 5.5474893765800655, 5.454902573826045, 5.3795199962347375, 5.316531688720349, 5.269337313753967, 5.226496944085848, 5.190139466005056, 5.155655374240224, 5.127123423296219, 5.1055164461298475, 5.088495861572804, 5.069793935909849, 5.046424933435533, 5.0289794961271586, 5.012081198563822, 5.0009030747404655, 4.985676032757786, 4.972525768517024, 4.9603231234199345, 4.9422641499919315, 4.93299681297402, 4.918760253617342, 4.912771132537249, 4.9055738495777526, 4.891758360900436, 4.87902706618794, 4.874820141466301, 4.862143476682266, 4.864275304582863, 4.856552313619494, 4.8533325096821045, 4.8435276982141895, 4.838626553170889, 4.830956090984885, 4.831977670647087, 4.821330297590232, 4.816096750443763, 4.81049003886289, 4.7980352556344465, 4.796818689150665, 4.7864234542251625, 4.78199927048034, 4.777775116319725, 4.770885862110699, 4.765251415335378, 4.760853285864128, 4.75489358089936, 4.752528945457479], "val_losses": [5.964243246822034, 5.7180799788135594, 5.6124298199152545, 5.539583222987289, 5.481179157838983, 5.435596530720339, 5.4041005693855935, 5.373298463983051, 5.349720934851695, 5.3275926906779665, 5.3153535487288135, 5.303985037076271, 5.293312367584746, 5.286167240466102, 5.273176972987288, 5.269256488347458, 5.257641684322034, 5.252706236758475, 5.247411281779661, 5.241052370233051, 5.2371054025423724, 5.227532441737288, 5.225080111228814, 5.220566075211864, 5.220807402012712, 5.219401483050848, 5.2126009666313555, 5.20622219279661, 5.203626853813559, 5.197961136122881, 5.203576867055085, 5.201113943326271, 5.202833686440678, 5.198783434851695, 5.19512016684322, 5.194999668961865, 5.197498013771186, 5.192684719279661, 5.191958090572034, 5.189692134533899, 5.185210871292373, 5.1835589909957624, 5.179428959216102, 5.180013903601695, 5.179813625529661, 5.17580078125, 5.175726297669492, 5.172872086864407, 5.172198424258474, 5.1729690810381355], "test_losses": [5.915952812120753, 5.662686542399879, 5.554385287090413, 5.481736859071602, 5.424326480013653, 5.37944845551426, 5.347560845532463, 5.317676136794599, 5.293049340109223, 5.272783297936893, 5.257593840071299, 5.245947384139867, 5.235717180863167, 5.22869398987409, 5.213912815723605, 5.206654372724515, 5.196912450697815, 5.192547548164442, 5.185069260087985, 5.178826489494842, 5.17412618988926, 5.16626687651699, 5.163362077138956, 5.159587378640777, 5.159474789517597, 5.156269554952973, 5.151578143962379, 5.143517947891383, 5.14264390075091, 5.137260362939927, 5.141358014449333, 5.138479288341929, 5.139689325128944, 5.13604499298392, 5.132933977738167, 5.134235863546723, 5.134862807190534, 5.130681602700243, 5.130223542741201, 5.128541816785497, 5.124006252844357, 5.121417888159891, 5.11870863831159, 5.119158994804308, 5.118575309086772, 5.116173012742719, 5.114849201683859, 5.11206291717233, 5.111855516155947, 5.112803042513653], "status": "OK"}