{"data": "data/ptb", "recepie_id": 1010527, "recepies_list_path": "data/models_recepies.json", "cuda": true, "batch_size": 20, "model": "CustomRNN", "emsize": 400, "nhid": 600, "nlayers": 3, "dropout": 0.1, "dropouth": 0.25, "dropouti": 0.4, "dropoute": 0.0, "wdrop": 0.1, "tied": true, "bptt": 70, "lr": 0.001, "wdecay": 1.2e-06, "epochs": 50, "alpha": 2, "beta": 1, "log_interval": 200, "clip": 0.25, "eval_batch_size": 50, "recepie": "{\"node_3\": {\"op\": \"linear\", \"input\": [\"h_prev_0\", \"x\"]}, \"node_4\": {\"op\": \"activation_leaky_relu\", \"input\": [\"node_3\"]}, \"node_6\": {\"op\": \"linear\", \"input\": [\"h_prev_1\", \"x\"]}, \"node_7\": {\"op\": \"activation_leaky_relu\", \"input\": [\"node_6\"]}, \"node_8\": {\"op\": \"linear\", \"input\": [\"node_4\", \"node_7\", \"h_prev_1\"]}, \"node_9\": {\"op\": \"activation_leaky_relu\", \"input\": [\"node_8\"]}, \"h_new_0\": {\"op\": \"linear\", \"input\": [\"node_7\", \"node_9\"]}, \"h_new_1\": {\"op\": \"activation_sigm\", \"input\": [\"h_new_0\"]}}", "experiment_id": 999934150, "init_time": "2020-04-14_07-20-34", "num_params": 11856400, "wall_times": [260.5725393295288, 210.08818173408508, 208.77658581733704, 209.35873985290527, 210.08416533470154, 209.28139853477478, 212.68881678581238, 209.25106239318848, 209.59469389915466, 205.3897488117218, 205.89863967895508, 206.8327190876007, 208.71844601631165, 209.5521936416626, 208.96099638938904, 208.0796422958374, 209.23728728294373, 208.57966661453247, 209.98191380500793, 208.6319227218628, 210.23204803466797, 209.061119556427, 209.4862244129181, 210.02958989143372, 209.22954177856445, 209.4948227405548, 208.56570267677307, 209.49323225021362, 209.31590485572815, 209.58966875076294, 208.34119057655334, 209.47233939170837, 210.26243352890015, 210.05899691581726, 210.2900128364563, 209.70603156089783, 209.59396147727966, 209.67302465438843, 208.42830777168274, 209.34559726715088, 209.21027398109436, 209.82917475700378, 209.45463728904724, 209.46507334709167, 208.58655261993408, 208.69288420677185, 208.82969903945923, 209.2154347896576, 210.3046748638153, 209.08594393730164], "train_losses": [5.7271991487816685, 5.478683822145124, 5.32181104096068, 5.2113543683771715, 5.131750998467, 5.075043031574418, 5.019265034156312, 4.977450866682804, 4.930713281964391, 4.901524511188209, 4.868503661045668, 4.840418414824377, 4.818126042170943, 4.795623974638266, 4.776201354149857, 4.757009019821419, 4.739851440213006, 4.723941524124577, 4.707295784922812, 4.696454265504814, 4.6821634964498955, 4.67033779785918, 4.662173144935721, 4.648013907939325, 4.635425071271045, 4.632134248426658, 4.623937237776343, 4.610524749878974, 4.601796148001721, 4.5964751929697165, 4.589761594992201, 4.581610809665968, 4.57251366588672, 4.5658643631326985, 4.560655609569146, 4.549934696223979, 4.552207301247916, 4.539710915227799, 4.53838340796622, 4.529366107928568, 4.52325007732236, 4.516079689096875, 4.510970950325427, 4.508287360147383, 4.506981704857189, 4.50346942068743, 4.4982005742025715, 4.49629272900866, 4.4895341663977195, 4.492377864289172], "val_losses": [5.75330905720339, 5.535978879766949, 5.411765095338983, 5.327077926377119, 5.267008077330509, 5.228097523834745, 5.190314155190678, 5.16494140625, 5.132972722457627, 5.115515426377119, 5.100325741525424, 5.086936573093221, 5.073189552436441, 5.062378177966102, 5.0570749470338985, 5.053114737817797, 5.045453853283898, 5.035436308262712, 5.031730998411017, 5.031918365995763, 5.02604045286017, 5.019330309851695, 5.0150950079449155, 5.018641419491526, 5.008816538665254, 5.020266154661017, 5.010130760063559, 5.008123013771186, 5.0036195709745765, 5.003793697033898, 5.000355534957627, 5.0005690545550845, 4.998804621292373, 4.992034891419491, 4.995022510593221, 4.992255693855932, 4.995991790254237, 4.9925384004237285, 4.986201006355932, 4.992277542372881, 4.98017280190678, 4.979455442266949, 4.9872454316737285, 4.984345206567797, 4.98652873411017, 4.989426972987288, 4.996651549258474, 4.990456832627118, 4.990676972987288, 4.9885464115466105], "test_losses": [5.701290389866505, 5.485613480354976, 5.354990542513653, 5.270590772906553, 5.211469039176274, 5.168967830324636, 5.13269279998483, 5.104612480089503, 5.072048150219963, 5.056749658677185, 5.039434636680825, 5.025106189320389, 5.009577186362257, 4.997552075432342, 4.992887330286711, 4.985072459989381, 4.979458410763046, 4.965228330741808, 4.962237904372724, 4.957369017369539, 4.957042805199484, 4.948209595911711, 4.945051471006523, 4.946211731549606, 4.936702691235588, 4.943028422235285, 4.935282290560528, 4.930501697132889, 4.929243958112106, 4.931578108407919, 4.925131492244387, 4.924480253052943, 4.922018106701304, 4.917395730620449, 4.918956275125152, 4.915963774745904, 4.916615013937348, 4.912701356758192, 4.90735574370449, 4.908277196791565, 4.902280937120753, 4.898949187936135, 4.908405192847391, 4.901125120885164, 4.905186032785953, 4.905082924852094, 4.905152848623331, 4.901906133855431, 4.902360342081311, 4.899506504095874], "status": "OK"}