{"data": "data/ptb", "recepie_id": 2004868, "recepies_list_path": "data/new_recepies_fix.json", "cuda": true, "batch_size": 20, "model": "CustomRNN", "emsize": 400, "nhid": 600, "nlayers": 3, "dropout": 0.1, "dropouth": 0.25, "dropouti": 0.4, "dropoute": 0.0, "wdrop": 0.1, "tied": true, "bptt": 70, "lr": 0.001, "wdecay": 1.2e-06, "epochs": 50, "alpha": 2, "beta": 1, "log_interval": 200, "clip": 0.25, "eval_batch_size": 50, "recepie": "{\"node_0\": {\"op\": \"linear\", \"input\": [\"h_prev_0\", \"x\"]}, \"node_1\": {\"op\": \"activation_leaky_relu\", \"input\": [\"node_0\"]}, \"node_2\": {\"op\": \"linear\", \"input\": [\"x\", \"node_1\"]}, \"node_3\": {\"op\": \"activation_tanh\", \"input\": [\"node_2\"]}, \"node_7\": {\"op\": \"linear\", \"input\": [\"h_prev_0\", \"node_3\"]}, \"node_8\": {\"op\": \"activation_sigm\", \"input\": [\"node_7\"]}, \"h_new_0\": {\"op\": \"linear\", \"input\": [\"node_8\", \"x\"]}}", "experiment_id": 999913978, "init_time": "2020-05-16_02-04-28", "num_params": 10936400, "wall_times": [187.37239789962769, 188.17791867256165, 185.31727361679077, 184.74858379364014, 184.79002022743225, 184.7430784702301, 184.6751115322113, 184.7623541355133, 184.84752798080444, 184.79904961585999, 184.69735622406006, 184.7786991596222, 184.70737743377686, 184.75073289871216, 184.62340259552002, 184.75201749801636, 184.7587366104126, 184.97365307807922, 184.87729859352112, 184.8781578540802, 184.42408442497253, 184.64084911346436, 184.82912158966064, 184.56449103355408, 184.749990940094, 184.6052634716034, 184.81966376304626, 184.67632818222046, 184.57339477539062, 184.81742334365845, 184.53172087669373, 184.9068088531494, 184.45709013938904, 184.81332111358643, 184.8804416656494, 184.78687071800232, 184.84394240379333, 184.53996658325195, 184.81925988197327, 184.73134112358093, 184.97304463386536, 184.64638471603394, 184.6276571750641, 184.51671814918518, 183.88503098487854, 184.28151297569275, 184.3292751312256, 184.85476517677307, 184.74501371383667, 184.74331164360046], "train_losses": [5.754243484750686, 5.476706638965091, 5.355739588376096, 5.284401726641923, 5.207091553036416, 5.15013523008445, 5.131828741057501, 5.098088877010381, 5.0709268765800655, 5.044050632698617, 5.021071603867463, 4.999237702382874, 5.004116154994352, 4.972709829352913, 4.968015017347104, 4.964474997982895, 4.95547030485181, 4.92361937563875, 4.948551634527459, 4.920039014173525, 4.906639133182723, 4.895646330885913, 4.90569193426927, 4.895546736324028, 4.874731893120327, 4.879968802108547, 4.8718352462212895, 4.860476423403798, 4.862155243128395, 4.851301957264267, 4.846163382147275, 4.838684544941101, 4.837098596094885, 4.848161576838255, 4.832361761067183, 4.821339122424829, 4.8340540281587865, 4.832531954305847, 4.820091458904846, 4.82166648176537, 4.813561501533, 4.807986307218546, 4.804049170297456, 4.814325480071002, 4.820594474476898, 4.800080095879727, 4.789012072373729, 4.788469975391318, 4.796140017347104, 4.7991039010811685], "val_losses": [5.780604475635593, 5.542236493644068, 5.450263506355932, 5.40656779661017, 5.3501370497881355, 5.3107776085805085, 5.303075013241526, 5.285707097457627, 5.27013969809322, 5.252046808792373, 5.235640227754237, 5.226708818855932, 5.237743313029661, 5.208920153601695, 5.213210076800848, 5.212939618644068, 5.21159924523305, 5.1857554290254235, 5.218486162605932, 5.195077793961865, 5.183011453919492, 5.176586334745763, 5.19230766684322, 5.185140360169491, 5.168549721927966, 5.167469544491525, 5.17095173463983, 5.162439088983051, 5.166447298728814, 5.158189552436441, 5.156691935911017, 5.148640095338983, 5.1507858845338985, 5.172103747351695, 5.152181541313559, 5.14153171345339, 5.156299986758475, 5.152691671080508, 5.1434831832627115, 5.143616591631356, 5.139300185381356, 5.138373278601695, 5.134892081567797, 5.149897047139831, 5.154426972987288, 5.138557335805085, 5.129800715042373, 5.128806276483051, 5.133500397245763, 5.136933262711865], "test_losses": [5.739868756636833, 5.494263880461165, 5.398755712416565, 5.348933840260922, 5.294911801236347, 5.256604833510315, 5.249064917703277, 5.226319544523665, 5.212948104710255, 5.199551184200546, 5.186600472163228, 5.173340436324333, 5.182909326645935, 5.156562879247573, 5.158850216171117, 5.158718072094963, 5.157724917513653, 5.131499355279126, 5.158872733995753, 5.140211975690231, 5.125963525864685, 5.120125483540655, 5.132649542058556, 5.128857658904733, 5.111892848338895, 5.113816344622269, 5.112839189547937, 5.109276632660801, 5.10748291015625, 5.102027670851031, 5.102013449067051, 5.093336383115898, 5.091241040276092, 5.114343143203883, 5.097050046457828, 5.087323531363774, 5.096974196943265, 5.098152827290655, 5.08838364684466, 5.090775276850728, 5.086352302032767, 5.083483057114685, 5.081245496435073, 5.092732549871056, 5.09772439604824, 5.081508599438713, 5.072727832979369, 5.072670353269114, 5.077447687537925, 5.078672538683253], "status": "OK"}