{"data": "data/ptb", "recepie_id": 2002205, "recepies_list_path": "data/new_recepies_fix.json", "cuda": true, "batch_size": 20, "model": "CustomRNN", "emsize": 400, "nhid": 600, "nlayers": 3, "dropout": 0.1, "dropouth": 0.25, "dropouti": 0.4, "dropoute": 0.0, "wdrop": 0.1, "tied": true, "bptt": 70, "lr": 0.001, "wdecay": 1.2e-06, "epochs": 50, "alpha": 2, "beta": 1, "log_interval": 200, "clip": 0.25, "eval_batch_size": 50, "recepie": "{\"node_3\": {\"op\": \"linear\", \"input\": [\"h_prev_1\", \"x\"]}, \"node_4\": {\"op\": \"activation_sigm\", \"input\": [\"node_3\"]}, \"node_5\": {\"op\": \"linear\", \"input\": [\"node_4\", \"h_prev_0\"]}, \"node_7\": {\"op\": \"linear\", \"input\": [\"x\", \"node_4\", \"h_prev_0\"]}, \"h_new_0\": {\"op\": \"activation_leaky_relu\", \"input\": [\"node_5\"]}, \"h_new_1\": {\"op\": \"activation_sigm\", \"input\": [\"node_7\"]}}", "experiment_id": 999900983, "init_time": "2020-05-07_22-59-21", "num_params": 10094800, "wall_times": [215.48343205451965, 212.26751327514648, 204.98945212364197, 205.48106980323792, 201.20880699157715, 204.10531163215637, 204.94727635383606, 202.7224085330963, 203.52373838424683, 204.83934903144836, 206.3149127960205, 201.73177480697632, 204.66652631759644, 204.98375463485718, 202.2056975364685, 202.56653666496277, 202.8842318058014, 202.55220103263855, 203.4812216758728, 201.68970394134521, 207.43959665298462, 202.91060280799866, 202.60676789283752, 205.07143211364746, 201.09793424606323, 205.41545271873474, 202.60909366607666, 205.86369252204895, 203.7633695602417, 202.83717346191406, 205.31096124649048, 206.0223207473755, 204.35500407218933, 203.8096535205841, 204.05498671531677, 203.29787158966064, 204.15482664108276, 206.99785351753235, 205.75542831420898, 204.66061091423035, 200.6472933292389, 203.27280688285828, 206.7901794910431, 204.32614469528198, 204.95586466789246, 205.28281116485596, 202.8804407119751, 203.06977796554565, 203.86728048324585, 205.16978788375854], "train_losses": [5.982085585767307, 5.694907398068958, 5.502913035877575, 5.3704850465278895, 5.267243726803292, 5.182117691356033, 5.115385973051477, 5.055461143833037, 5.004206504491421, 4.963657229976871, 4.92390807379915, 4.889662672798666, 4.8612870474961, 4.829974012963262, 4.807647601662095, 4.782822081248992, 4.76486396307353, 4.740718795384864, 4.721125141197353, 4.703131723683502, 4.684737406540799, 4.671881723683502, 4.6504911650798775, 4.636257547334732, 4.628756858157173, 4.61385507436394, 4.599449162229035, 4.586707361761067, 4.5792701273465655, 4.567293986337475, 4.5593898761497496, 4.547176725297187, 4.537896361142488, 4.525671864074014, 4.519507086762412, 4.511700049755258, 4.503497155881878, 4.494223095180463, 4.486640040879996, 4.484089663681351, 4.472583760287236, 4.469432033645313, 4.466926200849874, 4.456275886181485, 4.449736263514604, 4.442573859663278, 4.43627881098381, 4.429807685842612, 4.425895342504438, 4.420462606234199], "val_losses": [5.996203654661017, 5.731145391949153, 5.565611096398305, 5.455338652012712, 5.3726079184322035, 5.307576138771187, 5.2632153734110165, 5.218779131355932, 5.18054985434322, 5.15489936440678, 5.129666313559322, 5.109216763771187, 5.0893283236228815, 5.0705991790254235, 5.057139830508475, 5.046212592690678, 5.032120299258475, 5.019735831567797, 5.007557600635593, 5.000466763771186, 4.991496623411017, 4.983031316207627, 4.972787341101695, 4.968711599576271, 4.964155190677966, 4.953318657309322, 4.944317399364407, 4.943967161016949, 4.941423795021186, 4.933326602224576, 4.927948887711865, 4.926907772775424, 4.9198556673728815, 4.917193127648305, 4.913616591631356, 4.907605601165254, 4.904270722987288, 4.900924258474577, 4.89749404131356, 4.895141022245762, 4.895075476694915, 4.890904396186441, 4.890567399364407, 4.888065413135593, 4.880735235699152, 4.877152740995763, 4.877654925847458, 4.8764300847457624, 4.8731574417372885, 4.869127383474576], "test_losses": [5.944438452859527, 5.683186651433556, 5.514486072132889, 5.401822877161711, 5.319463933555825, 5.251912829945389, 5.202607682607706, 5.157830988319175, 5.122024684276395, 5.094301094129247, 5.069661260808556, 5.045931029088289, 5.029472277002427, 5.008182266383495, 4.995820573232706, 4.981211245638653, 4.968929550022755, 4.955993059769417, 4.945078433138653, 4.935593392085103, 4.925666586866656, 4.917047593200091, 4.907803433612712, 4.90335675582145, 4.89702658051426, 4.887355471120297, 4.880667677203428, 4.877870726353914, 4.873253683442051, 4.866023980298088, 4.86202410355355, 4.860302675117567, 4.854892175174454, 4.850585641212834, 4.845914377749545, 4.842885137761681, 4.839400208112106, 4.835335148190989, 4.832924852093447, 4.830569961695995, 4.828618910706159, 4.825924178929005, 4.825443897432494, 4.824437706215868, 4.815892488053701, 4.813721888273665, 4.813182645631068, 4.810523764601031, 4.809524091702063, 4.805163633476183], "status": "OK"}