{"data": "data/ptb", "recepie_id": 2002615, "recepies_list_path": "data/new_recepies_fix.json", "cuda": true, "batch_size": 20, "model": "CustomRNN", "emsize": 400, "nhid": 600, "nlayers": 3, "dropout": 0.1, "dropouth": 0.25, "dropouti": 0.4, "dropoute": 0.0, "wdrop": 0.1, "tied": true, "bptt": 70, "lr": 0.001, "wdecay": 1.2e-06, "epochs": 50, "alpha": 2, "beta": 1, "log_interval": 200, "clip": 0.25, "eval_batch_size": 50, "recepie": "{\"node_0\": {\"op\": \"linear\", \"input\": [\"h_prev_1\", \"h_prev_0\"]}, \"node_2\": {\"op\": \"linear\", \"input\": [\"x\", \"h_prev_2\", \"h_prev_1\"]}, \"h_new_0\": {\"op\": \"activation_tanh\", \"input\": [\"node_0\"]}, \"h_new_1\": {\"op\": \"activation_tanh\", \"input\": [\"node_2\"]}, \"h_new_2\": {\"op\": \"elementwise_sum\", \"input\": [\"node_2\", \"node_0\"]}}", "experiment_id": 999944778, "init_time": "2020-05-09_08-24-43", "num_params": 8373200, "wall_times": [135.1597080230713, 137.72220826148987, 136.03944158554077, 132.91774225234985, 132.58914756774902, 133.3636555671692, 131.33528542518616, 134.58599829673767, 132.16121912002563, 133.07543683052063, 133.38712430000305, 132.743989944458, 132.78275060653687, 134.85519695281982, 132.70473313331604, 134.88745975494385, 134.52205085754395, 133.27802157402039, 133.73856496810913, 133.35089874267578, 132.8928325176239, 135.2371506690979, 133.7655999660492, 134.15167903900146, 133.53254890441895, 133.24430131912231, 132.38998770713806, 134.14522981643677, 133.93471717834473, 132.70893049240112, 132.0874378681183, 133.39909434318542, 134.75476241111755, 132.10230207443237, 134.8811490535736, 134.35221815109253, 132.9660828113556, 132.9968502521515, 133.1165702342987, 134.33640098571777, 133.44486737251282, 133.22841238975525, 133.00815534591675, 135.26207637786865, 134.3780484199524, 133.13443112373352, 133.25399804115295, 134.00302147865295, 132.17396020889282, 133.43522834777832], "train_losses": [6.490680134204723, 6.471900045721048, 6.4205395083642625, 6.391163735140659, 6.398594666101877, 6.38797544846969, 6.359189678473455, 6.356768732182239, 6.340629370394277, 6.330116471007477, 6.32237709106557, 6.310740916303588, 6.297934820612124, 6.291098515410683, 6.277756626190092, 6.279300131784197, 6.271058576730677, 6.258643295142811, 6.26091127763434, 6.244700056478941, 6.2347229506212685, 6.239079897531063, 6.216757688532085, 6.213097483325265, 6.214171591764832, 6.199335363885751, 6.1929033201549135, 6.1862435116454195, 6.176018890188801, 6.176879941907375, 6.162428644908827, 6.1632375880802535, 6.16143227905976, 6.154021519149051, 6.146597732101554, 6.139273959846162, 6.131610221343661, 6.126339693937927, 6.119958077833361, 6.108936279651444, 6.105626966677424, 6.103458998978, 6.096279785917917, 6.094950177505244, 6.091975367785488, 6.088340376391803, 6.0841624475552685, 6.074608513528052, 6.070094820746598, 6.070338974503792], "val_losses": [6.51349841101695, 6.506453257415254, 6.462274231991525, 6.439996027542373, 6.4465466101694915, 6.440676641949152, 6.418173993644068, 6.422151085805084, 6.4042498675847455, 6.399968882415254, 6.395403204449153, 6.38981594279661, 6.3760328389830505, 6.370043697033898, 6.3631859110169495, 6.365456832627118, 6.3596133474576275, 6.352740995762712, 6.352836996822034, 6.341012976694915, 6.33531779661017, 6.343179952330509, 6.326646583686441, 6.324237288135593, 6.329817266949153, 6.318969809322034, 6.314142611228814, 6.308150158898305, 6.308134269067796, 6.3070895127118645, 6.30015625, 6.305121159957627, 6.3039486228813555, 6.298985699152542, 6.29651218220339, 6.291851165254237, 6.286833289194916, 6.2842412605932205, 6.278444120762712, 6.274446504237289, 6.2761487023305085, 6.2744657044491525, 6.27108249470339, 6.272907838983051, 6.268267346398305, 6.270550847457627, 6.266931276483051, 6.260090704449152, 6.26103813559322, 6.2596848516949155], "test_losses": [6.446643421950849, 6.438947659094357, 6.399568131826456, 6.381562168158374, 6.389924577138956, 6.382067634064017, 6.364516174908981, 6.364291589236954, 6.352764240746359, 6.350959851903823, 6.345479131902306, 6.339623904922633, 6.332351832713895, 6.328846162962682, 6.326061063599818, 6.326024323991201, 6.324149418803095, 6.319024835975425, 6.318514036900789, 6.309101586202973, 6.306142862560679, 6.312462075242719, 6.298578058631675, 6.293934053587682, 6.298253920471784, 6.28955078125, 6.285902893658981, 6.278012173847087, 6.278105800591626, 6.276936651433556, 6.273449944060983, 6.275319516080097, 6.272304497876213, 6.26958991485892, 6.268870529619235, 6.262773532311893, 6.261112546457828, 6.25713874298392, 6.252457405756978, 6.247525409587379, 6.249845338099211, 6.25183816557949, 6.246427369349211, 6.251043523399575, 6.246987352093447, 6.245409919220267, 6.242298903974515, 6.240470812158677, 6.23718735778216, 6.234630992111651], "status": "OK"}