{"data": "data/ptb", "recepie_id": 2005274, "recepies_list_path": "data/new_recepies_fix.json", "cuda": true, "batch_size": 20, "model": "CustomRNN", "emsize": 400, "nhid": 600, "nlayers": 3, "dropout": 0.1, "dropouth": 0.25, "dropouti": 0.4, "dropoute": 0.0, "wdrop": 0.1, "tied": true, "bptt": 70, "lr": 0.001, "wdecay": 1.2e-06, "epochs": 50, "alpha": 2, "beta": 1, "log_interval": 200, "clip": 0.25, "eval_batch_size": 50, "recepie": "{\"node_0\": {\"op\": \"linear\", \"input\": [\"x\", \"h_prev_1\", \"h_prev_0\"]}, \"node_1\": {\"op\": \"activation_sigm\", \"input\": [\"node_0\"]}, \"node_6\": {\"op\": \"linear\", \"input\": [\"h_prev_1\", \"x\"]}, \"node_7\": {\"op\": \"activation_sigm\", \"input\": [\"node_6\"]}, \"node_18\": {\"op\": \"linear\", \"input\": [\"x\", \"node_1\"]}, \"h_new_0\": {\"op\": \"activation_leaky_relu\", \"input\": [\"node_18\"]}, \"h_new_1\": {\"op\": \"elementwise_sum\", \"input\": [\"node_1\", \"node_7\"]}}", "experiment_id": 999954546, "init_time": "2020-05-11_01-13-46", "num_params": 10054800, "wall_times": [178.56323075294495, 177.78515553474426, 175.89703130722046, 176.3047685623169, 176.23251008987427, 177.91774439811707, 174.8224914073944, 175.94818568229675, 176.50224423408508, 173.7971658706665, 175.53975200653076, 176.92540836334229, 174.80975246429443, 175.08787560462952, 174.59605598449707, 174.29774975776672, 175.00157976150513, 174.04605865478516, 175.2101969718933, 174.90443348884583, 174.0694863796234, 173.43879413604736, 174.63991236686707, 175.5224368572235, 173.48253273963928, 174.82503867149353, 174.6342008113861, 175.20687460899353, 174.8129141330719, 173.9683132171631, 174.93243622779846, 174.37511372566223, 172.78929686546326, 172.04122614860535, 172.68484234809875, 171.39203715324402, 172.69699382781982, 171.50108933448792, 172.8005509376526, 174.32692337036133, 173.78244376182556, 172.8964946269989, 172.8971767425537, 171.13622736930847, 171.09903407096863, 171.04287457466125, 172.62062788009644, 174.06089091300964, 172.2105095386505, 173.62657260894775], "train_losses": [5.6578447736808135, 5.393019471787424, 5.239475754397289, 5.149142646307353, 5.0785195961755685, 5.010857908396536, 4.958220291404443, 4.926899692727664, 4.887823745360659, 4.849152899924695, 4.82291162390404, 4.792147410037114, 4.777526340030122, 4.747953058603626, 4.733251304394599, 4.714884722446345, 4.694315713920714, 4.677852354633963, 4.669211160642246, 4.651415251331289, 4.641775590339411, 4.624858382416223, 4.622556361276962, 4.609773798477758, 4.595105242456027, 4.581704941235007, 4.5723043912376955, 4.57256787558496, 4.565280663358615, 4.550624714243451, 4.5496569240492715, 4.538314910440536, 4.531432379915013, 4.5238472244634504, 4.52361693830348, 4.516802905303641, 4.509085797563337, 4.507807037007154, 4.500339966247108, 4.494163422489376, 4.491448735275133, 4.491788701522242, 4.483360144021301, 4.475053033053628, 4.470353598515411, 4.465106604001936, 4.466371076730677, 4.4563250531171, 4.4567263729761715, 4.449331581813781], "val_losses": [5.683695709745763, 5.46223185911017, 5.338212725105932, 5.274511056673729, 5.223968485169491, 5.180427701271187, 5.144268736758475, 5.12858249470339, 5.106387380826271, 5.084438559322034, 5.07085407838983, 5.053063757944916, 5.047327529131356, 5.033458024364407, 5.0249831170550845, 5.014884136652542, 5.003021716101695, 4.9985967293432205, 4.992365598516949, 4.989229674258475, 4.987580111228813, 4.977761189088983, 4.978761917372881, 4.973030985169491, 4.968226297669491, 4.962737023305085, 4.963407044491525, 4.959599774894068, 4.956673066737288, 4.948675185381356, 4.948326271186441, 4.94920749470339, 4.9477098781779665, 4.943521914724577, 4.946704515360169, 4.944494173728813, 4.943773503707627, 4.9423212394067795, 4.940625, 4.93683825476695, 4.937406316207627, 4.937735037076271, 4.935723980402543, 4.935729277012712, 4.933562301377119, 4.93120266154661, 4.935079449152543, 4.928672537076271, 4.930666379766949, 4.926391353283898], "test_losses": [5.637114589654126, 5.410641568378337, 5.287574545851031, 5.221836127123787, 5.173246217005461, 5.125767383760619, 5.088199356227245, 5.070170874734527, 5.046130726638349, 5.021897991884102, 5.00769279998483, 4.990226078959345, 4.98554177886074, 4.966335852169296, 4.960291297690382, 4.949572516876517, 4.938956547709345, 4.931176046723301, 4.929535504683708, 4.921846852719205, 4.920694591929611, 4.910912374848301, 4.912856314946147, 4.905425136529126, 4.899838642009254, 4.892948483957828, 4.89331765776699, 4.894110522223908, 4.889828580097087, 4.882964495316292, 4.88279264875986, 4.881323656989533, 4.88028546675895, 4.877545699332524, 4.878707441311438, 4.875866639961317, 4.874357649423544, 4.873505231246208, 4.873208647792779, 4.871074491334193, 4.870200740480886, 4.872257565989078, 4.8700925956652, 4.867179203959345, 4.86342080125531, 4.861830628033981, 4.864353513254703, 4.859726989153519, 4.862238319174757, 4.857612980222239], "status": "OK"}