{"data": "data/ptb", "recepie_id": 2005343, "recepies_list_path": "data/new_recepies_fix.json", "cuda": true, "batch_size": 20, "model": "CustomRNN", "emsize": 400, "nhid": 600, "nlayers": 3, "dropout": 0.1, "dropouth": 0.25, "dropouti": 0.4, "dropoute": 0.0, "wdrop": 0.1, "tied": true, "bptt": 70, "lr": 0.001, "wdecay": 1.2e-06, "epochs": 50, "alpha": 2, "beta": 1, "log_interval": 200, "clip": 0.25, "eval_batch_size": 50, "recepie": "{\"node_0\": {\"op\": \"linear\", \"input\": [\"h_prev_1\", \"h_prev_0\"]}, \"node_1\": {\"op\": \"activation_tanh\", \"input\": [\"node_0\"]}, \"node_2\": {\"op\": \"linear\", \"input\": [\"h_prev_0\", \"x\"]}, \"node_3\": {\"op\": \"activation_tanh\", \"input\": [\"node_2\"]}, \"node_4\": {\"op\": \"linear\", \"input\": [\"node_3\", \"node_1\", \"h_prev_0\"]}, \"node_11\": {\"op\": \"linear\", \"input\": [\"node_3\", \"x\"]}, \"h_new_0\": {\"op\": \"activation_leaky_relu\", \"input\": [\"node_11\"]}, \"h_new_1\": {\"op\": \"activation_tanh\", \"input\": [\"node_4\"]}}", "experiment_id": 999943671, "init_time": "2020-05-11_15-22-29", "num_params": 11856400, "wall_times": [154.22385096549988, 154.075612783432, 154.67319679260254, 153.01807975769043, 152.0313744544983, 154.60376834869385, 153.00936651229858, 152.6514823436737, 153.3699836730957, 154.02574157714844, 154.0888431072235, 153.20994448661804, 154.26818299293518, 152.8632619380951, 152.61685633659363, 153.60269808769226, 154.14063048362732, 153.3013744354248, 153.05589270591736, 153.21198868751526, 154.70673608779907, 153.07811617851257, 153.80755496025085, 153.3959789276123, 153.09279990196228, 154.49841260910034, 153.07920145988464, 155.09741640090942, 153.33983278274536, 152.23049569129944, 152.7218677997589, 151.81935739517212, 154.62458658218384, 151.93403911590576, 152.89550495147705, 154.0358235836029, 153.409166097641, 154.05255889892578, 153.18112230300903, 153.82697916030884, 153.37820172309875, 153.49691009521484, 154.4290406703949, 155.8200957775116, 155.08759832382202, 154.7436511516571, 152.66660618782043, 154.3958659172058, 152.5358431339264, 155.3374240398407], "train_losses": [5.5871423000376526, 5.314885226722608, 5.183245169033404, 5.099497488704212, 5.0335032744338655, 4.975065639960196, 4.933406957667689, 4.895630782367812, 4.868069142999301, 4.840721400812221, 4.808117839277069, 4.787628254262815, 4.766328045156258, 4.749231819159808, 4.733472765719972, 4.71891010771341, 4.703087179280297, 4.686955381636276, 4.673341603464042, 4.659924493034264, 4.650217174977139, 4.636026840944543, 4.627426829514281, 4.618420035232101, 4.610747051664784, 4.603794342692701, 4.595424617422409, 4.585061319993545, 4.579083124899145, 4.576916417890377, 4.5673234024528, 4.561667944166532, 4.5566894767629496, 4.5499506649722985, 4.543533329299123, 4.542584029234576, 4.53717776746813, 4.532545989995159, 4.526097137055564, 4.5191137512775, 4.514490798639127, 4.513477623581303, 4.507247290355548, 4.503084489806896, 4.495166512021946, 4.496838608063041, 4.488794561212415, 4.487829712629767, 4.480221024285945, 4.47878299647679], "val_losses": [5.615716366525424, 5.3919915254237285, 5.2903899629237285, 5.232314618644068, 5.1889797404661016, 5.149633209745763, 5.127632084216102, 5.106063294491525, 5.090764698093221, 5.077657574152543, 5.06013076006356, 5.049784825211864, 5.042033567266949, 5.03709811970339, 5.024303826800847, 5.023779793432204, 5.013862884004237, 5.008800979872881, 5.002320246292373, 4.997798596398305, 4.996973980402543, 4.99039592161017, 4.984329316737288, 4.983421941207627, 4.980176112288135, 4.980059586864407, 4.978966167902542, 4.975027476165255, 4.971353945974577, 4.9750046345338985, 4.972841300317796, 4.970555150953389, 4.970004303495763, 4.965026483050847, 4.9657709878177965, 4.966085805084746, 4.965800450211864, 4.966090439618644, 4.963802966101695, 4.96320842161017, 4.961215903072034, 4.960284361758474, 4.958187897245763, 4.954871226165254, 4.954920881885593, 4.958916181144068, 4.952934322033898, 4.95467094809322, 4.9531567796610165, 4.951087791313559], "test_losses": [5.572607540389867, 5.343669409890777, 5.241928545016687, 5.183971219849818, 5.139087862181432, 5.099793665617415, 5.07336899840716, 5.050459482137439, 5.034321905339806, 5.021777106720267, 5.001623653671117, 4.989897792779126, 4.981411535763046, 4.972852984678398, 4.963073137894417, 4.960208040996663, 4.951829039934769, 4.944619188030947, 4.938705888766687, 4.93330368486423, 4.927062691994084, 4.920217273304764, 4.920512079035194, 4.917873938106796, 4.91293216446071, 4.913644735095571, 4.91177486678929, 4.907182711999393, 4.906502140378489, 4.906806131011074, 4.904632568359375, 4.901373113243325, 4.899316287735133, 4.89640348860361, 4.896111645744842, 4.895948095229065, 4.896918435698574, 4.896403784890777, 4.892021993988926, 4.891329867168538, 4.889118083472391, 4.890257307626669, 4.887403765928398, 4.885411531022451, 4.881813419675364, 4.887138292627427, 4.883363594129247, 4.882282145972391, 4.88129373198574, 4.879268905491505], "status": "OK"}