{"data": "data/ptb", "recepie_id": 1013620, "recepies_list_path": "data/models_recepies.json", "cuda": true, "batch_size": 20, "model": "CustomRNN", "emsize": 400, "nhid": 600, "nlayers": 3, "dropout": 0.1, "dropouth": 0.25, "dropouti": 0.4, "dropoute": 0.0, "wdrop": 0.1, "tied": true, "bptt": 70, "lr": 0.001, "wdecay": 1.2e-06, "epochs": 50, "alpha": 2, "beta": 1, "log_interval": 200, "clip": 0.25, "eval_batch_size": 50, "recepie": "{\"node_1\": {\"op\": \"linear\", \"input\": [\"h_prev_2\", \"h_prev_1\", \"h_prev_0\"]}, \"node_3\": {\"op\": \"linear\", \"input\": [\"h_prev_0\", \"h_new_1\"]}, \"node_4\": {\"op\": \"activation_tanh\", \"input\": [\"node_3\"]}, \"node_5\": {\"op\": \"linear\", \"input\": [\"node_4\", \"h_prev_1\"]}, \"node_6\": {\"op\": \"activation_sigm\", \"input\": [\"node_5\"]}, \"node_7\": {\"op\": \"linear\", \"input\": [\"node_6\", \"x\", \"h_prev_1\"]}, \"node_12\": {\"op\": \"linear\", \"input\": [\"h_prev_1\", \"h_new_1\"]}, \"node_13\": {\"op\": \"activation_sigm\", \"input\": [\"node_12\"]}, \"h_new_0\": {\"op\": \"elementwise_sum\", \"input\": [\"node_5\", \"node_7\"]}, \"h_new_1\": {\"op\": \"activation_leaky_relu\", \"input\": [\"node_1\"]}, \"h_new_2\": {\"op\": \"linear\", \"input\": [\"x\", \"node_13\"]}}", "experiment_id": 999979221, "init_time": "2020-04-16_00-31-54", "num_params": 16259600, "wall_times": [282.53204679489136, 282.47690510749817, 281.78194880485535, 275.84574460983276, 275.54354596138, 275.52213311195374, 275.53156208992004, 275.64815306663513, 275.6383500099182, 275.376042842865, 275.78245425224304, 275.5372085571289, 275.78717851638794, 276.26216888427734, 276.33635663986206, 276.5196490287781, 275.79344034194946, 276.4213364124298, 275.1487865447998, 274.4785270690918, 274.5727903842926, 274.93312072753906, 275.3055739402771, 275.5117700099945, 275.3182923793793, 275.1356461048126, 275.2497398853302, 276.30409932136536, 276.2162458896637, 278.23154640197754, 278.3781096935272, 277.93550300598145, 277.9295175075531, 277.40827226638794, 278.7776074409485, 280.12702107429504, 280.3790349960327, 279.8246486186981, 279.46872878074646, 279.60103940963745, 279.20318961143494, 279.8535578250885, 279.56774163246155, 279.3653244972229, 279.3342237472534, 279.66293501853943, 279.5284354686737, 279.3292591571808, 279.6031792163849, 279.55636525154114], "train_losses": [5.708640941853585, 5.454732380587381, 5.2874181391533535, 5.223492718250767, 5.136337391076327, 5.0782409835404225, 5.020152560378678, 4.988622266822656, 4.945299893093432, 4.928053644908827, 4.910133767683288, 4.870647675622613, 4.87034847170674, 4.845456554919047, 4.8249531023075685, 4.796981738475607, 4.793122344145017, 4.780243968855898, 4.767961480017212, 4.7484325412834165, 4.725672032166102, 4.716539168818246, 4.722811525065892, 4.69655764213867, 4.708619930342639, 4.678747445000269, 4.662582869399172, 4.677080391721801, 4.6714804038244315, 4.66011359663278, 4.635117882981012, 4.626610742429133, 4.6375026894734015, 4.625253398822011, 4.608987967968372, 4.606361529100102, 4.6058719608950565, 4.601440213006294, 4.610731082916465, 4.594348407831746, 4.584839438437954, 4.558012781722339, 4.57965842006885, 4.5687126835565595, 4.566287534963155, 4.559005785729654, 4.546243814211177, 4.5323951273465655, 4.552371611263514, 4.548535749825184], "val_losses": [5.733097192796611, 5.514560381355932, 5.386585672669492, 5.350461467161017, 5.287878707627119, 5.252990267478814, 5.208965505826272, 5.18778998940678, 5.158455707097458, 5.15095107256356, 5.147036215572034, 5.118659295550848, 5.136327462923729, 5.118148172669492, 5.10327595338983, 5.088638440148305, 5.095838519597458, 5.077590704449152, 5.083806938559322, 5.067727754237288, 5.055523702330508, 5.056157971398305, 5.064914923199153, 5.050408832097458, 5.05349609375, 5.038347788665254, 5.024256157309322, 5.040524695444915, 5.0417760195974575, 5.041412870762712, 5.020981528072034, 5.012229872881356, 5.020473384533898, 5.023085606461865, 5.009643802966102, 5.016413201800847, 5.013690082097457, 5.01043266684322, 5.02654065148305, 5.011774033368644, 5.006928628177966, 4.989018471927966, 5.009832163665254, 5.007395060911017, 5.009323358050848, 5.007708554025424, 4.99089612023305, 4.986462857521186, 5.008368644067796, 5.006189088983051], "test_losses": [5.693460705210861, 5.469212800553701, 5.338084396806735, 5.296538417779126, 5.244742087947512, 5.203139814358313, 5.160769564434163, 5.148228321260619, 5.116117903329794, 5.119746828542172, 5.107666015625, 5.087730037355886, 5.099551895289745, 5.084788498369235, 5.066060186589806, 5.051733516952367, 5.058357312841323, 5.046357682607706, 5.0462646484375, 5.030906899461469, 5.016159502047937, 5.020174785725121, 5.030111664707221, 5.016037431735437, 5.022591896427488, 5.003404932114685, 4.988533094091323, 5.006705571146845, 5.005848708662015, 5.003943582182949, 4.986899366656553, 4.979626701873483, 4.993603752654733, 4.989216924871056, 4.978046306128641, 4.983250293916869, 4.982059219508495, 4.978265558631675, 4.992914588706007, 4.982273138842537, 4.976660274764867, 4.957479236195389, 4.974583301729369, 4.975969925667476, 4.972665138614988, 4.975050250303398, 4.959330142123028, 4.95252975908298, 4.975757784056432, 4.97089334136074], "status": "OK"}