{"data": "data/ptb", "recepie_id": 2004358, "recepies_list_path": "data/new_recepies_fix.json", "cuda": true, "batch_size": 20, "model": "CustomRNN", "emsize": 400, "nhid": 600, "nlayers": 3, "dropout": 0.1, "dropouth": 0.25, "dropouti": 0.4, "dropoute": 0.0, "wdrop": 0.1, "tied": true, "bptt": 70, "lr": 0.001, "wdecay": 1.2e-06, "epochs": 50, "alpha": 2, "beta": 1, "log_interval": 200, "clip": 0.25, "eval_batch_size": 50, "recepie": "{\"node_0\": {\"op\": \"linear\", \"input\": [\"h_prev_0\", \"x\"]}, \"node_1\": {\"op\": \"activation_leaky_relu\", \"input\": [\"node_0\"]}, \"node_2\": {\"op\": \"linear\", \"input\": [\"h_prev_0\", \"node_1\"]}, \"node_3\": {\"op\": \"activation_tanh\", \"input\": [\"node_2\"]}, \"node_6\": {\"op\": \"linear\", \"input\": [\"node_3\", \"x\", \"node_1\"]}, \"h_new_0\": {\"op\": \"activation_sigm\", \"input\": [\"node_6\"]}}", "experiment_id": 999916034, "init_time": "2020-05-11_19-54-53", "num_params": 10094800, "wall_times": [204.82989144325256, 197.7409439086914, 197.4256248474121, 198.67382669448853, 197.28227829933167, 196.62612962722778, 195.4240152835846, 198.05346179008484, 192.48032402992249, 193.71119785308838, 196.7063729763031, 197.110413312912, 195.41991066932678, 197.39921140670776, 195.24969363212585, 195.90353727340698, 198.18821454048157, 195.03001618385315, 196.805011510849, 194.99211502075195, 194.17427325248718, 197.0863380432129, 195.527676820755, 194.587890625, 196.02145290374756, 195.42658829689026, 196.21954727172852, 196.6053810119629, 195.2354736328125, 197.00316309928894, 195.9839644432068, 197.09675979614258, 197.24651265144348, 195.3663203716278, 196.43876957893372, 198.43137764930725, 194.53592348098755, 193.99408316612244, 194.98845720291138, 195.90420746803284, 195.42820024490356, 197.39115738868713, 196.21818590164185, 196.1840741634369, 198.0833134651184, 196.51274633407593, 195.66697144508362, 195.0244562625885, 196.05286812782288, 196.96101450920105], "train_losses": [5.943168485423054, 5.706718808832231, 5.55251364907751, 5.448288990640632, 5.365426315152493, 5.301843381878328, 5.237202308912915, 5.187809289441128, 5.146992328277124, 5.114837992846001, 5.079052027862945, 5.055988952988005, 5.029119012559841, 5.009596377279329, 4.988575621268356, 4.976040994298317, 4.953520856866225, 4.941057669033404, 4.926500053789468, 4.914407088779517, 4.899320403689957, 4.889326488623528, 4.877347826233123, 4.864478275778603, 4.854681448684848, 4.847972893469959, 4.8385736041633045, 4.827578280485181, 4.823428507073315, 4.813399712898715, 4.800304498816632, 4.795863085632833, 4.786435220671293, 4.780747824888387, 4.772029308536388, 4.7653854687752135, 4.762523280754128, 4.753898895971169, 4.747526524931418, 4.7433771717497715, 4.737062792480232, 4.730843805470389, 4.7242840117529985, 4.725149686003981, 4.7184302048034, 4.709537292910548, 4.7099230642515195, 4.704660521219945, 4.700072027459523, 4.69494185694691], "val_losses": [5.956853151483051, 5.745612420550848, 5.615893802966101, 5.532406978283898, 5.468686440677966, 5.419204846398305, 5.372697960805085, 5.3417578125, 5.314707693326271, 5.293006488347458, 5.270434322033898, 5.260405852754237, 5.241482057733051, 5.232555945444915, 5.221165916313559, 5.217485434322034, 5.205242981991526, 5.201078191207627, 5.194152542372882, 5.1889108845338985, 5.182746623411017, 5.179551443326271, 5.175051972987288, 5.170102621822034, 5.168470272775424, 5.164843418961865, 5.1627992584745765, 5.1600754766949155, 5.159511056673729, 5.154870564088983, 5.14844345868644, 5.148453058792373, 5.146185778601695, 5.145647841631356, 5.1411695577330505, 5.143053826800847, 5.140296610169491, 5.134365399894068, 5.137143802966102, 5.134920881885593, 5.129404793432204, 5.1317528469279665, 5.128245497881356, 5.132066009004237, 5.127800582627119, 5.126629700741526, 5.128803959216102, 5.126667439088983, 5.1266641287076276, 5.124889764300847], "test_losses": [5.901433555825243, 5.693084420509709, 5.560446137363471, 5.475977629133799, 5.412001526471481, 5.363493984185376, 5.314770744842233, 5.28081801331159, 5.254075133684769, 5.231437609033677, 5.208078921419903, 5.196837786331917, 5.179152405377731, 5.168440439168689, 5.157081381788531, 5.152587298050667, 5.139867097428701, 5.134050387780643, 5.126925274006371, 5.122134310527913, 5.11523911559466, 5.111097613584648, 5.105942216891687, 5.102637429839199, 5.099096798202367, 5.095316173960861, 5.093248682114685, 5.088419201304611, 5.088611787962682, 5.084750573611954, 5.079972646768811, 5.078535654012439, 5.075667001668689, 5.075518858085558, 5.070026879171723, 5.071014700584041, 5.068230786369842, 5.062905913417779, 5.064415792817051, 5.064463791337985, 5.061136486460861, 5.06084493988926, 5.057069648816747, 5.061254408753034, 5.05572983825091, 5.053511239949939, 5.055361849590413, 5.053249322094963, 5.05267096954642, 5.051109536180219], "status": "OK"}