{"data": "data/ptb", "recepie_id": 2008820, "recepies_list_path": "data/new_recepies_fix.json", "cuda": true, "batch_size": 20, "model": "CustomRNN", "emsize": 400, "nhid": 600, "nlayers": 3, "dropout": 0.1, "dropouth": 0.25, "dropouti": 0.4, "dropoute": 0.0, "wdrop": 0.1, "tied": true, "bptt": 70, "lr": 0.001, "wdecay": 1.2e-06, "epochs": 50, "alpha": 2, "beta": 1, "log_interval": 200, "clip": 0.25, "eval_batch_size": 50, "recepie": "{\"node_0\": {\"op\": \"linear\", \"input\": [\"x\", \"h_prev_0\"]}, \"node_3\": {\"op\": \"linear\", \"input\": [\"x\", \"h_new_0\"]}, \"node_4\": {\"op\": \"activation_leaky_relu\", \"input\": [\"node_3\"]}, \"node_5\": {\"op\": \"linear\", \"input\": [\"node_4\", \"h_prev_2\", \"h_new_0\"]}, \"node_8\": {\"op\": \"linear\", \"input\": [\"h_prev_1\", \"node_4\"]}, \"h_new_0\": {\"op\": \"activation_tanh\", \"input\": [\"node_0\"]}, \"h_new_1\": {\"op\": \"activation_leaky_relu\", \"input\": [\"node_8\"]}, \"h_new_2\": {\"op\": \"blend\", \"input\": [\"h_new_1\", \"node_5\", \"node_8\"]}}", "experiment_id": 999955637, "init_time": "2020-05-13_07-49-47", "num_params": 11856400, "wall_times": [125.50544571876526, 123.84592485427856, 122.77717161178589, 122.774817943573, 122.11853408813477, 121.83901453018188, 122.84081077575684, 122.93550634384155, 122.66567134857178, 122.88644886016846, 122.44836568832397, 122.83423614501953, 122.59943699836731, 122.6510956287384, 122.9621012210846, 122.92057490348816, 122.80426001548767, 122.61036610603333, 122.74160718917847, 122.65621709823608, 122.046804189682, 122.20941615104675, 122.24767017364502, 122.10588908195496, 121.93534922599792, 122.69208431243896, 121.9556028842926, 122.64431476593018, 123.0528473854065, 122.87852072715759, 122.69728708267212, 122.75755476951599, 123.2467634677887, 122.7375135421753, 122.85436296463013, 122.76568794250488, 122.93854689598083, 123.10249304771423, 122.8178722858429, 123.26470732688904, 123.194256067276, 123.37013268470764, 122.78816270828247, 123.24814891815186, 123.06702542304993, 123.85332107543945, 123.59830904006958, 123.48543047904968, 123.74560284614563, 123.10522317886353], "train_losses": [5.506819075762466, 5.264513911301167, 5.124269639879512, 5.023939254881395, 4.947192609999462, 4.886325624630198, 4.833622031493734, 4.788768759076973, 4.751831363294067, 4.714124946210532, 4.692147325991071, 4.664236055080416, 4.639441631703512, 4.630141516728525, 4.608332408826851, 4.583601019982788, 4.574615657441773, 4.563108073126782, 4.537727428594481, 4.524349819805282, 4.52076441557743, 4.512416122048303, 4.500814826394492, 4.4892727832015495, 4.477778646253563, 4.472661923107956, 4.461883858453015, 4.450543945995374, 4.440381518611156, 4.4326963483674895, 4.423588698832768, 4.4210555510731, 4.40692909203378, 4.40444721236082, 4.394598276719918, 4.392143291780969, 4.391307033645313, 4.381338332392017, 4.372463910628799, 4.372686632644828, 4.3635222520305526, 4.365214098891937, 4.356461123661987, 4.346136067183045, 4.3477758054972835, 4.347600149265774, 4.337184743289764, 4.335192852052068, 4.340416733903502, 4.320973522134366], "val_losses": [5.555526350635593, 5.359412407309322, 5.257224245233051, 5.188168365995763, 5.139572960805085, 5.112348384533898, 5.078156448622881, 5.058547404661017, 5.042923066737288, 5.025694186970339, 5.021323159427966, 5.008550052966101, 4.998187235169492, 5.0054296875, 4.991511189088983, 4.982917108050848, 4.9885411149364405, 4.985009931144067, 4.969540519067797, 4.968351430084746, 4.972970405190678, 4.975853085275424, 4.972169623940678, 4.965946769067797, 4.962254700741526, 4.965745497881356, 4.961555217161017, 4.958682468220339, 4.957758871822034, 4.951982587394068, 4.9526095736228815, 4.953695047669491, 4.944286943855932, 4.951423132944916, 4.941405918961864, 4.943843683792373, 4.945693855932204, 4.941090108580508, 4.936926641949152, 4.941949814618644, 4.939254171080509, 4.939895060911017, 4.941994504766949, 4.932437433792373, 4.93912639036017, 4.937068657309322, 4.933784427966102, 4.937574483580509, 4.940193657309322, 4.932340770656779], "test_losses": [5.518654239987864, 5.320313685148665, 5.215971418954794, 5.151471480582524, 5.102840682835255, 5.070496198043083, 5.041417982971784, 5.020931503147755, 5.002134452745753, 4.988315619311287, 4.982948673581614, 4.967727809276395, 4.958897266573119, 4.968353864058708, 4.953303957448422, 4.948957424719357, 4.950247459041262, 4.94814944961696, 4.936382108521693, 4.930556213971481, 4.93557857772679, 4.937213786597391, 4.935403768298696, 4.928950930104672, 4.925550146010315, 4.927102394474363, 4.925218304384102, 4.920950584041262, 4.918022377977094, 4.912574249563865, 4.912300480222239, 4.915965552468902, 4.904817155263956, 4.912636173581614, 4.90635458936969, 4.906951904296875, 4.909198649878641, 4.906742132983162, 4.89984130859375, 4.903810371472997, 4.899129330533222, 4.903798519986347, 4.901555626137743, 4.896374156174151, 4.901578143962379, 4.899622944952215, 4.895867208832676, 4.899458505574939, 4.901823173448878, 4.892744342100273], "status": "OK"}