{"data": "data/ptb", "recepie_id": 2002240, "recepies_list_path": "data/new_recepies_fix.json", "cuda": true, "batch_size": 20, "model": "CustomRNN", "emsize": 400, "nhid": 600, "nlayers": 3, "dropout": 0.1, "dropouth": 0.25, "dropouti": 0.4, "dropoute": 0.0, "wdrop": 0.1, "tied": true, "bptt": 70, "lr": 0.001, "wdecay": 1.2e-06, "epochs": 50, "alpha": 2, "beta": 1, "log_interval": 200, "clip": 0.25, "eval_batch_size": 50, "recepie": "{\"node_0\": {\"op\": \"linear\", \"input\": [\"h_prev_0\", \"x\"]}, \"node_1\": {\"op\": \"activation_sigm\", \"input\": [\"node_0\"]}, \"node_2\": {\"op\": \"linear\", \"input\": [\"node_1\", \"x\"]}, \"node_3\": {\"op\": \"activation_sigm\", \"input\": [\"node_2\"]}, \"node_10\": {\"op\": \"linear\", \"input\": [\"x\", \"node_3\"]}, \"node_11\": {\"op\": \"activation_leaky_relu\", \"input\": [\"node_10\"]}, \"h_new_0\": {\"op\": \"linear\", \"input\": [\"node_11\", \"node_1\"]}}", "experiment_id": 999990703, "init_time": "2020-05-07_17-41-15", "num_params": 10936400, "wall_times": [188.3619270324707, 186.554705619812, 186.27224802970886, 187.04364275932312, 185.48744869232178, 184.37651705741882, 184.55142545700073, 184.6894931793213, 183.42498970031738, 183.47714114189148, 183.52484226226807, 183.6488320827484, 183.31766271591187, 183.37346935272217, 183.4051809310913, 183.34664845466614, 183.42735028266907, 183.14874076843262, 183.13035345077515, 183.2201805114746, 183.07463097572327, 183.1931231021881, 183.33283281326294, 183.18796634674072, 183.20038676261902, 183.17694115638733, 183.51896023750305, 183.37275218963623, 183.46509718894958, 183.46585321426392, 183.43196630477905, 183.34168553352356, 183.50377011299133, 183.9679799079895, 183.78938055038452, 183.69886350631714, 183.57769513130188, 183.73550367355347, 183.77485585212708, 183.73662328720093, 183.50170731544495, 183.21371006965637, 183.20409178733826, 183.321115732193, 183.90429496765137, 183.52897548675537, 183.72406697273254, 182.91525602340698, 183.11640810966492, 183.03731155395508], "train_losses": [5.757599863509225, 5.501710336991017, 5.362493948684848, 5.25496375934592, 5.187170119278146, 5.120570353262331, 5.070458740116186, 5.030358691705664, 4.988810109730514, 4.953954954682374, 4.920785763272551, 4.892831208649347, 4.872192862137593, 4.851815058361573, 4.83064596108332, 4.806578956215373, 4.790914874805013, 4.7789025939970955, 4.761570198617611, 4.746223811252757, 4.734680927599376, 4.720337629767092, 4.706780162444193, 4.694029537141628, 4.685520715668872, 4.669202335807649, 4.663284653864773, 4.653226863805067, 4.649496059921467, 4.634253469420687, 4.628196691275348, 4.622583676241192, 4.6113273895971165, 4.608817774729708, 4.600063118578882, 4.591579931149481, 4.583227435318165, 4.582213419799904, 4.574377386907644, 4.563935506427842, 4.55558889381959, 4.54725362742725, 4.5449226104028835, 4.538664121752461, 4.534036546581679, 4.533070017078156, 4.52190786200312, 4.517007557420257, 4.50981825883492, 4.507383865176698], "val_losses": [5.781479078389831, 5.559644465042373, 5.445920286016949, 5.366243710275424, 5.317038863877118, 5.2702648305084745, 5.2351016287076275, 5.212097126588983, 5.183010791843221, 5.16222954184322, 5.145249933792373, 5.126443988347457, 5.116772709216102, 5.108022047139831, 5.098347457627119, 5.087300384004237, 5.0822719147245765, 5.074664658368644, 5.069995696504237, 5.0635871292372885, 5.0606253310381355, 5.058449748411017, 5.053953257415254, 5.047789658368644, 5.0425787870762715, 5.036481064618644, 5.031697232521187, 5.029741790254238, 5.029955971927966, 5.025413135593221, 5.020445577330508, 5.0229121424788135, 5.023067068326271, 5.015383673199152, 5.0158971133474575, 5.017658567266949, 5.012261652542373, 5.01609375, 5.013931077860169, 5.004685513771187, 5.00385295286017, 5.005384335275424, 5.000921279131356, 5.002520524364407, 4.999767611228814, 5.001849510063559, 5.002183527542373, 4.999869570974576, 5.004134997351695, 4.997947563559322], "test_losses": [5.724218275940534, 5.505709453693871, 5.393626388994235, 5.308317610361044, 5.259219271465413, 5.209126000265473, 5.174116708699939, 5.150391217574333, 5.121688102055522, 5.096887681090716, 5.080056792324029, 5.061919277154126, 5.052249056621663, 5.042106554346177, 5.030450617225425, 5.017181100197209, 5.011575939585861, 5.005519237333131, 4.997731625455097, 4.992332088137136, 4.985320156060376, 4.98522712189017, 4.980510822777609, 4.973245861460861, 4.968331049946905, 4.96055617841702, 4.956886661862864, 4.955631885713744, 4.952813305901092, 4.950222867206462, 4.946141511491201, 4.944340974381826, 4.941968306754399, 4.936487290465716, 4.936766985550667, 4.939468531932645, 4.934479352339958, 4.937097642028216, 4.934194916660346, 4.926264198081007, 4.924208261434314, 4.924837871662621, 4.919785879190686, 4.92039267530719, 4.91833733123483, 4.920291345096329, 4.917569947474211, 4.917760460122118, 4.919220859564624, 4.916650864684466], "status": "OK"}