{"data": "data/ptb", "recepie_id": 1011223, "recepies_list_path": "data/models_recepies.json", "cuda": true, "batch_size": 20, "model": "CustomRNN", "emsize": 400, "nhid": 600, "nlayers": 3, "dropout": 0.1, "dropouth": 0.25, "dropouti": 0.4, "dropoute": 0.0, "wdrop": 0.1, "tied": true, "bptt": 70, "lr": 0.001, "wdecay": 1.2e-06, "epochs": 50, "alpha": 2, "beta": 1, "log_interval": 200, "clip": 0.25, "eval_batch_size": 50, "recepie": "{\"node_0\": {\"op\": \"linear\", \"input\": [\"x\", \"h_prev_0\"]}, \"node_1\": {\"op\": \"activation_tanh\", \"input\": [\"node_0\"]}, \"node_3\": {\"op\": \"linear\", \"input\": [\"node_1\", \"h_prev_1\"]}, \"node_4\": {\"op\": \"activation_tanh\", \"input\": [\"node_3\"]}, \"node_6\": {\"op\": \"linear\", \"input\": [\"node_1\", \"node_4\", \"h_prev_1\"]}, \"node_13\": {\"op\": \"linear\", \"input\": [\"h_prev_1\", \"x\"]}, \"h_new_0\": {\"op\": \"activation_leaky_relu\", \"input\": [\"node_6\"]}, \"h_new_1\": {\"op\": \"activation_sigm\", \"input\": [\"node_13\"]}}", "experiment_id": 999993268, "init_time": "2020-04-18_22-42-28", "num_params": 11856400, "wall_times": [265.7082281112671, 212.43484568595886, 208.46437644958496, 209.60932779312134, 209.3615002632141, 210.34334325790405, 209.82173323631287, 210.28454422950745, 209.8723964691162, 209.417462348938, 210.11471223831177, 210.50882053375244, 210.74754691123962, 208.88494968414307, 210.33398914337158, 210.47704792022705, 209.4978289604187, 212.89961433410645, 209.431396484375, 209.70042824745178, 209.63686776161194, 210.1130702495575, 210.09137225151062, 208.62976741790771, 209.62628960609436, 209.09976840019226, 210.08500146865845, 209.42587757110596, 208.50836825370789, 204.29321217536926, 207.90628361701965, 211.00468397140503, 210.14875650405884, 209.72654509544373, 207.9264521598816, 208.9815227985382, 209.2497968673706, 208.394775390625, 209.21859049797058, 210.16667580604553, 209.9961895942688, 210.81073236465454, 211.65065574645996, 210.80960488319397, 210.22630667686462, 209.28103280067444, 209.04668736457825, 210.34886765480042, 208.95296168327332, 208.46707367897034], "train_losses": [5.6916867536711315, 5.384906927411113, 5.19938663197246, 5.074974534048733, 4.97433443937927, 4.897020483701791, 4.842924667850035, 4.786201152439352, 4.73683712885267, 4.69517214310688, 4.65746782717444, 4.627170909310957, 4.596655891963853, 4.566961164004088, 4.540317727663924, 4.52275084382228, 4.492697659485772, 4.474508414689904, 4.453392686649454, 4.438403494970685, 4.4213862722553925, 4.405991978645581, 4.384186652815878, 4.37179616481093, 4.356053920579851, 4.344050044376311, 4.328106089640149, 4.316074058011941, 4.305742698079716, 4.294884369452961, 4.281801762277446, 4.270990499435211, 4.261214263622183, 4.252542813054704, 4.242791370824593, 4.236136605077726, 4.223665432870744, 4.217745229546555, 4.211563222795976, 4.204774823839492, 4.193478195094401, 4.188037474450002, 4.177706114517777, 4.170220133397881, 4.1648399259050075, 4.157739295895864, 4.153667685304717, 4.149364948093163, 4.144046934672691, 4.138197330025281], "val_losses": [5.718573887711864, 5.446167902542373, 5.297187831038135, 5.2055071504237285, 5.1325619041313555, 5.082671477754237, 5.049465373411017, 5.015434653072034, 4.986822033898305, 4.962393405720339, 4.943729806673729, 4.929198887711864, 4.9122490730932205, 4.9002532441737285, 4.886684984110169, 4.88257514565678, 4.86828952595339, 4.860153601694916, 4.8544140625, 4.8500413797669495, 4.842953191207627, 4.837580111228814, 4.831105336334746, 4.825239671610169, 4.822630097987288, 4.819829515360169, 4.818054819915254, 4.814304488877118, 4.811387711864406, 4.8060861361228815, 4.802115664724576, 4.803047868114406, 4.799896385063559, 4.798641419491525, 4.794228681144068, 4.790653138241526, 4.790324417372881, 4.786766750529661, 4.787461599576271, 4.785166843220339, 4.784848715572034, 4.7816399629237285, 4.780988810911017, 4.781054025423729, 4.7789191604872885, 4.777982984639831, 4.778648702330509, 4.7767717161016945, 4.775816671080508, 4.776623079978814], "test_losses": [5.675076679118629, 5.402957657008495, 5.249271133570995, 5.15460205078125, 5.08025886017142, 5.028547861043689, 4.993843745259405, 4.958548240291262, 4.927625637609982, 4.90684287061969, 4.886529718787925, 4.873666707751821, 4.855386382167779, 4.842785288986651, 4.828084408658222, 4.823188559522906, 4.809260988698422, 4.802201650675061, 4.796269092744994, 4.789450339900637, 4.785072400731948, 4.780027519152003, 4.770120861460861, 4.766468825849515, 4.76403097504551, 4.760101614646541, 4.755164877882281, 4.755175544220267, 4.750639091417628, 4.748165389866505, 4.743889077195844, 4.741900694023058, 4.73942106672861, 4.739330699142901, 4.734765506485133, 4.730760296571602, 4.730464305692506, 4.728489551729369, 4.728473848509557, 4.726915378015018, 4.724595745790352, 4.722898612902003, 4.722516106170358, 4.722476699977245, 4.720545796514715, 4.719126284701153, 4.71736841294372, 4.717268267881523, 4.716913908430674, 4.717384412450698], "status": "OK"}