{"data": "data/ptb", "recepie_id": 1008702, "recepies_list_path": "data/models_recepies.json", "cuda": true, "batch_size": 20, "model": "CustomRNN", "emsize": 400, "nhid": 600, "nlayers": 3, "dropout": 0.1, "dropouth": 0.25, "dropouti": 0.4, "dropoute": 0.0, "wdrop": 0.1, "tied": true, "bptt": 70, "lr": 0.001, "wdecay": 1.2e-06, "epochs": 50, "alpha": 2, "beta": 1, "log_interval": 200, "clip": 0.25, "eval_batch_size": 50, "recepie": "{\"node_0\": {\"op\": \"linear\", \"input\": [\"h_prev_1\", \"x\"]}, \"node_11\": {\"op\": \"linear\", \"input\": [\"h_prev_1\", \"h_prev_0\", \"x\"]}, \"h_new_0\": {\"op\": \"activation_leaky_relu\", \"input\": [\"node_11\"]}, \"h_new_1\": {\"op\": \"activation_sigm\", \"input\": [\"node_0\"]}}", "experiment_id": 999942700, "init_time": "2020-04-25_00-51-23", "num_params": 8333200, "wall_times": [166.16708254814148, 124.21780586242676, 123.89921998977661, 124.50567650794983, 124.70322751998901, 124.23216509819031, 124.90094947814941, 125.03362941741943, 124.84937024116516, 122.43606400489807, 122.78138160705566, 123.1878924369812, 123.50044798851013, 123.43338561058044, 124.05969858169556, 123.72123193740845, 122.86676359176636, 121.83785390853882, 123.34129023551941, 122.80162191390991, 122.56512665748596, 122.3186891078949, 122.31617379188538, 123.47360110282898, 122.5682680606842, 121.7312970161438, 118.37350749969482, 121.20371556282043, 122.52559185028076, 120.84808373451233, 122.32485103607178, 122.27910208702087, 121.98547983169556, 122.45867967605591, 122.71071171760559, 122.70955300331116, 122.33563113212585, 121.52732229232788, 122.00144839286804, 122.05288624763489, 121.55315208435059, 121.17627501487732, 121.19938087463379, 121.37993717193604, 120.77480816841125, 120.81960797309875, 120.42183780670166, 122.02837443351746, 120.87657380104065, 120.74961376190186], "train_losses": [5.591058425447797, 5.282192156150826, 5.088014277741918, 4.966114316066914, 4.877417164219246, 4.804555547711258, 4.743606617449303, 4.6917090258727345, 4.638824313511915, 4.604224658436878, 4.57044529274918, 4.535059807164757, 4.509134544268732, 4.47939191006401, 4.45051032757786, 4.425806253698026, 4.407402271260287, 4.38733543784627, 4.3676144539024255, 4.353461100129095, 4.334241871066645, 4.33326063350546, 4.310218570141466, 4.289805046796837, 4.290666098515411, 4.266468822279598, 4.263356177048034, 4.245407724167608, 4.242118582244097, 4.231293451804636, 4.225003025657577, 4.214295139449196, 4.20476810015599, 4.201321371900382, 4.188216912753483, 4.187032703996557, 4.169466240385133, 4.1650929044968, 4.158117923323113, 4.149727186541875, 4.146859115297724, 4.1391911744930345, 4.131413973831424, 4.123838903905115, 4.121496120434619, 4.116510509117314, 4.111268557366468, 4.105770685412296, 4.100040846377279, 4.094337481846055], "val_losses": [5.623729475635593, 5.357554621292373, 5.206115267478814, 5.119755693855932, 5.05749702065678, 5.014028403072034, 4.97929389565678, 4.949505760063559, 4.923289856991525, 4.902113678495763, 4.885412473516949, 4.868354740466102, 4.857960143008475, 4.846756488347458, 4.82887016684322, 4.818636122881356, 4.81391750529661, 4.807353350105932, 4.797762513241525, 4.795708090572034, 4.787220272775424, 4.785466432733051, 4.778671543961864, 4.7742055084745765, 4.772211996822034, 4.7653429555084745, 4.761665121822034, 4.758198821504237, 4.75766750529661, 4.75212658898305, 4.752708554025424, 4.749645789194915, 4.748609308792373, 4.746823358050848, 4.741967359639831, 4.745010593220339, 4.7392061705508475, 4.739989406779661, 4.740124139300847, 4.737492386122882, 4.732230865995763, 4.732962129237288, 4.734533236228813, 4.7305525026483055, 4.728818524894068, 4.729131686970339, 4.72677204713983, 4.726199020127119, 4.726883938029661, 4.725389962923729], "test_losses": [5.580677217650182, 5.317815391762743, 5.160726899082221, 5.068749881485133, 5.008301966398665, 4.961416300060679, 4.92633530700091, 4.894272295016687, 4.86324243638122, 4.845544907653216, 4.828771202309618, 4.813211385486196, 4.802492012097997, 4.789258642104065, 4.773691418101486, 4.76206273940003, 4.756991191975121, 4.748781074597997, 4.74169921875, 4.73841043120449, 4.729780178625607, 4.733030448839503, 4.723548666944781, 4.717662922386984, 4.719952037033526, 4.711030830457372, 4.706700593522451, 4.704707766042172, 4.701951406534436, 4.700041243173544, 4.699597997572815, 4.696047884746663, 4.693518777495449, 4.69271969100804, 4.688343529562348, 4.69096152296344, 4.68490956130537, 4.683567380442203, 4.682822218219053, 4.679851643090109, 4.678838340981493, 4.677437791546572, 4.677486975216171, 4.673699240082676, 4.674511066918234, 4.672822526357706, 4.670961250379247, 4.66986795073574, 4.670615186969053, 4.668882795907919], "status": "OK"}