{"data": "data/ptb", "recepie_id": 2000020, "recepies_list_path": "data/new_recepies_fix.json", "cuda": true, "batch_size": 20, "model": "CustomRNN", "emsize": 400, "nhid": 600, "nlayers": 3, "dropout": 0.1, "dropouth": 0.25, "dropouti": 0.4, "dropoute": 0.0, "wdrop": 0.1, "tied": true, "bptt": 70, "lr": 0.001, "wdecay": 1.2e-06, "epochs": 50, "alpha": 2, "beta": 1, "log_interval": 200, "clip": 0.25, "eval_batch_size": 50, "recepie": "{\"node_0\": {\"op\": \"linear\", \"input\": [\"x\", \"h_prev_0\", \"h_prev_1\"]}, \"node_1\": {\"op\": \"activation_tanh\", \"input\": [\"node_0\"]}, \"node_3\": {\"op\": \"linear\", \"input\": [\"x\", \"h_prev_0\"]}, \"node_4\": {\"op\": \"activation_leaky_relu\", \"input\": [\"node_3\"]}, \"node_5\": {\"op\": \"linear\", \"input\": [\"node_1\", \"node_4\", \"h_prev_0\"]}, \"node_6\": {\"op\": \"activation_leaky_relu\", \"input\": [\"node_5\"]}, \"node_7\": {\"op\": \"linear\", \"input\": [\"node_4\", \"x\"]}, \"node_11\": {\"op\": \"linear\", \"input\": [\"h_new_1\", \"node_6\"]}, \"h_new_0\": {\"op\": \"activation_sigm\", \"input\": [\"node_11\"]}, \"h_new_1\": {\"op\": \"activation_tanh\", \"input\": [\"node_7\"]}}", "experiment_id": 999984522, "init_time": "2020-05-18_11-26-47", "num_params": 14458000, "wall_times": [283.0820508003235, 281.95709466934204, 281.381210565567, 281.8607032299042, 282.47358202934265, 279.4932129383087, 278.7045500278473, 279.3794906139374, 278.4970428943634, 278.44908475875854, 282.98121333122253, 282.5040671825409, 278.906769990921, 277.6061301231384, 283.42942690849304, 281.9742314815521, 284.4356496334076, 282.4660863876343, 280.6730844974518, 277.49012184143066, 280.7316093444824, 282.75353622436523, 282.02826714515686, 278.84860944747925, 278.9998617172241, 278.27810502052307, 280.29394721984863, 281.5337944030762, 283.6141719818115, 281.7691638469696, 283.1691722869873, 282.9274458885193, 276.6081745624542, 280.34883856773376, 278.2081935405731, 281.1489255428314, 281.84197902679443, 283.1385190486908, 283.31553173065186, 278.91618490219116, 283.0179877281189, 278.83948278427124, 278.2259087562561, 281.5738356113434, 279.7076025009155, 280.93776535987854, 279.8992233276367, 281.0601089000702, 283.3488681316376, 281.1192276477814], "train_losses": [6.352895470254424, 6.209211194260663, 6.137697676294981, 5.969744264697972, 5.824789212522188, 5.728182907724167, 5.6559688659835405, 5.594208891399064, 5.536978998574579, 5.485661744930343, 5.442129256091658, 5.407250568151256, 5.367891385616696, 5.334731439271691, 5.309260025012103, 5.276640074498413, 5.25661442364585, 5.230512243827659, 5.208063965763004, 5.189125870717014, 5.171858611021462, 5.152203603221989, 5.134550572185466, 5.116848794443548, 5.098950348959174, 5.090307474046582, 5.07122566026572, 5.060595096417622, 5.04555211527083, 5.033843660911193, 5.0182144586090045, 5.011064661664246, 4.998360261685762, 4.9869148714431715, 4.976353225350977, 4.967374166263245, 4.957920247028132, 4.945600777930181, 4.938399292668495, 4.928834012425367, 4.918562745414448, 4.911565912269378, 4.904669093916411, 4.896624206605346, 4.889856819159808, 4.884254730111344, 4.876180846915174, 4.868480548383626, 4.864795969824108, 4.8558131286644075], "val_losses": [6.362956170550848, 6.223797007415254, 6.157858845338983, 5.996226827330508, 5.864518670550847, 5.77904594809322, 5.714012844279661, 5.660783236228814, 5.613679157838983, 5.572547007415254, 5.5354429290254235, 5.508651350635593, 5.474159494173729, 5.446982587394068, 5.429490201271187, 5.404668299788136, 5.38971530720339, 5.3695183395127115, 5.352430481991526, 5.341215240995763, 5.328064088983051, 5.31824814618644, 5.302903535487288, 5.29173530190678, 5.28222358315678, 5.277407309322034, 5.262249735169491, 5.25452893273305, 5.2446239406779664, 5.239730534957627, 5.224870564088983, 5.222804224046611, 5.2162615863347455, 5.20445544226695, 5.201827330508475, 5.195289327330508, 5.192221927966101, 5.186889565677966, 5.178130958686441, 5.173821504237288, 5.168684123411017, 5.162701933262712, 5.16012016684322, 5.1554008871822035, 5.149318061440678, 5.1490432997881355, 5.141252648305085, 5.136991194385593, 5.1420305879237285, 5.133212725105932], "test_losses": [6.291866561741505, 6.16156716948574, 6.09869858825091, 5.938155387211772, 5.806097234337075, 5.719259613925971, 5.652750848566444, 5.599908032463592, 5.554902604482706, 5.512832197170813, 5.476231843522451, 5.447060001706614, 5.415883480923847, 5.388450844773969, 5.369548908715109, 5.343671780188107, 5.329397257091929, 5.308983071336469, 5.292636315799454, 5.279608569098908, 5.266877702138956, 5.254979994690534, 5.239484175895024, 5.228840948308556, 5.218184684086772, 5.211254527267901, 5.197967825584041, 5.191904605013653, 5.179912678246359, 5.176585965943568, 5.161327769455401, 5.159633006864381, 5.151440074142901, 5.140753588630158, 5.137447616429005, 5.132306441520024, 5.129061504475121, 5.119867121131675, 5.114190259026092, 5.108178592422633, 5.103321853193265, 5.097128858844053, 5.096410658753034, 5.088479051312197, 5.085977202480279, 5.084739907273969, 5.079654434352245, 5.074050458889563, 5.074267933669599, 5.067458662014563], "status": "OK"}