{"data": "data/ptb", "recepie_id": 2009607, "recepies_list_path": "data/new_recepies_fix.json", "cuda": true, "batch_size": 20, "model": "CustomRNN", "emsize": 400, "nhid": 600, "nlayers": 3, "dropout": 0.1, "dropouth": 0.25, "dropouti": 0.4, "dropoute": 0.0, "wdrop": 0.1, "tied": true, "bptt": 70, "lr": 0.001, "wdecay": 1.2e-06, "epochs": 50, "alpha": 2, "beta": 1, "log_interval": 200, "clip": 0.25, "eval_batch_size": 50, "recepie": "{\"node_0\": {\"op\": \"linear\", \"input\": [\"h_prev_1\", \"h_prev_0\"]}, \"node_1\": {\"op\": \"activation_tanh\", \"input\": [\"node_0\"]}, \"node_3\": {\"op\": \"linear\", \"input\": [\"h_prev_0\", \"node_1\"]}, \"node_8\": {\"op\": \"linear\", \"input\": [\"x\", \"h_new_0\"]}, \"h_new_0\": {\"op\": \"activation_tanh\", \"input\": [\"node_3\"]}, \"h_new_1\": {\"op\": \"activation_tanh\", \"input\": [\"node_8\"]}}", "experiment_id": 999937387, "init_time": "2020-05-12_06-51-52", "num_params": 9254800, "wall_times": [149.95650267601013, 149.12403202056885, 149.03627824783325, 149.1920382976532, 148.28578782081604, 145.67547583580017, 145.424635887146, 145.67260241508484, 145.54501223564148, 145.53096914291382, 145.76250290870667, 145.51488327980042, 145.60762476921082, 145.63125371932983, 145.85393476486206, 145.72101378440857, 145.76069450378418, 145.59431910514832, 145.8071494102478, 145.59725618362427, 145.68804788589478, 145.66885447502136, 145.77309560775757, 145.62040638923645, 145.7176797389984, 145.6871988773346, 145.6662242412567, 145.65140533447266, 145.70827555656433, 145.6125180721283, 145.8235809803009, 145.67179465293884, 145.71360421180725, 145.56706428527832, 145.70404767990112, 145.5327432155609, 145.63340616226196, 145.59169268608093, 145.63451433181763, 145.80166745185852, 145.5956060886383, 145.5830991268158, 145.6896116733551, 145.58184814453125, 145.56136870384216, 145.12757563591003, 145.40078926086426, 145.32817554473877, 145.35041975975037, 145.49288034439087], "train_losses": [6.453758286939917, 6.426450046393416, 6.399751139664354, 6.360662585390781, 6.328291411166694, 6.308417883653381, 6.292647904227852, 6.270241649185089, 6.250447545183153, 6.231555255231026, 6.225734226238503, 6.2098612904093375, 6.190997155881878, 6.172952470281319, 6.164065441611532, 6.1343009554354255, 6.1162541686837715, 6.115662064305309, 6.106378758539078, 6.0808401074444625, 6.085377753348395, 6.088565619789145, 6.082144081813781, 6.056943295815179, 6.042619748803184, 6.036476403232747, 6.032961177451455, 6.023738384836749, 6.0080369029369045, 6.001651084530149, 5.9925009917433165, 5.978117351810016, 5.962462515464472, 5.959110339008122, 5.955320702893873, 5.9570566739282445, 5.931516762142972, 5.918628721558819, 5.914915987574633, 5.909225650180194, 5.924288382147275, 5.897745801059653, 5.93328551113442, 5.910435913210693, 5.899327547603679, 5.903841660615352, 5.898584580576623, 5.875412666074983, 5.8629196418966165, 5.8633318877413805], "val_losses": [6.465897113347458, 6.448317664194915, 6.425254237288136, 6.399419359110169, 6.376706832627119, 6.363902939618644, 6.355058262711864, 6.350961996822034, 6.3338446769067795, 6.327736361228814, 6.328814221398305, 6.3368134269067795, 6.32520656779661, 6.318866525423728, 6.322099443855932, 6.308922139830509, 6.301315545550848, 6.311179157838983, 6.323524894067797, 6.296012976694915, 6.313737420550847, 6.320155587923729, 6.326991525423729, 6.314684851694915, 6.308387844279661, 6.3119431938559325, 6.316706832627118, 6.318740730932204, 6.308588453389831, 6.322435778601695, 6.317140492584746, 6.309890095338983, 6.302156382415254, 6.304332627118644, 6.299847722457627, 6.320805084745762, 6.294901350635593, 6.300213850635593, 6.297068326271186, 6.3059070444915255, 6.311840572033899, 6.301934586864407, 6.331022245762711, 6.313775820974576, 6.311259269067796, 6.321000397245763, 6.316755826271186, 6.309438559322034, 6.310376059322034, 6.312535752118644], "test_losses": [6.409678635087985, 6.390173458358617, 6.375842640700849, 6.36016845703125, 6.332411682721481, 6.326163578959345, 6.317334813979065, 6.311879574673847, 6.304419656401699, 6.300868358426881, 6.30426025390625, 6.310464507167779, 6.299559954300667, 6.300589255916262, 6.299416551312197, 6.286126294182342, 6.27765366637591, 6.293551843143204, 6.296294277154126, 6.278137799605583, 6.28600600159284, 6.299266630006068, 6.306676179459951, 6.295209273551274, 6.290245870942051, 6.295311788910801, 6.297440908487561, 6.30156996643659, 6.290856815078883, 6.304768090109223, 6.300906283184163, 6.294572848718143, 6.282926985361044, 6.290752521996359, 6.287306109678398, 6.300007347921723, 6.277654851524575, 6.280367064244539, 6.277122127199636, 6.286883604179308, 6.291247914138349, 6.283146237864078, 6.316120629171723, 6.298105184314321, 6.296566268772755, 6.302122245714503, 6.297865191709648, 6.291294134936287, 6.286105554080704, 6.292544466777913], "status": "OK"}