{"data": "data/ptb", "recepie_id": 2002944, "recepies_list_path": "data/new_recepies_fix.json", "cuda": true, "batch_size": 20, "model": "CustomRNN", "emsize": 400, "nhid": 600, "nlayers": 3, "dropout": 0.1, "dropouth": 0.25, "dropouti": 0.4, "dropoute": 0.0, "wdrop": 0.1, "tied": true, "bptt": 70, "lr": 0.001, "wdecay": 1.2e-06, "epochs": 50, "alpha": 2, "beta": 1, "log_interval": 200, "clip": 0.25, "eval_batch_size": 50, "recepie": "{\"node_0\": {\"op\": \"linear\", \"input\": [\"h_prev_0\", \"h_prev_1\"]}, \"node_1\": {\"op\": \"activation_sigm\", \"input\": [\"node_0\"]}, \"node_3\": {\"op\": \"linear\", \"input\": [\"h_prev_1\", \"h_prev_0\"]}, \"node_5\": {\"op\": \"linear\", \"input\": [\"h_prev_1\", \"x\"]}, \"node_6\": {\"op\": \"activation_leaky_relu\", \"input\": [\"node_5\"]}, \"node_7\": {\"op\": \"elementwise_prod\", \"input\": [\"node_3\", \"node_6\"]}, \"node_8\": {\"op\": \"linear\", \"input\": [\"h_prev_1\", \"x\"]}, \"node_9\": {\"op\": \"activation_leaky_relu\", \"input\": [\"node_8\"]}, \"node_13\": {\"op\": \"linear\", \"input\": [\"node_9\", \"x\", \"h_prev_0\"]}, \"node_14\": {\"op\": \"activation_tanh\", \"input\": [\"node_13\"]}, \"node_15\": {\"op\": \"linear\", \"input\": [\"node_1\", \"node_14\"]}, \"h_new_0\": {\"op\": \"elementwise_prod\", \"input\": [\"node_7\", \"node_1\"]}, \"h_new_1\": {\"op\": \"activation_leaky_relu\", \"input\": [\"node_15\"]}}", "experiment_id": 999971513, "init_time": "2020-05-18_20-20-44", "num_params": 15339600, "wall_times": [382.09173488616943, 368.6269807815552, 367.6399247646332, 366.60281896591187, 366.2973401546478, 367.628289937973, 368.52995014190674, 367.26059079170227, 367.8062765598297, 368.07932472229004, 368.1747884750366, 365.67978858947754, 364.95461869239807, 367.8622534275055, 368.0707423686981, 366.46178460121155, 367.44088101387024, 370.0361523628235, 368.7067663669586, 367.6899573802948, 368.06375432014465, 366.0569567680359, 368.02322912216187, 368.5021002292633, 366.5475277900696, 368.20423650741577, 366.3353793621063, 368.2275068759918, 368.2290291786194, 367.91356444358826, 364.77904415130615, 366.25946712493896, 369.0236074924469, 366.2938024997711, 362.3476240634918, 362.9663887023926, 366.27606868743896, 369.08507680892944, 367.1121201515198, 365.8938431739807, 369.0416057109833, 367.3799011707306, 367.3213469982147, 371.7702941894531, 366.7072579860687, 368.7990744113922, 367.2649338245392, 364.31975769996643, 366.8472867012024, 368.95723724365234], "train_losses": [5.981135025012103, 5.566407720805766, 5.347770342504438, 5.161797879350223, 5.0550232639449195, 4.954705065623151, 4.863459637727932, 4.783126748157711, 4.7231262774998655, 4.669809568473993, 4.621807511026841, 4.574557245441342, 4.538611172744877, 4.496113710935399, 4.463805151013932, 4.433420405034695, 4.400395772820182, 4.376188831289333, 4.349390750228605, 4.325878449249637, 4.299423696277769, 4.278695420499166, 4.261031043246732, 4.240706608708515, 4.220216603464042, 4.201709244392448, 4.182293347587542, 4.174957388655801, 4.151870780888602, 4.141327624926039, 4.126592672529719, 4.113834062852994, 4.0980918186219135, 4.089970029180787, 4.076975250121026, 4.064078804932494, 4.056445743235974, 4.049082889570222, 4.035168646791458, 4.023524907885536, 4.015090887391748, 4.006721582351676, 3.99941840137701, 3.986850576219676, 3.9818229418804796, 3.9773777466247107, 3.9670900906352538, 3.954415527002313, 3.9492231624172986, 3.9480818171427035], "val_losses": [5.99786811440678, 5.613340836864407, 5.429213784427966, 5.279895391949153, 5.199246226165254, 5.127857190148305, 5.066328125, 5.0150390625, 4.979976496292373, 4.946715108580508, 4.920635593220339, 4.891414194915254, 4.872471861758474, 4.852729409427966, 4.837537076271186, 4.820650820974576, 4.8078869835805085, 4.7987374205508475, 4.783742717161017, 4.778000529661017, 4.770258871822034, 4.759728879766949, 4.753397775423728, 4.743509004237288, 4.740882878707627, 4.732870100635593, 4.728541777012712, 4.725881554555085, 4.719220405190678, 4.713966829978814, 4.710901085805085, 4.707842955508474, 4.705861361228814, 4.702481461864407, 4.699214777542373, 4.696599907309322, 4.694511387711865, 4.689777542372881, 4.692517545021186, 4.689035023834745, 4.6884447828389835, 4.685362486758475, 4.685954713983051, 4.681979939088983, 4.68421345338983, 4.680874271716101, 4.683438824152542, 4.680296610169491, 4.6789830508474575, 4.678704647775424], "test_losses": [5.952461909321905, 5.569453859792172, 5.388797500758495, 5.23168708282767, 5.152747293120449, 5.078959344660194, 5.015081609337075, 4.960162412773058, 4.92656759613926, 4.893505503830401, 4.865983092669144, 4.83916525238926, 4.82023398390094, 4.800237563049909, 4.785230321791565, 4.769941311438107, 4.755523681640625, 4.745456140018204, 4.732624535421723, 4.72528787261074, 4.716921908184163, 4.70780011519645, 4.70151112380537, 4.693879951551122, 4.689123653671117, 4.681279747231493, 4.676143905491505, 4.672652161237106, 4.667370546211317, 4.662986385012136, 4.658472450034132, 4.656928201323574, 4.655016852814017, 4.653090986233313, 4.648622383191747, 4.645185452063107, 4.644057190533981, 4.640566927715413, 4.640714775011378, 4.637485541186287, 4.638000784568416, 4.635215685205552, 4.634600593048392, 4.632759760884405, 4.634388451437348, 4.630732860380006, 4.63155061295889, 4.628433671969812, 4.627103046306129, 4.628440486574636], "status": "OK"}