{"data": "data/ptb", "recepie_id": 2008743, "recepies_list_path": "data/new_recepies_fix.json", "cuda": true, "batch_size": 20, "model": "CustomRNN", "emsize": 400, "nhid": 600, "nlayers": 3, "dropout": 0.1, "dropouth": 0.25, "dropouti": 0.4, "dropoute": 0.0, "wdrop": 0.1, "tied": true, "bptt": 70, "lr": 0.001, "wdecay": 1.2e-06, "epochs": 50, "alpha": 2, "beta": 1, "log_interval": 200, "clip": 0.25, "eval_batch_size": 50, "recepie": "{\"node_0\": {\"op\": \"linear\", \"input\": [\"h_prev_1\", \"h_prev_0\"]}, \"node_1\": {\"op\": \"activation_leaky_relu\", \"input\": [\"node_0\"]}, \"node_2\": {\"op\": \"linear\", \"input\": [\"h_prev_0\", \"node_1\"]}, \"node_3\": {\"op\": \"activation_sigm\", \"input\": [\"node_2\"]}, \"node_4\": {\"op\": \"elementwise_sum\", \"input\": [\"node_3\", \"node_0\"]}, \"node_5\": {\"op\": \"linear\", \"input\": [\"node_1\", \"x\"]}, \"node_6\": {\"op\": \"activation_leaky_relu\", \"input\": [\"node_5\"]}, \"node_7\": {\"op\": \"elementwise_prod\", \"input\": [\"node_6\", \"node_4\"]}, \"node_11\": {\"op\": \"elementwise_prod\", \"input\": [\"h_prev_1\", \"node_5\"]}, \"h_new_0\": {\"op\": \"blend\", \"input\": [\"node_5\", \"node_3\", \"node_11\"]}, \"h_new_1\": {\"op\": \"blend\", \"input\": [\"node_3\", \"node_4\", \"node_7\"]}}", "experiment_id": 999923026, "init_time": "2020-05-15_14-40-30", "num_params": 9254800, "wall_times": [219.10579419136047, 217.87196111679077, 218.14240908622742, 217.99024963378906, 215.22075700759888, 218.82782697677612, 215.23069214820862, 215.2972297668457, 215.15239191055298], "train_losses": [5.570307037007154, 5.299564473401108, 5.168002998762843, 5.060030307003388, 4.990746110349094, 4.923473135522564, 4.847737144317143, 4.798846720187187, NaN], "val_losses": [5.607715174788136, 5.388877449682203, 5.291068591101695, 5.214974179025424, 5.170243313029661, 5.125924589512712, 5.06994968220339, 5.03802734375, NaN], "test_losses": [5.568217157160194, 5.344200356492719, 5.247232677867111, 5.165368533828883, 5.121139970797937, 5.076748449825546, 5.026023494387136, 4.99689431792324, NaN], "status": "loss is nan!"}