{"data": "data/ptb", "recepie_id": 2011676, "recepies_list_path": "data/new_recepies_fix.json", "cuda": true, "batch_size": 20, "model": "CustomRNN", "emsize": 400, "nhid": 600, "nlayers": 3, "dropout": 0.1, "dropouth": 0.25, "dropouti": 0.4, "dropoute": 0.0, "wdrop": 0.1, "tied": true, "bptt": 70, "lr": 0.001, "wdecay": 1.2e-06, "epochs": 50, "alpha": 2, "beta": 1, "log_interval": 200, "clip": 0.25, "eval_batch_size": 50, "recepie": "{\"node_0\": {\"op\": \"linear\", \"input\": [\"x\", \"h_prev_0\"]}, \"node_1\": {\"op\": \"activation_sigm\", \"input\": [\"node_0\"]}, \"node_3\": {\"op\": \"linear\", \"input\": [\"node_1\", \"x\", \"h_prev_0\"]}, \"node_4\": {\"op\": \"activation_tanh\", \"input\": [\"node_3\"]}, \"node_7\": {\"op\": \"linear\", \"input\": [\"x\", \"h_prev_0\", \"node_4\"]}, \"node_8\": {\"op\": \"activation_leaky_relu\", \"input\": [\"node_7\"]}, \"node_9\": {\"op\": \"linear\", \"input\": [\"x\", \"node_8\"]}, \"node_10\": {\"op\": \"activation_leaky_relu\", \"input\": [\"node_9\"]}, \"node_14\": {\"op\": \"linear\", \"input\": [\"x\", \"node_10\"]}, \"h_new_0\": {\"op\": \"activation_leaky_relu\", \"input\": [\"node_14\"]}}", "experiment_id": 999971439, "init_time": "2020-05-09_18-33-27", "num_params": 14378000, "wall_times": [423.6125204563141, 285.6205487251282, 280.3866751194, 278.3936097621918, 276.3949921131134, 274.63115334510803, 274.8038833141327, 272.63427996635437, 274.2737946510315, 274.4729917049408, 271.14918518066406, 272.8901460170746, 276.7999339103699, 275.82823157310486, 274.69377636909485, 274.9848759174347, 274.13744735717773, 275.7710084915161, 273.2510769367218, 271.2878613471985, 275.7856557369232, 273.2213237285614, 275.6186201572418, 277.0120894908905, 276.1556327342987, 276.29253602027893, 274.8515121936798, 275.5344355106354, 275.9456145763397, 275.51223731040955, 270.93586802482605, 277.67888712882996, 270.9821343421936, 276.1041166782379, 275.12808871269226, 271.92958760261536, 274.71926760673523, 275.1603581905365, 274.06449580192566, 271.76404643058777, 275.44147419929504, 271.6993668079376, 273.4872498512268, 275.02884817123413, 273.0146882534027, 272.9173834323883, 274.2012631893158, 278.1237483024597, 274.58484148979187, 274.2140576839447], "train_losses": [5.658912998897316, 5.418298420606745, 5.295923178554139, 5.218295310903125, 5.159282381259749, 5.111098784358023, 5.068636201656716, 5.031062157092141, 5.001280441477059, 4.97002203687268, 4.947427098461621, 4.926695040611048, 4.90762751465763, 4.888801621080092, 4.870939735624765, 4.859003936716691, 4.845111545909311, 4.832844185358507, 4.821864830428702, 4.8068718566779625, 4.795952174439245, 4.787138265827551, 4.776723700311979, 4.762229539831101, 4.7617866171803565, 4.7484993578882255, 4.740641473024581, 4.729923501290947, 4.7236276121510405, 4.715666350653542, 4.712260804959389, 4.700700691867032, 4.699816947716637, 4.690127699558927, 4.682550948711742, 4.678570107847883, 4.6737857868054435, 4.671954003281158, 4.664075527136786, 4.661593647463826, 4.6538996523855625, 4.654538822548545, 4.647136047011995, 4.643771683879296, 4.638907098865042, 4.637253072723361, 4.6302280841536225, 4.62616277701576, 4.626044692324243, 4.624480595449411], "val_losses": [5.687121954449153, 5.486888241525424, 5.396848185911017, 5.345137049788136, 5.304945709745763, 5.275383011122881, 5.247915121822034, 5.22875297934322, 5.2157051112288135, 5.197233183262711, 5.184547470868644, 5.178201138771186, 5.1710546875, 5.161625728283898, 5.154486559851695, 5.153963850635593, 5.146419822563559, 5.141358249470339, 5.141390360169492, 5.135508805614407, 5.132663532838983, 5.129420352224576, 5.128113082627118, 5.117973053495763, 5.120922272245763, 5.11726860434322, 5.116551575741526, 5.1128522245762715, 5.11144233315678, 5.107084878177966, 5.108909891419492, 5.106457560911017, 5.105614075741525, 5.1073824814618645, 5.103152145127119, 5.102973053495763, 5.100661745233051, 5.102772775423729, 5.09782077595339, 5.101521782309322, 5.100650489936441, 5.101281448622881, 5.1005266816737285, 5.09945014565678, 5.0970282706567795, 5.098447100105933, 5.1023351430084745, 5.100861030190678, 5.101094743114407, 5.102849245233051], "test_losses": [5.636604383153823, 5.438039835216929, 5.344961221935679, 5.291925819174757, 5.252581846366808, 5.219499606530643, 5.189590009670813, 5.167325806849211, 5.150864684466019, 5.133016938144721, 5.118443757584951, 5.110022683745449, 5.104088051805219, 5.092848694440231, 5.086701920888956, 5.083512685831311, 5.076622231492719, 5.071515425895024, 5.071309210027306, 5.065996781136226, 5.061565510277609, 5.056480037355886, 5.056188490784284, 5.045604520631068, 5.05261467498483, 5.045484228041565, 5.043397181242415, 5.037833500834345, 5.038272005840413, 5.035011661862864, 5.036210439737561, 5.030582761301578, 5.032905652685073, 5.032590995714503, 5.024847234337075, 5.026899319250607, 5.023995705021238, 5.025409587378641, 5.023988594129247, 5.02544691956159, 5.022146873103762, 5.024088739191444, 5.020775063523969, 5.022991291527609, 5.018499578087075, 5.019683541603459, 5.020415963478459, 5.019260443530037, 5.019384291565534, 5.018850974666262], "status": "OK"}