{"data": "data/ptb", "recepie_id": 2009116, "recepies_list_path": "data/new_recepies_fix.json", "cuda": true, "batch_size": 20, "model": "CustomRNN", "emsize": 400, "nhid": 600, "nlayers": 3, "dropout": 0.1, "dropouth": 0.25, "dropouti": 0.4, "dropoute": 0.0, "wdrop": 0.1, "tied": true, "bptt": 70, "lr": 0.001, "wdecay": 1.2e-06, "epochs": 50, "alpha": 2, "beta": 1, "log_interval": 200, "clip": 0.25, "eval_batch_size": 50, "recepie": "{\"node_0\": {\"op\": \"linear\", \"input\": [\"h_prev_0\", \"x\"]}, \"node_1\": {\"op\": \"activation_leaky_relu\", \"input\": [\"node_0\"]}, \"node_2\": {\"op\": \"linear\", \"input\": [\"x\", \"h_prev_0\"]}, \"node_3\": {\"op\": \"activation_leaky_relu\", \"input\": [\"node_2\"]}, \"node_5\": {\"op\": \"linear\", \"input\": [\"node_1\", \"x\"]}, \"node_6\": {\"op\": \"activation_sigm\", \"input\": [\"node_5\"]}, \"node_7\": {\"op\": \"linear\", \"input\": [\"x\", \"node_3\", \"node_6\"]}, \"h_new_0\": {\"op\": \"activation_tanh\", \"input\": [\"node_7\"]}}", "experiment_id": 999985239, "init_time": "2020-05-18_16-54-43", "num_params": 11776400, "wall_times": [206.65490698814392, 202.67120957374573, 210.14268231391907, 203.11135172843933, 202.64756751060486, 202.37706637382507, 201.9819552898407, 201.63952255249023, 201.9974946975708, 202.0861518383026, 202.295259475708, 206.67155146598816, 209.56346654891968, 209.77242517471313, 209.6157877445221, 208.9368932247162, 209.03311848640442, 208.8643925189972, 209.21685194969177, 209.0163917541504, 209.73731470108032, 209.54137587547302, 209.1143069267273, 208.93228673934937, 209.09585738182068, 209.30308055877686, 209.97450709342957, 209.13321542739868, 209.2044026851654, 209.42479062080383, 210.20780301094055, 211.12770557403564, 209.79193496704102, 210.12264585494995, 210.05641102790833, 209.6350281238556, 210.06146955490112, 209.85185527801514, 209.62656235694885, 210.68877935409546, 210.14271473884583, 210.643394947052, 209.98896312713623, 210.71227145195007, 209.76074767112732, 210.4107117652893, 210.22337532043457, 210.02754426002502, 209.6898012161255, 209.77762913703918], "train_losses": [5.632101050239363, 5.354987376284224, 5.217482165429509, 5.098386820235598, 5.003545062126835, 4.946160104351568, 4.925038913318272, 4.89047665873272, 4.854652032569523, 4.8239138729761715, 4.798563485019633, 4.7723268315313865, 4.776480387015223, 4.741594975391318, 4.720633051610995, 4.70074061373783, 4.6808183395191225, 4.6505134372814805, 4.644626011914367, 4.645925783981497, 4.63713246665053, 4.617919961271583, 4.595800303238126, 4.5907461943951375, 4.593473908746168, 4.583820800387284, 4.572712855010489, 4.558979311225862, 4.563539649561616, 4.542318863966435, 4.526563592598569, 4.525652533483944, 4.523039121752461, 4.51845020776182, 4.524200638077565, 4.500170193238664, 4.5012090023398414, 4.485591566483783, 4.482537333252649, 4.481228316120704, 4.466795509251789, 4.467599409660589, 4.469037017239525, 4.463000410144693, 4.4581728053897045, 4.449842161529772, 4.4506935479533105, 4.447384234979291, 4.440763087649938, 4.444150563444677], "val_losses": [5.664200211864407, 5.439186639300847, 5.332797272245763, 5.244060844809322, 5.173005826271186, 5.142294094279661, 5.13213188559322, 5.11748642743644, 5.092448358050848, 5.077947563559322, 5.068260725635593, 5.046143405720339, 5.055125794491525, 5.030615399894068, 5.022936308262712, 5.017734375, 5.004612023305085, 4.980324086334746, 4.985370100635593, 4.992762844279661, 4.980892809851695, 4.971251986228814, 4.963690413135593, 4.96057766154661, 4.9649788135593225, 4.964564353813559, 4.957870100635593, 4.954825542902542, 4.953005495233051, 4.943071371822034, 4.938573556673729, 4.931150026483051, 4.937724774894067, 4.93330607786017, 4.939741459216101, 4.925549523305085, 4.928005826271186, 4.918727820444915, 4.9243948622881355, 4.915672669491525, 4.907587063029661, 4.912666512182203, 4.914258143538135, 4.910466101694915, 4.911468816207627, 4.903330574682204, 4.908382547669492, 4.905819650423729, 4.903027012711864, 4.909102886652542], "test_losses": [5.633498108502731, 5.389500886491201, 5.291302430976942, 5.199451039138349, 5.125175402002427, 5.087019540731189, 5.077572720722087, 5.062884580741808, 5.039213013880461, 5.025192705172937, 5.015903509936287, 4.990951389942355, 5.003224789517597, 4.976874194098908, 4.970618090583283, 4.965268329509254, 4.95279523238395, 4.928182953769721, 4.932288308745449, 4.933633748767446, 4.928124881485133, 4.919903505195692, 4.911281548657463, 4.907623883589958, 4.915649117775334, 4.913517035326912, 4.905575057835255, 4.903228463478459, 4.901017272356644, 4.889420296381978, 4.885245610209345, 4.881864973642294, 4.888790389866505, 4.881922749639715, 4.88915541565534, 4.873199759177791, 4.87501511064548, 4.866210344925667, 4.871383518848605, 4.862154766193871, 4.85664589891156, 4.859585363888046, 4.863384357933859, 4.859231893298696, 4.857350173505765, 4.852323958017294, 4.857680533696147, 4.856142210728914, 4.851507390587075, 4.856663676141535], "status": "OK"}