{"data": "data/ptb", "recepie_id": 2008921, "recepies_list_path": "data/new_recepies_fix.json", "cuda": true, "batch_size": 20, "model": "CustomRNN", "emsize": 400, "nhid": 600, "nlayers": 3, "dropout": 0.1, "dropouth": 0.25, "dropouti": 0.4, "dropoute": 0.0, "wdrop": 0.1, "tied": true, "bptt": 70, "lr": 0.001, "wdecay": 1.2e-06, "epochs": 50, "alpha": 2, "beta": 1, "log_interval": 200, "clip": 0.25, "eval_batch_size": 50, "recepie": "{\"node_1\": {\"op\": \"linear\", \"input\": [\"h_prev_1\", \"h_prev_2\", \"h_prev_0\"]}, \"node_3\": {\"op\": \"linear\", \"input\": [\"h_prev_1\", \"h_prev_2\"]}, \"node_4\": {\"op\": \"activation_tanh\", \"input\": [\"node_3\"]}, \"node_5\": {\"op\": \"linear\", \"input\": [\"x\", \"h_new_1\"]}, \"h_new_0\": {\"op\": \"activation_tanh\", \"input\": [\"node_5\"]}, \"h_new_1\": {\"op\": \"activation_tanh\", \"input\": [\"node_1\"]}, \"h_new_2\": {\"op\": \"linear\", \"input\": [\"h_new_0\", \"node_4\"]}}", "experiment_id": 999941513, "init_time": "2020-05-15_22-53-25", "num_params": 11896400, "wall_times": [217.08167910575867, 215.38831067085266, 212.4951252937317, 212.21006274223328, 212.39787936210632, 212.27414464950562, 212.1923177242279, 211.68395566940308, 210.7988564968109, 211.86240005493164, 212.06643867492676, 211.3953573703766, 211.76238441467285, 211.6044807434082, 211.45746493339539, 211.0495572090149, 211.14857602119446, 211.7619833946228, 210.89571356773376, 211.7225956916809, 211.59447622299194, 211.67831254005432, 210.09952116012573, 211.70916271209717, 211.43528628349304, 211.75699853897095, 210.70736241340637, 211.0939483642578, 211.42696619033813, 210.31767010688782, 211.2981390953064, 210.34778833389282, 211.61560487747192, 210.99046421051025, 211.01787042617798, 210.95551776885986, 210.7151026725769, 210.72492742538452, 211.4165050983429, 211.63852643966675, 211.09097814559937, 210.05990886688232, 211.57540845870972, 211.35301661491394, 210.97777652740479, 210.89313125610352, 210.96794843673706, 210.91033458709717, 210.50054025650024, 211.30879759788513], "train_losses": [5.511919409929535, 5.277929340810069, 5.134703956215373, 5.025957200392663, 4.957436562046151, 4.893124529342155, 4.844492126566618, 4.790131145446722, 4.757172069146361, 4.736223592733043, 4.701301200849874, 4.67470020776182, 4.648537514792103, 4.629050178849981, 4.614316487144317, 4.589224540772417, 4.574165590877306, 4.566988058738099, 4.558396031681997, 4.536794937738691, 4.520271485530633, 4.512718687805927, 4.516509584610834, 4.5099451683610345, 4.487379225835081, 4.482334782287128, 4.46927696869453, 4.457831998682158, 4.455716979990318, 4.444412366871067, 4.44105514765209, 4.43993103181647, 4.42959000658921, 4.421587982760475, 4.411570534801786, 4.401158910897746, 4.401917006212684, 4.400376021999892, 4.3874358728685925, 4.384551412645904, 4.383492432494218, 4.381885051906837, 4.365083407293852, 4.372337001102684, 4.357663822548545, 4.3534459718412135, 4.350185405572589, 4.348188471572266, 4.346577308912915, 4.33481758646657], "val_losses": [5.556772378177966, 5.372525158898305, 5.2632229872881355, 5.189465373411017, 5.146376125529661, 5.104395855402543, 5.078131620762712, 5.0503078654661016, 5.0370623675847455, 5.030492915783898, 5.014149894067796, 4.999632547669491, 4.990027145127119, 4.988474576271186, 4.989553098516949, 4.9720818988347455, 4.9629078389830505, 4.96808825476695, 4.971217227224576, 4.958748013771187, 4.950512778072034, 4.9507498013771185, 4.96972358315678, 4.964822563559322, 4.951561506885593, 4.951849841101695, 4.943279594809322, 4.938154131355932, 4.940428694385593, 4.938259070444915, 4.939275357521186, 4.946249006885593, 4.934885791843221, 4.935089711334745, 4.930913334216101, 4.925996424788136, 4.932595670021186, 4.930561771716102, 4.921263572563559, 4.923878111758475, 4.931271848516949, 4.928268339512712, 4.913980071504238, 4.922877383474576, 4.913540783898305, 4.909718617584746, 4.916245365466102, 4.9143322960805085, 4.913460341631356, 4.908709282309322], "test_losses": [5.519432882660801, 5.332655230772148, 5.223310452063107, 5.150450475007585, 5.109453219811893, 5.067856871966019, 5.043651988205401, 5.013810537393811, 5.002428369614685, 4.99633077973301, 4.981512273399575, 4.967918321924302, 4.954203188998028, 4.953300105715261, 4.954446144474363, 4.93522421827594, 4.925978577252731, 4.934796675895024, 4.933349609375, 4.922257210444478, 4.912960015454338, 4.913010087985437, 4.92982468095798, 4.924262185698574, 4.9123289237902, 4.914656555768356, 4.905247364229369, 4.899059110474818, 4.902645370335255, 4.899726645460406, 4.90053491684997, 4.9052488456652, 4.897066282994539, 4.895820691747573, 4.889686065970115, 4.884585482402913, 4.891472085008344, 4.891406309257433, 4.882947014373483, 4.886374464312803, 4.891026765397451, 4.890106497459041, 4.876516397716929, 4.885126799055674, 4.873625227548544, 4.872249862522755, 4.875932415712227, 4.874004475121359, 4.875388136187803, 4.869189808669599], "status": "OK"}