{"data": "data/ptb", "recepie_id": 2001609, "recepies_list_path": "data/new_recepies_fix.json", "cuda": true, "batch_size": 20, "model": "CustomRNN", "emsize": 400, "nhid": 600, "nlayers": 3, "dropout": 0.1, "dropouth": 0.25, "dropouti": 0.4, "dropoute": 0.0, "wdrop": 0.1, "tied": true, "bptt": 70, "lr": 0.001, "wdecay": 1.2e-06, "epochs": 50, "alpha": 2, "beta": 1, "log_interval": 200, "clip": 0.25, "eval_batch_size": 50, "recepie": "{\"node_2\": {\"op\": \"linear\", \"input\": [\"h_prev_2\", \"h_prev_0\"]}, \"node_3\": {\"op\": \"activation_leaky_relu\", \"input\": [\"node_2\"]}, \"node_10\": {\"op\": \"linear\", \"input\": [\"x\", \"h_prev_1\"]}, \"node_11\": {\"op\": \"activation_tanh\", \"input\": [\"node_10\"]}, \"node_12\": {\"op\": \"linear\", \"input\": [\"node_3\", \"x\"]}, \"node_15\": {\"op\": \"activation_tanh\", \"input\": [\"h_new_1\"]}, \"node_23\": {\"op\": \"linear\", \"input\": [\"node_15\", \"h_prev_0\"]}, \"h_new_0\": {\"op\": \"activation_tanh\", \"input\": [\"node_12\"]}, \"h_new_1\": {\"op\": \"linear\", \"input\": [\"node_3\", \"node_11\", \"x\"]}, \"h_new_2\": {\"op\": \"activation_tanh\", \"input\": [\"node_23\"]}}", "experiment_id": 999960371, "init_time": "2020-05-16_21-49-06", "num_params": 13578000, "wall_times": [260.8501889705658, 260.4545245170593, 257.6583433151245, 253.5799217224121, 253.07066917419434, 253.50637578964233, 253.36350321769714, 253.42474341392517, 253.3433849811554, 253.42294478416443, 252.8115758895874, 253.52074074745178, 253.63747787475586, 253.59447956085205, 253.47469091415405, 253.42207169532776, 252.5421679019928, 253.26613116264343, 253.50462770462036, 253.07065320014954, 253.23467826843262, 253.0580325126648, 253.36811184883118, 253.1339271068573, 253.576354265213, 253.64376616477966, 253.6339466571808, 253.46270203590393, 253.01967072486877, 252.87728905677795, 253.2157964706421, 253.28651642799377, 253.37139201164246, 252.783189535141, 253.00509881973267, 252.72120022773743, 252.87571144104004, 253.23626804351807, 253.3609402179718, 253.23573660850525, 252.45296502113342, 252.10219860076904, 252.2782688140869, 252.27478122711182, 252.09002017974854, 252.01159119606018, 252.2190647125244, 252.5341877937317, 252.64283180236816, 252.37451720237732], "train_losses": [5.482188121940724, 5.242100092114464, 5.089651914905062, 5.0016809208756925, 4.927173262600183, 4.868218324727018, 4.824163489726212, 4.775709684793718, 4.746780196062611, 4.707720217443924, 4.678330576623098, 4.66149111129041, 4.636133579420149, 4.616907206443979, 4.598997414743693, 4.588346259614867, 4.568246228013555, 4.555927179145823, 4.550726409956431, 4.527081736458501, 4.5160053083481255, 4.512075735570975, 4.497487443521059, 4.485587364181593, 4.479784405088484, 4.467524188451401, 4.466220214082083, 4.450793562745415, 4.444601890699801, 4.431137294255285, 4.435216889220591, 4.420893342208595, 4.415866968560056, 4.410245128691302, 4.398029036227206, 4.393803201145715, 4.395749707519768, 4.379685566940993, 4.381616945027163, 4.371203219972029, 4.366328549432521, 4.369827386235275, 4.3581630560486255, 4.355163032515733, 4.3448039373890595, 4.344355551745468, 4.337560429105481, 4.336561541875101, 4.3295445376795225, 4.323723928917218], "val_losses": [5.530311837923729, 5.342725768008474, 5.234644465042373, 5.176729012182204, 5.130143339512712, 5.098435844809322, 5.077311970338983, 5.049752052436441, 5.039016154661017, 5.019913930084746, 5.004877515889831, 5.008121027542373, 4.994492849576271, 4.989153535487288, 4.983598384533899, 4.983176310911017, 4.973963188559322, 4.972602621822034, 4.978738413665254, 4.961186771716101, 4.959609043961865, 4.958436175847457, 4.956591962394068, 4.94894829184322, 4.952066009004238, 4.945362155720339, 4.948468948622882, 4.944317399364407, 4.945370100635593, 4.937623146186441, 4.947143471927966, 4.942055084745762, 4.937516220868644, 4.9364158501059325, 4.9315598516949155, 4.932100105932204, 4.934885460805085, 4.928817200741525, 4.935125794491525, 4.922970405190678, 4.926565148305085, 4.93226032838983, 4.925997086864407, 4.92275920286017, 4.9188155455508475, 4.92162407309322, 4.917830045021186, 4.9225893802966105, 4.9177969412076274, 4.917156382415254], "test_losses": [5.487376981568568, 5.300504517786711, 5.187839545092537, 5.134751995790352, 5.087181906098301, 5.054295215791869, 5.036266734299151, 5.010153168613471, 5.001825721518507, 4.980289792551578, 4.968022615006826, 4.969289242642597, 4.956552449939321, 4.951380164877882, 4.945992479046572, 4.945941517653974, 4.939956813182645, 4.936950979880916, 4.944311049378034, 4.923003854103459, 4.925782435148665, 4.925347189301426, 4.92349124649196, 4.915719634120904, 4.918245778500455, 4.915277869956007, 4.917941195293538, 4.910793267407463, 4.911634426672482, 4.903857184845267, 4.912869055294296, 4.907062715697057, 4.905011223357858, 4.905527651888653, 4.898668011415352, 4.89632112077139, 4.901787915276092, 4.893823123672633, 4.897437234526699, 4.890195087321754, 4.893780458320692, 4.898609939130765, 4.892915892369539, 4.889080751289442, 4.886922595570389, 4.889449628811438, 4.885413012458283, 4.887836345191141, 4.882455177677488, 4.881546761225728], "status": "OK"}