{"data": "data/ptb", "recepie_id": 2008775, "recepies_list_path": "data/new_recepies_fix.json", "cuda": true, "batch_size": 20, "model": "CustomRNN", "emsize": 400, "nhid": 600, "nlayers": 3, "dropout": 0.1, "dropouth": 0.25, "dropouti": 0.4, "dropoute": 0.0, "wdrop": 0.1, "tied": true, "bptt": 70, "lr": 0.001, "wdecay": 1.2e-06, "epochs": 50, "alpha": 2, "beta": 1, "log_interval": 200, "clip": 0.25, "eval_batch_size": 50, "recepie": "{\"node_0\": {\"op\": \"linear\", \"input\": [\"h_prev_1\", \"h_prev_0\"]}, \"node_1\": {\"op\": \"activation_sigm\", \"input\": [\"node_0\"]}, \"node_4\": {\"op\": \"linear\", \"input\": [\"node_1\", \"x\"]}, \"node_8\": {\"op\": \"linear\", \"input\": [\"node_1\", \"h_prev_0\"]}, \"h_new_0\": {\"op\": \"activation_tanh\", \"input\": [\"node_4\"]}, \"h_new_1\": {\"op\": \"activation_leaky_relu\", \"input\": [\"node_8\"]}}", "experiment_id": 999975923, "init_time": "2020-05-13_04-27-10", "num_params": 9254800, "wall_times": [202.24029231071472, 159.00700449943542, 161.1287248134613, 160.83015155792236, 161.2006208896637, 161.83290576934814, 160.67317175865173, 158.18324160575867, 147.2199444770813, 152.5698161125183, 148.95937752723694, 151.13135838508606, 152.31123042106628, 151.6845519542694, 151.59533381462097, 153.42281031608582, 151.80711936950684, 149.01388263702393, 149.72829842567444, 149.6471724510193, 151.20335578918457, 150.53630757331848, 150.29582834243774, 151.13408017158508, 151.47616243362427, 150.94554901123047, 151.67109727859497, 152.2888216972351, 149.7674560546875, 150.51172924041748, 152.83510780334473, 151.73735880851746, 150.14643096923828, 151.9673354625702, 150.618004322052, 149.3952419757843, 150.8837788105011, 150.7156388759613, 151.66901111602783, 153.44366931915283, 151.0826690196991, 151.72516298294067, 150.69958901405334, 151.21459341049194, 151.3217339515686, 150.14596676826477, 152.09714698791504, 152.60776281356812, 151.5841236114502, 151.50019645690918], "train_losses": [5.7306055349362595, 5.479168347587542, 5.328210306734442, 5.234033773062235, 5.196438716986714, 5.143050989053843, 5.11760520883761, 5.074592544779732, 5.052298911435641, 5.005345748614921, 4.983655145634985, 4.968928177612823, 4.959301543757732, 4.945223411193588, 4.9246842390135015, 4.924443447098058, 4.92825157334194, 4.900168848501964, 4.895706003577, 4.8868778071378625, 4.877502891183906, 4.877744943790006, 4.886519350761121, 4.862039679818191, 4.845147685708138, 4.842432578263676, 4.834718412134904, 4.839253116427304, 4.828575907024905, 4.814827655182615, 4.8201692014953474, 4.8103471605884565, 4.8033671366521435, 4.818385744446237, 4.797101083857781, 4.79596183973428, 4.790569445565058, 4.7850194650637405, 4.777240583481254, 4.797970540180732, 4.772296154725405, 4.773709809181862, 4.773486246705395, 4.761830741353343, 4.766552448093163, 4.756307655586037, 4.74873174519929, 4.7565265955300955, 4.7503630789091496, 4.749954615136356], "val_losses": [5.7604455773305085, 5.551888903601695, 5.4308871822033895, 5.364006223516949, 5.350754104872881, 5.312832362288136, 5.305724642478814, 5.275669028072034, 5.271062632415254, 5.226114274364407, 5.220505164194916, 5.207850900423729, 5.2123629502118645, 5.203500728283898, 5.189152211334746, 5.195308527542373, 5.1977956170550845, 5.184748742055085, 5.1854071769067795, 5.184475304555085, 5.176923000529661, 5.17935546875, 5.196027542372882, 5.1721057335805085, 5.159561043432204, 5.164589181673729, 5.159600768008475, 5.171969345868644, 5.16256686970339, 5.149371358580509, 5.158330243644068, 5.151309586864407, 5.1470074152542376, 5.166047073622881, 5.145716697563559, 5.147382150423729, 5.146599245233051, 5.135409494173729, 5.134181011652543, 5.159493180614406, 5.137453323622881, 5.138677502648305, 5.144830839512712, 5.12290188029661, 5.1400850768008475, 5.127685381355932, 5.122490399894068, 5.131656845868644, 5.127424854343221, 5.127227886652542], "test_losses": [5.700922401206007, 5.492831035725121, 5.380827375986044, 5.308305758874393, 5.296382570729672, 5.253282861802185, 5.254078689130765, 5.220173363546723, 5.212068724400789, 5.174358479027609, 5.162725059731493, 5.15253159606341, 5.153792001668689, 5.146301862105583, 5.13275383514108, 5.139803691975121, 5.147504788000607, 5.129075726259102, 5.130968408677185, 5.129529045623483, 5.124194098907767, 5.127293262666869, 5.137821530832828, 5.120571692013046, 5.106557901623179, 5.108292959268811, 5.106370055559769, 5.115194672519721, 5.106829893241808, 5.101173771237864, 5.103148821488167, 5.098854435300364, 5.092339673088592, 5.108350438979065, 5.092083680976942, 5.093946142104065, 5.090530543651395, 5.083555351183253, 5.082251687651699, 5.102577579831614, 5.081746221746056, 5.084447175553701, 5.087422491277306, 5.071697938789442, 5.08429429137591, 5.074078309883192, 5.069081723111347, 5.075982843787925, 5.072008447739685, 5.072483099780037], "status": "OK"}