{"data": "data/ptb", "recepie_id": 2001843, "recepies_list_path": "data/new_recepies_fix.json", "cuda": true, "batch_size": 20, "model": "CustomRNN", "emsize": 400, "nhid": 600, "nlayers": 3, "dropout": 0.1, "dropouth": 0.25, "dropouti": 0.4, "dropoute": 0.0, "wdrop": 0.1, "tied": true, "bptt": 70, "lr": 0.001, "wdecay": 1.2e-06, "epochs": 50, "alpha": 2, "beta": 1, "log_interval": 200, "clip": 0.25, "eval_batch_size": 50, "recepie": "{\"node_0\": {\"op\": \"linear\", \"input\": [\"h_prev_1\", \"h_prev_0\"]}, \"node_1\": {\"op\": \"activation_leaky_relu\", \"input\": [\"node_0\"]}, \"node_4\": {\"op\": \"linear\", \"input\": [\"h_prev_1\", \"node_1\"]}, \"node_5\": {\"op\": \"activation_sigm\", \"input\": [\"node_4\"]}, \"node_10\": {\"op\": \"linear\", \"input\": [\"h_prev_0\", \"node_1\"]}, \"h_new_0\": {\"op\": \"linear\", \"input\": [\"x\", \"node_5\"]}, \"h_new_1\": {\"op\": \"activation_sigm\", \"input\": [\"node_10\"]}}", "experiment_id": 999945576, "init_time": "2020-05-13_07-20-41", "num_params": 11016400, "wall_times": [174.64990091323853, 171.34947419166565, 171.48140788078308, 171.33239603042603, 170.811865568161, 170.95353484153748, 171.14129328727722, 171.32533955574036, 171.76506400108337, 171.8101737499237, 171.6570863723755, 171.39082264900208, 171.4565200805664, 171.52472066879272, 171.23394870758057, 171.1854178905487, 171.24314403533936, 171.1783709526062, 171.14615964889526, 170.88255190849304, 170.8747854232788, 171.12304139137268, 171.03496646881104, 170.7597622871399, 170.80541157722473, 170.5722930431366, 170.85388612747192, 170.7027451992035, 170.75844764709473, 170.56420755386353, 171.0214478969574, 170.77282333374023, 170.8425793647766, 171.33052229881287, 171.3218674659729, 170.70740389823914, 171.40154027938843, 171.2309606075287, 171.33659172058105, 170.61889696121216, 183.38326406478882, 192.00160932540894, 191.4469757080078, 190.17710041999817, 189.36485481262207, 185.86442875862122, 186.73136496543884, 187.83877038955688, 186.5979118347168, 185.74291372299194], "train_losses": [5.835340773089129, 5.547044773008445, 5.442881888413749, 5.344771999892421, 5.319830075708676, 5.250368962132215, 5.240761658867194, 5.183730114706041, 5.176655959200689, 5.132438915335378, 5.132654913667904, 5.132535988515949, 5.098949508498736, 5.095146845247701, 5.0836073234360715, 5.073806714270346, 5.076734878435802, 5.05464463651767, 5.057535400193642, 5.0533894088537465, 5.044812930315744, 5.031281517266419, 5.031726961298478, 5.025570588591254, 5.012295936205691, 5.012732975633371, 4.999984451481899, 5.001035447259427, 4.992578314103598, 4.991460921951482, 4.989866568500887, 4.993594851003174, 4.981043835054597, 4.979027990694422, 4.967234229600344, 4.968181008283578, 4.961586755688236, 4.950478810311441, 4.966084899951589, 4.9603626250605135, 4.954789111666936, 4.946168508955947, 4.9574332002044, 4.949473619627777, 4.953896122451724, 4.943685788822549, 4.934669749475552, 4.944370764079394, 4.929647157898984, 4.939334725135819], "val_losses": [5.8546875, 5.609250529661017, 5.537949880826271, 5.453199152542373, 5.448040916313559, 5.394066141419492, 5.3962682070974575, 5.3515085407838985, 5.357956832627119, 5.3228101827330505, 5.33617717161017, 5.339356130826271, 5.313628840042373, 5.309762976694915, 5.310853747351695, 5.300740201271187, 5.315326403601695, 5.294140293961864, 5.303746689618644, 5.3003101827330505, 5.297083222987288, 5.281678032309322, 5.292637711864407, 5.292622815148305, 5.27469875529661, 5.281661480402542, 5.271920683262712, 5.2750076138771185, 5.271183792372882, 5.275225105932203, 5.276145722987288, 5.280525357521187, 5.26781547934322, 5.2704905985169495, 5.259463718220339, 5.261830971927966, 5.256411877648305, 5.245395259533899, 5.26212063029661, 5.260367121292373, 5.257110699152542, 5.249395193326271, 5.262824748411017, 5.256225503177966, 5.257592028601695, 5.255383673199153, 5.243454382944916, 5.251002052436441, 5.2437698622881355, 5.248652012711864], "test_losses": [5.817862797709345, 5.547464611460861, 5.473483483768204, 5.395879949180825, 5.390973433707524, 5.335826688599818, 5.34002685546875, 5.290675487333131, 5.299099524044296, 5.265708552980886, 5.272594266724818, 5.276364224628337, 5.254831258533071, 5.255905003223605, 5.254289053018811, 5.243317539252124, 5.257225258836469, 5.239820758115898, 5.247168087264867, 5.244775864684466, 5.238416949522148, 5.226498501972087, 5.237862299946905, 5.238754716891687, 5.2205810546875, 5.221527988470874, 5.213598158753034, 5.21515603667324, 5.217720698384405, 5.217238935452063, 5.219549975348908, 5.227220850083435, 5.211495705021238, 5.214667162848908, 5.204680507622876, 5.207527827290655, 5.201766819629855, 5.193927061210558, 5.206562523702973, 5.20361565154733, 5.200240940723605, 5.194197275106189, 5.203986010505158, 5.202105772148058, 5.204233706576153, 5.198813429156553, 5.189959776054308, 5.195698858464806, 5.192241187234527, 5.193884395858617], "status": "OK"}