{"data": "data/ptb", "recepie_id": 2008720, "recepies_list_path": "data/new_recepies_fix.json", "cuda": true, "batch_size": 20, "model": "CustomRNN", "emsize": 400, "nhid": 600, "nlayers": 3, "dropout": 0.1, "dropouth": 0.25, "dropouti": 0.4, "dropoute": 0.0, "wdrop": 0.1, "tied": true, "bptt": 70, "lr": 0.001, "wdecay": 1.2e-06, "epochs": 50, "alpha": 2, "beta": 1, "log_interval": 200, "clip": 0.25, "eval_batch_size": 50, "recepie": "{\"node_1\": {\"op\": \"linear\", \"input\": [\"h_prev_0\", \"h_prev_1\"]}, \"node_2\": {\"op\": \"activation_tanh\", \"input\": [\"node_1\"]}, \"node_6\": {\"op\": \"linear\", \"input\": [\"node_2\", \"h_prev_1\", \"h_prev_0\"]}, \"node_7\": {\"op\": \"activation_tanh\", \"input\": [\"node_6\"]}, \"node_11\": {\"op\": \"linear\", \"input\": [\"h_prev_1\", \"x\"]}, \"node_13\": {\"op\": \"linear\", \"input\": [\"x\", \"node_7\"]}, \"h_new_0\": {\"op\": \"activation_leaky_relu\", \"input\": [\"node_11\"]}, \"h_new_1\": {\"op\": \"activation_leaky_relu\", \"input\": [\"node_13\"]}}", "experiment_id": 999902160, "init_time": "2020-05-10_06-00-26", "num_params": 11856400, "wall_times": [211.07325267791748, 211.03955841064453, 212.1003656387329, 207.9471936225891, 207.48014163970947, 208.3510558605194, 206.20185661315918, 206.17641711235046, 207.01777696609497, 207.34422659873962, 207.54897236824036, 207.34472489356995, 207.50316619873047, 207.47673916816711, 207.39541816711426, 207.19279742240906, 208.06423020362854, 207.1648907661438, 207.11796498298645, 208.64658665657043, 208.29527926445007, 204.8354275226593, 206.96229124069214, 207.8143434524536, 207.09245824813843, 207.0582504272461, 206.37436366081238, 208.8221881389618, 207.08741927146912, 206.97201323509216, 208.13890933990479, 207.50765466690063, 207.19824314117432, 207.4318926334381, 210.05796146392822, 207.88906288146973, 208.27289414405823, 207.52291417121887, 207.8441243171692, 207.31623220443726, 207.83987665176392, 208.83208227157593, 206.89508605003357, 207.79794669151306, 207.10436058044434, 208.15039825439453, 206.83150959014893, 208.4612889289856, 208.33798122406006, 208.19960236549377], "train_losses": [5.5566054307191655, 5.201430631757302, 5.028118024178366, 4.904562355440805, 4.812682379915013, 4.741334012425367, 4.676344988838685, 4.621803308724652, 4.579165490022054, 4.5390032475391315, 4.500731620811145, 4.464190922354903, 4.4365250658920985, 4.412018500215158, 4.389123517427787, 4.359390128287881, 4.33829078922597, 4.323773516083051, 4.299734666639772, 4.282855279436286, 4.264847994325211, 4.2475937617664465, 4.239582913103114, 4.224041959146899, 4.209338103786779, 4.197090073826045, 4.189243114948093, 4.1785293455166475, 4.167657149292668, 4.160974648351353, 4.148334543596364, 4.141076327255123, 4.127596182292507, 4.122092427115271, 4.113009991393685, 4.108794662067667, 4.0992323234360715, 4.089330438787585, 4.087185163519983, 4.084764217228766, 4.074225683798613, 4.06830674116508, 4.058130025953418, 4.057113068823624, 4.052672075870045, 4.046244654671615, 4.039563834651175, 4.0349253334947015, 4.0317782293851865, 4.022625194986822], "val_losses": [5.589206832627118, 5.286776019597458, 5.158991657838983, 5.072392412605932, 5.014358117055084, 4.968894332627118, 4.932314618644067, 4.904996358580508, 4.881874006885593, 4.861792571504237, 4.844082693326271, 4.82762844279661, 4.815114208156779, 4.807426509533898, 4.795885195974576, 4.785006951800847, 4.778611957097458, 4.772702264300848, 4.762604277012712, 4.7582415254237285, 4.749233646716101, 4.745564751059322, 4.7443567929025425, 4.7393117717161015, 4.734035023834746, 4.730518405720339, 4.725975238347457, 4.724853350105932, 4.724196901483051, 4.722058064088983, 4.7163923463983055, 4.712541710805085, 4.711250993114406, 4.709789459745763, 4.707834017478813, 4.705354541843221, 4.706488347457627, 4.704709348516949, 4.706779329978813, 4.702368908898305, 4.702110699152542, 4.700262844279661, 4.697253376588983, 4.698984375, 4.696499271716101, 4.698026681673729, 4.6960513771186445, 4.695607123940678, 4.696276152012712, 4.692278535487288], "test_losses": [5.548860716588289, 5.245989456917476, 5.116435523172027, 5.026220821639867, 4.96704338592233, 4.92184329727321, 4.881345878527003, 4.853802727264108, 4.830830101827973, 4.809211805028823, 4.796336942506068, 4.77825690704642, 4.766334904050364, 4.755173470210103, 4.74770051530264, 4.734339149252882, 4.72677019730355, 4.724400196260619, 4.715579727320995, 4.707500865158526, 4.702241767957372, 4.696866822474211, 4.696249656306887, 4.691904605013653, 4.688331974362864, 4.683251538322967, 4.68164773589199, 4.680394737465868, 4.676628038721177, 4.675981243837227, 4.67060037261074, 4.669241895953428, 4.666247617851183, 4.668425032236044, 4.66325156202594, 4.663153490973908, 4.662873203314624, 4.660549126782463, 4.662099893810679, 4.656443771806735, 4.656134744292324, 4.654198211373635, 4.65134022536787, 4.654685603762136, 4.651217266193871, 4.651508516478307, 4.650608396067203, 4.649313621150637, 4.648219728932797, 4.645017457239836], "status": "OK"}