{"data": "data/ptb", "recepie_id": 2010049, "recepies_list_path": "data/new_recepies_fix.json", "cuda": true, "batch_size": 20, "model": "CustomRNN", "emsize": 400, "nhid": 600, "nlayers": 3, "dropout": 0.1, "dropouth": 0.25, "dropouti": 0.4, "dropoute": 0.0, "wdrop": 0.1, "tied": true, "bptt": 70, "lr": 0.001, "wdecay": 1.2e-06, "epochs": 50, "alpha": 2, "beta": 1, "log_interval": 200, "clip": 0.25, "eval_batch_size": 50, "recepie": "{\"node_0\": {\"op\": \"linear\", \"input\": [\"x\", \"h_prev_0\"]}, \"node_1\": {\"op\": \"activation_sigm\", \"input\": [\"node_0\"]}, \"node_3\": {\"op\": \"linear\", \"input\": [\"node_1\", \"x\"]}, \"node_4\": {\"op\": \"activation_leaky_relu\", \"input\": [\"node_3\"]}, \"h_new_0\": {\"op\": \"linear\", \"input\": [\"x\", \"node_4\"]}}", "experiment_id": 999904636, "init_time": "2020-05-16_17-35-20", "num_params": 9174800, "wall_times": [180.83287858963013, 182.6277573108673, 178.21816635131836, 182.08683800697327, 178.23321652412415, 173.7735481262207, 171.26872611045837, 170.87204504013062, 173.1341998577118, 170.70555543899536, 171.5696668624878, 172.9983024597168, 170.84553003311157, 170.54350781440735, 172.65798139572144, 173.64448475837708, 171.54374241828918, 172.82956218719482, 171.16869497299194, 172.9422423839569, 170.29144859313965, 171.5467712879181, 171.68196034431458, 172.32873940467834, 171.20157051086426, 171.40917801856995, 171.9796268939972, 169.7562186717987, 170.3088939189911, 172.86167192459106, 174.21141004562378, 171.7839503288269, 173.34088778495789, 173.94551634788513, 171.51478481292725, 172.8322033882141, 172.24396634101868, 168.71971082687378, 172.1061544418335, 172.76659417152405, 171.22992372512817, 170.65418314933777, 173.30364513397217, 173.5773229598999, 171.44100737571716, 171.73162531852722, 172.56464529037476, 172.29759550094604, 172.90579342842102, 169.79867315292358], "train_losses": [5.657322847748911, 5.452104260798236, 5.354096908450326, 5.272212949142058, 5.236289148647195, 5.189317495696843, 5.189067038486364, 5.152539787397128, 5.132205687563875, 5.12602620219461, 5.104963002931526, 5.101475512344683, 5.090126775052445, 5.079820208703136, 5.0666321237426715, 5.06313244647948, 5.067367106395568, 5.055622512237104, 5.058815841670701, 5.046674129955354, 5.040419423376902, 5.033801217659082, 5.0373866218869345, 5.031490791915443, 5.010898670727771, 5.019487335942123, 5.021178762573288, 5.0099350828357805, 5.010331359932225, 5.003315196197085, 4.996638578478834, 4.991675239363133, 4.987683472513582, 4.9881860678554135, 4.988715978161476, 4.983113889113012, 4.982877719729977, 4.973992792211285, 4.975545542870206, 4.966366874428487, 4.975580001748158, 4.961385885643591, 4.960326905491905, 4.958589253536657, 4.9597377427249745, 4.962286439002743, 4.947903219299661, 4.942395682050455, 4.95474456726373, 4.954518903636168], "val_losses": [5.692921080508475, 5.528953257415254, 5.4631412208686445, 5.4081637314618645, 5.389588519597457, 5.357679091631356, 5.366991525423729, 5.350926906779661, 5.340062566207627, 5.344190611758474, 5.334490532309322, 5.339216432733051, 5.33389201536017, 5.329106197033898, 5.326322828389831, 5.327505958686441, 5.337980998411017, 5.3321663135593225, 5.339545153601695, 5.334339578919492, 5.3351794226694915, 5.32707858845339, 5.337575145656779, 5.331862420550848, 5.319647775423729, 5.32919094279661, 5.3331061308262715, 5.323749337923728, 5.33300185381356, 5.3241916048728815, 5.324127383474576, 5.323051509533898, 5.318386851165254, 5.325035752118644, 5.327698953919492, 5.325003310381356, 5.327827396716102, 5.3193210407838984, 5.325188691737288, 5.31511189088983, 5.32454780190678, 5.316311573093221, 5.314633540783898, 5.323564618644068, 5.319186970338983, 5.323668233580508, 5.310498874470339, 5.312135195974577, 5.317020987817797, 5.321104343220339], "test_losses": [5.642884485929915, 5.478717100273058, 5.410534312424151, 5.35332777893659, 5.328729425819175, 5.299518474097391, 5.310191922974818, 5.292193070198726, 5.279587236422937, 5.282986242794296, 5.270001161445692, 5.274982341284891, 5.272537972163228, 5.269174520251821, 5.264197488432949, 5.264147712189017, 5.275321293803095, 5.266800074901395, 5.278389643696905, 5.268845048922937, 5.272894109337075, 5.263446696753641, 5.276537256333435, 5.270408260012136, 5.254966365480886, 5.262922268469357, 5.266327200584041, 5.259188457600121, 5.265857289138349, 5.257893682683556, 5.256030036407767, 5.256176402267901, 5.251871349742111, 5.256217882471177, 5.258820468939624, 5.256920675629551, 5.256629721632281, 5.247864362105583, 5.254789185755461, 5.245674799946905, 5.255812561627731, 5.243993666565534, 5.246325446564017, 5.250959377844357, 5.248765075091019, 5.251825128944175, 5.238400357440837, 5.239594394720874, 5.245974642559163, 5.250299250037925], "status": "OK"}