{"data": "data/ptb", "recepie_id": 1006017, "recepies_list_path": "data/models_recepies.json", "cuda": true, "batch_size": 20, "model": "CustomRNN", "emsize": 400, "nhid": 600, "nlayers": 3, "dropout": 0.1, "dropouth": 0.25, "dropouti": 0.4, "dropoute": 0.0, "wdrop": 0.1, "tied": true, "bptt": 70, "lr": 0.001, "wdecay": 1.2e-06, "epochs": 50, "alpha": 2, "beta": 1, "log_interval": 200, "clip": 0.25, "eval_batch_size": 50, "recepie": "{\"node_0\": {\"op\": \"linear\", \"input\": [\"h_prev_1\", \"x\"]}, \"node_1\": {\"op\": \"activation_tanh\", \"input\": [\"node_0\"]}, \"node_2\": {\"op\": \"linear\", \"input\": [\"h_prev_0\", \"h_prev_1\"]}, \"node_3\": {\"op\": \"activation_leaky_relu\", \"input\": [\"node_2\"]}, \"node_4\": {\"op\": \"linear\", \"input\": [\"node_1\", \"h_prev_0\"]}, \"node_8\": {\"op\": \"linear\", \"input\": [\"h_prev_1\", \"node_3\"]}, \"node_9\": {\"op\": \"activation_leaky_relu\", \"input\": [\"node_8\"]}, \"h_new_0\": {\"op\": \"activation_leaky_relu\", \"input\": [\"node_4\"]}, \"h_new_1\": {\"op\": \"linear\", \"input\": [\"h_new_0\", \"node_9\"]}}", "experiment_id": 999927056, "init_time": "2020-04-17_22-26-41", "num_params": 12778000, "wall_times": [231.2471420764923, 230.78843641281128, 230.50934076309204, 230.46811413764954, 226.00985646247864, 225.98061203956604, 226.0621178150177, 226.06422638893127, 225.9029996395111, 226.10980987548828, 226.0227563381195, 226.03128933906555, 226.02648162841797, 225.96372532844543, 225.83834862709045, 225.96870303153992, 225.97518658638, 225.84404969215393, 226.04924821853638, 225.84319353103638, 225.91298365592957, 226.01416110992432, 226.03103971481323, 226.06070733070374, 225.92008876800537, 226.0221071243286, 225.9589879512787, 226.02828192710876, 225.8826413154602, 225.9816918373108, 225.86290073394775, 226.17028975486755, 225.9341869354248, 225.39596796035767, 225.93698644638062, 225.91569304466248, 225.90478539466858, 225.89263558387756, 225.6202220916748, 225.52252912521362, 225.5181381702423, 225.4534776210785, 225.3209502696991, 225.44051218032837, 225.48764038085938, 225.68484210968018, 225.71746969223022, 225.5947780609131, 225.54489922523499, 225.37325739860535], "train_losses": [5.66173652573826, 5.362567909203378, 5.197983903501695, 5.076786566752729, 4.996290627857565, 4.936154843069227, 4.874378479506213, 4.826516778952181, 4.7864091663977195, 4.74994158799957, 4.716558499408316, 4.692838604701199, 4.665571546716153, 4.6439893631326985, 4.618960031063418, 4.59917811373783, 4.581521720859556, 4.563789686541875, 4.548105013850788, 4.532041293502232, 4.518269088537465, 4.5064791095153565, 4.494916054811468, 4.486494641224248, 4.475557309316335, 4.466492943494164, 4.454449565650045, 4.447150586977569, 4.440960175622613, 4.432206780162444, 4.424841825345597, 4.416247697138401, 4.411246537302996, 4.404753139960196, 4.3993435163519985, 4.392970725082029, 4.3871370891829375, 4.382986475310634, 4.376171601850357, 4.3687797522995, 4.36547043932548, 4.360130994163843, 4.356683845678016, 4.347594686272927, 4.346898785030391, 4.343056620138777, 4.340047771771287, 4.332532794766284, 4.329344508095315, 4.325238018395998], "val_losses": [5.6870656779661015, 5.428312698622881, 5.297980336334746, 5.208682137182203, 5.150472391419491, 5.115116194385593, 5.071379104872881, 5.04555515095339, 5.020475039724576, 4.998709613347458, 4.9831408898305085, 4.972336467161017, 4.9548046875, 4.946142081567797, 4.936340704449153, 4.927317266949153, 4.918674192266949, 4.915607454978813, 4.909411414194915, 4.903142876059322, 4.898908236228814, 4.893620564088983, 4.887934322033899, 4.887355005296611, 4.884699748411017, 4.879317730402542, 4.881912407309322, 4.878095868644068, 4.877167306673729, 4.874767942266949, 4.877980998411017, 4.8747768802966105, 4.872934653072034, 4.873237221927966, 4.867305349576271, 4.8695014565677965, 4.868869504766949, 4.8663138903601695, 4.8664340572033895, 4.862578456038135, 4.863610963983051, 4.861382415254237, 4.861441340042373, 4.861960738877118, 4.860541578389831, 4.8607590704449155, 4.860429356461864, 4.85861626059322, 4.8577115333686445, 4.857347391419491], "test_losses": [5.643031444364381, 5.384046832334648, 5.249938372269417, 5.155612390018204, 5.098464521389563, 5.059612385277609, 5.017748786407767, 4.98754171723301, 4.964743012363471, 4.943489741353155, 4.923941306697512, 4.913316152628186, 4.898151286597391, 4.888202556128641, 4.87727341142673, 4.867004987105583, 4.85931633514108, 4.85540060395176, 4.847831948289594, 4.843819034909739, 4.837241163531553, 4.833191510543083, 4.82840795424378, 4.827862193283526, 4.824024385618932, 4.820081099723149, 4.819266310015928, 4.814876519360588, 4.812943245600728, 4.814655489134557, 4.814845112920965, 4.810848199048088, 4.812490222523514, 4.811027749070844, 4.80652566557949, 4.808367386604976, 4.806980170092537, 4.807120017635012, 4.804384398228914, 4.802664451228762, 4.804959491618629, 4.801006428246359, 4.800454741542779, 4.799836982801122, 4.800146602889867, 4.798475246984982, 4.798631686608768, 4.796107912526547, 4.79691855421344, 4.797453352548544], "status": "OK"}