{"data": "data/ptb", "recepie_id": 2000940, "recepies_list_path": "data/new_recepies_fix.json", "cuda": true, "batch_size": 20, "model": "CustomRNN", "emsize": 400, "nhid": 600, "nlayers": 3, "dropout": 0.1, "dropouth": 0.25, "dropouti": 0.4, "dropoute": 0.0, "wdrop": 0.1, "tied": true, "bptt": 70, "lr": 0.001, "wdecay": 1.2e-06, "epochs": 50, "alpha": 2, "beta": 1, "log_interval": 200, "clip": 0.25, "eval_batch_size": 50, "recepie": "{\"node_0\": {\"op\": \"linear\", \"input\": [\"h_prev_1\", \"x\"]}, \"node_1\": {\"op\": \"activation_tanh\", \"input\": [\"node_0\"]}, \"node_2\": {\"op\": \"linear\", \"input\": [\"h_prev_2\", \"node_1\"]}, \"node_4\": {\"op\": \"linear\", \"input\": [\"x\", \"h_new_2\"]}, \"node_5\": {\"op\": \"activation_leaky_relu\", \"input\": [\"node_4\"]}, \"node_8\": {\"op\": \"linear\", \"input\": [\"node_5\", \"h_prev_0\", \"h_prev_1\"]}, \"node_9\": {\"op\": \"activation_leaky_relu\", \"input\": [\"node_8\"]}, \"node_10\": {\"op\": \"linear\", \"input\": [\"node_5\", \"node_9\"]}, \"h_new_0\": {\"op\": \"activation_tanh\", \"input\": [\"node_10\"]}, \"h_new_1\": {\"op\": \"linear\", \"input\": [\"h_new_2\", \"node_9\"]}, \"h_new_2\": {\"op\": \"activation_tanh\", \"input\": [\"node_2\"]}}", "experiment_id": 999904915, "init_time": "2020-05-12_15-33-37", "num_params": 15379600, "wall_times": [453.16638445854187, 429.4403131008148, 429.056223154068, 429.54845213890076, 424.3785915374756, 426.06554770469666, 427.42836022377014, 425.0659625530243, 419.8576753139496, 420.94979763031006, 423.33822536468506, 432.45782566070557, 429.3651032447815, 422.5149745941162, 429.2523694038391, 431.7481725215912, 417.8191816806793, 420.11040711402893, 425.4578745365143, 422.702246427536, 424.8433437347412, 424.56462240219116, 435.5545189380646, 437.60100769996643, 426.35713267326355, 423.8198323249817, 419.9922995567322, 422.7521095275879, 421.4184284210205, 429.84554719924927, 429.71966457366943, 427.778192281723, 424.4049413204193, 426.33547139167786, 423.8121395111084, 424.3812038898468, 422.8440387248993, 428.05957984924316, 430.9170410633087, 440.8652651309967, 425.62226724624634, 430.83082723617554, 421.70745515823364, 425.57167744636536, 435.4457423686981, 422.5961775779724, 425.8803381919861, 434.16280150413513, 422.0279858112335, 435.073876619339], "train_losses": [5.578464125786671, 5.252436074579097, 5.068175629336776, 4.938212290221075, 4.855958948550374, 4.7815664333548495, 4.724410080818676, 4.671021512425367, 4.631434144881932, 4.596518056452046, 4.556391953767952, 4.523283695739874, 4.498684679414771, 4.4703914192351135, 4.449806021730945, 4.428086843096122, 4.404038748588026, 4.3845774669194775, 4.370851907509009, 4.355506780834813, 4.33728391762143, 4.326036035581733, 4.30733326945834, 4.299231651067721, 4.2805192196492925, 4.271356099725674, 4.261576081840675, 4.255338184470981, 4.2432708535043835, 4.23146784734549, 4.219360174277877, 4.215051133613039, 4.203163240949922, 4.196518560728309, 4.192914666370824, 4.183088002931526, 4.176910618713356, 4.166549842665806, 4.162831645688774, 4.153788711607767, 4.148422371712119, 4.14435958595557, 4.139837068339519, 4.12911699545479, 4.128416051449626, 4.124094403878221, 4.120402681404981, 4.113422237238448, 4.10681117543435, 4.1013452409768165], "val_losses": [5.608442796610169, 5.332186837923729, 5.188059454449153, 5.0961351297669495, 5.042704250529661, 4.990010924258475, 4.958062433792373, 4.926251986228814, 4.906572431144068, 4.889091962394068, 4.870296610169492, 4.847832693326271, 4.829496159957627, 4.820509136652542, 4.817449351165254, 4.80469875529661, 4.796388042902542, 4.791666114936441, 4.78571140095339, 4.774694120762712, 4.773766220868644, 4.7617925715042375, 4.761626721398305, 4.754233315677966, 4.758552701271187, 4.749540850105932, 4.746405587923729, 4.742316604872881, 4.741343683792373, 4.7360781912076275, 4.7375390625, 4.73333156779661, 4.732163334216102, 4.724396517478813, 4.7211199020127115, 4.717757216631356, 4.7156905455508475, 4.719451469809322, 4.7227323887711865, 4.717573159427966, 4.720647179555085, 4.7217826403601695, 4.712281514830509, 4.7118279925847455, 4.710039724576271, 4.711186771716101, 4.702222590042373, 4.7082653601694915, 4.704733183262712, 4.704945378707627], "test_losses": [5.57097677582676, 5.290002915465716, 5.142434722011529, 5.04944558745449, 4.990915835482403, 4.942395849135315, 4.908450821070995, 4.873808333017294, 4.851985894360588, 4.834987010770631, 4.817860723699181, 4.794139676881068, 4.78164791366429, 4.770346632281553, 4.76647238129551, 4.752357853269114, 4.745119854084496, 4.73838583936969, 4.735328748388198, 4.725053213175061, 4.723775919201304, 4.711364449806584, 4.710779282653216, 4.705005830931432, 4.705191010410346, 4.700556190268507, 4.695810855013653, 4.693214194288531, 4.691577207694933, 4.685281401699029, 4.686581509784587, 4.680558584268811, 4.680659914479672, 4.675416520498331, 4.673533319269569, 4.669251969717081, 4.66650864684466, 4.670062018829642, 4.670680962719963, 4.664320862408981, 4.665921109393962, 4.668754799852094, 4.66300505110361, 4.657870394512288, 4.656756947341474, 4.659155984526699, 4.653534231834041, 4.658546818112864, 4.653412457808708, 4.654270801729369], "status": "OK"}