{"data": "data/ptb", "recepie_id": 2010653, "recepies_list_path": "data/new_recepies_fix.json", "cuda": true, "batch_size": 20, "model": "CustomRNN", "emsize": 400, "nhid": 600, "nlayers": 3, "dropout": 0.1, "dropouth": 0.25, "dropouti": 0.4, "dropoute": 0.0, "wdrop": 0.1, "tied": true, "bptt": 70, "lr": 0.001, "wdecay": 1.2e-06, "epochs": 50, "alpha": 2, "beta": 1, "log_interval": 200, "clip": 0.25, "eval_batch_size": 50, "recepie": "{\"node_0\": {\"op\": \"linear\", \"input\": [\"x\", \"h_prev_0\"]}, \"node_4\": {\"op\": \"linear\", \"input\": [\"x\", \"h_prev_0\", \"h_prev_1\"]}, \"node_5\": {\"op\": \"activation_leaky_relu\", \"input\": [\"node_4\"]}, \"node_6\": {\"op\": \"linear\", \"input\": [\"h_prev_1\", \"node_5\", \"x\"]}, \"node_7\": {\"op\": \"activation_sigm\", \"input\": [\"node_6\"]}, \"node_9\": {\"op\": \"linear\", \"input\": [\"node_5\", \"h_prev_1\"]}, \"h_new_0\": {\"op\": \"elementwise_sum\", \"input\": [\"node_0\", \"node_7\"]}, \"h_new_1\": {\"op\": \"activation_tanh\", \"input\": [\"node_9\"]}}", "experiment_id": 999947107, "init_time": "2020-05-18_16-54-58", "num_params": 12696400, "wall_times": [229.0836145877838, 228.8940532207489, 227.69895124435425, 226.98443794250488, 227.76970767974854, 223.862966299057, 223.93801379203796, 223.57262802124023, 224.89532089233398, 224.05065751075745, 224.1919505596161, 224.71890211105347, 224.1304416656494, 228.54903292655945, 230.84335017204285, 230.9084153175354, 230.90499305725098, 230.92617297172546, 230.53907823562622, 232.24011158943176, 231.2976586818695, 231.14373803138733, 231.21195197105408, 231.17285108566284, 231.65060305595398, 231.28916382789612, 231.28758716583252, 231.46515488624573, 230.66295385360718, 230.8701367378235, 231.58182072639465, 230.96345734596252, 231.01215052604675, 230.5367455482483, 231.17885184288025, 231.46965527534485, 231.05007028579712, 230.78470039367676, 230.90579462051392, 231.3429775238037, 231.44628524780273, 230.75299453735352, 231.13550329208374, 231.2409417629242, 231.9800295829773, 231.03085899353027, 230.97270703315735, 231.02983736991882, 231.03108596801758, 232.1125087738037], "train_losses": [5.637327873702329, 5.322479207008768, 5.1681130990802, 5.0835627790328655, 4.9758813068151255, 4.915915295035232, 4.854053624737777, 4.838886255446184, 4.782509009735894, 4.7209494849658435, 4.708780038056049, 4.6697524171642195, 4.658015387149696, 4.617304744231079, 4.588759345920069, 4.573999179710612, 4.562923592060675, 4.536592807003388, 4.530798252514658, 4.515776282878813, 4.4787023122747565, 4.469818645446722, 4.470082550024205, 4.451043179495454, 4.456353208541768, 4.44913281292023, 4.4263424674573715, 4.428382685170243, 4.395860648297563, 4.392586214431715, 4.38168082002044, 4.366246604539831, 4.360108301732021, 4.358932077349255, 4.354903750470658, 4.344095429239955, 4.326744123500618, 4.331931445323006, 4.3141464619977405, 4.308757009440051, 4.305535524581787, 4.2994787464364475, 4.282532122397934, 4.282441772900866, 4.282599359232962, 4.2637192559571835, 4.256619046178258, 4.258269710478189, 4.2573115855790435, 4.244447077887149], "val_losses": [5.668763241525424, 5.408696702860169, 5.289501787605932, 5.239131355932203, 5.15246391684322, 5.114896716101695, 5.077774761652543, 5.083797007415254, 5.038124337923729, 4.99445544226695, 4.99441935911017, 4.969433924788135, 4.965812698622881, 4.932193127648305, 4.930135394597458, 4.922725105932203, 4.909421676377119, 4.901278469279661, 4.903008474576271, 4.899111824682203, 4.8708193193855935, 4.862993908898305, 4.876999470338983, 4.865782243114407, 4.869873874470339, 4.870287010063559, 4.850166843220339, 4.860519729872881, 4.838996292372881, 4.847502648305085, 4.8314767611228815, 4.8278989009533895, 4.826144398834746, 4.831482388771186, 4.826937235169492, 4.830568723516949, 4.818991326800847, 4.814526615466102, 4.812059719279661, 4.801159626588983, 4.804195908368644, 4.80664658368644, 4.7964873543432205, 4.8031442002118645, 4.800274430614407, 4.788721530720339, 4.783455707097458, 4.787305018538135, 4.784318061440678, 4.787121292372881], "test_losses": [5.62468771332676, 5.368697379399272, 5.254811703580097, 5.20477531951608, 5.118804635353459, 5.08551499450091, 5.043065932190534, 5.044811656174151, 5.009502521996359, 4.958119512761681, 4.959774276585255, 4.935379769038228, 4.931826397053246, 4.90173813903216, 4.89212154647679, 4.884832585899575, 4.879971402362712, 4.869444023058253, 4.867261275504399, 4.863813974324939, 4.838111062651699, 4.834885976846936, 4.842512704793689, 4.832041323763653, 4.836752289707221, 4.841769616580704, 4.822809904524424, 4.830660032994539, 4.807509931545813, 4.814994441652761, 4.800706881921268, 4.796283314528974, 4.796446272470419, 4.801096795832069, 4.798211551407008, 4.798407397223908, 4.785194767331614, 4.78424546325091, 4.780548391990291, 4.776671474419751, 4.773988594129247, 4.774371693435224, 4.765632703466323, 4.772207019398514, 4.765915953997269, 4.756992673410953, 4.753770550477852, 4.754800444667779, 4.752485849324939, 4.749747563334345], "status": "OK"}