{"data": "data/ptb", "recepie_id": 2000627, "recepies_list_path": "data/new_recepies_fix.json", "cuda": true, "batch_size": 20, "model": "CustomRNN", "emsize": 400, "nhid": 600, "nlayers": 3, "dropout": 0.1, "dropouth": 0.25, "dropouti": 0.4, "dropoute": 0.0, "wdrop": 0.1, "tied": true, "bptt": 70, "lr": 0.001, "wdecay": 1.2e-06, "epochs": 50, "alpha": 2, "beta": 1, "log_interval": 200, "clip": 0.25, "eval_batch_size": 50, "recepie": "{\"node_0\": {\"op\": \"linear\", \"input\": [\"h_prev_0\", \"x\"]}, \"node_5\": {\"op\": \"linear\", \"input\": [\"x\", \"h_prev_1\"]}, \"h_new_0\": {\"op\": \"activation_tanh\", \"input\": [\"node_0\"]}, \"h_new_1\": {\"op\": \"activation_sigm\", \"input\": [\"node_5\"]}}", "experiment_id": 999982091, "init_time": "2020-05-10_09-24-19", "num_params": 7453200, "wall_times": [81.07278871536255, 80.48377323150635, 80.58322596549988, 80.95152807235718, 80.84637570381165, 80.33115005493164, 82.6172366142273, 80.05973863601685, 80.24880528450012, 82.31340408325195, 80.4857566356659, 80.43680119514465, 80.25390958786011, 80.22738265991211, 80.41662621498108, 80.45217943191528, 80.17723608016968, 80.44584250450134, 80.44228720664978, 80.11732983589172, 80.52365279197693, 80.46459007263184, 80.4814612865448, 80.08957815170288, 80.31111645698547, 80.35299611091614, 80.40681600570679, 80.30333709716797, 80.37726974487305, 80.49306011199951, 80.193026304245, 80.38343644142151, 80.4171690940857, 80.49810934066772, 79.52362298965454, 79.55131149291992, 79.61336898803711, 79.34282493591309, 79.6220850944519, 79.71105623245239, 79.61747288703918, 79.02839612960815, 79.62983703613281, 79.68300461769104, 80.61743998527527, 80.22390508651733, 80.46354126930237, 80.32487082481384, 80.16503739356995, 80.375741481781], "train_losses": [5.4991750880802535, 5.257027930181271, 5.121368790678285, 5.020171890968748, 4.955242119842935, 4.888675972244634, 4.838918613173041, 4.7855422314560805, 4.757749045236943, 4.711920418482062, 4.686208632537249, 4.657363189849927, 4.6356956995320315, 4.624249048598784, 4.60441124065408, 4.587112883922328, 4.562997552579205, 4.55103864100909, 4.536215860497014, 4.5264736633317195, 4.516500759776235, 4.495302246382658, 4.492398875800118, 4.4837778528589105, 4.472009725808187, 4.461830068984993, 4.4606685526598895, 4.450432584987359, 4.443031070141466, 4.431244873191329, 4.422130499973106, 4.42433754908289, 4.415983372330698, 4.412720284680759, 4.4125618578882255, 4.397245727099134, 4.38504476292292, 4.384253049190469, 4.375180698994137, 4.375829114221935, 4.370170294093916, 4.367729596982411, 4.358414773949761, 4.358393342208595, 4.354280128825776, 4.350928792829864, 4.35020053386047, 4.335079389892959, 4.342742287935022, 4.33578159458878], "val_losses": [5.548174324682203, 5.355345272775423, 5.256022576800848, 5.188706302966102, 5.146283103813559, 5.112136189088983, 5.08375, 5.055450873940678, 5.048253111758474, 5.026684322033899, 5.014265095338983, 5.00494968220339, 4.997166975635594, 4.996999801377119, 4.998141551906779, 4.985827595338983, 4.976183792372882, 4.978610632944915, 4.971737619173729, 4.974376986228814, 4.975835540254237, 4.9662109375, 4.969424655720339, 4.965590903072034, 4.963201469809322, 4.9566704184322035, 4.967635725635593, 4.959346530720339, 4.960028800317796, 4.958237552966102, 4.952765492584746, 4.961415850105932, 4.955375728283898, 4.956486361228814, 4.956530058262712, 4.9503125, 4.945072166313559, 4.9473609639830505, 4.950677966101695, 4.948671543961864, 4.945460805084746, 4.946765095338983, 4.941135460805085, 4.94987453654661, 4.948937367584746, 4.94539890095339, 4.953480203919492, 4.937003111758474, 4.946731329449152, 4.948386189088983], "test_losses": [5.507314737560679, 5.316281216815837, 5.217798325621966, 5.1466064453125, 5.109867429270328, 5.071552165503641, 5.044717436855279, 5.014184451797633, 5.007470584610133, 4.988906415920813, 4.977722760543083, 4.965660317430219, 4.959231774783829, 4.962101315989078, 4.957842484261226, 4.950125388728762, 4.939490457182949, 4.94201186096784, 4.934999632603914, 4.939184688827367, 4.936807576892446, 4.925919023532312, 4.931629662374848, 4.928241026054308, 4.927730226979672, 4.922477351809011, 4.931436779429611, 4.924858019189927, 4.925794582922482, 4.918415551046723, 4.915382755612864, 4.920866142198878, 4.918456734962834, 4.920364824313562, 4.92148893782236, 4.916066290105431, 4.907784174946905, 4.910628828030188, 4.911779903671117, 4.912923275845722, 4.906852944383344, 4.90916457685452, 4.90338134765625, 4.910202767085103, 4.908611705002276, 4.911148515719812, 4.913943985133495, 4.899666499165655, 4.909851963080249, 4.909157169675364], "status": "OK"}