{"data": "data/ptb", "recepie_id": 2008287, "recepies_list_path": "data/new_recepies_fix.json", "cuda": true, "batch_size": 20, "model": "CustomRNN", "emsize": 400, "nhid": 600, "nlayers": 3, "dropout": 0.1, "dropouth": 0.25, "dropouti": 0.4, "dropoute": 0.0, "wdrop": 0.1, "tied": true, "bptt": 70, "lr": 0.001, "wdecay": 1.2e-06, "epochs": 50, "alpha": 2, "beta": 1, "log_interval": 200, "clip": 0.25, "eval_batch_size": 50, "recepie": "{\"node_0\": {\"op\": \"linear\", \"input\": [\"h_prev_0\", \"x\"]}, \"node_1\": {\"op\": \"activation_tanh\", \"input\": [\"node_0\"]}, \"node_3\": {\"op\": \"elementwise_prod\", \"input\": [\"node_0\", \"node_1\"]}, \"node_4\": {\"op\": \"linear\", \"input\": [\"h_prev_2\", \"h_prev_1\"]}, \"node_6\": {\"op\": \"linear\", \"input\": [\"x\", \"h_prev_1\"]}, \"node_7\": {\"op\": \"activation_sigm\", \"input\": [\"node_6\"]}, \"node_16\": {\"op\": \"linear\", \"input\": [\"node_7\", \"h_prev_2\"]}, \"h_new_0\": {\"op\": \"elementwise_sum\", \"input\": [\"h_new_2\", \"node_3\"]}, \"h_new_1\": {\"op\": \"activation_sigm\", \"input\": [\"node_16\"]}, \"h_new_2\": {\"op\": \"activation_leaky_relu\", \"input\": [\"node_4\"]}}", "experiment_id": 999932715, "init_time": "2020-05-09_02-11-21", "num_params": 10976400, "wall_times": [295.3799409866333, 219.0091507434845, 218.24561524391174, 217.86523818969727, 220.18153047561646, 218.0781168937683, 215.6406672000885, 214.40368795394897, 214.22625851631165, 214.83428382873535, 215.09304285049438, 214.6648392677307, 214.84421515464783, 214.61907505989075, 215.28680276870728, 214.97637510299683, 214.35350346565247, 214.81711649894714, 215.24081993103027, 214.9398546218872, 214.86798238754272, 214.19896054267883, 214.1244089603424, 214.38692116737366, 214.805983543396, 214.28624629974365, 215.01385188102722, 215.52361011505127, 215.05560326576233, 208.1037471294403, 206.44446444511414, 211.9594647884369, 213.1910936832428, 213.257474899292, 214.83496284484863, 215.6413013935089, 215.25563168525696, 214.5605821609497, 214.50299167633057, 215.38972997665405, 214.50010871887207, 215.1323800086975, 215.30850052833557, 217.4993281364441, 212.44231271743774, 205.64368510246277, 211.47582697868347, 213.47373294830322, 214.41079998016357, 215.111252784729], "train_losses": [6.063360631488354, 5.629847775805497, 5.499046077403045, 5.269510868834383, 5.1933550676402565, 5.13479514617288, 5.051566870394277, 4.984767915254693, 4.9343554172717985, 4.861366050777258, 4.836623315717283, 4.801282374536066, 4.756332869399172, 4.724659697568716, 4.691590520950998, 4.667881131999355, 4.645550518395998, 4.628641294846969, 4.613536119627777, 4.593555433408638, 4.574995965789898, 4.558686830993492, 4.545442014953472, 4.533004461164004, 4.519240240573396, 4.50293866992093, 4.4954900892905165, 4.483689604512937, 4.477017189096875, 4.46435229075897, 4.456433052283363, 4.4477708467807, 4.4386947145123985, 4.432301752191921, 4.422557033645313, 4.414416754074552, 4.404535880937012, 4.401675373836802, 4.393925908369641, 4.389101245226184, 4.381382036334785, 4.376891035985154, 4.37185079473939, 4.3667038150180195, 4.355447948604163, 4.353641799123231, 4.349094908154483, 4.343030145634985, 4.3401334987359474, 4.33609760771341], "val_losses": [6.073918829449153, 5.667697298728814, 5.559923199152542, 5.364291909427966, 5.301980270127118, 5.261837923728813, 5.198196835275423, 5.148826138771186, 5.115629965572034, 5.064843418961864, 5.051874006885593, 5.031731329449152, 5.006780323093221, 4.994862288135593, 4.973070378707627, 4.962678760593221, 4.955723980402542, 4.948106792902542, 4.943936374470339, 4.935381024894068, 4.9247407971398305, 4.913583156779661, 4.9136970338983055, 4.903657640360169, 4.900590903072034, 4.894534560381356, 4.893050847457627, 4.891090439618644, 4.888190214512712, 4.885127118644068, 4.882126920021187, 4.8865270789194915, 4.877932004766949, 4.874939420021186, 4.870227092161017, 4.873842359639831, 4.8664439883474575, 4.870917306673729, 4.867286811440678, 4.856631024894067, 4.8645130429025425, 4.862675119173729, 4.862338784427966, 4.857960143008475, 4.850015227754238, 4.85812797934322, 4.853934388241526, 4.848270987817797, 4.850400887182204, 4.849693789724577], "test_losses": [6.03699441557949, 5.627142156212075, 5.521243197246663, 5.318568553739381, 5.257519175705401, 5.219467607516687, 5.156226889601031, 5.099854700773665, 5.069052686969053, 5.014590365215413, 4.998478269114078, 4.979166271617111, 4.949788510220722, 4.932777182569781, 4.912879129057949, 4.902879733483768, 4.894856869595722, 4.888005525163076, 4.880221468731038, 4.873357383950243, 4.863781679023817, 4.852892829376517, 4.852916532349818, 4.844083915636378, 4.840948308555825, 4.832394498065837, 4.831795109128489, 4.829606139544144, 4.828751351069478, 4.82521753403747, 4.821464168215261, 4.82442407700622, 4.817581324901395, 4.813353010751669, 4.810938566633799, 4.811925499184618, 4.807251272849666, 4.809118770858617, 4.805245112446905, 4.798782496776395, 4.80167455580628, 4.80210417219736, 4.801354565666717, 4.798912270555219, 4.791842858768204, 4.796309387799606, 4.792931417817051, 4.789721442657767, 4.78910131361878, 4.788698066785497], "status": "OK"}