{"data": "data/ptb", "recepie_id": 2004259, "recepies_list_path": "data/new_recepies_fix.json", "cuda": true, "batch_size": 20, "model": "CustomRNN", "emsize": 400, "nhid": 600, "nlayers": 3, "dropout": 0.1, "dropouth": 0.25, "dropouti": 0.4, "dropoute": 0.0, "wdrop": 0.1, "tied": true, "bptt": 70, "lr": 0.001, "wdecay": 1.2e-06, "epochs": 50, "alpha": 2, "beta": 1, "log_interval": 200, "clip": 0.25, "eval_batch_size": 50, "recepie": "{\"node_0\": {\"op\": \"linear\", \"input\": [\"h_prev_0\", \"x\"]}, \"node_1\": {\"op\": \"activation_tanh\", \"input\": [\"node_0\"]}, \"node_3\": {\"op\": \"linear\", \"input\": [\"h_prev_0\", \"node_1\"]}, \"node_4\": {\"op\": \"activation_sigm\", \"input\": [\"node_3\"]}, \"h_new_0\": {\"op\": \"linear\", \"input\": [\"node_4\", \"x\"]}}", "experiment_id": 999968092, "init_time": "2020-05-13_15-38-27", "num_params": 9214800, "wall_times": [142.87126111984253, 141.19247722625732, 143.35859060287476, 142.1664843559265, 141.98431944847107, 143.17852878570557, 141.93913793563843, 141.99268078804016, 143.28934168815613, 142.54234266281128, 139.612211227417, 142.66885781288147, 143.080144405365, 141.88061141967773, 141.04470920562744, 140.44478225708008, 139.2345745563507, 139.65791082382202, 143.87250971794128, 143.65055394172668, 142.81861662864685, 141.3729808330536, 139.04749178886414, 143.99764347076416, 144.3771255016327, 143.5781078338623, 143.26941871643066, 142.70704340934753, 141.3725242614746, 141.14110326766968, 143.3714907169342, 141.61396431922913, 141.1425976753235, 141.5140082836151, 144.0047516822815, 143.9102692604065, 142.4328203201294, 142.39322304725647, 142.46484375, 141.21465969085693, 144.4720823764801, 144.33326506614685, 143.94241404533386, 143.573584318161, 140.95871019363403, 141.13125681877136, 139.22356963157654, 139.2104663848877, 138.76329469680786, 144.72368741035461], "train_losses": [5.752101991555054, 5.498567435183691, 5.349461769135603, 5.294048531547523, 5.219864450540584, 5.15607056169652, 5.132983953929321, 5.099211732155344, 5.072686800736916, 5.032971683206928, 5.022784462239794, 5.012166085068044, 4.982033056989941, 4.985686538513259, 4.971393248077026, 4.9797293549298045, 4.9283541095153565, 4.9404735490291, 4.92582390336722, 4.916404443010059, 4.8967738085632835, 4.907910749825184, 4.892880795815179, 4.875287017239525, 4.86960298329837, 4.875487046823732, 4.870939735624765, 4.852501294309074, 4.854358711876714, 4.848021640175354, 4.845206938169007, 4.838986690468507, 4.860504999058684, 4.832811407401431, 4.8134303897046955, 4.82751608641278, 4.821174392179011, 4.812132718788662, 4.815529439648217, 4.812145745925448, 4.80478919571298, 4.812776511484051, 4.796571173551719, 4.792632355709752, 4.80081633922328, 4.78699454709268, 4.784032764509709, 4.781615600290463, 4.776034942983164, 4.793247992980475], "val_losses": [5.778798331567796, 5.559863612288136, 5.445893471927966, 5.413225966631356, 5.363881422139831, 5.314166114936441, 5.306676377118644, 5.282090174788135, 5.272212989936441, 5.24222954184322, 5.249611692266949, 5.239170749470339, 5.216383408368644, 5.224488215042373, 5.222777409957627, 5.231548596398305, 5.186394332627119, 5.208215704449152, 5.197715174788136, 5.193706965042373, 5.18037639036017, 5.192780058262712, 5.181213585805085, 5.162770458156779, 5.166574086334745, 5.1736218882415255, 5.1693819518008475, 5.154869902012712, 5.164646451271186, 5.156915386652543, 5.159178363347458, 5.154977158368644, 5.176857454978814, 5.155105601165254, 5.13709580243644, 5.14696967690678, 5.142955508474576, 5.141299986758475, 5.146840240995763, 5.142032574152543, 5.136525092690678, 5.145417439088983, 5.135560778601695, 5.131687632415254, 5.139632547669492, 5.1288178628177965, 5.128627184851695, 5.125290320444916, 5.120556475105932, 5.144187632415254], "test_losses": [5.734164636111954, 5.522789816254551, 5.395879356606493, 5.367554896086165, 5.311310110740291, 5.26177978515625, 5.248254868590716, 5.228280372989988, 5.213231947815534, 5.184239063448119, 5.184531795168386, 5.184066624317355, 5.161675610588592, 5.168618804042779, 5.164378934693568, 5.17694091796875, 5.133621363963895, 5.154867524082221, 5.139256153291869, 5.138449067050971, 5.122378451152913, 5.136086473187197, 5.121194487636529, 5.112238319174757, 5.108944791034587, 5.116969432645631, 5.115123563599818, 5.102224405529429, 5.108175629550971, 5.101986783222087, 5.102873274423544, 5.098824214009405, 5.120864423733313, 5.096699835027306, 5.080799880537015, 5.092076570084951, 5.087109612029733, 5.086455409966626, 5.092621738470874, 5.087605004171723, 5.084410435945085, 5.090521655036408, 5.078857421875, 5.076463421571602, 5.083119809048847, 5.072891383495145, 5.070723154012439, 5.070057693037015, 5.064723931469963, 5.083736086354672], "status": "OK"}