{"data": "data/ptb", "recepie_id": 1010069, "recepies_list_path": "data/models_recepies.json", "cuda": true, "batch_size": 20, "model": "CustomRNN", "emsize": 400, "nhid": 600, "nlayers": 3, "dropout": 0.1, "dropouth": 0.25, "dropouti": 0.4, "dropoute": 0.0, "wdrop": 0.1, "tied": true, "bptt": 70, "lr": 0.001, "wdecay": 1.2e-06, "epochs": 50, "alpha": 2, "beta": 1, "log_interval": 200, "clip": 0.25, "eval_batch_size": 50, "recepie": "{\"node_0\": {\"op\": \"linear\", \"input\": [\"h_prev_0\", \"h_prev_1\"]}, \"node_1\": {\"op\": \"activation_tanh\", \"input\": [\"node_0\"]}, \"node_4\": {\"op\": \"linear\", \"input\": [\"node_1\", \"x\"]}, \"node_10\": {\"op\": \"linear\", \"input\": [\"x\", \"h_new_1\"]}, \"node_11\": {\"op\": \"activation_leaky_relu\", \"input\": [\"node_10\"]}, \"node_13\": {\"op\": \"linear\", \"input\": [\"node_11\", \"h_prev_1\"]}, \"h_new_0\": {\"op\": \"activation_tanh\", \"input\": [\"node_13\"]}, \"h_new_1\": {\"op\": \"activation_leaky_relu\", \"input\": [\"node_4\"]}}", "experiment_id": 999976573, "init_time": "2020-04-15_16-55-48", "num_params": 10976400, "wall_times": [191.00565004348755, 189.1691472530365, 187.95343589782715, 188.0366461277008, 188.26391744613647, 188.26650595664978, 188.1716387271881, 188.0046248435974, 188.27854204177856, 188.0364122390747, 188.13205671310425, 188.12598204612732, 188.21383476257324, 187.9380340576172, 188.29009556770325, 188.23529362678528, 188.38511061668396, 188.29062271118164, 188.13212895393372, 188.20327734947205, 188.1504726409912, 188.2745304107666, 188.17946910858154, 188.2071259021759, 188.2641704082489, 188.2487597465515, 188.4015486240387, 188.16792345046997, 188.24108457565308, 188.3699233531952, 188.3640055656433, 188.38558840751648, 188.23233938217163, 187.98883056640625, 188.1885280609131, 188.09225296974182, 188.2885274887085, 188.1699652671814, 188.2788689136505, 188.17513704299927, 188.0716712474823, 188.01340627670288, 188.13913321495056, 188.2148666381836, 188.0452926158905, 188.18764519691467, 188.0685749053955, 188.39244389533997, 187.79579520225525, 187.87870573997498], "train_losses": [5.54500581598623, 5.210482390672906, 5.0247708904846435, 4.892316846861385, 4.8048156702167715, 4.731425404093378, 4.664110406244958, 4.607839899010274, 4.558281308832231, 4.5112781386154595, 4.484723370851487, 4.44407534223549, 4.414360022994997, 4.3839626701091925, 4.36178249892421, 4.339778824431177, 4.319394296971653, 4.2989832950083375, 4.281051651336668, 4.25766415873272, 4.242533349470174, 4.231735533994944, 4.217085888333064, 4.196968207062557, 4.178745343849174, 4.17293271946103, 4.155040577429939, 4.146383414689904, 4.135198146952827, 4.1238052854876015, 4.124120037921575, 4.114057205099241, 4.101163701522242, 4.092604452423216, 4.075203979748265, 4.073588614786725, 4.06990655760852, 4.057749297375074, 4.040866968560056, 4.046279113549567, 4.040695934860954, 4.028027674681297, 4.028232326797913, 4.015170731133344, 4.012184154967457, 4.002238146145984, 3.9969680389704694, 3.994105850949384, 3.990120807783336, 3.979876435506428], "val_losses": [5.5819306144067795, 5.301057004766949, 5.1607282838983055, 5.070107918432203, 5.013750993114407, 4.969301509533898, 4.930387314618644, 4.899379634533898, 4.8747739009533895, 4.852140492584746, 4.837968418961864, 4.8229257150423726, 4.813049192266949, 4.798811904131356, 4.792211334745763, 4.786725370762712, 4.775691869703389, 4.768586798199152, 4.769482918432203, 4.762372219279661, 4.755583289194916, 4.749812963453389, 4.7475192002118645, 4.749795087394068, 4.747918763241525, 4.739112155720339, 4.739453125, 4.738759600105932, 4.737939287605932, 4.735623344809322, 4.73548596398305, 4.7295070842161016, 4.727612221927966, 4.730032772775424, 4.729184322033898, 4.722934653072034, 4.725938493114406, 4.720790188029661, 4.724938757944916, 4.71996921345339, 4.720095338983051, 4.722648636122881, 4.718439817266949, 4.718281912076272, 4.717878376588983, 4.725295286016949, 4.716837261652542, 4.718468948622881, 4.713179290254237, 4.718859242584746], "test_losses": [5.536928047254247, 5.256381432986954, 5.114064633267597, 5.022204945388349, 4.967637737977852, 4.923609465071299, 4.882803907672178, 4.853536661388804, 4.82815907302412, 4.805125708718902, 4.792172033809921, 4.776977835349666, 4.764468591190079, 4.75254362532236, 4.745682503413228, 4.739452473168234, 4.729504038986651, 4.724660928966929, 4.721121482478762, 4.712900402476486, 4.707323389145935, 4.703596096594357, 4.701851261472239, 4.701727413436742, 4.699676217384709, 4.693029014809618, 4.690867599931735, 4.692554066482099, 4.686205225083435, 4.686503289972694, 4.686151004532008, 4.680420810736499, 4.677570824484223, 4.677955701513198, 4.679352399214958, 4.67666981521162, 4.675143640018204, 4.673530356397906, 4.675911023778823, 4.671289536559466, 4.672431131011074, 4.672951707562197, 4.670734886984223, 4.669170787033526, 4.668046377237561, 4.671586120012894, 4.667050556071754, 4.664773292911863, 4.661601835084193, 4.665611785592385], "status": "OK"}