{"data": "data/ptb", "recepie_id": 2003751, "recepies_list_path": "data/new_recepies_fix.json", "cuda": true, "batch_size": 20, "model": "CustomRNN", "emsize": 400, "nhid": 600, "nlayers": 3, "dropout": 0.1, "dropouth": 0.25, "dropouti": 0.4, "dropoute": 0.0, "wdrop": 0.1, "tied": true, "bptt": 70, "lr": 0.001, "wdecay": 1.2e-06, "epochs": 50, "alpha": 2, "beta": 1, "log_interval": 200, "clip": 0.25, "eval_batch_size": 50, "recepie": "{\"node_3\": {\"op\": \"linear\", \"input\": [\"x\", \"h_prev_1\"]}, \"node_5\": {\"op\": \"linear\", \"input\": [\"h_prev_0\", \"x\"]}, \"node_6\": {\"op\": \"activation_leaky_relu\", \"input\": [\"node_5\"]}, \"node_9\": {\"op\": \"linear\", \"input\": [\"x\", \"node_6\"]}, \"h_new_0\": {\"op\": \"activation_sigm\", \"input\": [\"node_9\"]}, \"h_new_1\": {\"op\": \"activation_leaky_relu\", \"input\": [\"node_3\"]}}", "experiment_id": 999987039, "init_time": "2020-05-11_19-32-08", "num_params": 9174800, "wall_times": [156.87332844734192, 157.56613039970398, 154.02979373931885, 151.28275203704834, 153.9782257080078, 152.31913924217224, 152.83176732063293, 152.18856501579285, 147.4626109600067, 150.31287622451782, 151.46163201332092, 153.27983975410461, 153.1714584827423, 150.99483013153076, 149.5989751815796, 151.74071097373962, 151.17074275016785, 147.97725009918213, 151.15623831748962, 150.0725622177124, 149.5224208831787, 151.88077211380005, 149.81505632400513, 151.8650062084198, 151.04705119132996, 148.91071486473083, 150.8308389186859, 151.03455018997192, 151.03791666030884, 150.09884643554688, 150.7744631767273, 152.23786735534668, 150.57267594337463, 148.51967811584473, 149.74776196479797, 151.03725385665894, 150.7131929397583, 150.69051456451416, 150.06450653076172, 151.5359308719635, 151.38766312599182, 151.05034255981445, 151.429758310318, 149.45249795913696, 151.42291951179504, 150.4928662776947, 151.61648774147034, 150.51497626304626, 151.70291090011597, 150.43686985969543], "train_losses": [5.948554155908773, 5.714011063821204, 5.560332032300575, 5.461804855171858, 5.389150412161799, 5.3334867173632405, 5.282573304959389, 5.242227421870798, 5.204573113334409, 5.177637196761874, 5.151358520251735, 5.126910366575225, 5.105708071109676, 5.0904877528105, 5.069068618551987, 5.051864393389274, 5.029926695040611, 5.021343072588887, 5.0007005237749445, 4.989285390108117, 4.972951881959013, 4.961616171803561, 4.952142081517938, 4.94690097022753, 4.93757816282072, 4.921835498359421, 4.91256395903932, 4.900261719380345, 4.893574595906622, 4.885377585256307, 4.87667419719219, 4.871607481442633, 4.869573987413265, 4.860883626485934, 4.852546679172718, 4.84249729371739, 4.840501620407724, 4.8350264408853745, 4.827512724571029, 4.820638598649884, 4.8140451865149805, 4.809911802081652, 4.807354701199505, 4.80002420526061, 4.7951100330805225, 4.7923327315636595, 4.788723374213329, 4.782413617476198, 4.779969558522941, 4.782065246624711], "val_losses": [5.963424258474577, 5.750718352754237, 5.6209686175847455, 5.544582891949153, 5.49088188559322, 5.448428561970339, 5.41484077065678, 5.391263241525424, 5.366907441737288, 5.35210109904661, 5.337883342161017, 5.321823027012712, 5.309217425847458, 5.302591035487288, 5.290338983050847, 5.281385725635594, 5.269696106991526, 5.268439155190678, 5.260025158898305, 5.253768538135593, 5.244619306144068, 5.239659361758474, 5.237182865466102, 5.235293299788135, 5.232591697563559, 5.224967558262712, 5.2246732653601695, 5.218038268008475, 5.217654263771187, 5.216378111758474, 5.212951536016949, 5.20965141684322, 5.211517147775424, 5.209087658898305, 5.20576171875, 5.206247682733051, 5.206318193855933, 5.205825609110169, 5.201850172139831, 5.198986030190678, 5.195090373411017, 5.194823225635593, 5.1963506355932205, 5.190251257944915, 5.189389565677966, 5.189609706038135, 5.192833686440678, 5.187204382944915, 5.187437433792373, 5.190948093220339], "test_losses": [5.908265937879247, 5.701593787924757, 5.565233545395935, 5.486123094280947, 5.431926245828277, 5.39159919220267, 5.354634997914139, 5.331838663341929, 5.304510912848908, 5.28864236479824, 5.273816747572815, 5.259313490784284, 5.245755982630461, 5.239620467991505, 5.227001597580401, 5.217700550857099, 5.205455594849818, 5.201197355696299, 5.193094494273361, 5.186808465753944, 5.176847883798544, 5.170511486460861, 5.169449593256978, 5.169523665048544, 5.165751929422027, 5.158824735474818, 5.155908084610133, 5.148599272792779, 5.148295874734527, 5.146169125455097, 5.141663782804915, 5.139953020706917, 5.140331675705401, 5.138625061627731, 5.137049999051881, 5.136447943530037, 5.136178914783071, 5.135412123596784, 5.130765155681129, 5.129513046116505, 5.126124113508799, 5.124955556925061, 5.126501583358617, 5.123558859223301, 5.121204561400182, 5.123889515700849, 5.123421974552488, 5.118880484868022, 5.119625943378337, 5.122672960596177], "status": "OK"}