{"data": "data/ptb", "recepie_id": 2005044, "recepies_list_path": "data/new_recepies_fix.json", "cuda": true, "batch_size": 20, "model": "CustomRNN", "emsize": 400, "nhid": 600, "nlayers": 3, "dropout": 0.1, "dropouth": 0.25, "dropouti": 0.4, "dropoute": 0.0, "wdrop": 0.1, "tied": true, "bptt": 70, "lr": 0.001, "wdecay": 1.2e-06, "epochs": 50, "alpha": 2, "beta": 1, "log_interval": 200, "clip": 0.25, "eval_batch_size": 50, "recepie": "{\"node_0\": {\"op\": \"linear\", \"input\": [\"h_prev_0\", \"x\"]}, \"node_1\": {\"op\": \"activation_sigm\", \"input\": [\"node_0\"]}, \"node_4\": {\"op\": \"linear\", \"input\": [\"h_prev_0\", \"x\", \"node_1\"]}, \"node_5\": {\"op\": \"activation_leaky_relu\", \"input\": [\"node_4\"]}, \"node_6\": {\"op\": \"linear\", \"input\": [\"node_1\", \"x\", \"node_5\"]}, \"node_7\": {\"op\": \"activation_leaky_relu\", \"input\": [\"node_6\"]}, \"node_9\": {\"op\": \"linear\", \"input\": [\"node_7\", \"h_prev_0\", \"node_1\"]}, \"h_new_0\": {\"op\": \"activation_sigm\", \"input\": [\"node_9\"]}}", "experiment_id": 999995006, "init_time": "2020-05-07_17-39-14", "num_params": 13576400, "wall_times": [242.75833225250244, 242.35270190238953, 236.81636953353882, 236.18272137641907, 236.12417125701904, 236.0273630619049, 236.16979432106018, 236.18234276771545, 236.35158848762512, 236.19150710105896, 236.22011995315552, 236.3723545074463, 236.38077664375305, 235.60821676254272, 236.58460927009583, 238.21599292755127, 237.90603518486023, 237.5386278629303, 237.65211629867554, 237.68612623214722, 237.70719194412231, 237.94522094726562, 241.77449989318848, 250.34148955345154, 247.9452555179596, 249.6384711265564, 249.4288728237152, 248.5948760509491, 249.44741702079773, 250.55980157852173, 250.21009159088135, 235.12168145179749, 235.26006817817688, 235.3060371875763, 235.14736700057983, 235.16961860656738, 235.37231159210205, 235.42200708389282, 235.34883856773376, 235.3715262413025, 237.25716614723206, 246.00904321670532, 237.08468103408813, 235.98472142219543, 236.09785723686218, 236.05193090438843, 235.9513897895813, 235.93098974227905, 236.03769445419312, 236.18072628974915], "train_losses": [6.197190508848368, 5.969887142972406, 5.841202984643107, 5.701916417890377, 5.621205321123124, 5.549321160104352, 5.493778491608843, 5.431919342692701, 5.380496191033296, 5.337075063202625, 5.2948213349201225, 5.261399164918509, 5.239179912323167, 5.206534747996343, 5.187065061723414, 5.162005052848152, 5.143853208541768, 5.12446546716153, 5.107777284707654, 5.091341240385133, 5.073354966785003, 5.060662753482868, 5.048228561535152, 5.039428100290463, 5.0222772443655535, 5.009956094346727, 5.004166162390404, 4.9884108910225375, 4.980438283309128, 4.9685003832499595, 4.960940861841752, 4.950472086627938, 4.9469711486740895, 4.935848495239632, 4.928320491097843, 4.92077063498467, 4.91872957681136, 4.908791972594266, 4.9040748883868535, 4.901334567129256, 4.893629225835081, 4.886918569469098, 4.880878600532515, 4.87394648284116, 4.869261756360604, 4.864960279839708, 4.85950737251896, 4.855389956833952, 4.847592164891614, 4.840026760260341], "val_losses": [6.209157176906779, 5.994647775423728, 5.879332627118644, 5.751513506355932, 5.683418299788135, 5.622167637711865, 5.576548596398305, 5.527128244173729, 5.486160288665254, 5.450703787076272, 5.418251125529661, 5.394842425847457, 5.37946669756356, 5.35686374470339, 5.341800185381356, 5.32630031779661, 5.3117710540254235, 5.298373609639831, 5.290944451800847, 5.279801046080508, 5.267632415254237, 5.261796543961864, 5.25530124470339, 5.253755627648305, 5.2407766154661015, 5.233898305084746, 5.232226893538136, 5.223311374470339, 5.2159765625, 5.209653403072034, 5.207344412076271, 5.2054313426906775, 5.202517876059322, 5.1950082759533895, 5.192573821504237, 5.190006289724576, 5.189454780190678, 5.185303561970339, 5.18286579713983, 5.183031978283898, 5.178396451271187, 5.176103681144068, 5.173822497351695, 5.169538532838983, 5.1694951668432205, 5.168648040254237, 5.162288797669492, 5.157858514300847, 5.159307799258475, 5.155479343220339], "test_losses": [6.146452968560376, 5.938144720873787, 5.828194923771238, 5.696254693188713, 5.626274034814927, 5.56420424378034, 5.517911744349211, 5.4661865234375, 5.427244316027003, 5.392787303739381, 5.361345309655643, 5.336115272299757, 5.322291698270631, 5.296613082145024, 5.282542404619235, 5.264781766724818, 5.250859825356493, 5.238030591057342, 5.230061651433556, 5.217810177108617, 5.204305408070389, 5.197756869121663, 5.188804256105886, 5.187112456386529, 5.175148973187197, 5.167159886036105, 5.165577119993932, 5.156808797595571, 5.149975822967233, 5.144025191520024, 5.140786772792779, 5.134850363129551, 5.133303744121663, 5.12786391174909, 5.126294182342233, 5.123468787924757, 5.121868837226942, 5.118169395668993, 5.114954087340716, 5.115345186400182, 5.111092280415655, 5.107893564168689, 5.104837658335861, 5.101301174719357, 5.099556043310073, 5.098926136794599, 5.09509040314017, 5.090283440154733, 5.088515790920813, 5.084102889866505], "status": "OK"}