{"data": "data/ptb", "recepie_id": 2004943, "recepies_list_path": "data/new_recepies_fix.json", "cuda": true, "batch_size": 20, "model": "CustomRNN", "emsize": 400, "nhid": 600, "nlayers": 3, "dropout": 0.1, "dropouth": 0.25, "dropouti": 0.4, "dropoute": 0.0, "wdrop": 0.1, "tied": true, "bptt": 70, "lr": 0.001, "wdecay": 1.2e-06, "epochs": 50, "alpha": 2, "beta": 1, "log_interval": 200, "clip": 0.25, "eval_batch_size": 50, "recepie": "{\"node_0\": {\"op\": \"linear\", \"input\": [\"h_prev_2\", \"h_prev_0\"]}, \"node_2\": {\"op\": \"linear\", \"input\": [\"x\", \"h_prev_2\"]}, \"node_3\": {\"op\": \"activation_sigm\", \"input\": [\"node_2\"]}, \"node_4\": {\"op\": \"blend\", \"input\": [\"h_prev_1\", \"h_prev_2\", \"node_0\"]}, \"node_5\": {\"op\": \"linear\", \"input\": [\"node_3\", \"h_new_2\"]}, \"node_8\": {\"op\": \"elementwise_sum\", \"input\": [\"node_4\", \"node_0\"]}, \"node_11\": {\"op\": \"linear\", \"input\": [\"h_prev_0\", \"h_prev_1\"]}, \"h_new_0\": {\"op\": \"blend\", \"input\": [\"h_new_2\", \"node_5\", \"node_8\"]}, \"h_new_1\": {\"op\": \"activation_leaky_relu\", \"input\": [\"node_11\"]}, \"h_new_2\": {\"op\": \"activation_sigm\", \"input\": [\"node_0\"]}}", "experiment_id": 999971888, "init_time": "2020-05-11_20-43-30", "num_params": 11016400, "wall_times": [248.516925573349, 245.76533603668213, 243.99147963523865, 244.16366362571716, 244.22619700431824, 244.2193043231964, 244.09815382957458, 244.20551991462708, 244.37495851516724, 244.28269028663635, 244.22482419013977, 244.29718613624573, 244.2772467136383, 244.11180567741394, 243.99991846084595, 244.28323674201965, 244.19538164138794, 244.45153164863586, 244.43874430656433, 244.16463494300842, 244.34560680389404, 244.41903471946716, 244.22082233428955, 244.28088974952698, 244.59953951835632, 244.38022804260254, 244.59735703468323, 244.51916193962097, 243.95472121238708, 244.09070372581482, 244.3885533809662, 244.37402820587158, 244.39057874679565, 244.38895392417908, 244.55848836898804, 243.78660988807678, 243.61628532409668, 243.73771834373474, 243.63232040405273, 243.79063034057617, 243.66330194473267, 243.7226104736328, 243.81172609329224, 243.82610511779785, 243.64972233772278, 244.35133910179138, 244.18325805664062, 244.27059936523438, 244.0900161266327, 244.01802492141724], "train_losses": [6.324221901726642, 6.017784563095046, 5.812334009063525, 5.669867980474423, 5.561662481173686, 5.466737097251358, 5.396336769135603, 5.339546437120112, 5.290137448900006, 5.247408020009682, 5.199913180436771, 5.179068921117745, 5.14608421077403, 5.107295700876769, 5.0802921272389865, 5.057198795788285, 5.036611297133021, 5.007010700742295, 4.990850327443386, 4.973757463288688, 4.956327574498413, 4.935367751869184, 4.932865280915497, 4.910411960088215, 4.891262909472325, 4.883292823140229, 4.862279211042978, 4.857998746033027, 4.836451021327524, 4.830510226722608, 4.820871406191168, 4.826747065112151, 4.805002252433973, 4.796340887391748, 4.786682736270238, 4.772852539535259, 4.763411227206713, 4.748012311064493, 4.741169702409768, 4.733956450701952, 4.736340836964122, 4.7308870891829375, 4.714709486445054, 4.726247327335807, 4.722208074471519, 4.693096626055619, 4.68771851971384, 4.682174422435587, 4.6725024037168525, 4.665882937308375], "val_losses": [6.329950344279661, 6.038032971398305, 5.850373411016949, 5.724859639830508, 5.629038003177966, 5.552048463983051, 5.489423331567797, 5.446986228813559, 5.407305680614407, 5.3752108712923725, 5.337826072563559, 5.327418564618644, 5.303540783898305, 5.268707296080509, 5.2503125, 5.23357421875, 5.219090969279661, 5.197047470868644, 5.189620961334746, 5.176257613877119, 5.168777145127119, 5.152116657838983, 5.153704316737288, 5.136606528072034, 5.118972126588983, 5.118470272775424, 5.10137314618644, 5.102006422139831, 5.0819206832627115, 5.085297934322034, 5.077682070974577, 5.085287010063559, 5.06771782309322, 5.059351496292373, 5.056875, 5.048904925847458, 5.039636520127119, 5.030637910487288, 5.026606528072034, 5.021602224576271, 5.028000529661017, 5.02207858845339, 5.009702727754237, 5.021025887182203, 5.01772841631356, 4.99864936440678, 4.993148172669492, 4.9893359375, 4.981924655720339, 4.980255892478813], "test_losses": [6.269234370259405, 5.988780790162318, 5.802530529429611, 5.681129825925364, 5.580529074067051, 5.500136292096481, 5.439075062575849, 5.396214753678701, 5.355582524271845, 5.323378479596481, 5.283609038417779, 5.268771569705704, 5.243411165996663, 5.212148129361347, 5.196913043272148, 5.17742682892142, 5.161425544220267, 5.141592673885012, 5.134176606113471, 5.115250967081311, 5.109010566785497, 5.091331704148969, 5.091898205210861, 5.077591090526395, 5.062552739115595, 5.062708586165049, 5.044943800250303, 5.044657586847694, 5.025607507205704, 5.026405704831614, 5.01941629057949, 5.022853814282463, 5.009766217574333, 5.004360161938713, 5.000286805976942, 4.990018677942961, 4.984473959913531, 4.970397652931584, 4.969320649082221, 4.964568499222542, 4.96716782653216, 4.962189313277458, 4.950938993287318, 4.960429663797027, 4.958297285061438, 4.939459643317658, 4.93541769379551, 4.932942510808556, 4.926245235702367, 4.922306097826912], "status": "OK"}