{"data": "data/ptb", "recepie_id": 1001851, "recepies_list_path": "data/models_recepies.json", "cuda": true, "batch_size": 20, "model": "CustomRNN", "emsize": 400, "nhid": 600, "nlayers": 3, "dropout": 0.1, "dropouth": 0.25, "dropouti": 0.4, "dropoute": 0.0, "wdrop": 0.1, "tied": true, "bptt": 70, "lr": 0.001, "wdecay": 1.2e-06, "epochs": 50, "alpha": 2, "beta": 1, "log_interval": 200, "clip": 0.25, "eval_batch_size": 50, "recepie": "{\"node_0\": {\"op\": \"linear\", \"input\": [\"h_prev_0\", \"x\"]}, \"node_1\": {\"op\": \"activation_sigm\", \"input\": [\"node_0\"]}, \"node_2\": {\"op\": \"elementwise_prod\", \"input\": [\"node_1\", \"node_0\"]}, \"node_6\": {\"op\": \"linear\", \"input\": [\"h_prev_0\", \"x\"]}, \"node_7\": {\"op\": \"activation_leaky_relu\", \"input\": [\"node_6\"]}, \"h_new_0\": {\"op\": \"elementwise_sum\", \"input\": [\"node_2\", \"node_7\"]}}", "experiment_id": 999937800, "init_time": "2020-04-17_21-14-30", "num_params": 7453200, "wall_times": [237.15578985214233, 214.4374566078186, 193.9959716796875, 109.66038990020752, 111.14486312866211, 117.95723605155945, 118.30509233474731, 117.55241823196411, 117.8903272151947, 117.642014503479, 117.50781083106995, 117.91154050827026, 116.05043649673462, 118.13821530342102, 118.78525233268738, 117.32667016983032, 110.94353151321411, 111.3928918838501, 113.66961216926575, 112.80574488639832, 112.78134846687317, 113.35292792320251, 111.81477880477905, 110.36066246032715, 111.11168479919434, 114.35427522659302, 118.16750812530518, 118.20001888275146, 115.84368705749512, 115.70545387268066, 116.61512517929077, 113.16864061355591, 111.63560247421265, 115.98977756500244, 116.59477591514587, 117.03845930099487, 117.19791221618652, 117.1160032749176, 115.94451308250427, 117.90705800056458, 116.9822268486023, 116.01749420166016, 116.21166801452637, 116.67068672180176, 116.59728026390076, 115.8813853263855, 116.58259654045105, 116.38782620429993, 116.08909201622009, 116.24207186698914], "train_losses": [5.4163380466354685, 5.105642094965305, 4.94263941557743, 4.829333582109623, 4.739780421306008, 4.666316194664085, 4.603163577134097, 4.556194445565058, 4.510391032623312, 4.472501395164326, 4.440216368135119, 4.409425679764402, 4.385423390350169, 4.363563014361788, 4.343658810042494, 4.319097194206874, 4.297710837905438, 4.27771838524017, 4.2636057937980745, 4.249085579043623, 4.232881501801947, 4.216013460814373, 4.209227583239202, 4.196629081275886, 4.19057902681405, 4.171240032139207, 4.163051426093271, 4.153708867866172, 4.140009782959496, 4.134608143725458, 4.120775845839384, 4.1133562610940775, 4.107957563471572, 4.096933664138562, 4.084174634231617, 4.075558233822817, 4.062202897235221, 4.06634762788446, 4.061413284653865, 4.056094010542735, 4.0450554031520625, 4.040604744903448, 4.0390994802592655, 4.031668549298048, 4.020325695228874, 4.02103000107579, 4.0118240176698405, 4.007021206497768, 3.996785659055457, 3.9932599275186917], "val_losses": [5.462538400423729, 5.2127088850635594, 5.0986920683262715, 5.021132150423729, 4.967441075211864, 4.927528800317797, 4.89160454184322, 4.868372947563559, 4.849797735699153, 4.830879899364406, 4.819072762182204, 4.807136851165255, 4.799546146716102, 4.791671742584746, 4.784276019597457, 4.780782905190678, 4.771093418961865, 4.764313095868644, 4.761592624470339, 4.760210209216102, 4.761047404661017, 4.753014102224577, 4.752936970338983, 4.750390956038135, 4.7499437235169495, 4.740382018008474, 4.7402959480932205, 4.737267942266949, 4.733589777542373, 4.742600966631356, 4.734255826271187, 4.72814751059322, 4.73571140095339, 4.729436573093221, 4.729012844279661, 4.721196040783898, 4.722023305084746, 4.729077065677966, 4.723309719279661, 4.723192531779661, 4.719989737817796, 4.718647709216102, 4.716635990466101, 4.715309189618644, 4.709515691207627, 4.714580905720339, 4.7169342558262715, 4.715169160487288, 4.7109103548728815, 4.710820974576271], "test_losses": [5.427391274461469, 5.171094579604065, 5.056442112598605, 4.977438917437803, 4.923313770479369, 4.882386142767749, 4.848314600083435, 4.820694117870145, 4.802249649195995, 4.783990952575091, 4.769498065837379, 4.761045585558253, 4.751933570047027, 4.743561679877124, 4.738865232004703, 4.730302829186893, 4.724095613053701, 4.716747395043234, 4.713353129266535, 4.712857737124545, 4.709547616903064, 4.702717901433556, 4.704082896408526, 4.698655804384102, 4.70129868590716, 4.693535665863926, 4.691666093844812, 4.693031088819781, 4.686123449825546, 4.690810712795813, 4.687293191557949, 4.683035248691596, 4.688391528083283, 4.679014039271086, 4.676237532236044, 4.670447192145783, 4.673858938865291, 4.675847322038076, 4.672352911199181, 4.678207249317355, 4.671061988015777, 4.6711671699598, 4.671082431830249, 4.673115850652306, 4.665614748464047, 4.669093456083131, 4.667889641326608, 4.664830772622118, 4.661405692980128, 4.663014532292931], "status": "OK"}