{"data": "data/ptb", "recepie_id": 2002301, "recepies_list_path": "data/new_recepies_fix.json", "cuda": true, "batch_size": 20, "model": "CustomRNN", "emsize": 400, "nhid": 600, "nlayers": 3, "dropout": 0.1, "dropouth": 0.25, "dropouti": 0.4, "dropoute": 0.0, "wdrop": 0.1, "tied": true, "bptt": 70, "lr": 0.001, "wdecay": 1.2e-06, "epochs": 50, "alpha": 2, "beta": 1, "log_interval": 200, "clip": 0.25, "eval_batch_size": 50, "recepie": "{\"node_0\": {\"op\": \"linear\", \"input\": [\"h_prev_1\", \"x\", \"h_prev_0\"]}, \"node_1\": {\"op\": \"activation_sigm\", \"input\": [\"node_0\"]}, \"node_3\": {\"op\": \"linear\", \"input\": [\"node_1\", \"x\"]}, \"node_14\": {\"op\": \"linear\", \"input\": [\"h_prev_0\", \"h_new_0\"]}, \"h_new_0\": {\"op\": \"activation_sigm\", \"input\": [\"node_3\"]}, \"h_new_1\": {\"op\": \"activation_leaky_relu\", \"input\": [\"node_14\"]}}", "experiment_id": 999934750, "init_time": "2020-05-16_00-18-01", "num_params": 10094800, "wall_times": [163.90318608283997, 163.38963317871094, 163.0900001525879, 162.14207553863525, 160.52079892158508, 161.1875011920929, 161.0823884010315, 160.60332894325256, 161.18692016601562, 161.36405158042908, 161.15106916427612, 161.14056134223938, 161.5039098262787, 161.14828491210938, 160.8872344493866, 161.57162737846375, 161.17607069015503, 161.4387023448944, 161.03202891349792, 160.94880485534668, 160.97659015655518, 160.81208682060242, 161.0236701965332, 160.79419422149658, 160.8451235294342, 160.76643013954163, 160.780122756958, 160.6616358757019, 160.6874964237213, 160.54626369476318, 160.49054765701294, 160.92911958694458, 160.75704717636108, 160.99338006973267, 161.29401230812073, 161.43304681777954, 161.54683256149292, 161.3440718650818, 161.53717160224915, 161.29194402694702, 161.37857842445374, 161.43925619125366, 161.26971626281738, 161.20422768592834, 160.77391052246094, 161.3807442188263, 161.15031266212463, 160.83497262001038, 160.54193782806396, 160.9275095462799], "train_losses": [5.980319778387392, 5.7332765182077345, 5.581343543246732, 5.489941789710075, 5.4188632100209775, 5.357297381797644, 5.310988431902533, 5.270965285622075, 5.233495878382013, 5.201183116158356, 5.182381595933516, 5.1609725472002586, 5.146539320101124, 5.131772430208165, 5.128640454386531, 5.10862951159163, 5.102465154510247, 5.082466398391695, 5.074375705986768, 5.068037793824969, 5.055693951374321, 5.0498321600505625, 5.040087441503953, 5.03741183570007, 5.025448721827766, 5.018503576999623, 5.008650018826314, 5.000275671023614, 4.986356805712441, 4.979575550669679, 4.969236206363294, 4.963738754639341, 4.953372515598946, 4.949170213409714, 4.9420069690979505, 4.937759282045076, 4.931169651982142, 4.924321160104352, 4.921118165375719, 4.915223596094885, 4.908409563095046, 4.906416831396912, 4.9035571647571405, 4.899899060701415, 4.893948600801463, 4.890861169383035, 4.888514603840568, 4.884605622344145, 4.879320807110967, 4.8761308395191225], "val_losses": [5.993046875, 5.76814155190678, 5.639198225635593, 5.569297537076271, 5.514218418961865, 5.471206634004237, 5.438219345868644, 5.4121924655720335, 5.391181144067796, 5.372774099576271, 5.368550384004237, 5.356569451800848, 5.350081435381356, 5.343468948622881, 5.342565876588983, 5.336577727754237, 5.334836467161017, 5.324867253707627, 5.324152211334746, 5.323447100105932, 5.317835341631356, 5.319265426377119, 5.316898834745762, 5.318100172139831, 5.314641816737288, 5.31017876059322, 5.309588188559322, 5.3043021716101695, 5.301901814088983, 5.299017809851695, 5.29761189088983, 5.295904727224576, 5.291076204978814, 5.290991128177966, 5.289500794491525, 5.286277476165254, 5.28543498411017, 5.283985368114407, 5.287933990995763, 5.285840174788135, 5.284897047139831, 5.2852224576271185, 5.284767942266949, 5.285007613877118, 5.282067664194916, 5.282316935911017, 5.283595736228814, 5.283771848516949, 5.28301079184322, 5.281429422669492], "test_losses": [5.940796491011833, 5.719482421875, 5.583904377465109, 5.510777741959951, 5.456506821715716, 5.411475913038531, 5.379319866884102, 5.354290119652609, 5.330881655794903, 5.311502104824029, 5.303415242908071, 5.291578570615898, 5.284668561324333, 5.278538972428701, 5.278705485816141, 5.270705139752731, 5.268753792475728, 5.25823974609375, 5.256425876061893, 5.256357137439321, 5.250439690154733, 5.250395247079794, 5.246539365898058, 5.246281003489078, 5.242090317809466, 5.240010974476639, 5.237550013273665, 5.233231924112561, 5.229251602320995, 5.228005418499697, 5.226452281174151, 5.223617998141687, 5.22033928435983, 5.219035620828277, 5.217588554308253, 5.217272712189017, 5.215323735209345, 5.213159653746966, 5.216128451152913, 5.214100069212682, 5.212649447246663, 5.212663669030643, 5.212550487333131, 5.212851515094053, 5.210997350007585, 5.210978387628944, 5.212638780908677, 5.212853292817051, 5.211515259974211, 5.209483915162318], "status": "OK"}