{"data": "data/ptb", "recepie_id": 2011753, "recepies_list_path": "data/new_recepies_fix.json", "cuda": true, "batch_size": 20, "model": "CustomRNN", "emsize": 400, "nhid": 600, "nlayers": 3, "dropout": 0.1, "dropouth": 0.25, "dropouti": 0.4, "dropoute": 0.0, "wdrop": 0.1, "tied": true, "bptt": 70, "lr": 0.001, "wdecay": 1.2e-06, "epochs": 50, "alpha": 2, "beta": 1, "log_interval": 200, "clip": 0.25, "eval_batch_size": 50, "recepie": "{\"node_2\": {\"op\": \"linear\", \"input\": [\"h_prev_0\", \"x\"]}, \"node_3\": {\"op\": \"activation_sigm\", \"input\": [\"node_2\"]}, \"node_4\": {\"op\": \"linear\", \"input\": [\"x\", \"h_prev_0\", \"h_prev_1\"]}, \"node_5\": {\"op\": \"activation_leaky_relu\", \"input\": [\"node_4\"]}, \"node_12\": {\"op\": \"linear\", \"input\": [\"node_3\", \"x\"]}, \"node_13\": {\"op\": \"activation_tanh\", \"input\": [\"node_12\"]}, \"node_16\": {\"op\": \"linear\", \"input\": [\"node_13\", \"node_3\", \"h_prev_0\"]}, \"node_17\": {\"op\": \"activation_leaky_relu\", \"input\": [\"node_16\"]}, \"h_new_0\": {\"op\": \"linear\", \"input\": [\"node_13\", \"node_17\"]}, \"h_new_1\": {\"op\": \"linear\", \"input\": [\"node_5\", \"x\", \"node_3\"]}}", "experiment_id": 999908135, "init_time": "2020-05-15_00-49-29", "num_params": 17059600, "wall_times": [254.11941170692444, 252.07139587402344, 252.23033332824707, 253.25669145584106, 247.57555842399597, 247.52556347846985, 247.8278787136078, 247.51077318191528, 247.67096734046936, 247.73253846168518, 247.62824702262878, 247.66070580482483, 247.6546905040741, 247.58503127098083, 247.53270483016968, 247.53003907203674, 247.5893838405609, 247.66010451316833, 247.61301064491272, 247.51010251045227, 247.7931797504425, 247.47185444831848, 247.42612600326538, 247.56619358062744, 247.3209445476532, 247.08763670921326, 246.95108652114868, 249.43911290168762, 247.81577730178833, 247.8510298728943, 247.688866853714, 247.8136990070343, 247.90133547782898, 247.9401683807373, 247.96747732162476, 247.84539484977722, 247.81639695167542, 247.7750587463379, 247.9370572566986, 247.69135570526123, 247.839524269104, 247.67244386672974, 247.7993447780609, 247.73968815803528, 247.8830041885376, 247.72566485404968, 247.8631682395935, 247.81582236289978, 247.88195610046387, 247.13866782188416], "train_losses": [5.650241968560056, 5.397509631676618, 5.249767612688935, 5.1538975512344685, 5.0727683253993865, 5.016140202248399, 4.9728060620730465, 4.933894844951858, 4.898602650476037, 4.86975552686784, 4.851438111855199, 4.823751664111667, 4.799403104997041, 4.783979395271905, 4.758318877413802, 4.737851144370932, 4.722695961755688, 4.7077374468829, 4.700168260179657, 4.684157068608466, 4.6752343203700715, 4.6626236317304075, 4.647020483701791, 4.649032966220214, 4.616750880802539, 4.615607434376849, 4.597594686272927, 4.598468344898069, 4.585443309262546, 4.578616249125921, 4.5796479143133775, 4.559988283981497, 4.557815273519445, 4.556286055752784, 4.555981809074283, 4.538502753348395, 4.53768498534237, 4.529666572535097, 4.522806734441397, 4.515573311683072, 4.512082459254478, 4.513213719003819, 4.507157361088699, 4.498382113657146, 4.4992024030444835, 4.491217188424507, 4.483347116884514, 4.478278720214082, 4.475245918724114, 4.4729317109085045], "val_losses": [5.680282706567796, 5.46660454184322, 5.353097854872881, 5.281780654131356, 5.224581898834746, 5.18680515095339, 5.15935844809322, 5.133309719279661, 5.113538466631356, 5.093441141419492, 5.084824549788135, 5.069254502118644, 5.0549619306144065, 5.048877780720339, 5.03150688559322, 5.025077793961865, 5.014178363347457, 5.004701734639831, 5.006594279661017, 4.9901751191737285, 4.992050450211864, 4.984810315148305, 4.9773450741525425, 4.990005296610169, 4.958779462394068, 4.960798795021186, 4.951217889300848, 4.953509997351695, 4.946157309322034, 4.943895325741526, 4.948844014830509, 4.931151350635593, 4.937481130826272, 4.940185050317797, 4.940868975105932, 4.926431739936441, 4.929366393008475, 4.926103681144068, 4.923772841631356, 4.919247550317797, 4.9183464645127115, 4.91961235434322, 4.913500728283898, 4.910876257944915, 4.910707097457627, 4.907664856991525, 4.907338122351695, 4.899928826800847, 4.9011020259533895, 4.90143935381356], "test_losses": [5.631662905794903, 5.419830618552791, 5.303717455817658, 5.233474287014563, 5.17217306488926, 5.133319151054308, 5.109641658449636, 5.08155007964199, 5.061439884519114, 5.043784132281553, 5.037872610740291, 5.015987062917172, 5.004215573801578, 4.997013425364078, 4.982454466588289, 4.968438602188258, 4.962354048941899, 4.954265705590109, 4.95175526443037, 4.938116573592992, 4.938209311476031, 4.931148788304005, 4.919680993533829, 4.933566195293538, 4.906312220304915, 4.909310942714654, 4.897699448668841, 4.897543601619387, 4.892371316557949, 4.889169044864988, 4.89308862778747, 4.876129446677791, 4.878439301425971, 4.881659054061742, 4.883998537526547, 4.868145692695692, 4.873225832448422, 4.866955507148817, 4.865282966095267, 4.863216659397755, 4.861208721271996, 4.864314699635922, 4.859254114836165, 4.857090922235285, 4.855938661445692, 4.852060262439321, 4.852478916205249, 4.84598133864912, 4.846031411180219, 4.842619368173544], "status": "OK"}