{"data": "data/ptb", "recepie_id": 1001421, "recepies_list_path": "data/models_recepies.json", "cuda": true, "batch_size": 20, "model": "CustomRNN", "emsize": 400, "nhid": 600, "nlayers": 3, "dropout": 0.1, "dropouth": 0.25, "dropouti": 0.4, "dropoute": 0.0, "wdrop": 0.1, "tied": true, "bptt": 70, "lr": 0.001, "wdecay": 1.2e-06, "epochs": 50, "alpha": 2, "beta": 1, "log_interval": 200, "clip": 0.25, "eval_batch_size": 50, "recepie": "{\"node_0\": {\"op\": \"linear\", \"input\": [\"x\", \"h_prev_0\"]}, \"node_1\": {\"op\": \"activation_tanh\", \"input\": [\"node_0\"]}, \"node_4\": {\"op\": \"linear\", \"input\": [\"h_prev_0\", \"node_1\"]}, \"node_5\": {\"op\": \"activation_sigm\", \"input\": [\"node_4\"]}, \"node_9\": {\"op\": \"linear\", \"input\": [\"x\", \"node_5\"]}, \"node_10\": {\"op\": \"activation_sigm\", \"input\": [\"node_9\"]}, \"h_new_0\": {\"op\": \"elementwise_sum\", \"input\": [\"node_0\", \"node_10\"]}}", "experiment_id": 999986030, "init_time": "2020-04-18_05-51-06", "num_params": 9214800, "wall_times": [201.59154796600342, 163.07071089744568, 164.89903163909912, 162.5006947517395, 160.70823740959167, 162.06985712051392, 162.004714012146, 162.54504323005676, 164.0075922012329, 165.44266366958618, 163.7043581008911, 163.9569866657257, 163.24854564666748, 163.84435296058655, 165.3194899559021, 156.68202662467957, 160.00353479385376, 165.85585498809814, 162.9512128829956, 163.10441613197327, 163.66216611862183, 162.8037428855896, 163.21181273460388, 163.64091610908508, 163.47175574302673, 164.15214848518372, 164.104816198349, 163.96199297904968, 162.68651914596558, 164.2049961090088, 163.22221088409424, 163.32628726959229, 164.38853430747986, 163.0561933517456, 163.07030820846558, 162.2448287010193, 157.49884462356567, 156.2698392868042, 163.76330161094666, 162.98820638656616, 163.40355849266052, 163.74899792671204, 164.00641655921936, 164.270405292511, 162.84387159347534, 163.27916026115417, 165.05082392692566, 164.1539146900177, 162.83475375175476, 164.04620361328125], "train_losses": [5.685379098085095, 5.374581870932172, 5.229428049862837, 5.117299281238234, 5.042081854122963, 4.978636336130386, 4.921222802700231, 4.9006071486203, 4.831854543192943, 4.801344988838685, 4.77103378314776, 4.766845768785972, 4.717529231214028, 4.6854736498843526, 4.6734672522995, 4.644398667365929, 4.628782912430746, 4.607095251062342, 4.597516103221989, 4.569294282179549, 4.568458024043892, 4.535235883626486, 4.538040500107579, 4.520288714969609, 4.507825947367006, 4.489499287289549, 4.481334214135872, 4.4665606005594105, 4.455735049889731, 4.455278679871981, 4.449268967511161, 4.440616007073315, 4.421381649722984, 4.423868572158572, 4.4074001701091925, 4.416187604217094, 4.407167362567909, 4.376593933220375, 4.395076078478834, 4.379424183744823, 4.363863899198537, 4.367155982733581, 4.367609831370018, 4.345064900355011, 4.342598148969932, 4.347520725754397, 4.338059662605562, 4.32889402130063, 4.325439728901081, 4.315385300683126], "val_losses": [5.715610434322034, 5.458070378707627, 5.345341300317797, 5.259552436440678, 5.215252582097458, 5.1606915386652545, 5.133674523305085, 5.12206203654661, 5.073056475105933, 5.058268339512712, 5.043001522775424, 5.052606263241525, 5.002726430084746, 4.995260195974576, 4.99022841631356, 4.9705902409957625, 4.969407441737288, 4.9478959216101694, 4.94710109904661, 4.93397080243644, 4.932917108050847, 4.916887910487288, 4.9297023967161016, 4.911672073622881, 4.902771120233051, 4.899091962394068, 4.884310116525424, 4.891513837394068, 4.884541843220339, 4.882006753177966, 4.87853217690678, 4.8803538797669495, 4.864949351165254, 4.871591300317797, 4.856850172139831, 4.867635063559322, 4.87157375529661, 4.843030654131356, 4.858689088983051, 4.844123742055085, 4.83907375529661, 4.83910685911017, 4.8456736626059325, 4.829663003177966, 4.830994438559322, 4.838945974576271, 4.829806342690678, 4.827773106461865, 4.823561308262712, 4.818043895656779], "test_losses": [5.679048112295206, 5.42017075621966, 5.309646162014563, 5.226772863888046, 5.179180256371359, 5.133063158942658, 5.093494007888349, 5.093774295547633, 5.040373866997876, 5.022825963288835, 5.008874393203883, 5.018619278102245, 4.972915797557645, 4.963334759462227, 4.955157826247724, 4.939220835861651, 4.941019002673696, 4.917393360323119, 4.918396884955249, 4.905043814946147, 4.902913806507889, 4.883634696886378, 4.894485918063562, 4.878484633362409, 4.874979259898361, 4.868857078181887, 4.859407591588289, 4.857278768298696, 4.84774661758571, 4.850450830552185, 4.851343247496966, 4.848404375094812, 4.837005615234375, 4.843886588383647, 4.82894304886605, 4.837671965071299, 4.840962530339806, 4.814610157198119, 4.833944672519721, 4.81735348007054, 4.811533214976486, 4.815931301672482, 4.820698858464806, 4.802484604918841, 4.80749748748483, 4.810135332126062, 4.804564540826001, 4.801865364741353, 4.798253327897451, 4.793362515643962], "status": "OK"}