{"data": "data/ptb", "recepie_id": 1006664, "recepies_list_path": "data/models_recepies.json", "cuda": true, "batch_size": 20, "model": "CustomRNN", "emsize": 400, "nhid": 600, "nlayers": 3, "dropout": 0.1, "dropouth": 0.25, "dropouti": 0.4, "dropoute": 0.0, "wdrop": 0.1, "tied": true, "bptt": 70, "lr": 0.001, "wdecay": 1.2e-06, "epochs": 50, "alpha": 2, "beta": 1, "log_interval": 200, "clip": 0.25, "eval_batch_size": 50, "recepie": "{\"node_0\": {\"op\": \"linear\", \"input\": [\"x\", \"h_prev_1\", \"h_prev_0\"]}, \"node_1\": {\"op\": \"activation_tanh\", \"input\": [\"node_0\"]}, \"node_2\": {\"op\": \"linear\", \"input\": [\"x\", \"h_prev_0\"]}, \"node_3\": {\"op\": \"activation_sigm\", \"input\": [\"node_2\"]}, \"node_6\": {\"op\": \"linear\", \"input\": [\"h_prev_1\", \"node_1\"]}, \"node_11\": {\"op\": \"linear\", \"input\": [\"x\", \"node_3\"]}, \"h_new_0\": {\"op\": \"activation_sigm\", \"input\": [\"node_6\"]}, \"h_new_1\": {\"op\": \"activation_leaky_relu\", \"input\": [\"node_11\"]}}", "experiment_id": 999954802, "init_time": "2020-04-19_01-44-41", "num_params": 11816400, "wall_times": [211.57523608207703, 211.03937673568726, 211.1268367767334, 211.23351740837097, 210.95724415779114, 211.1049427986145, 211.0863344669342, 207.02093124389648, 205.91692423820496, 211.12114453315735, 204.9289653301239, 208.25823068618774, 211.1901662349701, 203.61460328102112, 209.73276209831238, 211.20989632606506, 203.72457146644592, 211.09152102470398, 210.1485574245453, 203.82209134101868, 211.33044981956482, 208.04034638404846, 205.21978497505188, 210.87125873565674, 206.64096307754517, 206.1206567287445, 205.64413356781006, 200.25563621520996, 202.22162222862244, 205.38921427726746, 199.87475609779358, 202.6338632106781, 205.72549414634705, 198.48962450027466, 203.8310821056366, 205.88872742652893, 238.20603275299072, 241.3430516719818, 235.9352457523346, 242.75091338157654, 247.83961176872253, 248.43064165115356, 256.43975019454956, 250.39121055603027, 245.95004391670227, 243.47204661369324, 243.09674644470215, 246.8398654460907, 247.5102059841156, 237.0201334953308], "train_losses": [6.577584583938465, 6.580232874778118, 6.531637032031628, 6.426836237964607, 6.27479148176537, 6.131542984508633, 6.000391234333818, 5.909156732424291, 5.773366481093002, 5.683570006992631, 5.61016713396267, 5.54415106772094, 5.472831275886182, 5.419234273304287, 5.3680439291861655, 5.324687937039427, 5.291037582028939, 5.251711597681674, 5.220011951347426, 5.189820931499113, 5.167365929750955, 5.142011339492227, 5.1211515316551015, 5.099598764186972, 5.079419309074283, 5.06178602885805, 5.044895715668872, 5.028272248668711, 5.010768399359906, 4.998959930208165, 4.982588181109139, 4.965907142568985, 4.955895577833361, 4.943305060244204, 4.926762697676295, 4.915972446345005, 4.903028094911516, 4.891250302565758, 4.876509046716153, 4.866189453230057, 4.85510588120596, 4.8446610591146255, 4.840426399198537, 4.825594793851864, 4.818459704964768, 4.810047956672584, 4.802297230514765, 4.7911707950083375, 4.787071028992523, 4.7756441288795655], "val_losses": [6.5764492849576275, 6.578401085805084, 6.5308302436440675, 6.4347695974576276, 6.286902145127119, 6.154658368644068, 6.034151218220339, 5.951991525423729, 5.8271113612288135, 5.749164459745763, 5.689109507415254, 5.6300178760593225, 5.5735143008474575, 5.5343836069915255, 5.490314155190678, 5.456222523834746, 5.432598649364407, 5.399524298199153, 5.377125595868644, 5.354231660487288, 5.333902939618644, 5.315749470338983, 5.302760195974576, 5.286842227224576, 5.2710944120762715, 5.261025556144068, 5.246970338983051, 5.234035685911017, 5.224030058262712, 5.21667141154661, 5.2048963850635594, 5.1927535752118645, 5.1871391684322035, 5.179700079449153, 5.167364274364407, 5.162453985699153, 5.15307766154661, 5.146244041313559, 5.1384143273305085, 5.1300390625, 5.123621888241526, 5.119002582097457, 5.114619637182203, 5.106548596398305, 5.100272444385594, 5.097478813559322, 5.091076867055085, 5.085174126059322, 5.085650158898305, 5.076549920550847], "test_losses": [6.50757309996966, 6.513260628413228, 6.474380048733313, 6.384239418992719, 6.23748305237409, 6.104700773665049, 5.984875725310983, 5.906036673240291, 5.77826164764108, 5.700086871397148, 5.637851752123787, 5.578019521768811, 5.519077338061287, 5.474990992870145, 5.431664327973301, 5.397534416717233, 5.370511249431129, 5.339184807342233, 5.316811570843447, 5.292205514259709, 5.274498208055219, 5.256918897906553, 5.242761111953883, 5.226662052487864, 5.21197746795358, 5.200683001175667, 5.187385633153823, 5.176180052525789, 5.16461418670358, 5.158654074067051, 5.147123170130461, 5.136137434579794, 5.128982099514563, 5.121687509481189, 5.110698811058859, 5.104880323687803, 5.095734531439624, 5.089683754930219, 5.079791319023058, 5.072195108654429, 5.065725382091929, 5.061320184503944, 5.05738015776699, 5.04962395232858, 5.045531633988167, 5.039446488167476, 5.034563675667476, 5.029155249734527, 5.028974514563107, 5.021012685831311], "status": "OK"}