{"data": "data/ptb", "recepie_id": 2005392, "recepies_list_path": "data/new_recepies_fix.json", "cuda": true, "batch_size": 20, "model": "CustomRNN", "emsize": 400, "nhid": 600, "nlayers": 3, "dropout": 0.1, "dropouth": 0.25, "dropouti": 0.4, "dropoute": 0.0, "wdrop": 0.1, "tied": true, "bptt": 70, "lr": 0.001, "wdecay": 1.2e-06, "epochs": 50, "alpha": 2, "beta": 1, "log_interval": 200, "clip": 0.25, "eval_batch_size": 50, "recepie": "{\"node_0\": {\"op\": \"linear\", \"input\": [\"x\", \"h_prev_2\"]}, \"node_1\": {\"op\": \"activation_leaky_relu\", \"input\": [\"node_0\"]}, \"node_2\": {\"op\": \"linear\", \"input\": [\"h_prev_1\", \"h_prev_0\"]}, \"node_4\": {\"op\": \"linear\", \"input\": [\"node_1\", \"h_prev_1\", \"h_new_1\"]}, \"node_5\": {\"op\": \"activation_tanh\", \"input\": [\"node_4\"]}, \"node_11\": {\"op\": \"linear\", \"input\": [\"h_prev_2\", \"h_prev_1\"]}, \"node_13\": {\"op\": \"linear\", \"input\": [\"x\", \"node_5\"]}, \"h_new_0\": {\"op\": \"activation_leaky_relu\", \"input\": [\"node_11\"]}, \"h_new_1\": {\"op\": \"activation_leaky_relu\", \"input\": [\"node_2\"]}, \"h_new_2\": {\"op\": \"activation_leaky_relu\", \"input\": [\"node_13\"]}}", "experiment_id": 999988810, "init_time": "2020-05-18_22-10-13", "num_params": 13618000, "wall_times": [276.40963912010193, 275.428022146225, 277.1397523880005, 268.01480054855347, 265.72456336021423, 267.54321908950806, 266.5829403400421, 268.24356174468994, 267.63275623321533, 270.1016571521759, 267.65914702415466, 269.8721354007721, 264.6659164428711, 265.9995028972626, 267.1043915748596, 266.3067162036896, 266.80706763267517, 271.157918214798, 267.1643867492676, 269.9610104560852, 268.75801372528076, 269.7078683376312, 268.8332793712616, 270.00594544410706, 276.1627240180969, 270.8804440498352, 273.6384975910187, 269.07557344436646, 265.8777952194214, 269.42164516448975, 268.8994278907776, 269.4438376426697, 267.27269291877747, 266.7076041698456, 268.8244962692261, 271.09677720069885, 267.3920831680298, 268.55203127861023, 267.5827262401581, 267.6049346923828, 268.3057794570923, 270.63858675956726, 269.76348662376404, 267.10106921195984, 267.4305157661438, 268.86377477645874, 268.8447425365448, 265.57207918167114, 265.5149962902069, 266.29261565208435], "train_losses": [6.483724903851326, 6.4362880560486255, 6.396355259265236, 6.387229539831101, 6.358708514872788, 6.348475488811791, 6.335918169409929, 6.326564685197138, 6.333729610429778, 6.306787390403959, 6.30231109811199, 6.295928221316766, 6.290757288472917, 6.315112571271045, 6.283182218546608, 6.269720563713625, 6.266695746597816, 6.284359703620031, 6.255469716529504, 6.245940576085203, 6.244432369829488, 6.2677282522457105, 6.238054115566672, 6.223064923887903, 6.228609021166156, 6.216331995320316, 6.213502165026088, 6.213757244768974, 6.206667540745522, 6.212739026948523, 6.194109801113442, 6.218439029637997, 6.187182305954494, 6.204463013017051, 6.229427629632618, 6.207801321876176, 6.171400980313055, 6.1799291323758805, 6.18954063794309, 6.17719385388091, 6.166253160131246, 6.176246234737238, 6.152997418105535, 6.157951091926201, 6.149195175084718, 6.148719894707116, 6.134715302431284, 6.1458875430315745, 6.147597039562154, 6.1611175266257865], "val_losses": [6.489149231991526, 6.459248543432204, 6.428734772245763, 6.42725436970339, 6.40709811970339, 6.406909427966101, 6.398785090042373, 6.397073622881356, 6.410431011652542, 6.389547139830508, 6.38951403601695, 6.390910354872881, 6.38854343220339, 6.416091101694915, 6.388802966101695, 6.380849443855932, 6.378485169491525, 6.400985831567796, 6.373143538135594, 6.369443855932204, 6.377231197033899, 6.398131620762712, 6.370467425847457, 6.364680217161017, 6.37171875, 6.359870233050848, 6.35657971398305, 6.366293697033898, 6.358667902542373, 6.368335540254237, 6.3555203919491525, 6.373941340042373, 6.353572563559322, 6.369288930084746, 6.392157044491525, 6.372290783898305, 6.347289459745762, 6.358849973516949, 6.370662076271186, 6.3557362288135595, 6.355060248940678, 6.36271782309322, 6.34463718220339, 6.350216498940678, 6.346981594279661, 6.349558395127119, 6.341070577330508, 6.350550847457627, 6.348726827330508, 6.360431011652542], "test_losses": [6.431738992339199, 6.406350145062197, 6.380613456652003, 6.378280491504855, 6.360438078352549, 6.358665095949636, 6.354656923164442, 6.347575659890777, 6.357949266155947, 6.343542006409284, 6.342811954831614, 6.341046083320692, 6.34124518829642, 6.362163654808859, 6.338544827063107, 6.334037706689927, 6.333794751213592, 6.350379129057949, 6.327773010846481, 6.326760893886529, 6.331618225690231, 6.349379456158981, 6.330044348263046, 6.324003052942961, 6.329335036787015, 6.322596874051881, 6.319551041982706, 6.32665778595267, 6.320499753489078, 6.327453020706917, 6.31749777192051, 6.333117438751517, 6.31676772034284, 6.330526111195389, 6.350998369235437, 6.334556801805219, 6.312913616884102, 6.321363134291565, 6.332325166868932, 6.320041100955704, 6.318001460103155, 6.327494500910194, 6.310596651243932, 6.318551961658071, 6.313611076873483, 6.31372544371966, 6.308110801918993, 6.314546159170206, 6.314956813182645, 6.324264970797937], "status": "OK"}