{"data": "data/ptb", "recepie_id": 2007959, "recepies_list_path": "data/new_recepies_fix.json", "cuda": true, "batch_size": 20, "model": "CustomRNN", "emsize": 400, "nhid": 600, "nlayers": 3, "dropout": 0.1, "dropouth": 0.25, "dropouti": 0.4, "dropoute": 0.0, "wdrop": 0.1, "tied": true, "bptt": 70, "lr": 0.001, "wdecay": 1.2e-06, "epochs": 50, "alpha": 2, "beta": 1, "log_interval": 200, "clip": 0.25, "eval_batch_size": 50, "recepie": "{\"node_0\": {\"op\": \"linear\", \"input\": [\"x\", \"h_prev_0\"]}, \"node_1\": {\"op\": \"activation_tanh\", \"input\": [\"node_0\"]}, \"node_4\": {\"op\": \"linear\", \"input\": [\"node_1\", \"x\"]}, \"node_5\": {\"op\": \"activation_tanh\", \"input\": [\"node_4\"]}, \"node_19\": {\"op\": \"linear\", \"input\": [\"node_1\", \"h_prev_0\"]}, \"node_20\": {\"op\": \"activation_leaky_relu\", \"input\": [\"node_19\"]}, \"h_new_0\": {\"op\": \"linear\", \"input\": [\"node_20\", \"node_5\"]}}", "experiment_id": 999923686, "init_time": "2020-05-18_12-29-00", "num_params": 10976400, "wall_times": [189.1886706352234, 190.68362760543823, 189.90842628479004, 190.67176127433777, 190.27222394943237, 189.07437443733215, 188.82148480415344, 187.58492755889893, 187.69582152366638, 188.09004521369934, 187.90744733810425, 186.606849193573, 189.60588121414185, 188.738365650177, 187.74523639678955, 186.8638310432434, 190.2734546661377, 186.21473693847656, 187.2255504131317, 187.50822830200195, 187.63540291786194, 188.07401776313782, 187.13916945457458, 187.1246292591095, 187.73643231391907, 188.71292853355408, 188.65075707435608, 187.78231525421143, 188.61398458480835, 188.72451663017273, 187.75861287117004, 188.01271796226501, 189.19885683059692, 188.49402046203613, 189.45808959007263, 188.28283715248108, 188.6991982460022, 191.02081060409546, 188.73627066612244, 186.02898979187012, 186.98326086997986, 189.00927090644836, 189.53142738342285, 188.0275113582611, 187.74513745307922, 184.70500469207764, 188.15986275672913, 188.43622660636902, 186.73878264427185, 185.8106918334961], "train_losses": [5.54906818151256, 5.300444435479533, 5.162995955704373, 5.072284220187187, 5.022902126701092, 4.942679757678446, 4.900469313108493, 4.865675931902533, 4.836650210451293, 4.814253200473347, 4.790106351863805, 4.765336722069819, 4.732873517427787, 4.730034442068743, 4.6943741259211444, 4.6917926516863, 4.681498272013339, 4.6655538970469586, 4.652153175595719, 4.630041081706202, 4.630986599698779, 4.625282814937335, 4.615410766634393, 4.60726376338013, 4.5814002743262865, 4.585522312543704, 4.5623911603732985, 4.551125208434189, 4.5616830724544135, 4.54674640955301, 4.54735112083804, 4.5229710444569955, 4.529313158920983, 4.5208337535635525, 4.520279469904793, 4.5074401760260345, 4.501102263864236, 4.496966358049594, 4.486245024474208, 4.480757658275509, 4.481127881098381, 4.476802451455005, 4.472769502044, 4.471819361519015, 4.458487978053897, 4.456504911650799, 4.45953267037814, 4.449507238045291, 4.4468526437523535, 4.444886386558012], "val_losses": [5.587752251059322, 5.382546014300847, 5.281445974576271, 5.216956766419491, 5.191319518008474, 5.131126191737288, 5.105161546610169, 5.0851986228813555, 5.071893869173729, 5.059191273834746, 5.051076204978814, 5.0332302701271185, 5.012046477754238, 5.015965969279661, 4.9883795683262715, 4.993733779131356, 4.991128840042373, 4.983043895656779, 4.977713850635594, 4.959938095868644, 4.967403336864407, 4.967619173728814, 4.962863810911017, 4.958210738877119, 4.942057733050848, 4.947538731461864, 4.928275291313559, 4.929406117584746, 4.938595074152542, 4.923199814618644, 4.924426310911017, 4.917321901483051, 4.9174410752118645, 4.915709414724576, 4.917187831038135, 4.913018405720339, 4.907374867584746, 4.906872020656779, 4.898947960805085, 4.898399761652542, 4.9009795418432205, 4.897147113347458, 4.895063228283898, 4.905058262711864, 4.891219875529661, 4.892075278072034, 4.897014036016949, 4.890709083686441, 4.886669756355932, 4.891831634004237], "test_losses": [5.544812248748483, 5.335128636036105, 5.230728297557645, 5.166412649802791, 5.142013994235437, 5.076354387894417, 5.054120998938107, 5.035241580703883, 5.019577470797937, 5.008193525295813, 4.997221418954794, 4.984229819288531, 4.959733685243477, 4.965765203087075, 4.938394787242111, 4.944201423126517, 4.940661976638349, 4.934593126611802, 4.928915375644721, 4.91366695663304, 4.917255290503641, 4.91825881513577, 4.914511671344053, 4.912053673012743, 4.892202432873179, 4.898926077537166, 4.883042715128186, 4.877875466948574, 4.889416148361651, 4.879421789669296, 4.880288725917779, 4.866813289309011, 4.873471454509254, 4.867892367168538, 4.871119823270631, 4.86209224960179, 4.859004937329338, 4.858863015776699, 4.851347395517294, 4.850238096366808, 4.855768000037925, 4.851861157463592, 4.847090637799606, 4.851475391573119, 4.84392599457676, 4.841170523930522, 4.846193183972997, 4.841455552184466, 4.836898359280188, 4.839641682152609], "status": "OK"}