{"data": "data/ptb", "recepie_id": 1000623, "recepies_list_path": "data/models_recepies.json", "cuda": true, "batch_size": 20, "model": "CustomRNN", "emsize": 400, "nhid": 600, "nlayers": 3, "dropout": 0.1, "dropouth": 0.25, "dropouti": 0.4, "dropoute": 0.0, "wdrop": 0.1, "tied": true, "bptt": 70, "lr": 0.001, "wdecay": 1.2e-06, "epochs": 50, "alpha": 2, "beta": 1, "log_interval": 200, "clip": 0.25, "eval_batch_size": 50, "recepie": "{\"node_0\": {\"op\": \"linear\", \"input\": [\"x\", \"h_prev_0\"]}, \"node_1\": {\"op\": \"activation_sigm\", \"input\": [\"node_0\"]}, \"node_3\": {\"op\": \"linear\", \"input\": [\"x\", \"node_1\"]}, \"h_new_0\": {\"op\": \"activation_sigm\", \"input\": [\"node_3\"]}}", "experiment_id": 999952657, "init_time": "2020-04-14_03-39-19", "num_params": 7453200, "wall_times": [100.55807375907898, 100.01603841781616, 99.82826352119446, 99.90382099151611, 99.8809826374054, 99.96998882293701, 99.89734029769897, 99.47164249420166, 99.48521995544434, 99.68877243995667, 99.35318541526794, 99.59153008460999, 99.47358322143555, 99.71242022514343, 99.52135229110718, 99.57442998886108, 99.52868247032166, 99.53051567077637, 99.45224905014038, 99.33916091918945, 99.45462989807129, 99.6241524219513, 99.434250831604, 99.61871123313904, 99.41089057922363, 99.8134171962738, 99.41099715232849, 99.76731657981873, 99.48071765899658, 99.58331966400146, 99.69245266914368, 99.66243195533752, 99.71209740638733, 99.49643063545227, 99.70385885238647, 99.32832455635071, 99.7665011882782, 99.42626976966858, 99.79159879684448, 99.64034104347229, 99.58208680152893, 99.74541163444519, 99.63324666023254, 99.72095823287964, 99.52342438697815, 99.60152578353882, 99.3022792339325, 99.66672539710999, 99.58292245864868, 99.60734963417053], "train_losses": [5.998893954063794, 5.718416757436394, 5.587325520413103, 5.490601971384003, 5.422197736808133, 5.3591060526598895, 5.311038019068366, 5.273665264778656, 5.237763316255177, 5.212423013823893, 5.188548054165994, 5.172714619977408, 5.154140864531225, 5.137946872814803, 5.119668118982303, 5.111034489134528, 5.099102052068205, 5.085002487762896, 5.072539720160292, 5.062966035312786, 5.058377961782583, 5.050426785810338, 5.043508535716207, 5.0343945827282015, 5.022046117745146, 5.014697972137055, 5.009203882254854, 4.997440377736539, 4.985981540126943, 4.985843704615136, 4.976049398902695, 4.972186642730353, 4.966325691867032, 4.962995787612286, 4.958185832526492, 4.953618350277016, 4.946387448900006, 4.942254904927116, 4.933189698644505, 4.930311541875101, 4.921645554300468, 4.918806899171642, 4.917111270238287, 4.908898711069872, 4.903506316900651, 4.898846384003012, 4.895049603975042, 4.891569677532139, 4.890593482733581, 4.886134840110806], "val_losses": [6.010401880296611, 5.756463188559322, 5.645498543432203, 5.570454846398305, 5.517270259533898, 5.472138837394068, 5.438312367584746, 5.418112089512712, 5.392759533898305, 5.380974907309322, 5.367283170021186, 5.360608779131356, 5.353978085275424, 5.348932402012712, 5.3406263241525425, 5.338339181673729, 5.332902211334746, 5.329313426906779, 5.324605071504237, 5.321008673199152, 5.320833222987289, 5.319041975635593, 5.318330905720339, 5.314129038665254, 5.311323821504237, 5.3076171875, 5.30774563029661, 5.301921014300848, 5.298449417372882, 5.3014903336864405, 5.298721530720339, 5.298794028072034, 5.29809719279661, 5.300362155720339, 5.298445444915254, 5.298785090042373, 5.297420550847457, 5.29647311970339, 5.294695113877118, 5.294503111758474, 5.293274960275424, 5.292263307733051, 5.2922206038135595, 5.290257878707627, 5.290744835805085, 5.291504568326271, 5.290580309851695, 5.291005693855932, 5.294205508474576, 5.291211268538135], "test_losses": [5.963727932531857, 5.701197948270631, 5.589818269303701, 5.512519910497573, 5.459765980544599, 5.413090085520328, 5.378950100500607, 5.354348191937197, 5.331099723149272, 5.316739276774879, 5.304380546495753, 5.296600638084041, 5.288469925667476, 5.281776206007281, 5.272788631105886, 5.270924984830097, 5.266433863963895, 5.261878745069781, 5.256319805256371, 5.253094423164442, 5.252493552791262, 5.250287398551274, 5.248503157236044, 5.244416172064624, 5.240627251782463, 5.238061404922633, 5.238138439585861, 5.232986005764563, 5.22839118439017, 5.230309347504551, 5.228363925970874, 5.227278922368022, 5.227903495714503, 5.229456633040049, 5.229824029126213, 5.229024053777306, 5.227598912507585, 5.226780567354369, 5.224164351676274, 5.225079286445692, 5.224851737902003, 5.224588042324029, 5.224435750720571, 5.220704902722997, 5.220894526509405, 5.220432911104369, 5.218593560376213, 5.219678563979065, 5.222711359412925, 5.219782264487257], "status": "OK"}