{"data": "data/ptb", "recepie_id": 2007837, "recepies_list_path": "data/new_recepies_fix.json", "cuda": true, "batch_size": 20, "model": "CustomRNN", "emsize": 400, "nhid": 600, "nlayers": 3, "dropout": 0.1, "dropouth": 0.25, "dropouti": 0.4, "dropoute": 0.0, "wdrop": 0.1, "tied": true, "bptt": 70, "lr": 0.001, "wdecay": 1.2e-06, "epochs": 50, "alpha": 2, "beta": 1, "log_interval": 200, "clip": 0.25, "eval_batch_size": 50, "recepie": "{\"node_1\": {\"op\": \"linear\", \"input\": [\"h_prev_0\", \"h_prev_1\"]}, \"node_5\": {\"op\": \"linear\", \"input\": [\"x\", \"h_prev_0\"]}, \"h_new_0\": {\"op\": \"activation_sigm\", \"input\": [\"node_1\"]}, \"h_new_1\": {\"op\": \"activation_tanh\", \"input\": [\"node_5\"]}}", "experiment_id": 999932524, "init_time": "2020-05-14_01-05-56", "num_params": 7493200, "wall_times": [105.96355438232422, 105.69577240943909, 105.69955515861511, 105.66728687286377, 105.57853507995605, 105.06403636932373, 103.16675519943237, 103.24191546440125, 103.25276327133179, 103.0436155796051, 103.18794870376587, 102.88997840881348, 103.21476411819458, 103.16129207611084, 103.06469917297363, 103.18874430656433, 103.0947151184082, 103.24161458015442, 103.57479190826416, 103.19982671737671, 103.14530777931213, 103.06528830528259, 103.28458499908447, 103.29137110710144, 103.19178938865662, 103.19407272338867, 102.96651005744934, 103.35187292098999, 103.11959338188171, 103.10261225700378, 103.31168818473816, 103.17570281028748, 102.8478467464447, 103.1387243270874, 102.50939965248108, 103.06843376159668, 103.00705647468567, 102.91605949401855, 102.99557304382324, 102.58929991722107, 102.78297400474548, 102.9091968536377, 102.70640802383423, 102.74520421028137, 102.63194704055786, 102.84478449821472, 102.92305707931519, 103.04848265647888, 102.80057716369629, 102.44674754142761], "train_losses": [6.594705183287612, 6.570041031278576, 6.557104243989027, 6.55078902425905, 6.547872626539723, 6.545333175326771, 6.544223347318595, 6.543869513474262, 6.543255136894196, 6.542386100801463, 6.543439197730084, 6.541612877198644, 6.542105387015223, 6.541799039185627, 6.5405316248453556, 6.539999613388199, 6.540616091119359, 6.54139225633371, 6.541211137109354, 6.539789498278737, 6.540332435721585, 6.54107582297886, 6.540695514630736, 6.539342373325803, 6.540706020386208, 6.539266731886396, 6.540101729331397, 6.538019488596633, 6.5382354869291595, 6.539905902049378, 6.5389393725458556, 6.538722113522672, 6.538552340514228, 6.541638511241999, 6.54101362890646, 6.543135791512022, 6.539641997471895, 6.540774938142111, 6.543942213302135, 6.544089293878758, 6.542181028454628, 6.541656160911193, 6.542374754585552, 6.540549694744769, 6.542864322790598, 6.5416986041633045, 6.54157967901135, 6.543428691974611, 6.542872727394976, 6.543824548840837], "val_losses": [6.59532905190678, 6.569540519067797, 6.554876191737288, 6.547715836864406, 6.543835407838983, 6.540689221398305, 6.539476297669491, 6.538455376059322, 6.537584745762712, 6.536044094279661, 6.537344412076271, 6.535125132415255, 6.535489274364407, 6.535015227754237, 6.533535487288136, 6.532712526483051, 6.532862817796611, 6.533491128177966, 6.533930746822034, 6.532537738347457, 6.53225966631356, 6.532956832627119, 6.532625132415254, 6.531097722457627, 6.532705243644068, 6.531442002118644, 6.533117717161017, 6.531111626059322, 6.531153998940678, 6.532437764830508, 6.531236758474576, 6.531292372881356, 6.5322636387711865, 6.533991657838983, 6.534317399364407, 6.535822960805085, 6.532805217161017, 6.534249205508474, 6.5372934322033895, 6.537599973516949, 6.535838188559322, 6.5354137976694915, 6.5369895391949155, 6.534120762711864, 6.536951138771187, 6.536132150423729, 6.535852754237288, 6.538463320974576, 6.538231594279661, 6.539043961864407], "test_losses": [6.514265041906857, 6.494053516573119, 6.483410881560983, 6.478069416527609, 6.474873070577973, 6.472909871814321, 6.471717019682949, 6.471586060755461, 6.471075854255158, 6.469783449635922, 6.471371548847087, 6.468999473793993, 6.469551160497573, 6.469165394607099, 6.467973727624393, 6.467298785459648, 6.467857583055219, 6.468278310831311, 6.469014880726639, 6.466893464616201, 6.467534630043993, 6.468421121245449, 6.467944691482099, 6.466215559579794, 6.467907951873483, 6.467084273551274, 6.468438898475425, 6.465757499620753, 6.465646095646238, 6.467269749317355, 6.466024750644721, 6.466055564510012, 6.466212004133799, 6.468914143090109, 6.468908217346784, 6.470781344811893, 6.466879242832221, 6.468322161331917, 6.471276144379551, 6.471903088023361, 6.469945222428701, 6.469621676843143, 6.469750265473301, 6.467415522603155, 6.470514093787925, 6.468465564320389, 6.468259941027003, 6.471090076039139, 6.470266990291262, 6.471420139942355], "status": "OK"}