{"data": "data/ptb", "recepie_id": 1009383, "recepies_list_path": "data/models_recepies.json", "cuda": true, "batch_size": 20, "model": "CustomRNN", "emsize": 400, "nhid": 600, "nlayers": 3, "dropout": 0.1, "dropouth": 0.25, "dropouti": 0.4, "dropoute": 0.0, "wdrop": 0.1, "tied": true, "bptt": 70, "lr": 0.001, "wdecay": 1.2e-06, "epochs": 50, "alpha": 2, "beta": 1, "log_interval": 200, "clip": 0.25, "eval_batch_size": 50, "recepie": "{\"node_4\": {\"op\": \"linear\", \"input\": [\"h_prev_0\", \"h_prev_1\", \"x\"]}, \"node_6\": {\"op\": \"linear\", \"input\": [\"h_prev_0\", \"x\", \"h_prev_1\"]}, \"node_7\": {\"op\": \"activation_tanh\", \"input\": [\"node_6\"]}, \"node_14\": {\"op\": \"linear\", \"input\": [\"h_prev_1\", \"h_new_0\", \"node_7\"]}, \"h_new_0\": {\"op\": \"activation_leaky_relu\", \"input\": [\"node_4\"]}, \"h_new_1\": {\"op\": \"activation_sigm\", \"input\": [\"node_14\"]}}", "experiment_id": 999997899, "init_time": "2020-04-16_06-26-04", "num_params": 11854800, "wall_times": [241.6315793991089, 200.41928386688232, 197.5243639945984, 197.77215766906738, 197.04148507118225, 197.63688468933105, 197.23700284957886, 198.42939281463623, 198.20123291015625, 198.78142380714417, 198.1961510181427, 201.03772163391113, 196.6507248878479, 197.87531661987305, 197.22412252426147, 198.07518863677979, 196.990727186203, 197.7925705909729, 198.6459698677063, 197.766188621521, 197.5211696624756, 198.2584352493286, 197.3981876373291, 198.14279437065125, 197.26846432685852, 197.76922130584717, 197.70532727241516, 198.51778531074524, 197.89739775657654, 198.72725462913513, 199.60551166534424, 197.98691749572754, 197.1345090866089, 197.32431149482727, 196.4518804550171, 198.5343737602234, 197.96770906448364, 198.52789640426636, 197.59511923789978, 197.29698491096497, 197.03110003471375, 198.17497754096985, 197.959219455719, 197.29053950309753, 193.66297340393066, 196.88521194458008, 197.3367874622345, 198.19273447990417, 197.6816439628601, 198.582914352417], "train_losses": [5.6237111539185625, 5.3129147672260775, 5.138316675407455, 5.008846266338551, 4.922553671803561, 4.8693424405626375, 4.7993333467807, 4.761864780001075, 4.721494103329568, 4.683761211742241, 4.65106393886827, 4.617164387337959, 4.586787625732882, 4.558332156688721, 4.536479765074499, 4.515898569872519, 4.509020241649185, 4.48463638319617, 4.463927858237857, 4.4460352959765475, 4.4367196324834595, 4.417329369721909, 4.40076347426174, 4.393300185573665, 4.3941595563713625, 4.376197656123931, 4.368479707923188, 4.353635915900167, 4.34711772497445, 4.339659899279221, 4.331878076085203, 4.322098898660642, 4.31909887512775, 4.306643671669087, 4.303754588913991, 4.300458303076757, 4.293790930423323, 4.284650923161745, 4.278617257678446, 4.276541740627185, 4.270785006858157, 4.2651778750470655, 4.2599300400731535, 4.261891254504868, 4.250310970362003, 4.249360409606799, 4.245051368941962, 4.243421295922758, 4.239232441100532, 4.231732592383412], "val_losses": [5.653696371822034, 5.387155058262712, 5.2471242717161015, 5.152516882944915, 5.09667141154661, 5.062708885063559, 5.014775556144068, 4.995311837923729, 4.970520391949153, 4.951996822033898, 4.934108183262712, 4.9187635725635594, 4.903784759004237, 4.890902078919492, 4.87963718220339, 4.87133342161017, 4.8692359639830505, 4.857710540254237, 4.848817531779661, 4.8412155720338985, 4.838882415254237, 4.832432137182203, 4.825099642478814, 4.826892213983051, 4.828117717161017, 4.82188857256356, 4.814824880826271, 4.815208222987288, 4.809205177436441, 4.811954780190678, 4.806620762711864, 4.807339115466101, 4.80455078125, 4.804178694385593, 4.8003125, 4.802794292902543, 4.798524563029661, 4.798254766949152, 4.796503244173729, 4.801212592690678, 4.795676641949153, 4.7982683395127115, 4.793754303495763, 4.795199615995763, 4.796401946504237, 4.796157971398305, 4.79243015095339, 4.796531382415254, 4.7930793167372885, 4.791872682733051], "test_losses": [5.612064102320995, 5.344976036293993, 5.19983621245449, 5.100156913683253, 5.04125265473301, 5.010047690382281, 4.962232274916565, 4.940909376422178, 4.920247198308556, 4.899904417760164, 4.881027962397603, 4.863648942373331, 4.846602060262439, 4.834612800079642, 4.823740838800819, 4.814542900011378, 4.814626749279429, 4.804228254892294, 4.793106523532312, 4.78534172576608, 4.784371089009405, 4.776257857535649, 4.769882942866353, 4.771154311096784, 4.772043468882736, 4.768281510732706, 4.761273134101942, 4.758873208055219, 4.752986574635922, 4.757070596935679, 4.751588691785497, 4.74969719451608, 4.748097836392597, 4.746730471120297, 4.742861553303246, 4.743520495961014, 4.740873762704794, 4.736908847845874, 4.736270349002579, 4.73970728013122, 4.735726069478155, 4.737736377901244, 4.735191271143052, 4.733788943985133, 4.733898866523817, 4.733718427639563, 4.730554080703883, 4.734720174548696, 4.730755555976942, 4.72914108720798], "status": "OK"}