{"data": "data/ptb", "recepie_id": 1003855, "recepies_list_path": "data/models_recepies.json", "cuda": true, "batch_size": 20, "model": "CustomRNN", "emsize": 400, "nhid": 600, "nlayers": 3, "dropout": 0.1, "dropouth": 0.25, "dropouti": 0.4, "dropoute": 0.0, "wdrop": 0.1, "tied": true, "bptt": 70, "lr": 0.001, "wdecay": 1.2e-06, "epochs": 50, "alpha": 2, "beta": 1, "log_interval": 200, "clip": 0.25, "eval_batch_size": 50, "recepie": "{\"node_0\": {\"op\": \"linear\", \"input\": [\"x\", \"h_prev_0\"]}, \"node_1\": {\"op\": \"activation_sigm\", \"input\": [\"node_0\"]}, \"node_5\": {\"op\": \"linear\", \"input\": [\"h_prev_0\", \"node_1\"]}, \"node_6\": {\"op\": \"activation_sigm\", \"input\": [\"node_5\"]}, \"h_new_0\": {\"op\": \"blend\", \"input\": [\"node_0\", \"node_6\", \"node_1\"]}}", "experiment_id": 999952376, "init_time": "2020-04-14_02-58-25", "num_params": 7493200, "wall_times": [166.8352746963501, 125.56154131889343, 125.34207320213318, 124.85045957565308, 123.95840096473694, 124.2047975063324, 125.20608735084534, 124.92415189743042, 124.0952525138855, 124.34414911270142, 123.3755030632019, 124.23192071914673, 124.6037745475769, 124.12931442260742, 123.64568519592285, 122.75758671760559, 120.50127696990967, 123.54761791229248, 121.94331049919128, 119.90767455101013, 121.8817846775055, 123.89529037475586, 123.88255429267883, 123.911856174469, 124.58945107460022, 124.07516551017761, 123.7858054637909, 124.09060645103455, 124.43143391609192, 123.45133781433105, 123.70736861228943, 124.34620213508606, 124.97513723373413, 124.80865168571472, 124.06745457649231, 125.09714221954346, 125.30608201026917, 124.32619047164917, 124.02106356620789, 124.81327843666077, 124.36924982070923, 124.29497623443604, 124.77804636955261, 124.68830037117004, 125.65971946716309, 123.7899067401886, 123.77724766731262, 124.3489031791687, 124.79256749153137, 124.12482166290283], "train_losses": [5.752255795815179, 5.4216699276531655, 5.2336887640524985, 5.101240603652305, 5.0201370118605775, 4.943519377655855, 4.863871043112258, 4.830829601688989, 4.771021596471411, 4.730811027513313, 4.6803464209832715, 4.651889271018234, 4.620847284976602, 4.605599651713194, 4.582579860550804, 4.570946627400355, 4.548767716906029, 4.517972826233123, 4.495865354876015, 4.470108604297779, 4.4469093748319075, 4.445490677612823, 4.413102273949761, 4.392690431526007, 4.3809239853961595, 4.3570944106019045, 4.354338961056425, 4.334241450836426, 4.317543182857296, 4.318176890027432, 4.3064696963584534, 4.293697219084503, 4.280841956457426, 4.279941403098273, 4.2739039555430045, 4.273203851998279, 4.252599964364477, 4.248429179441666, 4.238358362245172, 4.225063118578882, 4.211754007315368, 4.208914931956323, 4.1978796864074015, 4.188643026195471, 4.1869381521973, 4.1792433166585985, 4.180944408584799, 4.175144811333441, 4.159991729869292, 4.156549203915874], "val_losses": [5.776743246822034, 5.486711798199153, 5.335537274894068, 5.235783898305085, 5.181133805614407, 5.126460871292373, 5.073544094279661, 5.060868644067797, 5.021481064618644, 5.000163532838983, 4.968987023305084, 4.962464909957627, 4.945637579449152, 4.94617485434322, 4.937648636122882, 4.934990730932204, 4.927653932733051, 4.904157507944915, 4.900138704978813, 4.888246822033898, 4.873324947033899, 4.87926012976695, 4.854689155190678, 4.845064883474576, 4.846400291313559, 4.8324066472457625, 4.836196371822034, 4.82163234904661, 4.818908898305085, 4.830197629766949, 4.820419756355932, 4.810202264300847, 4.809089645127119, 4.811436043432203, 4.811839578919492, 4.815582296080509, 4.8050681938559325, 4.802106726694915, 4.790234043961864, 4.794108845338983, 4.786631355932204, 4.784842756885594, 4.779800715042373, 4.77783798993644, 4.782318591101695, 4.777170948093221, 4.7842995233050845, 4.782793961864407, 4.769892743644068, 4.771582362288136], "test_losses": [5.729873805370145, 5.433082950925364, 5.288844432645631, 5.181800620069781, 5.135016283942658, 5.081565486574636, 5.031925534739078, 5.021625407691141, 4.979993505385315, 4.956958955931432, 4.926964324654885, 4.920456969622269, 4.902663147565231, 4.902798847087379, 4.892268801198422, 4.891809852377882, 4.885043246074788, 4.860601628868325, 4.857303656420662, 4.847049157596329, 4.833261730601486, 4.840275440401244, 4.820636341872724, 4.809686753356341, 4.808316128925212, 4.795999767710861, 4.79835969499014, 4.785660530756978, 4.78086630811969, 4.790315794713289, 4.783032463592233, 4.771634000018962, 4.767393834382585, 4.772452048885012, 4.770557292456766, 4.775594766857554, 4.765863214881675, 4.765307083870601, 4.757804796533677, 4.754414086202973, 4.745894348737106, 4.745432140757736, 4.737413128602852, 4.735750661312955, 4.739763870979976, 4.736145612105583, 4.745835683878186, 4.741503669220267, 4.728913834951456, 4.731068731511681], "status": "OK"}