{"data": "data/ptb", "recepie_id": 2006094, "recepies_list_path": "data/new_recepies_fix.json", "cuda": true, "batch_size": 20, "model": "CustomRNN", "emsize": 400, "nhid": 600, "nlayers": 3, "dropout": 0.1, "dropouth": 0.25, "dropouti": 0.4, "dropoute": 0.0, "wdrop": 0.1, "tied": true, "bptt": 70, "lr": 0.001, "wdecay": 1.2e-06, "epochs": 50, "alpha": 2, "beta": 1, "log_interval": 200, "clip": 0.25, "eval_batch_size": 50, "recepie": "{\"node_0\": {\"op\": \"linear\", \"input\": [\"h_prev_0\", \"x\"]}, \"node_1\": {\"op\": \"activation_leaky_relu\", \"input\": [\"node_0\"]}, \"node_2\": {\"op\": \"linear\", \"input\": [\"node_1\", \"x\", \"h_prev_0\"]}, \"node_3\": {\"op\": \"activation_tanh\", \"input\": [\"node_2\"]}, \"node_8\": {\"op\": \"linear\", \"input\": [\"node_3\", \"x\"]}, \"node_10\": {\"op\": \"linear\", \"input\": [\"x\", \"h_prev_0\"]}, \"node_11\": {\"op\": \"activation_sigm\", \"input\": [\"node_10\"]}, \"h_new_0\": {\"op\": \"blend\", \"input\": [\"node_8\", \"node_11\", \"node_0\"]}}", "experiment_id": 999931156, "init_time": "2020-05-19_11-31-48", "num_params": 11776400, "wall_times": [234.6626935005188, 235.61040902137756, 233.69679594039917, 233.6530306339264, 229.23048210144043, 229.51722526550293, 229.614075422287, 229.72434258460999, 229.3774175643921, 229.59913778305054, 229.7097203731537, 229.7880256175995, 229.4400851726532, 229.5374894142151, 229.30313277244568, 229.22850251197815, 229.33955693244934, 229.32240629196167, 229.40045595169067, 229.63328790664673, 229.49182295799255, 229.49316716194153, 229.5563042163849, 229.24905133247375, 229.17221212387085, 229.23251700401306, 228.3983826637268, 228.61827850341797, 228.4521918296814, 228.21144080162048, 228.23231315612793, 229.1011941432953, 228.60063338279724, 228.5696918964386, 228.43494534492493, 224.17133712768555, 221.36625933647156, 216.05265092849731, 219.5421290397644, 228.4735062122345, 231.66784262657166, 234.576651096344, 231.40741395950317, 231.4412980079651, 231.18190240859985, 231.48859930038452, 230.80684113502502, 231.11114501953125, 231.55232048034668, 231.93485069274902], "train_losses": [5.407587592786832, 5.114765293018127, 4.971967282556076, 4.8718331450701955, 4.774421258942499, 4.714363216744661, 4.67104378462697, 4.61710555510731, 4.5696678668441715, 4.552307736270238, 4.514277741918132, 4.48517133626486, 4.459486445054059, 4.442855413909957, 4.419349836614491, 4.400557141224248, 4.388501156473563, 4.368033423430692, 4.352706366655909, 4.346124300736916, 4.335420196600506, 4.313398452208058, 4.296835498359421, 4.292396186326717, 4.291696923242429, 4.280909613522672, 4.261194512801893, 4.261245780888602, 4.2684565112151045, 4.242614033672207, 4.234288012344683, 4.222305988112527, 4.215735688639664, 4.204650435694691, 4.200730948442795, 4.183795670620192, 4.191712807944705, 4.18279005970631, 4.173633243235974, 4.1646848609542255, 4.159852213436609, 4.153183159862299, 4.1619895043300525, 4.158944516163735, 4.140027432628691, 4.143500635388091, 4.134426184040665, 4.130593264213867, 4.120713651766984, 4.127924802323705], "val_losses": [5.4520699814618645, 5.2156806144067795, 5.113923795021186, 5.04719577595339, 4.982721133474576, 4.948473252118644, 4.9227386784957625, 4.890025820974576, 4.864183659957627, 4.853711599576271, 4.835602158368644, 4.818125993114407, 4.807795286016949, 4.805930548199153, 4.790941141419491, 4.7859143273305085, 4.780331700211865, 4.773895987817797, 4.767086202330509, 4.769424986758475, 4.7631296345338985, 4.7508934719279665, 4.743108117055085, 4.745678959216102, 4.748397444385593, 4.73595405190678, 4.7309252515889835, 4.730638572563559, 4.7383765889830505, 4.722655587923729, 4.717090174788136, 4.7173444120762715, 4.711881951800848, 4.71338188559322, 4.7048818193855935, 4.70456203654661, 4.701706832627119, 4.697711533368644, 4.700860368114407, 4.69432766154661, 4.694263440148305, 4.693812566207627, 4.692220603813559, 4.697302370233051, 4.683496424788135, 4.688757613877119, 4.684780521716101, 4.68327595338983, 4.680141353283898, 4.6887890625], "test_losses": [5.420435044371966, 5.181273228913835, 5.071264174378034, 5.004674818909284, 4.943065754418234, 4.908475116618629, 4.881810456803701, 4.85245817610361, 4.822347992832221, 4.814025286331917, 4.797769194667779, 4.780729423448878, 4.770071677791262, 4.763407586847694, 4.750510799074636, 4.743048510505158, 4.735817325925364, 4.730044466777913, 4.72280528244463, 4.725894668727245, 4.719626121150637, 4.70902081832145, 4.699891618154581, 4.698755653159132, 4.699802435717537, 4.688656112522755, 4.689432384898361, 4.686005527533374, 4.691412472030492, 4.679883938391232, 4.673940714123179, 4.672540460975425, 4.669158046685376, 4.66911330732327, 4.661840346253034, 4.662930979312045, 4.660927189206614, 4.655659203390473, 4.658347713137136, 4.651480369197512, 4.651842135827518, 4.646621259670813, 4.651350299131523, 4.650686023304764, 4.639600142691899, 4.646578298031705, 4.641598007054005, 4.640606630195692, 4.637104219603307, 4.646007648949484], "status": "OK"}