{"data": "data/ptb", "recepie_id": 2004479, "recepies_list_path": "data/new_recepies_fix.json", "cuda": true, "batch_size": 20, "model": "CustomRNN", "emsize": 400, "nhid": 600, "nlayers": 3, "dropout": 0.1, "dropouth": 0.25, "dropouti": 0.4, "dropoute": 0.0, "wdrop": 0.1, "tied": true, "bptt": 70, "lr": 0.001, "wdecay": 1.2e-06, "epochs": 50, "alpha": 2, "beta": 1, "log_interval": 200, "clip": 0.25, "eval_batch_size": 50, "recepie": "{\"node_0\": {\"op\": \"linear\", \"input\": [\"h_prev_0\", \"h_prev_1\"]}, \"node_2\": {\"op\": \"linear\", \"input\": [\"h_new_1\", \"h_prev_0\"]}, \"node_3\": {\"op\": \"activation_leaky_relu\", \"input\": [\"node_2\"]}, \"node_5\": {\"op\": \"linear\", \"input\": [\"node_3\", \"x\"]}, \"node_6\": {\"op\": \"activation_tanh\", \"input\": [\"node_5\"]}, \"node_8\": {\"op\": \"linear\", \"input\": [\"node_6\", \"h_prev_0\"]}, \"h_new_0\": {\"op\": \"activation_tanh\", \"input\": [\"node_8\"]}, \"h_new_1\": {\"op\": \"activation_tanh\", \"input\": [\"node_0\"]}}", "experiment_id": 999987630, "init_time": "2020-05-13_09-41-58", "num_params": 11016400, "wall_times": [198.03958797454834, 202.5540373325348, 201.12760424613953, 198.1867117881775, 196.3448178768158, 195.0070915222168, 199.87726950645447, 198.30013346672058, 196.82065200805664, 196.26667881011963, 196.7243571281433, 195.5991427898407, 197.03447675704956, 195.96792554855347, 194.86484360694885, 200.5316505432129, 197.87764048576355, 196.2885296344757, 199.72354340553284, 195.46234583854675, 196.58848023414612, 194.73193788528442, 199.17904210090637, 196.3499629497528, 197.63596391677856, 196.25165104866028, 200.06490993499756, 196.61995339393616, 197.92052626609802, 196.45502543449402, 195.46895122528076, 194.97839641571045, 198.795640707016, 194.95361948013306, 195.0349895954132, 195.33426189422607, 198.1684594154358, 196.52172231674194, 199.82019233703613, 195.30231881141663, 198.84461379051208, 196.31348776817322, 198.74086093902588, 197.6198365688324, 195.7456934452057, 201.0683765411377, 200.03251767158508, 199.90897250175476, 196.12440824508667, 197.18788313865662], "train_losses": [5.606434228927976, 5.345035484239686, 5.1989290012640526, 5.085077288741864, 5.005573093163359, 4.932899319563229, 4.873458175326771, 4.832802162336614, 4.786289400785326, 4.746282223253187, 4.709127988677317, 4.684824814426335, 4.6531247478618685, 4.630706726372976, 4.622365576757571, 4.591819462374267, 4.577174859475015, 4.557857716771556, 4.545010438518638, 4.535055184632349, 4.514970281318917, 4.507153999246947, 4.491493279678339, 4.4780164965574745, 4.473883952584584, 4.451161264186972, 4.448629797348179, 4.444474981173686, 4.4321189520466895, 4.413767078156097, 4.3996645722392556, 4.403473959173794, 4.385641489833791, 4.37771216583293, 4.392476954574795, 4.367831712925609, 4.362182978322845, 4.3649363267172285, 4.349779883411328, 4.342465356220752, 4.338713540826206, 4.341884598058201, 4.328420001613684, 4.320950409472325, 4.324208874589855, 4.31045936205691, 4.29997755970631, 4.300084298181916, 4.288027472970792, 4.289605017212629], "val_losses": [5.643451403601695, 5.428470603813559, 5.31974907309322, 5.235416445974576, 5.184937433792373, 5.131633342161017, 5.098707296080509, 5.0758944650423725, 5.047840969279661, 5.0270938162076275, 5.007054091631356, 5.000393273305085, 4.9836414194915255, 4.970618710275423, 4.9774851032838985, 4.9618425582627115, 4.956849179025424, 4.949955309851695, 4.946477092161017, 4.947367915783898, 4.933326933262712, 4.937201734639831, 4.923458686440678, 4.9178949284957625, 4.923770855402543, 4.907717492055085, 4.911674059851695, 4.91381157309322, 4.909733845338983, 4.895596530720339, 4.891740267478814, 4.8978317002118645, 4.886565810381356, 4.883971795550847, 4.903476893538135, 4.883483514300847, 4.883617584745763, 4.884763638771187, 4.88306640625, 4.877526152012712, 4.878700344279661, 4.887050119173729, 4.876519796080508, 4.872415254237288, 4.87781547934322, 4.8706302966101696, 4.859200211864406, 4.870935513771187, 4.8598116393008475, 4.857848252118644], "test_losses": [5.599430417551578, 5.385986328125, 5.274307991694478, 5.194677852889867, 5.144143113812197, 5.091784430939017, 5.059322023854672, 5.035316245069781, 5.010774186513956, 4.990885021617111, 4.969331907994539, 4.962629892293689, 4.943655365879096, 4.934456834515322, 4.93887921675895, 4.922566534246056, 4.920855179573726, 4.910511498312348, 4.906438438637743, 4.905983341550364, 4.895486479824029, 4.898726083699939, 4.886866301008799, 4.881199808954035, 4.88683370942051, 4.87438253754551, 4.877483182740443, 4.877040233426881, 4.876139520441444, 4.861132575470267, 4.85716025343219, 4.864698984090564, 4.852723353117415, 4.848736216721026, 4.866722032861802, 4.846789610038683, 4.847437293784132, 4.850896742737409, 4.844184653272906, 4.839551018279733, 4.840697649613167, 4.849612337871663, 4.838797263728762, 4.835054564244539, 4.840401362446905, 4.833322469470571, 4.822177331424454, 4.831675705400485, 4.821883710842688, 4.822268587871663], "status": "OK"}