{"data": "data/ptb", "recepie_id": 2011265, "recepies_list_path": "data/new_recepies_fix.json", "cuda": true, "batch_size": 20, "model": "CustomRNN", "emsize": 400, "nhid": 600, "nlayers": 3, "dropout": 0.1, "dropouth": 0.25, "dropouti": 0.4, "dropoute": 0.0, "wdrop": 0.1, "tied": true, "bptt": 70, "lr": 0.001, "wdecay": 1.2e-06, "epochs": 50, "alpha": 2, "beta": 1, "log_interval": 200, "clip": 0.25, "eval_batch_size": 50, "recepie": "{\"node_2\": {\"op\": \"linear\", \"input\": [\"h_prev_1\", \"h_prev_0\", \"h_prev_2\"]}, \"node_4\": {\"op\": \"linear\", \"input\": [\"h_prev_0\", \"h_prev_1\", \"h_prev_2\"]}, \"node_5\": {\"op\": \"activation_tanh\", \"input\": [\"node_4\"]}, \"node_9\": {\"op\": \"linear\", \"input\": [\"h_prev_1\", \"node_5\"]}, \"h_new_0\": {\"op\": \"activation_leaky_relu\", \"input\": [\"node_2\"]}, \"h_new_1\": {\"op\": \"linear\", \"input\": [\"x\", \"node_5\"]}, \"h_new_2\": {\"op\": \"elementwise_sum\", \"input\": [\"h_new_1\", \"node_9\"]}}", "experiment_id": 999945710, "init_time": "2020-05-18_16-13-32", "num_params": 12776400, "wall_times": [226.70144629478455, 225.3950481414795, 225.55178952217102, 225.6198968887329, 226.217444896698, 223.03540635108948, 222.96788954734802, 222.8545527458191, 222.8297622203827, 222.85313940048218, 222.95859479904175, 222.8114356994629, 222.90105748176575, 223.09486317634583, 223.03970170021057, 222.80145406723022, 223.07125401496887, 223.11404943466187, 222.7887909412384, 223.15047550201416, 223.13685178756714, 223.3560173511505, 223.09610795974731, 223.2553482055664, 223.1120629310608, 222.4261429309845, 222.0502586364746, 222.04105067253113, 221.19770884513855, 226.29665970802307, 226.19738721847534, 225.85486388206482, 225.32794070243835, 225.0842456817627, 224.8906285762787, 225.02188658714294, 224.8009614944458, 224.95507955551147, 224.72500371932983, 224.69972014427185, 224.93898177146912, 224.68182921409607, 224.56376838684082, 224.88117575645447, 224.8554072380066, 224.64427256584167, 225.0051462650299, 224.88606548309326, 224.27895164489746, 224.2200493812561], "train_losses": [6.477516842827175, 6.443416001022, 6.405683949895111, 6.375854328035071, 6.366109609488462, 6.354052784277338, 6.337557907724167, 6.34022216731214, 6.324388312893335, 6.308376280861707, 6.290189977677371, 6.263722197568716, 6.263216240385133, 6.265037518153945, 6.232662561857889, 6.224716848878489, 6.22696424008929, 6.212817189769243, 6.192457035662417, 6.182679539158733, 6.159490395218116, 6.154869543730838, 6.141633972755635, 6.137276185385401, 6.132299398902695, 6.130269686945296, 6.111706437254585, 6.090851251949868, 6.095208619089882, 6.088335753859394, 6.077721578989834, 6.061382607847883, 6.0657458582109625, 6.04255881542144, 6.045567243558711, 6.042827762761552, 6.033504955354742, 6.013165812758862, 6.007403195766769, 6.009611085336991, 6.003766943682427, 5.993309934914744, 5.993423397073853, 5.983423178554139, 5.979857525146576, 5.97979743222527, 5.97444327900597, 5.97215680638481, 5.970398983379054, 5.963136564735625], "val_losses": [6.4804270391949155, 6.462089512711865, 6.433215704449153, 6.410343617584746, 6.406849841101695, 6.398728813559322, 6.391106991525424, 6.395113877118644, 6.394125397245762, 6.379246557203389, 6.372707891949153, 6.351326800847458, 6.351426774364406, 6.358405058262712, 6.336133474576271, 6.3335308527542376, 6.340927568855932, 6.3341194385593225, 6.314124735169491, 6.313260063559322, 6.301447960805085, 6.300315810381356, 6.290205243644068, 6.295578654661017, 6.293509004237288, 6.292966763771187, 6.283799655720339, 6.2707852224576275, 6.277186175847458, 6.274411414194915, 6.274147245762712, 6.258887049788136, 6.262958818855933, 6.248470603813559, 6.256173861228813, 6.2588307733050845, 6.253313029661017, 6.2434017478813555, 6.23977688029661, 6.24328654661017, 6.243867849576271, 6.237405985169492, 6.240788532838983, 6.239369703389831, 6.235205905720339, 6.236697563559322, 6.236194385593221, 6.237284163135593, 6.236976297669491, 6.235988479872882], "test_losses": [6.427079580362561, 6.413161194440231, 6.384536891307645, 6.37042947417324, 6.365999388463289, 6.358159630043993, 6.359339445540049, 6.361924254778519, 6.356812116011833, 6.346920865253337, 6.338455940913228, 6.317965905643204, 6.322139406667172, 6.324105568302488, 6.300874876744539, 6.303441316178701, 6.315616940989078, 6.302939998293386, 6.289266938144721, 6.288639401926578, 6.277349083168993, 6.277005982630461, 6.269154965298847, 6.274146811476031, 6.273698825280643, 6.269556138121966, 6.262117552525789, 6.253161976638349, 6.256421135467233, 6.25159402495449, 6.254178241618629, 6.238731606492719, 6.24254897034284, 6.232824232971784, 6.23914048278216, 6.239701650675061, 6.235380006067961, 6.228253707145024, 6.224333827935376, 6.229336933024879, 6.230730667854976, 6.224427454679915, 6.228187338819781, 6.226658497041869, 6.221826645934466, 6.226038071715716, 6.225890520706917, 6.227344105544599, 6.226754494083738, 6.226747383191747], "status": "OK"}