{"data": "data/ptb", "recepie_id": 2000446, "recepies_list_path": "data/new_recepies_fix.json", "cuda": true, "batch_size": 20, "model": "CustomRNN", "emsize": 400, "nhid": 600, "nlayers": 3, "dropout": 0.1, "dropouth": 0.25, "dropouti": 0.4, "dropoute": 0.0, "wdrop": 0.1, "tied": true, "bptt": 70, "lr": 0.001, "wdecay": 1.2e-06, "epochs": 50, "alpha": 2, "beta": 1, "log_interval": 200, "clip": 0.25, "eval_batch_size": 50, "recepie": "{\"node_0\": {\"op\": \"linear\", \"input\": [\"x\", \"h_prev_0\"]}, \"node_1\": {\"op\": \"activation_tanh\", \"input\": [\"node_0\"]}, \"node_6\": {\"op\": \"linear\", \"input\": [\"h_prev_0\", \"node_1\"]}, \"h_new_0\": {\"op\": \"activation_leaky_relu\", \"input\": [\"node_6\"]}}", "experiment_id": 999935532, "init_time": "2020-05-08_00-51-59", "num_params": 7493200, "wall_times": [104.00903081893921, 103.54163479804993, 103.95212697982788, 103.8233232498169, 103.82110381126404, 103.71834182739258, 102.59027290344238, 101.89102077484131, 101.90456962585449, 102.76214551925659, 101.98493337631226, 102.06279921531677, 101.89654326438904, 102.6486644744873, 102.71979594230652, 102.3549234867096, 102.8170063495636, 102.84878444671631, 102.3978259563446, 102.9939558506012, 101.41030073165894, 101.74353861808777, 103.09104704856873, 103.48698735237122, 103.27866625785828, 102.61089754104614, 102.88970923423767, 103.58626651763916, 102.67106461524963, 101.88050603866577, 101.31313037872314, 101.6209135055542, 101.75067329406738, 101.36270809173584, 101.81877708435059, 101.31844162940979, 101.17303657531738, 101.53066611289978, 101.16455936431885, 101.2567663192749, 101.2548360824585, 101.22261047363281, 101.36382603645325, 101.2594530582428, 101.29732632637024, 101.1202540397644, 100.94964122772217, 101.50257015228271, 101.10490822792053, 100.87963056564331], "train_losses": [5.680505268006025, 5.371583528320155, 5.19538646051853, 5.0799000524447315, 4.99753787114733, 4.934406685358507, 4.876719582055833, 4.825053117099672, 4.785355649238879, 4.745347631246302, 4.720631370690119, 4.686646092195148, 4.664368007369157, 4.6355650079339465, 4.618878086170728, 4.596002013743209, 4.577219403878221, 4.557923692915927, 4.546788852805121, 4.5336642226077135, 4.518367002178474, 4.504164061239309, 4.492931727717713, 4.481533823489861, 4.470289303291915, 4.46055509050078, 4.4498862857027595, 4.440359666639772, 4.431042322225808, 4.422840268812866, 4.416976376338013, 4.410254793986337, 4.401392979129686, 4.394802928836534, 4.388664626028723, 4.385536012048841, 4.378779130358776, 4.3713389543327414, 4.369812257947394, 4.363139842531332, 4.3569607773922865, 4.352000379888118, 4.34713327349255, 4.345660366575225, 4.338546709429294, 4.335955569899414, 4.33307699289979, 4.32667310459362, 4.322808667500404, 4.320657509009736], "val_losses": [5.705474708686441, 5.4380621027542375, 5.296936242055085, 5.2113059454449155, 5.153706634004237, 5.111471464512712, 5.075339314088983, 5.045028469279661, 5.0209467690677965, 4.9989128707627115, 4.987610235699153, 4.970187367584746, 4.957167637711865, 4.946356925317796, 4.935551509533898, 4.928880097987288, 4.918710275423729, 4.912803230932203, 4.909607388771186, 4.9062205376059325, 4.897616194385593, 4.892209017478813, 4.889966565148305, 4.8866257282838985, 4.8858696371822035, 4.881948159427966, 4.881335407838983, 4.880132415254237, 4.877257018008475, 4.874789790783899, 4.871209944385593, 4.8705293299788135, 4.8682448358050845, 4.86511189088983, 4.865179422669492, 4.864543498411017, 4.863706965042373, 4.863138572563559, 4.8643415651483055, 4.8632862155720336, 4.865149629237288, 4.860727621822034, 4.859481925317796, 4.857944584216102, 4.857185182733051, 4.859883474576272, 4.85598483845339, 4.856294028072034, 4.857992253707627, 4.855899099576271], "test_losses": [5.660117140094053, 5.388629802222391, 5.247764217043386, 5.16326667267142, 5.101142957372573, 5.060535023513349, 5.024020593143204, 4.98998312348301, 4.966538216303853, 4.944967918025637, 4.932923252142749, 4.914695665674302, 4.901953539802033, 4.889428296135467, 4.880847819800516, 4.870958643052185, 4.864285663493629, 4.854627590734982, 4.851990931242415, 4.846195257983162, 4.839300359337075, 4.835575437082828, 4.832218799776244, 4.829334740499848, 4.825792034852852, 4.821759566520024, 4.820126727946754, 4.818556405965564, 4.817082081026244, 4.812744140625, 4.809751936532919, 4.809484981796117, 4.80769333330173, 4.803902042722239, 4.803347689434163, 4.804488395024272, 4.801395749582828, 4.80178714492946, 4.801340047595571, 4.800821248767446, 4.803540276092233, 4.797669642179915, 4.797607125587834, 4.795890437746511, 4.79678226211696, 4.796547010106948, 4.794626772982403, 4.793736133760619, 4.79508749952594, 4.792773200470267], "status": "OK"}