{"data": "data/ptb", "recepie_id": 2003199, "recepies_list_path": "data/new_recepies_fix.json", "cuda": true, "batch_size": 20, "model": "CustomRNN", "emsize": 400, "nhid": 600, "nlayers": 3, "dropout": 0.1, "dropouth": 0.25, "dropouti": 0.4, "dropoute": 0.0, "wdrop": 0.1, "tied": true, "bptt": 70, "lr": 0.001, "wdecay": 1.2e-06, "epochs": 50, "alpha": 2, "beta": 1, "log_interval": 200, "clip": 0.25, "eval_batch_size": 50, "recepie": "{\"node_0\": {\"op\": \"linear\", \"input\": [\"h_prev_0\", \"x\"]}, \"node_1\": {\"op\": \"activation_sigm\", \"input\": [\"node_0\"]}, \"node_2\": {\"op\": \"linear\", \"input\": [\"node_1\", \"h_prev_0\"]}, \"node_3\": {\"op\": \"activation_tanh\", \"input\": [\"node_2\"]}, \"node_4\": {\"op\": \"linear\", \"input\": [\"x\", \"node_3\", \"node_1\"]}, \"node_5\": {\"op\": \"activation_tanh\", \"input\": [\"node_4\"]}, \"h_new_0\": {\"op\": \"linear\", \"input\": [\"node_5\", \"node_1\"]}}", "experiment_id": 999950160, "init_time": "2020-05-10_21-57-09", "num_params": 11856400, "wall_times": [207.92801547050476, 206.6433744430542, 205.4479022026062, 203.23272228240967, 203.65730261802673, 204.74451065063477, 202.10784244537354, 204.63155817985535, 203.49281287193298, 201.65446591377258, 203.57832050323486, 202.12043404579163, 203.5134196281433, 204.56384921073914, 202.5203778743744, 202.29205441474915, 204.0548164844513, 202.07537698745728, 202.22123289108276, 202.61043977737427, 202.20910143852234, 201.66265487670898, 204.53015446662903, 202.2641019821167, 203.4850137233734, 201.9924120903015, 202.8562421798706, 203.49569821357727, 203.0175757408142, 204.04088950157166, 201.38628554344177, 202.80426120758057, 201.5756995677948, 201.75937151908875, 201.42095494270325, 203.36188220977783, 202.24238801002502, 203.01577949523926, 200.77930617332458, 202.24312448501587, 202.17321157455444, 205.98679733276367, 200.76965260505676, 203.57104349136353, 205.54729294776917, 205.30689454078674, 203.61827731132507, 203.13246488571167, 206.0377221107483, 205.99753713607788], "train_losses": [5.68088137405196, 5.462433939809586, 5.286882765854446, 5.197994829487387, 5.107922684363402, 5.0503750974934105, 5.0235807985046526, 4.971726070410414, 4.951035615351514, 4.92775191961164, 4.88321045801732, 4.875013867597224, 4.8499404113549565, 4.819261083992254, 4.790718207062557, 4.777149813753967, 4.761175602442042, 4.735232689876822, 4.74136384877091, 4.736258892071432, 4.704730279436286, 4.705671174896455, 4.698854200285084, 4.681877319670808, 4.665073994136948, 4.651739669060298, 4.637545132725513, 4.6364584173793775, 4.622442058657415, 4.606743518369103, 4.612248954467216, 4.6179548403797535, 4.601743198994137, 4.596853400166747, 4.5950014455919534, 4.588169342692701, 4.576512576649992, 4.589732178876876, 4.57471819361519, 4.552498941019849, 4.567148586681728, 4.554688760690657, 4.554543781265128, 4.551429875342908, 4.540983372330698, 4.5463467706148135, 4.524106086278307, 4.529866181889086, 4.524740213678662, 4.521458635899091], "val_losses": [5.705143670550847, 5.527773768538135, 5.381243048199153, 5.3168038268008475, 5.249915585275423, 5.209088320974576, 5.199612685381356, 5.15869438559322, 5.15388671875, 5.134790121822034, 5.10486030190678, 5.108111096398305, 5.0911887579449155, 5.070791843220339, 5.054143604343221, 5.051342690677966, 5.036984573622881, 5.026857123940678, 5.033225966631356, 5.029254502118644, 5.009110500529661, 5.012595670021186, 5.019020127118644, 5.00485500529661, 4.994407441737288, 4.985264168432203, 4.9807140492584745, 4.977571835275424, 4.972270259533898, 4.964216101694915, 4.973293167372882, 4.983934388241526, 4.969857322563559, 4.9620070842161015, 4.967227886652543, 4.968910222457627, 4.952980667372882, 4.971079846398305, 4.9613059454449155, 4.944855667372881, 4.948491790254237, 4.946087791313559, 4.953227290783898, 4.948054157838983, 4.944764631885593, 4.947816472457627, 4.941098053495763, 4.942187831038136, 4.937856528072034, 4.939706700211865], "test_losses": [5.654795230013653, 5.479073830021238, 5.328836681773361, 5.270625734792172, 5.199068828693871, 5.156231037621359, 5.143046258722694, 5.107085885353459, 5.104396783032463, 5.084030003223605, 5.056421965071299, 5.054688685148665, 5.040967033904733, 5.021095053663531, 5.002354297823119, 4.99871589142142, 4.986806925060679, 4.974634263121966, 4.978473552222391, 4.976755086658071, 4.956704148968447, 4.961113790863926, 4.958904377465109, 4.947613466133192, 4.940955597220115, 4.931865803246359, 4.928678345911711, 4.926440785232099, 4.919035976372876, 4.911155330324636, 4.921644192297482, 4.926140646332676, 4.913394372440079, 4.906532361669448, 4.91063742035801, 4.914013908904733, 4.898680159189169, 4.916929967195085, 4.907073085747876, 4.889118676046723, 4.897217685736499, 4.892835302260315, 4.895381890454338, 4.892345243287318, 4.88799811798392, 4.891109133229672, 4.882874720304915, 4.883977501137743, 4.880979667589503, 4.882237702897451], "status": "OK"}