{"data": "data/ptb", "recepie_id": 2000715, "recepies_list_path": "data/new_recepies_fix.json", "cuda": true, "batch_size": 20, "model": "CustomRNN", "emsize": 400, "nhid": 600, "nlayers": 3, "dropout": 0.1, "dropouth": 0.25, "dropouti": 0.4, "dropoute": 0.0, "wdrop": 0.1, "tied": true, "bptt": 70, "lr": 0.001, "wdecay": 1.2e-06, "epochs": 50, "alpha": 2, "beta": 1, "log_interval": 200, "clip": 0.25, "eval_batch_size": 50, "recepie": "{\"node_0\": {\"op\": \"linear\", \"input\": [\"x\", \"h_prev_0\"]}, \"node_1\": {\"op\": \"activation_tanh\", \"input\": [\"node_0\"]}, \"node_3\": {\"op\": \"linear\", \"input\": [\"x\", \"node_1\"]}, \"node_4\": {\"op\": \"activation_tanh\", \"input\": [\"node_3\"]}, \"h_new_0\": {\"op\": \"linear\", \"input\": [\"node_1\", \"x\", \"node_4\"]}}", "experiment_id": 999980978, "init_time": "2020-05-10_11-08-33", "num_params": 10054800, "wall_times": [158.82763481140137, 159.07100439071655, 157.42299246788025, 158.86635780334473, 155.77802681922913, 156.2780406475067, 156.94836378097534, 155.8172163963318, 158.68901753425598, 156.95320534706116, 156.17950201034546, 159.05494284629822, 156.61266446113586, 157.65903067588806, 158.16517233848572, 156.2235462665558, 158.204922914505, 157.50633430480957, 156.3667390346527, 156.93482208251953, 156.10242581367493, 156.56962871551514, 156.86688899993896, 155.75914430618286, 157.59596800804138, 158.7371928691864, 156.2019772529602, 157.28785967826843, 156.7930850982666, 155.76990389823914, 158.6386592388153, 156.0575909614563, 156.3233733177185, 156.75048995018005, 156.16750144958496, 158.60465717315674, 157.33090615272522, 156.3240396976471, 159.95949411392212, 156.94580245018005, 156.47671270370483, 156.4102737903595, 156.16031622886658, 156.305903673172, 158.21143317222595, 156.04480838775635, 157.93543791770935, 158.12326765060425, 156.15496683120728, 159.50629425048828], "train_losses": [5.570733150449142, 5.349160884298854, 5.250944257301921, 5.160745202651821, 5.09012845597332, 5.055296833817438, 5.028241571862729, 4.984209429293744, 4.9620906117207255, 4.936815024743155, 4.918581235544081, 4.9012072373729225, 4.900398714431715, 4.88588774474208, 4.869866467645635, 4.866013376768329, 4.8543961123661985, 4.84671556465494, 4.8301563928782745, 4.825488475606476, 4.817473004410736, 4.811307386638696, 4.798618535178312, 4.803399914609219, 4.811553641546985, 4.783583118175462, 4.786218381878328, 4.773885465413372, 4.771870461513636, 4.7618555349362595, 4.766446129847775, 4.748872522322629, 4.759746399467485, 4.760778905115378, 4.752718049055995, 4.743865059033941, 4.755018809504599, 4.755332301247916, 4.732551200849874, 4.737365358237857, 4.727642491662633, 4.737586819563229, 4.727444142999301, 4.73051560566941, 4.714129988973159, 4.718940364289172, 4.724004558657415, 4.715245279974181, 4.722665705179926, 4.713662272739498], "val_losses": [5.6114453125, 5.430764367055085, 5.36735202595339, 5.30028171345339, 5.24951469809322, 5.230482653601695, 5.222585076800847, 5.189211136122881, 5.181746226165254, 5.166396980932204, 5.161561506885593, 5.145607123940678, 5.1537791313559325, 5.147774430614406, 5.137862486758475, 5.13528171345339, 5.126416512182203, 5.12638671875, 5.12080905720339, 5.1226661811440675, 5.118881091101695, 5.112959480932203, 5.103778800317796, 5.113966829978813, 5.119344875529661, 5.096303628177966, 5.102445047669492, 5.102030587923728, 5.100926906779661, 5.0957378840042376, 5.0933448093220335, 5.09093154131356, 5.097901218220339, 5.0944789459745765, 5.096112619173729, 5.086468816207627, 5.098643405720339, 5.106087129237288, 5.081560844809322, 5.0896620100635594, 5.083389499470339, 5.097318922139831, 5.087153072033899, 5.091483050847458, 5.075561771716102, 5.0845120497881355, 5.088682799258475, 5.0840505826271185, 5.0899735169491525, 5.080793498411017], "test_losses": [5.570800188675667, 5.390268862826153, 5.317785763046117, 5.257149409321905, 5.205553962189017, 5.188135832258799, 5.174410625568871, 5.146469560641687, 5.139245486953883, 5.123745520138046, 5.116448559807342, 5.108576209799757, 5.11487527495449, 5.106908113053701, 5.098780363508799, 5.097348111347087, 5.087413010087985, 5.088868372648665, 5.08196310395176, 5.079276371928095, 5.073966313334345, 5.074024385618932, 5.065187324597997, 5.075614262553095, 5.081603411331917, 5.059994595722087, 5.065043329035194, 5.062200749962075, 5.060859754247573, 5.052585046268204, 5.055367182759405, 5.047295727776092, 5.059207657008495, 5.055122449560073, 5.055011638159891, 5.047190249544903, 5.06354470854824, 5.063342048126517, 5.040680227927791, 5.048120591246966, 5.041522276054308, 5.052873037393811, 5.044149750644721, 5.049502474590413, 5.038773916300061, 5.04297586089199, 5.047789934769417, 5.039370638652913, 5.051248198574029, 5.038286820198726], "status": "OK"}