{"data": "data/ptb", "recepie_id": 2005698, "recepies_list_path": "data/new_recepies_fix.json", "cuda": true, "batch_size": 20, "model": "CustomRNN", "emsize": 400, "nhid": 600, "nlayers": 3, "dropout": 0.1, "dropouth": 0.25, "dropouti": 0.4, "dropoute": 0.0, "wdrop": 0.1, "tied": true, "bptt": 70, "lr": 0.001, "wdecay": 1.2e-06, "epochs": 50, "alpha": 2, "beta": 1, "log_interval": 200, "clip": 0.25, "eval_batch_size": 50, "recepie": "{\"node_0\": {\"op\": \"linear\", \"input\": [\"x\", \"h_prev_1\"]}, \"node_1\": {\"op\": \"activation_tanh\", \"input\": [\"node_0\"]}, \"node_2\": {\"op\": \"linear\", \"input\": [\"node_1\", \"h_prev_1\"]}, \"node_3\": {\"op\": \"activation_leaky_relu\", \"input\": [\"node_2\"]}, \"node_5\": {\"op\": \"linear\", \"input\": [\"x\", \"h_prev_0\"]}, \"node_6\": {\"op\": \"activation_tanh\", \"input\": [\"node_5\"]}, \"h_new_0\": {\"op\": \"blend\", \"input\": [\"node_0\", \"node_1\", \"node_3\"]}, \"h_new_1\": {\"op\": \"linear\", \"input\": [\"node_3\", \"node_6\"]}}", "experiment_id": 999923256, "init_time": "2020-05-16_12-31-53", "num_params": 10976400, "wall_times": [391.9241454601288, 410.2938151359558, 435.4128408432007, 435.79717326164246, 435.75752687454224, 419.55506801605225, 405.1294038295746, 401.931964635849, 418.496276140213, 426.6181936264038, 431.39454674720764, 424.0992634296417, 414.7818183898926, 427.61619091033936, 430.8938636779785, 427.34627532958984, 403.3351511955261, 415.04267597198486, 430.8467786312103, 429.64292454719543, 425.12877345085144, 399.2394030094147, 430.0968027114868, 428.235675573349, 433.444993019104, 405.0387418270111, 427.10092067718506, 429.885461807251, 429.26348638534546, 419.40648221969604, 200.76291418075562, 210.907808303833, 215.33532905578613, 215.6656892299652, 216.31579494476318, 215.22329306602478, 214.0973184108734, 214.54922914505005, 201.2349362373352, 200.67394495010376, 216.73498439788818, 217.27595376968384, 217.16069293022156, 217.401704788208, 215.08989238739014, 213.48425769805908, 213.6621744632721, 199.4373664855957, 199.9759397506714, 209.21702671051025], "train_losses": [5.782675000672368, 5.428067092275833, 5.231259413156904, 5.112041780969286, 5.0004168683771715, 4.930221192378032, 4.860948341939649, 4.811404880049486, 4.757956638965091, 4.73149138023775, 4.6945401168576195, 4.658296521166156, 4.627615933112796, 4.608264751761605, 4.588358446291216, 4.56289039387338, 4.548266802485073, 4.526281618121672, 4.511589529207681, 4.497843378516486, 4.486162659351299, 4.466573207465978, 4.4554358459738586, 4.445330569899414, 4.438809017131946, 4.424020275267603, 4.413174553547416, 4.414140242590501, 4.398756874966382, 4.393430456941531, 4.390456907912431, 4.378636672314561, 4.373535077456834, 4.368041828035071, 4.3571238267172285, 4.352887065650045, 4.342780528884944, 4.3363127655854985, 4.334451986176107, 4.326881118551987, 4.313251791861654, 4.30711853181647, 4.3013748251842285, 4.292716821983755, 4.284895497149158, 4.277518355655962, 4.275591179871981, 4.270931246974342, 4.266611700554032, 4.263593186891507], "val_losses": [5.801912076271186, 5.485710407838983, 5.324035354872882, 5.237977688029661, 5.155891816737288, 5.10709811970339, 5.062353019067797, 5.031095736228814, 4.999942399364407, 4.987009401483051, 4.96493015095339, 4.94727390095339, 4.927565214512712, 4.921858117055085, 4.9102125264830505, 4.897163334216102, 4.887361295021186, 4.884833156779661, 4.87488579184322, 4.872912142478814, 4.868956236758475, 4.856192068326271, 4.850780587923729, 4.846748543432203, 4.849465042372882, 4.8343551377118645, 4.8298695709745765, 4.837528800317797, 4.825676641949152, 4.828117386122881, 4.831818061440678, 4.827182534427966, 4.825824284957627, 4.820274430614407, 4.820413797669492, 4.817806541313559, 4.821114605402542, 4.818183924788135, 4.817652277542373, 4.813955574682203, 4.806465174788135, 4.807991922669491, 4.803720868644068, 4.799251853813559, 4.7968478548728815, 4.787421212923729, 4.789151218220339, 4.784490201271186, 4.787085209216102, 4.7868471927966105], "test_losses": [5.767475017066141, 5.442418366959951, 5.279365613622573, 5.187946208472391, 5.104666404353762, 5.05645751953125, 5.011152841512439, 4.97979973357858, 4.94650624099287, 4.934108400807797, 4.912212482933859, 4.891422901338744, 4.873889515700849, 4.866429004854369, 4.855176610854065, 4.844034139392446, 4.834472952537166, 4.826793189187652, 4.819234311001972, 4.816447730203277, 4.812392744045813, 4.802425643772755, 4.794786471765018, 4.79334207182949, 4.794219674415959, 4.782382409549454, 4.77879111280719, 4.782702992263349, 4.772745669466778, 4.776564514752731, 4.779032586847694, 4.776991168272148, 4.771216531401699, 4.770614475879855, 4.769322960122118, 4.766523342688107, 4.768830827138956, 4.76575181090716, 4.767103176672482, 4.764513330552185, 4.757321255878337, 4.758900762761681, 4.753532335596177, 4.751676689073878, 4.747459337549302, 4.741697737314169, 4.740955537962682, 4.736001320255613, 4.738824936950091, 4.737227652836772], "status": "OK"}