{"data": "data/ptb", "recepie_id": 2006157, "recepies_list_path": "data/new_recepies_fix.json", "cuda": true, "batch_size": 20, "model": "CustomRNN", "emsize": 400, "nhid": 600, "nlayers": 3, "dropout": 0.1, "dropouth": 0.25, "dropouti": 0.4, "dropoute": 0.0, "wdrop": 0.1, "tied": true, "bptt": 70, "lr": 0.001, "wdecay": 1.2e-06, "epochs": 50, "alpha": 2, "beta": 1, "log_interval": 200, "clip": 0.25, "eval_batch_size": 50, "recepie": "{\"node_0\": {\"op\": \"linear\", \"input\": [\"x\", \"h_prev_0\"]}, \"node_1\": {\"op\": \"activation_tanh\", \"input\": [\"node_0\"]}, \"node_7\": {\"op\": \"linear\", \"input\": [\"x\", \"h_prev_0\"]}, \"node_8\": {\"op\": \"activation_leaky_relu\", \"input\": [\"node_7\"]}, \"node_11\": {\"op\": \"linear\", \"input\": [\"node_1\", \"h_prev_0\"]}, \"node_12\": {\"op\": \"activation_tanh\", \"input\": [\"node_11\"]}, \"node_20\": {\"op\": \"linear\", \"input\": [\"node_8\", \"node_12\"]}, \"h_new_0\": {\"op\": \"activation_tanh\", \"input\": [\"node_20\"]}}", "experiment_id": 999949798, "init_time": "2020-05-08_12-28-23", "num_params": 10976400, "wall_times": [195.71788215637207, 195.924302816391, 196.71502542495728, 194.81717896461487, 195.1487522125244, 197.537038564682, 198.95268034934998, 194.25506472587585, 192.54497599601746, 193.10738325119019, 195.17423367500305, 196.66760873794556, 192.44489860534668, 192.6021192073822, 195.2946000099182, 194.31092619895935, 194.14409637451172, 192.87432217597961, 196.33950424194336, 195.0118124485016, 195.15913724899292, 193.20519280433655, 192.55202054977417, 197.89663696289062, 195.54415488243103, 193.0747673511505, 193.1126205921173, 196.2931661605835, 193.90228533744812, 195.17107367515564, 192.98530530929565, 192.4622242450714, 193.8821244239807, 195.097718000412, 191.8358678817749, 191.8498899936676, 195.2266926765442, 192.76537775993347, 192.73215532302856, 192.1704707145691, 195.7427101135254, 193.1881811618805, 193.44213199615479, 192.27113270759583, 194.2798466682434, 193.9807095527649, 195.07179379463196, 192.20456910133362, 191.8338270187378, 195.6759214401245], "train_losses": [5.529598915469851, 5.223843610483567, 5.052478349739121, 4.94679129014039, 4.860370525388629, 4.782366551691679, 4.724194082486149, 4.685437930315744, 4.634515272847077, 4.597184541579259, 4.55891375531171, 4.535496846592437, 4.508286099456726, 4.491457560109731, 4.454975273653918, 4.445032206443979, 4.429111364369857, 4.399179626566618, 4.385025852563068, 4.377012062288204, 4.362363677316981, 4.348159055456941, 4.338663533430155, 4.325654466542951, 4.30826197824216, 4.311578435129902, 4.297829763057393, 4.283810882954118, 4.261997992980475, 4.257745683395191, 4.261023479102792, 4.252746624710881, 4.228953609945672, 4.223260751169921, 4.217152704937873, 4.2071285332956805, 4.21025084382228, 4.193687889973643, 4.188295075574203, 4.181192764644183, 4.176367261040288, 4.1730352556344465, 4.164584846162121, 4.159814392716906, 4.151911122989619, 4.149964616615566, 4.14266563794309, 4.13830701011242, 4.133038583857781, 4.128851830186649], "val_losses": [5.568394465042373, 5.310388638771187, 5.180266154661017, 5.11102919756356, 5.053118048199153, 5.002359639830509, 4.96568591101695, 4.945299920550847, 4.91588718220339, 4.899547470868644, 4.873206435381356, 4.87340969279661, 4.857876059322034, 4.854614009533898, 4.839590174788135, 4.835709414724576, 4.83216565148305, 4.81684421345339, 4.815188029661017, 4.809491525423729, 4.802411612817797, 4.803047206038135, 4.796384070444915, 4.795430349576272, 4.790456501588983, 4.792291777012712, 4.792967094809322, 4.783510659427966, 4.776839578919492, 4.775466432733051, 4.780502515889831, 4.780297603283898, 4.769145590572034, 4.770148305084746, 4.771840903072034, 4.762917108050847, 4.769985434322034, 4.76854872881356, 4.763171676377119, 4.762383143538136, 4.767884997351695, 4.762160685911017, 4.761279462394068, 4.754776218220339, 4.754912936970339, 4.756120564088983, 4.757932997881356, 4.754496822033898, 4.752886983580509, 4.754894729872881], "test_losses": [5.52197976714199, 5.263085818985133, 5.131612536976639, 5.058370942050971, 5.000038517331614, 4.951756153291869, 4.916733232516687, 4.893655425136529, 4.862575197682797, 4.85288779249469, 4.824295784663228, 4.820033693776547, 4.805186151300819, 4.804824088383647, 4.785392094584345, 4.780698609583586, 4.778736595968598, 4.762944786293993, 4.761363501687652, 4.758005975519569, 4.752362593863774, 4.753190716493477, 4.744906231037621, 4.74411129257054, 4.736126649726942, 4.74332257613395, 4.740877910725121, 4.734168487845115, 4.721708723642294, 4.723762882565989, 4.729285675345115, 4.727855200906402, 4.716106822189776, 4.718539339824788, 4.720076773930522, 4.712431083605128, 4.716131117737409, 4.714705383893356, 4.712613003925212, 4.712195239020783, 4.713924963497421, 4.70834232071071, 4.709195627749545, 4.70133512922861, 4.700531005859375, 4.704413552886074, 4.706196312765473, 4.703942752578883, 4.701077063106796, 4.702305173410953], "status": "OK"}