{"data": "data/ptb", "recepie_id": 2004753, "recepies_list_path": "data/new_recepies_fix.json", "cuda": true, "batch_size": 20, "model": "CustomRNN", "emsize": 400, "nhid": 600, "nlayers": 3, "dropout": 0.1, "dropouth": 0.25, "dropouti": 0.4, "dropoute": 0.0, "wdrop": 0.1, "tied": true, "bptt": 70, "lr": 0.001, "wdecay": 1.2e-06, "epochs": 50, "alpha": 2, "beta": 1, "log_interval": 200, "clip": 0.25, "eval_batch_size": 50, "recepie": "{\"node_0\": {\"op\": \"linear\", \"input\": [\"h_prev_1\", \"x\", \"h_prev_0\"]}, \"node_6\": {\"op\": \"linear\", \"input\": [\"h_new_1\", \"x\"]}, \"node_7\": {\"op\": \"activation_tanh\", \"input\": [\"node_6\"]}, \"node_8\": {\"op\": \"linear\", \"input\": [\"x\", \"node_7\"]}, \"h_new_0\": {\"op\": \"activation_tanh\", \"input\": [\"node_8\"]}, \"h_new_1\": {\"op\": \"activation_tanh\", \"input\": [\"node_0\"]}}", "experiment_id": 999913454, "init_time": "2020-05-13_09-41-45", "num_params": 10054800, "wall_times": [169.14667916297913, 169.7399423122406, 168.07925033569336, 169.16673922538757, 166.85296535491943, 166.30488991737366, 169.17390894889832, 166.39019107818604, 168.97216820716858, 166.68419098854065, 170.05617141723633, 167.3291254043579, 166.5378224849701, 166.9090061187744, 166.54540705680847, 167.20496010780334, 167.9434540271759, 166.53972697257996, 167.50452184677124, 166.52244305610657, 167.95914697647095, 167.16473698616028, 166.4076635837555, 166.69666719436646, 166.66316676139832, 167.34742069244385, 167.35969519615173, 166.78053188323975, 166.95071363449097, 166.63117241859436, 167.83796501159668, 167.39870738983154, 166.71012568473816, 167.26504230499268, 166.37079572677612, 166.996839761734, 166.7098786830902, 169.75915813446045, 168.42373752593994, 166.3676598072052, 170.43831300735474, 166.66167187690735, 166.75566029548645, 167.7555058002472, 166.69418120384216, 169.267982006073, 166.50384831428528, 168.04409003257751, 166.90172028541565, 166.62790036201477], "train_losses": [5.493530976009898, 5.265507755768921, 5.127059548302943, 5.02791757436394, 4.95063933825507, 4.891649101043516, 4.835062160453983, 4.789536099456726, 4.76676466435372, 4.736698452880426, 4.6993656204615135, 4.678652052740573, 4.653512200123716, 4.651898516083051, 4.609889361787962, 4.6026315656769405, 4.5910966663977195, 4.570057420257114, 4.555338436609112, 4.539483570679361, 4.531214280431391, 4.51074318554677, 4.507389328169545, 4.501626711177451, 4.487804078586413, 4.47875568151256, 4.467494352105858, 4.461338819859072, 4.455313138749933, 4.4491265094669465, 4.435510630143618, 4.433655313727073, 4.425852058791889, 4.419375050427626, 4.419317058657415, 4.411699545478995, 4.408121285164865, 4.392428207869399, 4.3971171366521435, 4.388673450863321, 4.382532206443979, 4.38837340648701, 4.370452688801032, 4.374965120891829, 4.369888739847238, 4.360395739201764, 4.358537481173686, 4.354425528481523, 4.33821262640525, 4.34591586654833], "val_losses": [5.545355865995763, 5.36382282838983, 5.261957428495763, 5.190254237288135, 5.141158633474577, 5.100957362288136, 5.068009467690678, 5.046393339512712, 5.042119968220339, 5.0297679422669495, 5.008943988347458, 4.999730534957627, 4.986865399894068, 4.99493842690678, 4.967459613347458, 4.971533037605933, 4.965760394597457, 4.957406316207627, 4.949547139830509, 4.947487089512712, 4.94169094279661, 4.92993313029661, 4.934359772245763, 4.928948953919492, 4.924732852224576, 4.919895391949153, 4.913649033368644, 4.913080640889831, 4.917287142478814, 4.912288797669492, 4.904724576271186, 4.905436970338983, 4.905372748940678, 4.901571769067797, 4.903186904131356, 4.898367319915255, 4.89439453125, 4.884449483580508, 4.890487288135593, 4.889745100635594, 4.8889095603813555, 4.893207428495763, 4.882991922669492, 4.887043167372881, 4.888955905720339, 4.880413797669491, 4.884665651483051, 4.884714976165254, 4.869712327860169, 4.878736427436441], "test_losses": [5.506053739381068, 5.324660217877731, 5.221482952821602, 5.149291399613167, 5.101673903974515, 5.061368775599211, 5.030941268772755, 5.005695231909891, 5.006001592839806, 4.986886922595571, 4.969546419902913, 4.960600028917628, 4.949861396863622, 4.957593306754399, 4.927882814870297, 4.933205021237864, 4.931529813599818, 4.916425982725273, 4.91314934295358, 4.908477190628792, 4.900332552715413, 4.891440974855886, 4.897889665029581, 4.89701621046344, 4.888108929384102, 4.883746397148058, 4.877375037924757, 4.879405790162318, 4.878958989115595, 4.876611802184466, 4.868863596499545, 4.868980926217385, 4.866281453845571, 4.865683250056887, 4.866803511832524, 4.862531643469357, 4.85933855667855, 4.851265916546572, 4.858356957296723, 4.854102569876365, 4.853514439851335, 4.857477280700091, 4.84732174178929, 4.852677428606644, 4.853963907482554, 4.845899859678398, 4.84617155500986, 4.847749284170206, 4.835273816747573, 4.844845373653671], "status": "OK"}