{"data": "data/ptb", "recepie_id": 1012758, "recepies_list_path": "data/models_recepies.json", "cuda": true, "batch_size": 20, "model": "CustomRNN", "emsize": 400, "nhid": 600, "nlayers": 3, "dropout": 0.1, "dropouth": 0.25, "dropouti": 0.4, "dropoute": 0.0, "wdrop": 0.1, "tied": true, "bptt": 70, "lr": 0.001, "wdecay": 1.2e-06, "epochs": 50, "alpha": 2, "beta": 1, "log_interval": 200, "clip": 0.25, "eval_batch_size": 50, "recepie": "{\"node_3\": {\"op\": \"linear\", \"input\": [\"h_prev_2\", \"h_prev_1\"]}, \"node_5\": {\"op\": \"linear\", \"input\": [\"h_prev_0\", \"h_prev_1\"]}, \"h_new_0\": {\"op\": \"linear\", \"input\": [\"h_new_2\", \"x\"]}, \"h_new_1\": {\"op\": \"activation_sigm\", \"input\": [\"node_5\"]}, \"h_new_2\": {\"op\": \"activation_tanh\", \"input\": [\"node_3\"]}}", "experiment_id": 999948150, "init_time": "2020-04-16_21-54-11", "num_params": 9254800, "wall_times": [149.99118399620056, 148.9710144996643, 148.99127888679504, 149.10932874679565, 149.11989188194275, 148.88136100769043, 148.9446415901184, 147.4637086391449, 147.43959403038025, 147.17139554023743, 147.28500294685364, 147.2276954650879, 147.51669001579285, 147.38854384422302, 147.25256657600403, 147.18946957588196, 147.22826051712036, 147.50460410118103, 147.28219962120056, 147.37975931167603, 147.22140884399414, 147.34364414215088, 147.34143710136414, 147.34570384025574, 147.06619334220886, 147.08036732673645, 147.38494396209717, 147.37168049812317, 147.4077980518341, 147.16641855239868, 147.47273874282837, 147.5045952796936, 147.27625393867493, 147.2025270462036, 147.4489951133728, 147.4329206943512, 147.2643814086914, 147.1839349269867, 147.3632106781006, 147.05022287368774, 147.44962906837463, 147.2997326850891, 147.3555121421814, 147.1995542049408, 147.20536851882935, 147.4192442893982, 147.22906756401062, 147.22104620933533, 147.1259377002716, 147.2580223083496], "train_losses": [5.750032357726857, 5.541361579527728, 5.431560045855521, 5.35531263447367, 5.273110560889678, 5.238198674761982, 5.2022534425259535, 5.168801436178796, 5.159891294846969, 5.132603225350977, 5.125231126620408, 5.098505325157334, 5.11433077497176, 5.0795941248453556, 5.083324508498736, 5.079324337044807, 5.0774833084557045, 5.053151138319617, 5.077440444973374, 5.0735634009735895, 5.052492637566565, 5.038966267279867, 5.0260412464364475, 5.0543618215803345, 5.034292046554785, 5.017701357511699, 5.011308395191222, 5.039477687456296, 5.025250373164434, 5.04113465520951, 5.012049261067183, 5.024502363374752, 5.014345398983379, 4.9875468976924315, 4.989797650744984, 4.991524796944758, 4.993149827201334, 4.979983173982034, 4.9737978053897045, 4.975572857834436, 4.990616259211446, 4.990495653138615, 4.966508492012264, 4.97325738932817, 4.958290049620785, 4.980323140229143, 4.975173639126459, 4.995758616400408, 4.970339310687967, 4.9704897531063414], "val_losses": [5.776494968220339, 5.605770656779661, 5.522076271186441, 5.47294094279661, 5.408207428495762, 5.386960407838983, 5.372495034427966, 5.351229806673729, 5.344012513241525, 5.330229078389831, 5.335763042902542, 5.312254038665254, 5.336874337923729, 5.311885924258474, 5.314995696504237, 5.315790188029661, 5.324532574152542, 5.301783302436441, 5.335050979872881, 5.334090969279661, 5.311461533368644, 5.310213850635593, 5.294088652012712, 5.323728482521187, 5.303196504237288, 5.289250198622882, 5.287874073093221, 5.32385295286017, 5.3137049788135595, 5.324697762182203, 5.299270060911017, 5.309986758474576, 5.3081402277542376, 5.2798857918432205, 5.284815611758474, 5.283990664724576, 5.295290651483051, 5.276857454978813, 5.273500397245763, 5.278810579978813, 5.298293498411017, 5.2982905190677965, 5.271811771716101, 5.280633606991525, 5.270278403072034, 5.2900096001059325, 5.289189287605932, 5.307233183262712, 5.2852734375, 5.286949152542373], "test_losses": [5.718368974704187, 5.550433408866808, 5.467582035990595, 5.416063030946602, 5.355452157918689, 5.333399504133799, 5.310898864153519, 5.296445976183253, 5.289336269341626, 5.277471153481493, 5.278650376403216, 5.260486195388349, 5.284481307835255, 5.254402234716323, 5.264492590450546, 5.263329959610133, 5.269665171799151, 5.253948322777609, 5.282195156060376, 5.279254209648058, 5.255250208586165, 5.255874781932645, 5.241626924681432, 5.269319700963289, 5.256070331462379, 5.240521773551274, 5.239449214009405, 5.269710207448422, 5.259346674946905, 5.278129503564927, 5.245493472201153, 5.262345693643811, 5.259798809162621, 5.238443615367111, 5.237860522223908, 5.241715218256978, 5.248411900788835, 5.233415029581311, 5.229688329604065, 5.235198678322209, 5.24957512420358, 5.250360285194175, 5.226987968370753, 5.236230350235133, 5.226635979217233, 5.246361593598301, 5.242563784701153, 5.260247980506675, 5.240339260656857, 5.241516705855583], "status": "OK"}