{"data": "data/ptb", "recepie_id": 1013534, "recepies_list_path": "data/models_recepies.json", "cuda": true, "batch_size": 20, "model": "CustomRNN", "emsize": 400, "nhid": 600, "nlayers": 3, "dropout": 0.1, "dropouth": 0.25, "dropouti": 0.4, "dropoute": 0.0, "wdrop": 0.1, "tied": true, "bptt": 70, "lr": 0.001, "wdecay": 1.2e-06, "epochs": 50, "alpha": 2, "beta": 1, "log_interval": 200, "clip": 0.25, "eval_batch_size": 50, "recepie": "{\"node_1\": {\"op\": \"linear\", \"input\": [\"h_prev_1\", \"h_prev_0\"]}, \"node_5\": {\"op\": \"linear\", \"input\": [\"h_prev_0\", \"h_prev_1\"]}, \"node_6\": {\"op\": \"activation_tanh\", \"input\": [\"node_5\"]}, \"node_7\": {\"op\": \"linear\", \"input\": [\"h_prev_2\", \"h_prev_0\"]}, \"node_8\": {\"op\": \"activation_sigm\", \"input\": [\"node_7\"]}, \"node_10\": {\"op\": \"elementwise_prod\", \"input\": [\"node_5\", \"node_8\"]}, \"node_11\": {\"op\": \"linear\", \"input\": [\"node_6\", \"x\"]}, \"h_new_0\": {\"op\": \"elementwise_sum\", \"input\": [\"node_10\", \"node_11\"]}, \"h_new_1\": {\"op\": \"activation_tanh\", \"input\": [\"node_1\"]}, \"h_new_2\": {\"op\": \"activation_tanh\", \"input\": [\"node_11\"]}}", "experiment_id": 999985782, "init_time": "2020-04-15_07-44-53", "num_params": 11016400, "wall_times": [193.36263275146484, 190.9587230682373, 191.03261375427246, 191.0027050971985, 191.05745840072632, 191.00194716453552, 190.28645658493042, 188.45527029037476, 188.71340417861938, 188.5202705860138, 188.5712513923645, 188.45723748207092, 188.66004347801208, 188.56958317756653, 188.51649498939514, 188.80673956871033, 189.05512499809265, 188.94779109954834, 188.68305587768555, 189.22468042373657, 189.19434928894043, 188.94936394691467, 188.9693305492401, 188.98821902275085, 189.15232682228088, 189.0711693763733, 189.05856108665466, 188.95359253883362, 189.1416642665863, 189.15887832641602, 188.94238185882568, 189.0184953212738, 189.05324411392212, 189.10965180397034, 188.99129629135132, 188.93607258796692, 188.8736605644226, 189.06976580619812, 189.0752956867218, 189.19332361221313, 188.83357644081116, 188.96534395217896, 188.95811223983765, 188.72618794441223, 188.40329885482788, 188.29292488098145, 188.42841958999634, 188.724711894989, 188.6254506111145, 188.71838235855103], "train_losses": [5.554252141493196, 5.281955146307353, 5.1581775960142, 5.068253371927277, 4.981097204292399, 4.918075278360497, 4.863490734764133, 4.82256409351299, 4.787886695847453, 4.761388659163035, 4.724688693453822, 4.692056136033565, 4.681554162632456, 4.660120740546501, 4.639995915362272, 4.6185524077510625, 4.608120612796514, 4.603869984132107, 4.601095624226776, 4.583156836641385, 4.567541922166639, 4.568399612043462, 4.55122606368673, 4.543502232262923, 4.530911714673767, 4.523229486041633, 4.512187937039427, 4.512864927922113, 4.495062715157872, 4.504435109730514, 4.4916269128879565, 4.489593839088807, 4.4825877608789195, 4.475000504276263, 4.480120589263622, 4.462256182426981, 4.465568016782314, 4.459602428594481, 4.449554724060029, 4.447297247323974, 4.446345846108332, 4.441297200258189, 4.431613415093325, 4.429866097843043, 4.426485345731805, 4.425209526787155, 4.417908867193804, 4.419327144182669, 4.410621234737238, 4.407248467000161], "val_losses": [5.594214777542373, 5.374356461864407, 5.284645458156779, 5.21993015095339, 5.163448424258474, 5.120904065148305, 5.093659957627119, 5.070712063029661, 5.0522311970338984, 5.0428949284957625, 5.0214671610169495, 5.009302502648305, 5.009236957097458, 5.001010328389831, 4.988690413135593, 4.986985897775424, 4.9857392081567795, 4.984206501588983, 4.98656779661017, 4.975390956038136, 4.972607256355932, 4.974587195444915, 4.966616459216102, 4.968499735169492, 4.964012513241525, 4.963872484110169, 4.960545219809322, 4.967295087394068, 4.954885460805085, 4.9673000529661016, 4.959437566207627, 4.962175251588983, 4.9590773967161015, 4.951560182733051, 4.96064982786017, 4.948396451271186, 4.959943061440678, 4.95861030190678, 4.949865267478813, 4.944123742055084, 4.9502691340042375, 4.958209083686441, 4.946003045550848, 4.950810050317797, 4.947988612288135, 4.949273371292373, 4.951503244173729, 4.943556342690678, 4.9396371822033895, 4.939932137182203], "test_losses": [5.558770337151092, 5.336737475348908, 5.24847412109375, 5.188566041224211, 5.127784506788531, 5.090494396617111, 5.057842365746359, 5.040159355089503, 5.018642388501213, 5.009849177980886, 4.990743396351639, 4.975307427563713, 4.97632309996966, 4.965899717460558, 4.957865002085861, 4.95015886917855, 4.95365920576077, 4.953480544599515, 4.952404133324484, 4.946359282558404, 4.940502277855734, 4.943023089066292, 4.931977799795206, 4.936737356834041, 4.93214638719281, 4.932150238925971, 4.929684833415504, 4.932614520915504, 4.923437618514867, 4.932100758969205, 4.924764096158222, 4.928903524158071, 4.925329708358617, 4.921506122478004, 4.928313616410042, 4.916864191444175, 4.926253828030188, 4.924968238015777, 4.919345003887288, 4.915537121226486, 4.919229155605279, 4.922695122876213, 4.911352657577367, 4.911812791546572, 4.909214945672785, 4.914963805559769, 4.914931213971481, 4.909818482630461, 4.904138953940382, 4.906202001479065], "status": "OK"}